"Time (s) Messreihe #1","Voltage, Ch A (V) Messreihe #1","Voltage, Ch B (V) Messreihe #1"
30.050,6.420,0.041
30.100,6.438,0.040
30.150,6.465,0.041
30.200,6.487,0.041
30.250,6.500,0.041
30.300,6.512,0.041
30.350,6.528,0.041
30.400,6.546,0.041
30.450,6.561,0.041
30.500,6.580,0.041
30.550,6.598,0.042
30.600,6.619,0.041
30.650,6.638,0.042
30.700,6.647,0.041
30.750,6.653,0.042
30.800,6.655,0.041
30.850,6.664,0.042
30.900,6.682,0.041
30.950,6.712,0.042
31.000,6.737,0.041
31.050,6.753,0.042
31.100,6.759,0.041
31.150,6.764,0.042
31.200,6.766,0.042
31.250,6.773,0.042
31.300,6.779,0.041
31.350,6.787,0.042
31.400,6.796,0.041
31.450,6.809,0.042
31.500,6.816,0.042
31.550,6.820,0.042
31.600,6.827,0.041
31.650,6.834,0.042
31.700,6.837,0.042
31.750,6.840,0.042
31.800,6.840,0.041
31.850,6.842,0.042
31.900,6.841,0.042
31.950,6.842,0.042
32.000,6.841,0.042
32.050,6.842,0.042
32.100,6.841,0.041
32.150,6.834,0.042
32.200,6.822,0.042
32.250,6.815,0.042
32.300,6.811,0.042
32.350,6.809,0.042
32.400,6.808,0.042
32.450,6.808,0.042
32.500,6.806,0.042
32.550,6.806,0.043
32.600,6.803,0.041
32.650,6.797,0.042
32.700,6.784,0.041
32.750,6.765,0.042
32.800,6.741,0.042
32.850,6.721,0.042
32.900,6.708,0.042
32.950,6.696,0.042
33.000,6.688,0.042
33.050,6.684,0.042
33.100,6.681,0.041
33.150,6.674,0.042
33.200,6.667,0.041
33.250,6.660,0.042
33.300,6.647,0.042
33.350,6.630,0.042
33.400,6.616,0.042
33.450,6.602,0.042
33.500,6.587,0.042
33.550,6.579,0.042
33.600,6.568,0.041
33.650,6.559,0.042
33.700,6.545,0.042
33.750,6.531,0.042
33.800,6.516,0.042
33.850,6.508,0.042
33.900,6.501,0.041
33.950,6.492,0.042
34.000,6.484,0.041
34.050,6.475,0.042
34.100,6.468,0.041
34.150,6.466,0.042
34.200,6.464,0.042
34.250,6.459,0.042
34.300,6.443,0.041
34.350,6.421,0.042
34.400,6.405,0.042
34.450,6.393,0.042
34.500,6.377,0.041
34.550,6.366,0.042
34.600,6.359,0.041
34.650,6.357,0.042
34.700,6.355,0.041
34.750,6.351,0.042
34.800,6.341,0.041
34.850,6.329,0.042
34.900,6.308,0.041
34.950,6.286,0.042
35.000,6.266,0.041
35.050,6.255,0.042
35.100,6.249,0.042
35.150,6.239,0.042
35.200,6.229,0.041
35.250,6.217,0.042
35.300,6.204,0.041
35.350,6.197,0.042
35.400,6.191,0.041
35.450,6.182,0.042
35.500,6.171,0.041
35.550,6.157,0.042
35.600,6.139,0.041
35.650,6.128,0.042
35.700,6.120,0.041
35.750,6.110,0.042
35.800,6.104,0.041
35.850,6.102,0.042
35.900,6.097,0.041
35.950,6.084,0.042
36.000,6.073,0.041
36.050,6.065,0.042
36.100,6.051,0.041
36.150,6.036,0.042
36.200,6.021,0.041
36.250,6.006,0.042
36.300,5.989,0.041
36.350,5.974,0.042
36.400,5.954,0.041
36.450,5.935,0.042
36.500,5.915,0.041
36.550,5.899,0.042
36.600,5.888,0.041
36.650,5.877,0.042
36.700,5.863,0.041
36.750,5.848,0.042
36.800,5.838,0.041
36.850,5.828,0.041
36.900,5.818,0.041
36.950,5.807,0.042
37.000,5.791,0.041
37.050,5.767,0.042
37.100,5.739,0.041
37.150,5.718,0.041
37.200,5.700,0.041
37.250,5.684,0.042
37.300,5.662,0.041
37.350,5.645,0.041
37.400,5.630,0.041
37.450,5.619,0.041
37.500,5.605,0.041
37.550,5.594,0.041
37.600,5.583,0.040
37.650,5.578,0.041
37.700,5.576,0.041
37.750,5.581,0.041
37.800,5.585,0.041
37.850,5.588,0.042
37.900,5.589,0.041
37.950,5.590,0.041
38.000,5.590,0.041
38.050,5.590,0.041
38.100,5.590,0.041
38.150,5.590,0.041
38.200,5.590,0.041
38.250,5.590,0.041
38.300,5.590,0.041
38.350,5.590,0.041
38.400,5.590,0.041
38.450,5.585,0.042
38.500,5.581,0.041
38.550,5.584,0.042
38.600,5.578,0.041
38.650,5.575,0.042
38.700,5.573,0.041
38.750,5.564,0.042
38.800,5.548,0.041
38.850,5.529,0.042
38.900,5.511,0.041
38.950,5.499,0.042
39.000,5.491,0.041
39.050,5.487,0.041
39.100,5.484,0.041
39.150,5.483,0.041
39.200,5.476,0.041
39.250,5.469,0.041
39.300,5.458,0.041
39.350,5.445,0.041
39.400,5.434,0.041
39.450,5.418,0.041
39.500,5.405,0.040
39.550,5.394,0.041
39.600,5.383,0.040
39.650,5.372,0.041
39.700,5.364,0.041
39.750,5.361,0.041
39.800,5.355,0.041
39.850,5.347,0.041
39.900,5.342,0.040
39.950,5.333,0.041
40.000,5.326,0.040
40.050,5.321,0.041
40.100,5.309,0.041
40.150,5.297,0.041
40.200,5.289,0.040
40.250,5.284,0.041
40.300,5.275,0.041
40.350,5.270,0.041
40.400,5.261,0.040
40.450,5.255,0.041
40.500,5.251,0.040
40.550,5.249,0.041
40.600,5.241,0.041
40.650,5.235,0.041
40.700,5.221,0.040
40.750,5.207,0.041
40.800,5.194,0.040
40.850,5.184,0.041
40.900,5.179,0.040
40.950,5.177,0.041
41.000,5.176,0.041
41.050,5.175,0.041
41.100,5.167,0.041
41.150,5.162,0.041
41.200,5.157,0.041
41.250,5.144,0.041
41.300,5.132,0.041
41.350,5.122,0.041
41.400,5.112,0.040
41.450,5.107,0.041
41.500,5.104,0.040
41.550,5.104,0.041
41.600,5.099,0.040
41.650,5.092,0.041
41.700,5.088,0.040
41.750,5.083,0.041
41.800,5.074,0.040
41.850,5.062,0.041
41.900,5.055,0.040
41.950,5.045,0.041
42.000,5.037,0.040
42.050,5.034,0.041
42.100,5.025,0.040
42.150,5.019,0.041
42.200,5.013,0.040
42.250,5.005,0.041
42.300,4.999,0.040
42.350,4.994,0.041
42.400,4.985,0.040
42.450,4.980,0.041
42.500,4.971,0.040
42.550,4.960,0.041
42.600,4.950,0.040
42.650,4.944,0.041
42.700,4.934,0.040
42.750,4.922,0.041
42.800,4.907,0.040
42.850,4.897,0.041
42.900,4.891,0.040
42.950,4.888,0.041
43.000,4.881,0.040
43.050,4.873,0.041
43.100,4.862,0.040
43.150,4.855,0.041
43.200,4.844,0.040
43.250,4.838,0.041
43.300,4.828,0.040
43.350,4.813,0.040
43.400,4.795,0.040
43.450,4.779,0.041
43.500,4.764,0.040
43.550,4.753,0.041
43.600,4.739,0.040
43.650,4.733,0.041
43.700,4.728,0.040
43.750,4.720,0.041
43.800,4.714,0.040
43.850,4.711,0.041
43.900,4.709,0.040
43.950,4.705,0.041
44.000,4.697,0.040
44.050,4.693,0.041
44.100,4.682,0.040
44.150,4.668,0.041
44.200,4.660,0.040
44.250,4.656,0.040
44.300,4.654,0.040
44.350,4.653,0.041
44.400,4.652,0.040
44.450,4.653,0.041
44.500,4.652,0.040
44.550,4.652,0.041
44.600,4.652,0.040
44.650,4.652,0.041
44.700,4.652,0.040
44.750,4.652,0.041
44.800,4.651,0.040
44.850,4.652,0.040
44.900,4.651,0.040
44.950,4.652,0.041
45.000,4.652,0.040
45.050,4.652,0.041
45.100,4.651,0.040
45.150,4.652,0.041
45.200,4.651,0.040
45.250,4.652,0.040
45.300,4.651,0.040
45.350,4.652,0.041
45.400,4.651,0.040
45.450,4.643,0.041
45.500,4.626,0.040
45.550,4.606,0.041
45.600,4.585,0.040
45.650,4.574,0.040
45.700,4.568,0.040
45.750,4.565,0.041
45.800,4.557,0.040
45.850,4.546,0.041
45.900,4.533,0.040
45.950,4.521,0.041
46.000,4.511,0.040
46.050,4.502,0.040
46.100,4.493,0.040
46.150,4.483,0.040
46.200,4.476,0.040
46.250,4.466,0.041
46.300,4.459,0.040
46.350,4.457,0.040
46.400,4.451,0.040
46.450,4.442,0.040
46.500,4.430,0.039
46.550,4.424,0.040
46.600,4.415,0.040
46.650,4.407,0.040
46.700,4.395,0.040
46.750,4.381,0.040
46.800,4.372,0.040
46.850,4.369,0.041
46.900,4.366,0.040
46.950,4.361,0.041
47.000,4.353,0.040
47.050,4.344,0.040
47.100,4.336,0.040
47.150,4.332,0.040
47.200,4.329,0.039
47.250,4.329,0.040
47.300,4.328,0.040
47.350,4.324,0.041
47.400,4.316,0.040
47.450,4.313,0.040
47.500,4.310,0.040
47.550,4.306,0.040
47.600,4.296,0.040
47.650,4.285,0.040
47.700,4.279,0.040
47.750,4.276,0.040
47.800,4.275,0.040
47.850,4.274,0.040
47.900,4.267,0.039
47.950,4.261,0.040
48.000,4.257,0.039
48.050,4.256,0.040
48.100,4.255,0.039
48.150,4.255,0.040
48.200,4.249,0.039
48.250,4.244,0.040
48.300,4.241,0.040
48.350,4.240,0.040
48.400,4.239,0.040
48.450,4.239,0.040
48.500,4.235,0.040
48.550,4.228,0.040
48.600,4.223,0.039
48.650,4.219,0.040
48.700,4.211,0.039
48.750,4.207,0.040
48.800,4.204,0.039
48.850,4.202,0.040
48.900,4.201,0.040
48.950,4.201,0.040
49.000,4.200,0.039
49.050,4.200,0.040
49.100,4.200,0.040
49.150,4.201,0.040
49.200,4.197,0.040
49.250,4.190,0.040
49.300,4.186,0.040
49.350,4.183,0.040
49.400,4.175,0.040
49.450,4.170,0.040
49.500,4.167,0.040
49.550,4.164,0.040
49.600,4.155,0.040
49.650,4.146,0.040
49.700,4.137,0.039
49.750,4.133,0.040
49.800,4.125,0.039
49.850,4.118,0.040
49.900,4.114,0.039
49.950,4.110,0.040
50.000,4.101,0.039
50.050,4.097,0.040
50.100,4.093,0.039
50.150,4.086,0.040
50.200,4.080,0.039
50.250,4.077,0.040
50.300,4.075,0.039
50.350,4.074,0.040
50.400,4.066,0.039
50.450,4.062,0.040
50.500,4.059,0.040
50.550,4.058,0.040
50.600,4.057,0.039
50.650,4.057,0.040
50.700,4.056,0.040
50.750,4.056,0.040
50.800,4.056,0.039
50.850,4.053,0.040
50.900,4.046,0.039
50.950,4.043,0.040
51.000,4.038,0.039
51.050,4.031,0.040
51.100,4.025,0.039
51.150,4.024,0.040
51.200,4.021,0.040
51.250,4.013,0.040
51.300,4.008,0.039
51.350,4.004,0.040
51.400,3.997,0.039
51.450,3.992,0.040
51.500,3.988,0.039
51.550,3.987,0.040
51.600,3.986,0.039
51.650,3.982,0.040
51.700,3.975,0.039
51.750,3.971,0.040
51.800,3.969,0.039
51.850,3.968,0.040
51.900,3.967,0.039
51.950,3.966,0.040
52.000,3.959,0.040
52.050,3.950,0.040
52.100,3.940,0.039
52.150,3.936,0.040
52.200,3.927,0.039
52.250,3.921,0.040
52.300,3.917,0.039
52.350,3.911,0.040
52.400,3.903,0.039
52.450,3.897,0.040
52.500,3.888,0.039
52.550,3.883,0.040
52.600,3.875,0.039
52.650,3.868,0.040
52.700,3.863,0.039
52.750,3.862,0.040
52.800,3.855,0.039
52.850,3.849,0.040
52.900,3.845,0.039
52.950,3.839,0.040
53.000,3.831,0.039
53.050,3.828,0.040
53.100,3.829,0.039
53.150,3.835,0.040
53.200,3.838,0.039
53.250,3.839,0.039
53.300,3.839,0.039
53.350,3.840,0.040
53.400,3.840,0.039
53.450,3.841,0.040
53.500,3.840,0.039
53.550,3.841,0.040
53.600,3.840,0.039
53.650,3.841,0.040
53.700,3.840,0.039
53.750,3.840,0.040
53.800,3.840,0.039
53.850,3.841,0.040
53.900,3.840,0.039
53.950,3.838,0.040
54.000,3.838,0.039
54.050,3.840,0.040
54.100,3.840,0.039
54.150,3.841,0.040
54.200,3.838,0.039
54.250,3.831,0.040
54.300,3.820,0.039
54.350,3.802,0.040
54.400,3.778,0.039
54.450,3.765,0.040
54.500,3.757,0.039
54.550,3.755,0.040
54.600,3.746,0.039
54.650,3.732,0.040
54.700,3.713,0.039
54.750,3.697,0.040
54.800,3.688,0.039
54.850,3.684,0.040
54.900,3.681,0.039
54.950,3.681,0.040
55.000,3.679,0.039
55.050,3.673,0.040
55.100,3.660,0.039
55.150,3.652,0.040
55.200,3.647,0.039
55.250,3.646,0.040
55.300,3.643,0.039
55.350,3.636,0.039
55.400,3.623,0.039
55.450,3.616,0.040
55.500,3.611,0.039
55.550,3.609,0.040
55.600,3.608,0.039
55.650,3.608,0.040
55.700,3.607,0.039
55.750,3.607,0.040
55.800,3.606,0.039
55.850,3.607,0.040
55.900,3.606,0.039
55.950,3.607,0.040
56.000,3.606,0.039
56.050,3.604,0.040
56.100,3.590,0.039
56.150,3.579,0.039
56.200,3.567,0.039
56.250,3.556,0.040
56.300,3.545,0.039
56.350,3.534,0.039
56.400,3.525,0.039
56.450,3.520,0.039
56.500,3.511,0.039
56.550,3.502,0.040
56.600,3.487,0.039
56.650,3.474,0.039
56.700,3.454,0.039
56.750,3.434,0.040
56.800,3.422,0.039
56.850,3.416,0.039
56.900,3.413,0.039
56.950,3.411,0.039
57.000,3.397,0.039
57.050,3.386,0.039
57.100,3.380,0.039
57.150,3.377,0.039
57.200,3.375,0.039
57.250,3.375,0.040
57.300,3.374,0.039
57.350,3.367,0.039
57.400,3.361,0.039
57.450,3.359,0.039
57.500,3.357,0.039
57.550,3.352,0.039
57.600,3.339,0.039
57.650,3.328,0.040
57.700,3.314,0.039
57.750,3.301,0.039
57.800,3.292,0.039
57.850,3.288,0.039
57.900,3.286,0.038
57.950,3.285,0.039
58.000,3.285,0.039
58.050,3.283,0.039
58.100,3.269,0.039
58.150,3.253,0.039
58.200,3.240,0.038
58.250,3.229,0.039
58.300,3.223,0.039
58.350,3.220,0.039
58.400,3.216,0.038
58.450,3.213,0.039
58.500,3.204,0.038
58.550,3.193,0.039
58.600,3.185,0.038
58.650,3.181,0.039
58.700,3.178,0.038
58.750,3.173,0.039
58.800,3.160,0.038
58.850,3.150,0.039
58.900,3.144,0.039
58.950,3.134,0.039
59.000,3.128,0.038
59.050,3.126,0.039
59.100,3.118,0.038
59.150,3.113,0.039
59.200,3.107,0.038
59.250,3.098,0.039
59.300,3.092,0.038
59.350,3.087,0.039
59.400,3.071,0.038
59.450,3.061,0.039
59.500,3.050,0.039
59.550,3.039,0.039
59.600,3.027,0.038
59.650,3.021,0.039
59.700,3.018,0.038
59.750,3.011,0.039
59.800,3.004,0.038
59.850,2.994,0.039
59.900,2.986,0.038
59.950,2.975,0.038
60.000,2.964,0.038
60.050,2.954,0.039
60.100,2.948,0.038
60.150,2.944,0.039
60.200,2.935,0.038
60.250,2.928,0.039
60.300,2.911,0.038
60.350,2.900,0.038
60.400,2.893,0.038
60.450,2.883,0.038
60.500,2.876,0.038
60.550,2.871,0.039
60.600,2.856,0.038
60.650,2.843,0.038
60.700,2.829,0.038
60.750,2.817,0.039
60.800,2.808,0.038
60.850,2.804,0.038
60.900,2.801,0.038
60.950,2.800,0.038
61.000,2.800,0.038
61.050,2.800,0.038
61.100,2.799,0.038
61.150,2.800,0.039
61.200,2.797,0.038
61.250,2.790,0.039
61.300,2.785,0.038
61.350,2.779,0.038
61.400,2.771,0.038
61.450,2.767,0.038
61.500,2.769,0.038
61.550,2.782,0.038
61.600,2.791,0.038
61.650,2.795,0.038
61.700,2.797,0.038
61.750,2.798,0.038
61.800,2.798,0.038
61.850,2.799,0.039
61.900,2.799,0.038
61.950,2.799,0.039
62.000,2.798,0.038
62.050,2.799,0.039
62.100,2.798,0.038
62.150,2.799,0.039
62.200,2.798,0.038
62.250,2.799,0.039
62.300,2.799,0.038
62.350,2.799,0.038
62.400,2.798,0.038
62.450,2.799,0.039
62.500,2.799,0.038
62.550,2.799,0.039
62.600,2.799,0.038
62.650,2.800,0.039
62.700,2.799,0.038
62.750,2.799,0.039
62.800,2.790,0.038
62.850,2.777,0.039
62.900,2.761,0.038
62.950,2.744,0.039
63.000,2.727,0.038
63.050,2.718,0.038
63.100,2.713,0.038
63.150,2.712,0.038
63.200,2.709,0.037
63.250,2.706,0.038
63.300,2.698,0.038
63.350,2.695,0.038
63.400,2.693,0.038
63.450,2.692,0.038
63.500,2.691,0.038
63.550,2.691,0.038
63.600,2.676,0.038
63.650,2.656,0.038
63.700,2.638,0.038
63.750,2.629,0.038
63.800,2.624,0.038
63.850,2.622,0.038
63.900,2.620,0.038
63.950,2.603,0.038
64.000,2.577,0.038
64.050,2.563,0.038
64.100,2.555,0.038
64.150,2.552,0.038
64.200,2.550,0.038
64.250,2.549,0.038
64.300,2.548,0.037
64.350,2.548,0.038
64.400,2.548,0.038
64.450,2.548,0.038
64.500,2.548,0.038
64.550,2.548,0.038
64.600,2.548,0.037
64.650,2.548,0.038
64.700,2.548,0.038
64.750,2.541,0.038
64.800,2.527,0.038
64.850,2.520,0.038
64.900,2.516,0.038
64.950,2.515,0.038
65.000,2.513,0.038
65.050,2.513,0.038
65.100,2.512,0.037
65.150,2.513,0.038
65.200,2.512,0.037
65.250,2.512,0.038
65.300,2.523,0.037
65.350,2.555,0.038
65.400,2.578,0.038
65.450,2.590,0.038
65.500,2.596,0.038
65.550,2.599,0.038
65.600,2.600,0.038
65.650,2.601,0.038
65.700,2.601,0.038
65.750,2.601,0.038
65.800,2.601,0.038
65.850,2.601,0.038
65.900,2.601,0.038
65.950,2.602,0.038
66.000,2.594,0.038
66.050,2.589,0.038
66.100,2.578,0.037
66.150,2.555,0.038
66.200,2.517,0.038
66.250,2.489,0.038
66.300,2.474,0.037
66.350,2.467,0.038
66.400,2.462,0.037
66.450,2.453,0.038
66.500,2.437,0.038
66.550,2.422,0.038
66.600,2.414,0.038
66.650,2.410,0.038
66.700,2.408,0.038
66.750,2.407,0.038
66.800,2.405,0.038
66.850,2.397,0.038
66.900,2.385,0.037
66.950,2.377,0.038
67.000,2.366,0.037
67.050,2.360,0.038
67.100,2.356,0.037
67.150,2.353,0.038
67.200,2.345,0.037
67.250,2.340,0.038
67.300,2.333,0.037
67.350,2.325,0.038
67.400,2.321,0.038
67.450,2.319,0.038
67.500,2.316,0.037
67.550,2.306,0.038
67.600,2.287,0.037
67.650,2.269,0.038
67.700,2.257,0.037
67.750,2.251,0.038
67.800,2.248,0.037
67.850,2.247,0.038
67.900,2.239,0.037
67.950,2.234,0.038
68.000,2.230,0.037
68.050,2.229,0.038
68.100,2.228,0.037
68.150,2.222,0.038
68.200,2.212,0.037
68.250,2.202,0.038
68.300,2.196,0.037
68.350,2.194,0.038
68.400,2.192,0.037
68.450,2.192,0.038
68.500,2.188,0.037
68.550,2.181,0.038
68.600,2.177,0.037
68.650,2.176,0.037
68.700,2.175,0.037
68.750,2.174,0.037
68.800,2.174,0.037
68.850,2.174,0.038
68.900,2.174,0.037
68.950,2.168,0.037
69.000,2.162,0.037
69.050,2.159,0.037
69.100,2.152,0.037
69.150,2.141,0.037
69.200,2.131,0.037
69.250,2.126,0.037
69.300,2.123,0.038
69.350,2.122,0.038
69.400,2.121,0.037
69.450,2.120,0.037
69.500,2.120,0.037
69.550,2.120,0.037
69.600,2.120,0.037
69.650,2.119,0.038
69.700,2.112,0.037
69.750,2.107,0.038
69.800,2.103,0.037
69.850,2.096,0.038
69.900,2.089,0.037
69.950,2.087,0.038
70.000,2.079,0.037
70.050,2.065,0.038
70.100,2.056,0.037
70.150,2.052,0.037
70.200,2.050,0.037
70.250,2.049,0.038
70.300,2.049,0.037
70.350,2.043,0.038
70.400,2.025,0.037
70.450,2.005,0.037
70.500,1.991,0.037
70.550,1.984,0.037
70.600,1.981,0.037
70.650,1.979,0.037
70.700,1.978,0.037
70.750,1.979,0.038
70.800,1.978,0.037
70.850,1.979,0.037
70.900,1.978,0.037
70.950,1.978,0.037
71.000,1.978,0.037
71.050,1.978,0.037
71.100,1.978,0.037
71.150,1.978,0.037
71.200,1.978,0.037
71.250,1.974,0.037
71.300,1.941,0.037
71.350,1.900,0.037
71.400,1.876,0.037
71.450,1.865,0.037
71.500,1.859,0.037
71.550,1.856,0.037
71.600,1.854,0.037
71.650,1.854,0.037
71.700,1.853,0.037
71.750,1.847,0.037
71.800,1.841,0.037
71.850,1.836,0.037
71.900,1.817,0.037
71.950,1.795,0.037
72.000,1.779,0.037
72.050,1.770,0.037
72.100,1.759,0.037
72.150,1.752,0.037
72.200,1.749,0.036
72.250,1.748,0.037
72.300,1.747,0.037
72.350,1.746,0.037
72.400,1.746,0.037
72.450,1.737,0.037
72.500,1.724,0.037
72.550,1.717,0.037
72.600,1.713,0.037
72.650,1.712,0.037
72.700,1.706,0.037
72.750,1.699,0.037
72.800,1.696,0.037
72.850,1.694,0.037
72.900,1.693,0.036
72.950,1.693,0.037
73.000,1.692,0.036
73.050,1.693,0.037
73.100,1.691,0.037
73.150,1.683,0.037
73.200,1.671,0.037
73.250,1.664,0.037
73.300,1.660,0.037
73.350,1.659,0.037
73.400,1.658,0.037
73.450,1.657,0.037
73.500,1.657,0.036
73.550,1.657,0.037
73.600,1.657,0.036
73.650,1.657,0.037
73.700,1.657,0.037
73.750,1.657,0.037
73.800,1.657,0.037
73.850,1.657,0.037
73.900,1.656,0.036
73.950,1.657,0.037
74.000,1.657,0.036
74.050,1.657,0.037
74.100,1.657,0.037
74.150,1.657,0.037
74.200,1.656,0.037
74.250,1.657,0.037
74.300,1.648,0.036
74.350,1.628,0.037
74.400,1.616,0.037
74.450,1.610,0.037
74.500,1.607,0.037
74.550,1.605,0.037
74.600,1.604,0.037
74.650,1.609,0.037
74.700,1.614,0.037
74.750,1.605,0.037
74.800,1.574,0.037
74.850,1.546,0.037
74.900,1.530,0.036
74.950,1.523,0.037
75.000,1.519,0.036
75.050,1.517,0.037
75.100,1.516,0.037
75.150,1.516,0.037
75.200,1.515,0.036
75.250,1.515,0.037
75.300,1.515,0.036
75.350,1.516,0.037
75.400,1.517,0.037
75.450,1.517,0.037
75.500,1.516,0.036
75.550,1.516,0.037
75.600,1.514,0.036
75.650,1.500,0.037
75.700,1.490,0.036
75.750,1.485,0.037
75.800,1.482,0.036
75.850,1.480,0.037
75.900,1.469,0.036
75.950,1.457,0.037
76.000,1.451,0.036
76.050,1.448,0.037
76.100,1.440,0.036
76.150,1.421,0.037
76.200,1.406,0.036
76.250,1.395,0.036
76.300,1.384,0.036
76.350,1.379,0.036
76.400,1.371,0.036
76.450,1.364,0.037
76.500,1.356,0.036
76.550,1.345,0.036
76.600,1.325,0.036
76.650,1.298,0.036
76.700,1.283,0.036
76.750,1.275,0.036
76.800,1.271,0.036
76.850,1.262,0.036
76.900,1.250,0.036
76.950,1.241,0.036
77.000,1.236,0.036
77.050,1.234,0.036
77.100,1.230,0.036
77.150,1.222,0.037
77.200,1.214,0.036
77.250,1.207,0.036
77.300,1.203,0.036
77.350,1.201,0.036
77.400,1.198,0.036
77.450,1.180,0.036
77.500,1.162,0.036
77.550,1.153,0.036
77.600,1.148,0.036
77.650,1.146,0.036
77.700,1.142,0.036
77.750,1.128,0.036
77.800,1.114,0.036
77.850,1.097,0.036
77.900,1.085,0.036
77.950,1.079,0.036
78.000,1.077,0.036
78.050,1.074,0.036
78.100,1.068,0.036
78.150,1.061,0.036
78.200,1.050,0.036
78.250,1.044,0.036
78.300,1.033,0.035
78.350,1.018,0.036
78.400,1.010,0.036
78.450,0.998,0.036
78.500,0.979,0.035
78.550,0.959,0.036
78.600,0.945,0.035
78.650,0.939,0.036
78.700,0.935,0.035
78.750,0.934,0.036
78.800,0.929,0.036
78.850,0.916,0.035
78.900,0.901,0.035
78.950,0.883,0.036
79.000,0.872,0.035
79.050,0.867,0.036
79.100,0.864,0.036
79.150,0.863,0.036
79.200,0.862,0.035
79.250,0.862,0.036
79.300,0.860,0.035
79.350,0.852,0.036
79.400,0.841,0.035
79.450,0.834,0.036
79.500,0.826,0.035
79.550,0.817,0.035
79.600,0.807,0.035
79.650,0.793,0.036
79.700,0.783,0.035
79.750,0.778,0.035
79.800,0.775,0.035
79.850,0.774,0.035
79.900,0.758,0.035
79.950,0.739,0.035
80.000,0.722,0.035
80.050,0.713,0.035
80.100,0.708,0.035
80.150,0.705,0.035
80.200,0.704,0.035
80.250,0.703,0.036
80.300,0.702,0.035
80.350,0.703,0.035
80.400,0.703,0.035
80.450,0.703,0.035
80.500,0.702,0.035
80.550,0.703,0.036
80.600,0.702,0.035
80.650,0.703,0.035
80.700,0.702,0.035
80.750,0.703,0.036
80.800,0.702,0.035
80.850,0.702,0.035
80.900,0.702,0.035
80.950,0.707,0.035
81.000,0.713,0.035
81.050,0.717,0.036
81.100,0.718,0.035
81.150,0.719,0.035
81.200,0.720,0.035
81.250,0.716,0.035
81.300,0.708,0.035
81.350,0.699,0.035
81.400,0.684,0.035
81.450,0.667,0.035
81.500,0.649,0.035
81.550,0.633,0.035
81.600,0.617,0.035
81.650,0.599,0.035
81.700,0.588,0.035
81.750,0.575,0.035
81.800,0.559,0.035
81.850,0.539,0.035
81.900,0.518,0.035
81.950,0.498,0.035
82.000,0.484,0.034
82.050,0.468,0.035
82.100,0.451,0.034
82.150,0.437,0.035
82.200,0.425,0.035
82.250,0.407,0.035
82.300,0.392,0.035
82.350,0.364,0.035
82.400,0.327,0.034
82.450,0.297,0.035
82.500,0.280,0.034
82.550,0.272,0.035
82.600,0.267,0.034
82.650,0.264,0.035
82.700,0.257,0.034
82.750,0.252,0.035
82.800,0.239,0.034
82.850,0.220,0.035
82.900,0.207,0.034
82.950,0.200,0.034
83.000,0.196,0.034
83.050,0.189,0.035
83.100,0.183,0.034
83.150,0.180,0.035
83.200,0.177,0.034
83.250,0.170,0.034
83.300,0.162,0.034
83.350,0.153,0.034
83.400,0.146,0.034
83.450,0.133,0.034
83.500,0.119,0.034
83.550,0.113,0.034
83.600,0.109,0.034
83.650,0.108,0.034
83.700,0.107,0.034
83.750,0.107,0.034
83.800,0.105,0.034
83.850,0.097,0.035
83.900,0.084,0.034
83.950,0.066,0.034
84.000,0.041,0.034
84.050,0.017,0.034
84.100,0.002,0.034
84.150,-0.005,0.034
84.200,-0.009,0.034
84.250,-0.010,0.034
84.300,-0.011,0.034
84.350,-0.011,0.034
84.400,-0.012,0.034
84.450,-0.012,0.034
84.500,-0.012,0.034
84.550,-0.009,0.034
84.600,-0.004,0.034
84.650,0.017,0.034
84.700,0.051,0.033
84.750,0.070,0.034
84.800,0.079,0.034
84.850,0.083,0.034
84.900,0.085,0.034
84.950,0.086,0.034
85.000,0.087,0.034
85.050,0.087,0.034
85.100,0.088,0.034
85.150,0.088,0.034
85.200,0.087,0.034
85.250,0.088,0.034
85.300,0.087,0.033
85.350,0.087,0.034
85.400,0.088,0.034
85.450,0.088,0.034
85.500,0.088,0.034
85.550,0.088,0.034
85.600,0.088,0.034
85.650,0.088,0.034
85.700,0.088,0.034
85.750,0.088,0.034
85.800,0.088,0.034
85.850,0.088,0.034
85.900,0.088,0.034
85.950,0.088,0.034
86.000,0.088,0.034
86.050,0.088,0.034
86.100,0.087,0.033
86.150,0.088,0.034
86.200,0.087,0.033
86.250,0.088,0.034
86.300,0.087,0.033
86.350,0.088,0.034
86.400,0.087,0.034
86.450,0.088,0.034
86.500,0.087,0.033
86.550,0.088,0.034
86.600,0.088,0.034
86.650,-0.065,0.034
86.700,-0.088,0.034
86.750,-0.087,0.034
86.800,-0.086,0.034
86.850,-0.084,0.034
86.900,-0.084,0.034
86.950,-0.084,0.034
87.000,-0.084,0.034
87.050,-0.084,0.034
87.100,-0.084,0.034
87.150,-0.084,0.034
87.200,-0.084,0.034
87.250,-0.084,0.034
87.300,-0.084,0.034
87.350,-0.084,0.034
87.400,-0.084,0.034
87.450,-0.084,0.034
87.500,-0.084,0.034
87.550,-0.084,0.034
87.600,-0.084,0.033
87.650,-0.084,0.034
87.700,-0.084,0.034
87.750,-0.084,0.034
87.800,-0.084,0.034
87.850,-0.083,0.034
87.900,-0.083,0.034
87.950,-0.083,0.034
88.000,-0.083,0.034
88.050,-0.084,0.034
88.100,-0.084,0.034
88.150,-0.084,0.034
88.200,-0.084,0.034
88.250,-0.084,0.034
88.300,-0.084,0.034
88.350,-0.084,0.034
88.400,-0.080,0.034
88.450,-0.074,0.034
88.500,-0.065,0.034
88.550,-0.050,0.034
88.600,-0.039,0.034
88.650,-0.028,0.034
88.700,-0.022,0.034
88.750,-0.022,0.034
88.800,-0.036,0.034
88.850,-0.051,0.034
88.900,-0.059,0.034
88.950,-0.062,0.034
89.000,-0.065,0.033
89.050,-0.069,0.034
89.100,-0.079,0.034
89.150,-0.090,0.034
89.200,-0.096,0.034
89.250,-0.100,0.034
89.300,-0.111,0.034
89.350,-0.126,0.034
89.400,-0.141,0.033
89.450,-0.154,0.034
89.500,-0.162,0.034
89.550,-0.169,0.034
89.600,-0.177,0.034
89.650,-0.183,0.034
89.700,-0.186,0.034
89.750,-0.192,0.034
89.800,-0.199,0.034
89.850,-0.206,0.034
89.900,-0.215,0.033
89.950,-0.224,0.034
90.000,-0.239,0.034
90.050,-0.257,0.034
90.100,-0.274,0.033
90.150,-0.284,0.034
90.200,-0.290,0.033
90.250,-0.299,0.034
90.300,-0.311,0.033
90.350,-0.325,0.034
90.400,-0.336,0.033
90.450,-0.342,0.034
90.500,-0.344,0.033
90.550,-0.346,0.034
90.600,-0.346,0.034
90.650,-0.347,0.034
90.700,-0.348,0.033
90.750,-0.348,0.034
90.800,-0.351,0.033
90.850,-0.357,0.034
90.900,-0.361,0.033
90.950,-0.366,0.034
91.000,-0.374,0.033
91.050,-0.385,0.034
91.100,-0.392,0.033
91.150,-0.396,0.033
91.200,-0.397,0.033
91.250,-0.398,0.034
91.300,-0.403,0.033
91.350,-0.410,0.034
91.400,-0.413,0.033
91.450,-0.422,0.034
91.500,-0.428,0.033
91.550,-0.431,0.034
91.600,-0.433,0.033
91.650,-0.439,0.034
91.700,-0.450,0.033
91.750,-0.462,0.034
91.800,-0.474,0.033
91.850,-0.484,0.033
91.900,-0.494,0.033
91.950,-0.499,0.033
92.000,-0.502,0.033
92.050,-0.504,0.033
92.100,-0.505,0.033
92.150,-0.510,0.034
92.200,-0.516,0.033
92.250,-0.519,0.033
92.300,-0.522,0.033
92.350,-0.529,0.033
92.400,-0.539,0.033
92.450,-0.548,0.033
92.500,-0.553,0.033
92.550,-0.557,0.033
92.600,-0.560,0.033
92.650,-0.566,0.033
92.700,-0.571,0.033
92.750,-0.580,0.033
92.800,-0.595,0.033
92.850,-0.614,0.033
92.900,-0.629,0.033
92.950,-0.637,0.033
93.000,-0.641,0.033
93.050,-0.643,0.033
93.100,-0.644,0.033
93.150,-0.645,0.033
93.200,-0.645,0.032
93.250,-0.645,0.033
93.300,-0.645,0.033
93.350,-0.645,0.033
93.400,-0.648,0.033
93.450,-0.655,0.033
93.500,-0.659,0.033
93.550,-0.661,0.033
93.600,-0.662,0.033
93.650,-0.665,0.033
93.700,-0.668,0.032
93.750,-0.673,0.033
93.800,-0.677,0.033
93.850,-0.687,0.033
93.900,-0.693,0.033
93.950,-0.704,0.033
94.000,-0.710,0.032
94.050,-0.720,0.033
94.100,-0.730,0.032
94.150,-0.740,0.033
94.200,-0.746,0.032
94.250,-0.749,0.033
94.300,-0.757,0.032
94.350,-0.763,0.033
94.400,-0.767,0.032
94.450,-0.776,0.033
94.500,-0.781,0.032
94.550,-0.784,0.033
94.600,-0.787,0.032
94.650,-0.795,0.032
94.700,-0.805,0.032
94.750,-0.814,0.033
94.800,-0.818,0.032
94.850,-0.823,0.033
94.900,-0.831,0.032
94.950,-0.838,0.033
95.000,-0.849,0.032
95.050,-0.861,0.033
95.100,-0.869,0.032
95.150,-0.880,0.032
95.200,-0.888,0.032
95.250,-0.898,0.032
95.300,-0.904,0.032
95.350,-0.907,0.033
95.400,-0.908,0.032
95.450,-0.909,0.032
95.500,-0.910,0.032
95.550,-0.910,0.032
95.600,-0.911,0.032
95.650,-0.911,0.032
95.700,-0.911,0.032
95.750,-0.915,0.032
95.800,-0.981,0.032
95.850,-1.090,0.032
95.900,-1.151,0.032
95.950,-1.181,0.032
96.000,-1.196,0.031
96.050,-1.203,0.032
96.100,-1.206,0.031
96.150,-1.208,0.032
96.200,-1.209,0.031
96.250,-1.209,0.032
96.300,-1.209,0.031
96.350,-1.210,0.032
96.400,-1.210,0.031
96.450,-1.210,0.032
96.500,-1.210,0.031
96.550,-1.210,0.031
96.600,-1.210,0.031
96.650,-1.210,0.032
96.700,-1.217,0.031
96.750,-1.223,0.031
96.800,-1.225,0.031
96.850,-1.226,0.032
96.900,-1.227,0.031
96.950,-1.227,0.032
97.000,-1.227,0.031
97.050,-1.227,0.031
97.100,-1.227,0.031
97.150,-1.227,0.031
97.200,-1.227,0.031
97.250,-1.227,0.031
97.300,-1.227,0.031
97.350,-1.227,0.031
97.400,-1.227,0.031
97.450,-1.227,0.031
97.500,-1.227,0.031
97.550,-1.227,0.031
97.600,-1.227,0.031
97.650,-1.227,0.031
97.700,-1.228,0.031
97.750,-1.235,0.031
97.800,-1.252,0.031
97.850,-1.273,0.031
97.900,-1.292,0.031
97.950,-1.304,0.031
98.000,-1.309,0.031
98.050,-1.312,0.032
98.100,-1.314,0.031
98.150,-1.315,0.031
98.200,-1.321,0.031
98.250,-1.330,0.032
98.300,-1.341,0.031
98.350,-1.350,0.032
98.400,-1.362,0.031
98.450,-1.374,0.031
98.500,-1.386,0.031
98.550,-1.396,0.031
98.600,-1.400,0.031
98.650,-1.402,0.031
98.700,-1.404,0.031
98.750,-1.405,0.032
98.800,-1.416,0.031
98.850,-1.431,0.031
98.900,-1.449,0.031
98.950,-1.462,0.031
99.000,-1.469,0.031
99.050,-1.472,0.031
99.100,-1.474,0.031
99.150,-1.474,0.031
99.200,-1.475,0.031
99.250,-1.475,0.031
99.300,-1.483,0.031
99.350,-1.497,0.031
99.400,-1.509,0.031
99.450,-1.533,0.031
99.500,-1.550,0.031
99.550,-1.564,0.031
99.600,-1.573,0.031
99.650,-1.580,0.031
99.700,-1.590,0.031
99.750,-1.595,0.031
99.800,-1.597,0.031
99.850,-1.598,0.031
99.900,-1.599,0.030
99.950,-1.599,0.031
100.000,-1.599,0.031
100.050,-1.603,0.031
100.100,-1.609,0.030
100.150,-1.611,0.031
100.200,-1.614,0.030
100.250,-1.616,0.030
100.300,-1.617,0.030
100.350,-1.618,0.031
100.400,-1.626,0.031
100.450,-1.638,0.030
100.500,-1.649,0.030
100.550,-1.661,0.030
100.600,-1.674,0.030
100.650,-1.688,0.031
100.700,-1.698,0.030
100.750,-1.709,0.030
100.800,-1.718,0.030
100.850,-1.730,0.031
100.900,-1.744,0.030
100.950,-1.752,0.031
101.000,-1.756,0.030
101.050,-1.758,0.030
101.100,-1.765,0.030
101.150,-1.771,0.030
101.200,-1.777,0.030
101.250,-1.786,0.030
101.300,-1.793,0.030
101.350,-1.803,0.030
101.400,-1.813,0.030
101.450,-1.825,0.030
101.500,-1.839,0.030
101.550,-1.852,0.030
101.600,-1.860,0.030
101.650,-1.861,0.030
101.700,-1.837,0.030
101.750,-1.800,0.030
101.800,-1.760,0.030
101.850,-1.733,0.030
101.900,-1.720,0.030
101.950,-1.713,0.031
102.000,-1.710,0.030
102.050,-1.700,0.030
102.100,-1.684,0.030
102.150,-1.669,0.030
102.200,-1.662,0.030
102.250,-1.657,0.030
102.300,-1.658,0.030
102.350,-1.665,0.030
102.400,-1.677,0.030
102.450,-1.691,0.030
102.500,-1.702,0.030
102.550,-1.720,0.030
102.600,-1.739,0.030
102.650,-1.758,0.030
102.700,-1.779,0.030
102.750,-1.795,0.030
102.800,-1.804,0.030
102.850,-1.809,0.030
102.900,-1.802,0.030
102.950,-1.790,0.030
103.000,-1.785,0.030
103.050,-1.781,0.030
103.100,-1.780,0.030
103.150,-1.779,0.030
103.200,-1.779,0.030
103.250,-1.779,0.030
103.300,-1.779,0.030
103.350,-1.772,0.030
103.400,-1.760,0.030
103.450,-1.754,0.030
103.500,-1.764,0.030
103.550,-1.770,0.030
103.600,-1.774,0.030
103.650,-1.775,0.030
103.700,-1.777,0.030
103.750,-1.777,0.030
103.800,-1.787,0.030
103.850,-1.800,0.030
103.900,-1.808,0.030
103.950,-1.818,0.030
104.000,-1.828,0.030
104.050,-1.839,0.030
104.100,-1.854,0.030
104.150,-1.869,0.030
104.200,-1.884,0.030
104.250,-1.896,0.030
104.300,-1.910,0.030
104.350,-1.927,0.030
104.400,-1.942,0.030
104.450,-1.955,0.030
104.500,-1.969,0.030
104.550,-1.980,0.030
104.600,-1.986,0.030
104.650,-1.989,0.029
104.700,-1.999,0.030
104.750,-2.013,0.030
104.800,-2.028,0.030
104.850,-2.037,0.029
104.900,-2.047,0.030
104.950,-2.054,0.029
105.000,-2.058,0.030
105.050,-2.060,0.030
105.100,-2.061,0.030
105.150,-2.063,0.029
105.200,-2.071,0.030
105.250,-2.075,0.029
105.300,-2.079,0.029
105.350,-2.087,0.029
105.400,-2.098,0.029
105.450,-2.111,0.029
105.500,-2.130,0.029
105.550,-2.152,0.029
105.600,-2.170,0.029
105.650,-2.180,0.029
105.700,-2.188,0.029
105.750,-2.192,0.029
105.800,-2.192,0.029
105.850,-2.198,0.029
105.900,-2.204,0.029
105.950,-2.207,0.029
106.000,-2.208,0.029
106.050,-2.209,0.029
106.100,-2.210,0.029
106.150,-2.209,0.029
106.200,-2.210,0.029
106.250,-2.209,0.029
106.300,-2.210,0.029
106.350,-2.210,0.029
106.400,-2.212,0.029
106.450,-2.217,0.029
106.500,-2.230,0.029
106.550,-2.260,0.029
106.600,-2.303,0.029
106.650,-2.347,0.029
106.700,-2.385,0.029
106.750,-2.411,0.028
106.800,-2.424,0.029
106.850,-2.431,0.029
106.900,-2.434,0.029
106.950,-2.435,0.028
107.000,-2.436,0.029
107.050,-2.436,0.028
107.100,-2.437,0.028
107.150,-2.437,0.029
107.200,-2.437,0.029
107.250,-2.437,0.028
107.300,-2.437,0.029
107.350,-2.437,0.029
107.400,-2.441,0.028
107.450,-2.447,0.028
107.500,-2.453,0.029
107.550,-2.464,0.028
107.600,-2.477,0.028
107.650,-2.483,0.028
107.700,-2.487,0.029
107.750,-2.491,0.028
107.800,-2.499,0.029
107.850,-2.503,0.028
107.900,-2.512,0.028
107.950,-2.519,0.029
108.000,-2.524,0.029
108.050,-2.528,0.028
108.100,-2.536,0.029
108.150,-2.540,0.028
108.200,-2.550,0.028
108.250,-2.560,0.028
108.300,-2.571,0.028
108.350,-2.575,0.028
108.400,-2.581,0.029
108.450,-2.592,0.028
108.500,-2.604,0.028
108.550,-2.615,0.028
108.600,-2.630,0.028
108.650,-2.640,0.028
108.700,-2.649,0.028
108.750,-2.658,0.028
108.800,-2.664,0.028
108.850,-2.674,0.028
108.900,-2.681,0.028
108.950,-2.694,0.027
109.000,-2.708,0.028
109.050,-2.714,0.028
109.100,-2.722,0.028
109.150,-2.731,0.028
109.200,-2.736,0.028
109.250,-2.738,0.028
109.300,-2.739,0.028
109.350,-2.741,0.027
109.400,-2.749,0.028
109.450,-2.753,0.028
109.500,-2.756,0.028
109.550,-2.762,0.028
109.600,-2.770,0.028
109.650,-2.783,0.028
109.700,-2.797,0.028
109.750,-2.805,0.027
109.800,-2.816,0.028
109.850,-2.823,0.027
109.900,-2.831,0.028
109.950,-2.839,0.027
110.000,-2.844,0.028
110.050,-2.853,0.027
110.100,-2.861,0.028
110.150,-2.871,0.027
110.200,-2.884,0.028
110.250,-2.893,0.027
110.300,-2.903,0.028
110.350,-2.911,0.027
110.400,-2.919,0.028
110.450,-2.929,0.027
110.500,-2.943,0.027
110.550,-2.956,0.027
110.600,-2.966,0.028
110.650,-2.976,0.027
110.700,-2.986,0.027
110.750,-2.998,0.027
110.800,-3.012,0.027
110.850,-3.025,0.027
110.900,-3.037,0.027
110.950,-3.049,0.027
111.000,-3.058,0.027
111.050,-3.067,0.027
111.100,-3.075,0.027
111.150,-3.084,0.027
111.200,-3.101,0.027
111.250,-3.124,0.027
111.300,-3.161,0.027
111.350,-3.192,0.027
111.400,-3.209,0.027
111.450,-3.217,0.026
111.500,-3.221,0.027
111.550,-3.245,0.026
111.600,-3.287,0.027
111.650,-3.310,0.026
111.700,-3.322,0.026
111.750,-3.327,0.026
111.800,-3.330,0.026
111.850,-3.331,0.026
111.900,-3.332,0.026
111.950,-3.332,0.026
112.000,-3.332,0.026
112.050,-3.332,0.026
112.100,-3.333,0.026
112.150,-3.341,0.026
112.200,-3.363,0.027
112.250,-3.390,0.026
112.300,-3.415,0.026
112.350,-3.432,0.026
112.400,-3.445,0.026
112.450,-3.452,0.026
112.500,-3.464,0.026
112.550,-3.476,0.025
112.600,-3.490,0.026
112.650,-3.501,0.025
112.700,-3.509,0.026
112.750,-3.520,0.025
112.800,-3.533,0.026
112.850,-3.548,0.025
112.900,-3.564,0.026
112.950,-3.579,0.025
113.000,-3.593,0.026
113.050,-3.606,0.025
113.100,-3.622,0.025
113.150,-3.638,0.025
113.200,-3.658,0.025
113.250,-3.677,0.025
113.300,-3.698,0.026
113.350,-3.717,0.025
113.400,-3.731,0.025
113.450,-3.742,0.025
113.500,-3.755,0.025
113.550,-3.768,0.025
113.600,-3.783,0.025
113.650,-3.799,0.024
113.700,-3.815,0.025
113.750,-3.826,0.024
113.800,-3.839,0.025
113.850,-3.846,0.025
113.900,-3.853,0.025
113.950,-3.863,0.024
114.000,-3.880,0.025
114.050,-3.899,0.024
114.100,-3.916,0.025
114.150,-3.930,0.024
114.200,-3.945,0.025
114.250,-3.960,0.024
114.300,-3.977,0.024
114.350,-3.995,0.024
114.400,-4.015,0.024
114.450,-4.032,0.024
114.500,-4.050,0.025
114.550,-4.071,0.024
114.600,-4.094,0.024
114.650,-4.108,0.023
114.700,-4.123,0.024
114.750,-4.131,0.023
114.800,-4.136,0.024
114.850,-4.138,0.023
114.900,-4.139,0.024
114.950,-4.142,0.023
115.000,-4.151,0.024
115.050,-4.154,0.024
115.100,-4.160,0.024
115.150,-4.167,0.024
115.200,-4.175,0.024
115.250,-4.187,0.024
115.300,-4.209,0.024
115.350,-4.228,0.024
115.400,-4.239,0.024
115.450,-4.245,0.023
115.500,-4.255,0.024
115.550,-4.263,0.023
115.600,-4.274,0.023
115.650,-4.280,0.023
115.700,-4.288,0.024
115.750,-4.296,0.023
115.800,-4.304,0.024
115.850,-4.313,0.023
115.900,-4.317,0.024
115.950,-4.313,0.023
116.000,-4.308,0.024
116.050,-4.306,0.023
116.100,-4.305,0.024
116.150,-4.304,0.023
116.200,-4.304,0.023
116.250,-4.304,0.023
116.300,-4.304,0.024
116.350,-4.303,0.023
116.400,-4.304,0.024
116.450,-4.304,0.023
116.500,-4.305,0.024
116.550,-4.305,0.023
116.600,-4.306,0.024
116.650,-4.306,0.023
116.700,-4.307,0.024
116.750,-4.313,0.023
116.800,-4.316,0.024
116.850,-4.313,0.023
116.900,-4.311,0.023
116.950,-4.308,0.023
117.000,-4.306,0.024
117.050,-4.305,0.023
117.100,-4.305,0.024
117.150,-4.308,0.023
117.200,-4.315,0.024
117.250,-4.319,0.023
117.300,-4.329,0.023
117.350,-4.338,0.023
117.400,-4.348,0.023
117.450,-4.352,0.023
117.500,-4.356,0.024
117.550,-4.359,0.023
117.600,-4.368,0.023
117.650,-4.380,0.023
117.700,-4.396,0.023
117.750,-4.404,0.023
117.800,-4.408,0.023
117.850,-4.415,0.023
117.900,-4.423,0.023
117.950,-4.432,0.023
118.000,-4.446,0.023
118.050,-4.461,0.022
118.100,-4.475,0.023
118.150,-4.488,0.022
118.200,-4.498,0.023
118.250,-4.510,0.022
118.300,-4.523,0.023
118.350,-4.531,0.023
118.400,-4.542,0.023
118.450,-4.548,0.023
118.500,-4.554,0.023
118.550,-4.562,0.022
118.600,-4.574,0.023
118.650,-4.582,0.022
118.700,-4.588,0.023
118.750,-4.593,0.022
118.800,-4.601,0.023
118.850,-4.612,0.022
118.900,-4.621,0.023
118.950,-4.628,0.023
119.000,-4.637,0.023
119.050,-4.647,0.022
119.100,-4.656,0.023
119.150,-4.667,0.022
119.200,-4.675,0.023
119.250,-4.681,0.022
119.300,-4.690,0.023
119.350,-4.697,0.022
119.400,-4.710,0.022
119.450,-4.722,0.022
119.500,-4.730,0.022
119.550,-4.733,0.022
119.600,-4.743,0.023
119.650,-4.751,0.022
119.700,-4.761,0.022
119.750,-4.766,0.022
119.800,-4.769,0.022
119.850,-4.770,0.022
119.900,-4.771,0.022
119.950,-4.771,0.022
120.000,-4.778,0.022
120.050,-4.784,0.022
120.100,-4.793,0.022
120.150,-4.804,0.022
120.200,-4.816,0.022
120.250,-4.821,0.021
120.300,-4.824,0.022
120.350,-4.825,0.022
120.400,-4.829,0.022
120.450,-4.839,0.022
120.500,-4.850,0.022
120.550,-4.856,0.022
120.600,-4.864,0.022
120.650,-4.872,0.021
120.700,-4.877,0.022
120.750,-4.886,0.021
120.800,-4.898,0.022
120.850,-4.906,0.022
120.900,-4.912,0.022
120.950,-4.914,0.021
121.000,-4.916,0.022
121.050,-4.922,0.021
121.100,-4.928,0.022
121.150,-4.921,0.021
121.200,-4.911,0.022
121.250,-4.905,0.021
121.300,-4.903,0.022
121.350,-4.901,0.021
121.400,-4.900,0.022
121.450,-4.899,0.021
121.500,-4.900,0.022
121.550,-4.899,0.021
121.600,-4.900,0.022
121.650,-4.899,0.021
121.700,-4.900,0.022
121.750,-4.899,0.021
121.800,-4.900,0.022
121.850,-4.899,0.021
121.900,-4.900,0.022
121.950,-4.899,0.021
122.000,-4.900,0.022
122.050,-4.905,0.021
122.100,-4.916,0.022
122.150,-4.928,0.021
122.200,-4.942,0.022
122.250,-4.957,0.021
122.300,-4.975,0.022
122.350,-4.996,0.021
122.400,-5.023,0.022
122.450,-5.049,0.021
122.500,-5.064,0.022
122.550,-5.073,0.021
122.600,-5.090,0.022
122.650,-5.119,0.021
122.700,-5.157,0.021
122.750,-5.188,0.021
122.800,-5.206,0.021
122.850,-5.216,0.021
122.900,-5.230,0.021
122.950,-5.245,0.020
123.000,-5.264,0.021
123.050,-5.280,0.020
123.100,-5.296,0.021
123.150,-5.305,0.020
123.200,-5.317,0.021
123.250,-5.326,0.020
123.300,-5.339,0.021
123.350,-5.355,0.020
123.400,-5.373,0.021
123.450,-5.388,0.020
123.500,-5.397,0.021
123.550,-5.409,0.019
123.600,-5.424,0.020
123.650,-5.440,0.020
123.700,-5.460,0.020
123.750,-5.477,0.019
123.800,-5.486,0.020
123.850,-5.490,0.020
123.900,-5.492,0.020
123.950,-5.493,0.019
124.000,-5.494,0.020
124.050,-5.494,0.019
124.100,-5.499,0.020
124.150,-5.505,0.019
124.200,-5.515,0.020
124.250,-5.523,0.019
124.300,-5.534,0.020
124.350,-5.542,0.019
124.400,-5.553,0.020
124.450,-5.560,0.019
124.500,-5.572,0.020
124.550,-5.586,0.019
124.600,-5.594,0.020
124.650,-5.599,0.019
124.700,-5.601,0.020
124.750,-5.603,0.019
124.800,-5.610,0.020
124.850,-5.616,0.019
124.900,-5.633,0.019
124.950,-5.654,0.019
125.000,-5.674,0.019
125.050,-5.687,0.019
125.100,-5.700,0.019
125.150,-5.710,0.019
125.200,-5.720,0.019
125.250,-5.729,0.019
125.300,-5.740,0.019
125.350,-5.752,0.018
125.400,-5.768,0.019
125.450,-5.778,0.018
125.500,-5.790,0.019
125.550,-5.800,0.018
125.600,-5.811,0.019
125.650,-5.820,0.018
125.700,-5.830,0.019
125.750,-5.837,0.018
125.800,-5.850,0.019
125.850,-5.863,0.018
125.900,-5.878,0.019
125.950,-5.886,0.018
126.000,-5.890,0.019
126.050,-5.892,0.018
126.100,-5.894,0.019
126.150,-5.894,0.018
126.200,-5.894,0.019
126.250,-5.894,0.018
126.300,-5.895,0.019
126.350,-5.894,0.018
126.400,-5.895,0.019
126.450,-5.894,0.018
126.500,-5.895,0.019
126.550,-5.892,0.018
126.600,-5.887,0.019
126.650,-5.885,0.018
126.700,-5.890,0.019
126.750,-5.893,0.018
126.800,-5.894,0.019
126.850,-5.902,0.018
126.900,-5.917,0.019
126.950,-5.932,0.018
127.000,-5.949,0.019
127.050,-5.964,0.018
127.100,-5.976,0.019
127.150,-5.989,0.018
127.200,-6.004,0.019
127.250,-6.026,0.018
127.300,-6.048,0.018
127.350,-6.062,0.017
127.400,-6.070,0.018
127.450,-6.082,0.017
127.500,-6.101,0.018
127.550,-6.116,0.017
127.600,-6.125,0.018
127.650,-6.136,0.017
127.700,-6.143,0.018
127.750,-6.153,0.017
127.800,-6.170,0.018
127.850,-6.185,0.017
127.900,-6.202,0.017
127.950,-6.217,0.017
128.000,-6.231,0.018
128.050,-6.244,0.017
128.100,-6.259,0.018
128.150,-6.274,0.017
128.200,-6.290,0.018
128.250,-6.312,0.017
128.300,-6.336,0.017
128.350,-6.353,0.017
128.400,-6.369,0.017
128.450,-6.381,0.016
128.500,-6.392,0.017
128.550,-6.399,0.016
128.600,-6.410,0.017
128.650,-6.416,0.016
128.700,-6.419,0.017
128.750,-6.427,0.016
128.800,-6.434,0.017
128.850,-6.437,0.016
128.900,-6.439,0.017
128.950,-6.439,0.016
129.000,-6.447,0.017
129.050,-6.452,0.016
129.100,-6.457,0.017
129.150,-6.465,0.016
129.200,-6.472,0.016
129.250,-6.476,0.016
129.300,-6.484,0.017
129.350,-6.490,0.016
129.400,-6.494,0.017
129.450,-6.505,0.016
129.500,-6.518,0.017
129.550,-6.525,0.016
129.600,-6.529,0.016
129.650,-6.530,0.016
129.700,-6.531,0.016
129.750,-6.531,0.016
129.800,-6.532,0.016
129.850,-6.531,0.016
129.900,-6.532,0.016
129.950,-6.532,0.016
130.000,-6.536,0.016
130.050,-6.543,0.016
130.100,-6.547,0.016
130.150,-6.549,0.016
130.200,-6.558,0.017
130.250,-6.562,0.016
130.300,-6.566,0.016
130.350,-6.566,0.016
130.400,-6.568,0.016
130.450,-6.572,0.016
130.500,-6.580,0.016
130.550,-6.589,0.015
130.600,-6.597,0.016
130.650,-6.600,0.016
130.700,-6.602,0.016
130.750,-6.603,0.015
130.800,-6.604,0.016
130.850,-6.604,0.016
130.900,-6.605,0.016
130.950,-6.604,0.016
131.000,-6.604,0.017
131.050,-6.605,0.015
131.100,-6.612,0.016
131.150,-6.617,0.016
131.200,-6.623,0.016
131.250,-6.631,0.015
131.300,-6.636,0.016
131.350,-6.638,0.015
131.400,-6.640,0.016
131.450,-6.640,0.015
131.500,-6.641,0.016
131.550,-6.641,0.015
131.600,-6.644,0.016
131.650,-6.651,0.015
131.700,-6.656,0.016
131.750,-6.659,0.016
131.800,-6.669,0.016
131.850,-6.674,0.015
131.900,-6.677,0.016
131.950,-6.677,0.015
132.000,-6.678,0.016
132.050,-6.678,0.015
132.100,-6.679,0.017
132.150,-6.679,0.015
132.200,-6.679,0.016
132.250,-6.679,0.015
132.300,-6.679,0.016
132.350,-6.679,0.015
132.400,-6.677,0.016
132.450,-6.665,0.015
132.500,-6.654,0.016
132.550,-6.647,0.016
132.600,-6.645,0.016
132.650,-6.643,0.015
132.700,-6.643,0.016
132.750,-6.642,0.015
132.800,-6.642,0.016
132.850,-6.641,0.015
132.900,-6.642,0.016
132.950,-6.641,0.015
133.000,-6.642,0.016
133.050,-6.641,0.015
133.100,-6.642,0.016
133.150,-6.642,0.015
133.200,-6.645,0.016
133.250,-6.646,0.015
133.300,-6.648,0.016
133.350,-6.647,0.015
133.400,-6.645,0.016
133.450,-6.643,0.015
133.500,-6.642,0.016
133.550,-6.638,0.016
133.600,-6.631,0.016
133.650,-6.627,0.015
133.700,-6.625,0.016
133.750,-6.623,0.016
133.800,-6.618,0.016
133.850,-6.611,0.015
133.900,-6.609,0.016
133.950,-6.606,0.015
134.000,-6.606,0.016
134.050,-6.605,0.015
134.100,-6.603,0.016
134.150,-6.591,0.015
134.200,-6.580,0.016
134.250,-6.568,0.015
134.300,-6.560,0.016
134.350,-6.554,0.016
134.400,-6.553,0.016
134.450,-6.551,0.016
134.500,-6.552,0.016
134.550,-6.551,0.015
134.600,-6.548,0.016
134.650,-6.537,0.015
134.700,-6.526,0.016
134.750,-6.515,0.015
134.800,-6.506,0.016
134.850,-6.495,0.015
134.900,-6.487,0.016
134.950,-6.482,0.015
135.000,-6.481,0.016
135.050,-6.476,0.016
135.100,-6.469,0.016
135.150,-6.464,0.015
135.200,-6.456,0.016
135.250,-6.449,0.016
135.300,-6.446,0.016
135.350,-6.444,0.015
135.400,-6.438,0.016
135.450,-6.431,0.016
135.500,-6.428,0.016
135.550,-6.421,0.016
135.600,-6.417,0.016
135.650,-6.414,0.015
135.700,-6.411,0.016
135.750,-6.401,0.016
135.800,-6.395,0.016
135.850,-6.391,0.016
135.900,-6.389,0.016
135.950,-6.382,0.016
136.000,-6.376,0.016
136.050,-6.373,0.015
136.100,-6.370,0.016
136.150,-6.357,0.016
136.200,-6.342,0.016
136.250,-6.326,0.016
136.300,-6.312,0.017
136.350,-6.304,0.016
136.400,-6.301,0.016
136.450,-6.298,0.016
136.500,-6.294,0.016
136.550,-6.286,0.015
136.600,-6.282,0.016
136.650,-6.273,0.016
136.700,-6.266,0.017
136.750,-6.256,0.016
136.800,-6.250,0.016
136.850,-6.246,0.016
136.900,-6.244,0.016
136.950,-6.241,0.016
137.000,-6.234,0.016
137.050,-6.223,0.015
137.100,-6.207,0.017
137.150,-6.194,0.016
137.200,-6.183,0.016
137.250,-6.176,0.016
137.300,-6.171,0.016
137.350,-6.162,0.016
137.400,-6.156,0.016
137.450,-6.145,0.016
137.500,-6.133,0.017
137.550,-6.124,0.016
137.600,-6.114,0.017
137.650,-6.105,0.016
137.700,-6.098,0.017
137.750,-6.086,0.016
137.800,-6.072,0.016
137.850,-6.058,0.016
137.900,-6.051,0.016
137.950,-6.047,0.015
138.000,-6.045,0.017
138.050,-6.043,0.016
138.100,-6.043,0.017
138.150,-6.043,0.016
138.200,-6.043,0.017
138.250,-6.037,0.016
138.300,-6.031,0.017
138.350,-6.028,0.016
138.400,-6.026,0.017
138.450,-6.025,0.016
138.500,-6.025,0.017
138.550,-6.024,0.016
138.600,-6.018,0.017
138.650,-6.012,0.016
138.700,-6.009,0.017
138.750,-6.007,0.016
138.800,-6.007,0.017
138.850,-6.006,0.016
138.900,-6.007,0.017
138.950,-6.001,0.016
139.000,-5.995,0.017
139.050,-5.991,0.016
139.100,-5.990,0.017
139.150,-5.988,0.016
139.200,-5.988,0.017
139.250,-5.988,0.016
139.300,-5.989,0.016
139.350,-5.988,0.016
139.400,-5.982,0.016
139.450,-5.975,0.016
139.500,-5.973,0.017
139.550,-5.970,0.016
139.600,-5.963,0.017
139.650,-5.954,0.016
139.700,-5.945,0.017
139.750,-5.939,0.016
139.800,-5.937,0.017
139.850,-5.935,0.016
139.900,-5.934,0.017
139.950,-5.934,0.016
140.000,-5.934,0.017
140.050,-5.930,0.016
140.100,-5.923,0.017
140.150,-5.919,0.016
140.200,-5.918,0.017
140.250,-5.916,0.016
140.300,-5.908,0.017
140.350,-5.902,0.016
140.400,-5.900,0.017
140.450,-5.893,0.016
140.500,-5.886,0.017
140.550,-5.883,0.016
140.600,-5.877,0.017
140.650,-5.869,0.016
140.700,-5.865,0.017
140.750,-5.863,0.016
140.800,-5.862,0.017
140.850,-5.861,0.016
140.900,-5.862,0.017
140.950,-5.861,0.016
141.000,-5.861,0.017
141.050,-5.859,0.016
141.100,-5.852,0.017
141.150,-5.847,0.016
141.200,-5.845,0.017
141.250,-5.844,0.016
141.300,-5.844,0.016
141.350,-5.843,0.016
141.400,-5.843,0.017
141.450,-5.843,0.016
141.500,-5.843,0.017
141.550,-5.841,0.016
141.600,-5.834,0.017
141.650,-5.829,0.016
141.700,-5.827,0.017
141.750,-5.825,0.016
141.800,-5.818,0.017
141.850,-5.813,0.016
141.900,-5.806,0.017
141.950,-5.797,0.016
142.000,-5.790,0.017
142.050,-5.780,0.016
142.100,-5.776,0.017
142.150,-5.773,0.016
142.200,-5.772,0.017
142.250,-5.771,0.016
142.300,-5.769,0.017
142.350,-5.761,0.016
142.400,-5.757,0.017
142.450,-5.754,0.016
142.500,-5.751,0.017
142.550,-5.742,0.016
142.600,-5.738,0.017
142.650,-5.736,0.016
142.700,-5.731,0.017
142.750,-5.723,0.016
142.800,-5.717,0.017
142.850,-5.707,0.016
142.900,-5.703,0.016
142.950,-5.700,0.016
143.000,-5.699,0.017
143.050,-5.698,0.016
143.100,-5.698,0.017
143.150,-5.698,0.016
143.200,-5.698,0.017
143.250,-5.698,0.016
143.300,-5.698,0.017
143.350,-5.698,0.016
143.400,-5.698,0.017
143.450,-5.698,0.016
143.500,-5.698,0.017
143.550,-5.697,0.017
143.600,-5.697,0.017
143.650,-5.693,0.016
143.700,-5.686,0.017
143.750,-5.678,0.017
143.800,-5.670,0.017
143.850,-5.665,0.017
143.900,-5.662,0.017
143.950,-5.653,0.016
144.000,-5.648,0.017
144.050,-5.645,0.017
144.100,-5.644,0.017
144.150,-5.640,0.016
144.200,-5.632,0.017
144.250,-5.628,0.016
144.300,-5.626,0.017
144.350,-5.617,0.016
144.400,-5.612,0.017
144.450,-5.609,0.016
144.500,-5.608,0.017
144.550,-5.607,0.016
144.600,-5.603,0.017
144.650,-5.596,0.017
144.700,-5.592,0.017
144.750,-5.590,0.016
144.800,-5.587,0.017
144.850,-5.579,0.017
144.900,-5.571,0.017
144.950,-5.557,0.017
145.000,-5.545,0.017
145.050,-5.532,0.016
145.100,-5.524,0.017
145.150,-5.520,0.017
145.200,-5.527,0.017
145.250,-5.540,0.016
145.300,-5.546,0.017
145.350,-5.549,0.017
145.400,-5.551,0.017
145.450,-5.551,0.017
145.500,-5.552,0.017
145.550,-5.552,0.016
145.600,-5.552,0.017
145.650,-5.552,0.017
145.700,-5.552,0.017
145.750,-5.549,0.016
145.800,-5.528,0.017
145.850,-5.498,0.017
145.900,-5.473,0.017
145.950,-5.457,0.017
146.000,-5.443,0.017
146.050,-5.434,0.017
146.100,-5.431,0.017
146.150,-5.428,0.016
146.200,-5.420,0.017
146.250,-5.410,0.017
146.300,-5.400,0.017
146.350,-5.388,0.017
146.400,-5.379,0.017
146.450,-5.368,0.017
146.500,-5.360,0.017
146.550,-5.350,0.017
146.600,-5.339,0.017
146.650,-5.328,0.017
146.700,-5.324,0.017
146.750,-5.318,0.017
146.800,-5.310,0.017
146.850,-5.305,0.016
146.900,-5.303,0.017
146.950,-5.301,0.017
147.000,-5.297,0.017
147.050,-5.289,0.017
147.100,-5.285,0.017
147.150,-5.276,0.017
147.200,-5.270,0.017
147.250,-5.260,0.017
147.300,-5.253,0.018
147.350,-5.249,0.017
147.400,-5.248,0.017
147.450,-5.243,0.017
147.500,-5.236,0.017
147.550,-5.231,0.017
147.600,-5.230,0.017
147.650,-5.228,0.017
147.700,-5.227,0.017
147.750,-5.219,0.017
147.800,-5.214,0.017
147.850,-5.211,0.017
147.900,-5.203,0.018
147.950,-5.197,0.017
148.000,-5.194,0.018
148.050,-5.191,0.017
148.100,-5.184,0.018
148.150,-5.179,0.017
148.200,-5.176,0.017
148.250,-5.174,0.017
148.300,-5.173,0.018
148.350,-5.173,0.017
148.400,-5.170,0.017
148.450,-5.162,0.017
148.500,-5.159,0.017
148.550,-5.157,0.017
148.600,-5.150,0.018
148.650,-5.143,0.017
148.700,-5.134,0.017
148.750,-5.126,0.017
148.800,-5.119,0.018
148.850,-5.110,0.017
148.900,-5.105,0.017
148.950,-5.099,0.017
149.000,-5.091,0.018
149.050,-5.087,0.017
149.100,-5.084,0.017
149.150,-5.083,0.017
149.200,-5.082,0.017
149.250,-5.082,0.017
149.300,-5.082,0.018
149.350,-5.079,0.017
149.400,-5.072,0.017
149.450,-5.068,0.017
149.500,-5.066,0.018
149.550,-5.065,0.017
149.600,-5.060,0.018
149.650,-5.053,0.017
149.700,-5.050,0.017
149.750,-5.048,0.017
149.800,-5.043,0.018
149.850,-5.033,0.017
149.900,-5.021,0.018
149.950,-5.011,0.017
150.000,-5.002,0.017
150.050,-4.997,0.017
150.100,-4.995,0.017
150.150,-4.993,0.017
150.200,-4.993,0.017
150.250,-4.993,0.017
150.300,-4.993,0.017
150.350,-4.993,0.017
150.400,-4.993,0.018
150.450,-4.993,0.017
150.500,-4.993,0.017
150.550,-4.992,0.017
150.600,-4.990,0.018
150.650,-4.984,0.018
150.700,-4.979,0.017
150.750,-4.977,0.017
150.800,-4.976,0.018
150.850,-4.975,0.017
150.900,-4.972,0.018
150.950,-4.964,0.017
151.000,-4.960,0.017
151.050,-4.951,0.017
151.100,-4.946,0.017
151.150,-4.941,0.017
151.200,-4.940,0.017
151.250,-4.937,0.017
151.300,-4.931,0.017
151.350,-4.926,0.017
151.400,-4.923,0.017
151.450,-4.922,0.017
151.500,-4.921,0.017
151.550,-4.920,0.017
151.600,-4.920,0.018
151.650,-4.920,0.017
151.700,-4.920,0.018
151.750,-4.920,0.017
151.800,-4.920,0.018
151.850,-4.918,0.017
151.900,-4.912,0.018
151.950,-4.907,0.017
152.000,-4.904,0.018
152.050,-4.903,0.018
152.100,-4.902,0.018
152.150,-4.902,0.018
152.200,-4.902,0.018
152.250,-4.902,0.017
152.300,-4.897,0.018
152.350,-4.891,0.017
152.400,-4.887,0.018
152.450,-4.886,0.017
152.500,-4.883,0.018
152.550,-4.875,0.017
152.600,-4.865,0.018
152.650,-4.856,0.017
152.700,-4.845,0.018
152.750,-4.838,0.017
152.800,-4.834,0.018
152.850,-4.831,0.017
152.900,-4.823,0.018
152.950,-4.813,0.017
153.000,-4.798,0.018
153.050,-4.787,0.018
153.100,-4.781,0.018
153.150,-4.779,0.017
153.200,-4.773,0.018
153.250,-4.765,0.018
153.300,-4.761,0.018
153.350,-4.760,0.017
153.400,-4.755,0.018
153.450,-4.745,0.017
153.500,-4.733,0.018
153.550,-4.721,0.018
153.600,-4.712,0.018
153.650,-4.704,0.017
153.700,-4.692,0.018
153.750,-4.681,0.017
153.800,-4.668,0.018
153.850,-4.659,0.018
153.900,-4.648,0.018
153.950,-4.639,0.018
154.000,-4.624,0.018
154.050,-4.606,0.018
154.100,-4.588,0.018
154.150,-4.574,0.018
154.200,-4.567,0.018
154.250,-4.559,0.018
154.300,-4.551,0.018
154.350,-4.547,0.018
154.400,-4.544,0.018
154.450,-4.548,0.018
154.500,-4.555,0.018
154.550,-4.559,0.018
154.600,-4.561,0.018
154.650,-4.562,0.018
154.700,-4.561,0.018
154.750,-4.562,0.018
154.800,-4.562,0.018
154.850,-4.562,0.018
154.900,-4.562,0.018
154.950,-4.562,0.018
155.000,-4.561,0.018
155.050,-4.560,0.018
155.100,-4.557,0.018
155.150,-4.550,0.018
155.200,-4.543,0.018
155.250,-4.534,0.018
155.300,-4.522,0.018
155.350,-4.514,0.018
155.400,-4.509,0.018
155.450,-4.500,0.018
155.500,-4.491,0.018
155.550,-4.477,0.018
155.600,-4.464,0.018
155.650,-4.454,0.018
155.700,-4.442,0.018
155.750,-4.429,0.018
155.800,-4.416,0.018
155.850,-4.407,0.018
155.900,-4.397,0.018
155.950,-4.385,0.018
156.000,-4.370,0.018
156.050,-4.351,0.018
156.100,-4.333,0.018
156.150,-4.315,0.018
156.200,-4.302,0.018
156.250,-4.291,0.018
156.300,-4.281,0.018
156.350,-4.272,0.019
156.400,-4.263,0.018
156.450,-4.254,0.018
156.500,-4.243,0.018
156.550,-4.231,0.018
156.600,-4.224,0.018
156.650,-4.221,0.019
156.700,-4.214,0.018
156.750,-4.206,0.019
156.800,-4.195,0.019
156.850,-4.179,0.019
156.900,-4.157,0.019
156.950,-4.133,0.019
157.000,-4.112,0.018
157.050,-4.093,0.019
157.100,-4.075,0.018
157.150,-4.057,0.018
157.200,-4.033,0.018
157.250,-4.018,0.018
157.300,-4.008,0.019
157.350,-3.999,0.018
157.400,-3.993,0.019
157.450,-3.990,0.019
157.500,-3.986,0.018
157.550,-3.979,0.019
157.600,-3.965,0.018
157.650,-3.955,0.019
157.700,-3.945,0.018
157.750,-3.939,0.019
157.800,-3.936,0.019
157.850,-3.935,0.019
157.900,-3.934,0.018
157.950,-3.933,0.019
158.000,-3.931,0.018
158.050,-3.925,0.019
158.100,-3.918,0.018
158.150,-3.915,0.019
158.200,-3.913,0.019
158.250,-3.912,0.019
158.300,-3.910,0.019
158.350,-3.903,0.019
158.400,-3.898,0.019
158.450,-3.895,0.019
158.500,-3.887,0.019
158.550,-3.881,0.019
158.600,-3.878,0.019
158.650,-3.877,0.019
158.700,-3.876,0.019
158.750,-3.871,0.019
158.800,-3.864,0.019
158.850,-3.858,0.019
158.900,-3.848,0.019
158.950,-3.843,0.019
159.000,-3.833,0.019
159.050,-3.828,0.019
159.100,-3.824,0.019
159.150,-3.816,0.019
159.200,-3.810,0.018
159.250,-3.806,0.019
159.300,-3.804,0.019
159.350,-3.800,0.019
159.400,-3.792,0.019
159.450,-3.783,0.019
159.500,-3.774,0.019
159.550,-3.766,0.019
159.600,-3.755,0.019
159.650,-3.744,0.019
159.700,-3.737,0.019
159.750,-3.734,0.019
159.800,-3.732,0.019
159.850,-3.732,0.019
159.900,-3.731,0.019
159.950,-3.726,0.019
160.000,-3.719,0.019
160.050,-3.716,0.019
160.100,-3.714,0.019
160.150,-3.714,0.019
160.200,-3.713,0.019
160.250,-3.713,0.019
160.300,-3.713,0.019
160.350,-3.713,0.019
160.400,-3.712,0.019
160.450,-3.713,0.019
160.500,-3.712,0.019
160.550,-3.713,0.019
160.600,-3.712,0.019
160.650,-3.711,0.019
160.700,-3.697,0.019
160.750,-3.684,0.019
160.800,-3.671,0.019
160.850,-3.665,0.019
160.900,-3.661,0.019
160.950,-3.660,0.019
161.000,-3.656,0.019
161.050,-3.641,0.019
161.100,-3.621,0.019
161.150,-3.605,0.019
161.200,-3.595,0.019
161.250,-3.591,0.019
161.300,-3.582,0.019
161.350,-3.571,0.019
161.400,-3.563,0.019
161.450,-3.558,0.019
161.500,-3.554,0.019
161.550,-3.548,0.019
161.600,-3.540,0.019
161.650,-3.528,0.019
161.700,-3.513,0.019
161.750,-3.502,0.020
161.800,-3.490,0.019
161.850,-3.480,0.019
161.900,-3.464,0.019
161.950,-3.454,0.019
162.000,-3.445,0.019
162.050,-3.436,0.020
162.100,-3.423,0.019
162.150,-3.409,0.020
162.200,-3.395,0.019
162.250,-3.385,0.019
162.300,-3.378,0.019
162.350,-3.374,0.020
162.400,-3.361,0.019
162.450,-3.349,0.020
162.500,-3.343,0.019
162.550,-3.340,0.020
162.600,-3.337,0.019
162.650,-3.331,0.020
162.700,-3.324,0.019
162.750,-3.321,0.020
162.800,-3.317,0.019
162.850,-3.310,0.020
162.900,-3.305,0.019
162.950,-3.302,0.020
163.000,-3.301,0.020
163.050,-3.301,0.020
163.100,-3.300,0.019
163.150,-3.300,0.020
163.200,-3.297,0.019
163.250,-3.290,0.020
163.300,-3.285,0.019
163.350,-3.278,0.020
163.400,-3.265,0.019
163.450,-3.256,0.020
163.500,-3.245,0.019
163.550,-3.231,0.020
163.600,-3.220,0.019
163.650,-3.210,0.020
163.700,-3.196,0.019
163.750,-3.181,0.020
163.800,-3.163,0.019
163.850,-3.151,0.020
163.900,-3.144,0.019
163.950,-3.140,0.020
164.000,-3.131,0.019
164.050,-3.119,0.020
164.100,-3.110,0.020
164.150,-3.100,0.020
164.200,-3.092,0.019
164.250,-3.088,0.020
164.300,-3.085,0.020
164.350,-3.085,0.020
164.400,-3.084,0.019
164.450,-3.075,0.020
164.500,-3.062,0.020
164.550,-3.055,0.020
164.600,-3.052,0.020
164.650,-3.050,0.020
164.700,-3.049,0.020
164.750,-3.049,0.020
164.800,-3.048,0.020
164.850,-3.049,0.020
164.900,-3.048,0.020
164.950,-3.049,0.020
165.000,-3.048,0.020
165.050,-3.048,0.020
165.100,-3.041,0.020
165.150,-3.032,0.020
165.200,-3.021,0.020
165.250,-3.011,0.020
165.300,-3.002,0.020
165.350,-2.992,0.020
165.400,-2.983,0.020
165.450,-2.972,0.020
165.500,-2.957,0.020
165.550,-2.945,0.020
165.600,-2.937,0.020
165.650,-2.930,0.020
165.700,-2.918,0.020
165.750,-2.908,0.020
165.800,-2.897,0.020
165.850,-2.892,0.020
165.900,-2.889,0.020
165.950,-2.882,0.021
166.000,-2.873,0.020
166.050,-2.859,0.021
166.100,-2.845,0.020
166.150,-2.835,0.021
166.200,-2.824,0.020
166.250,-2.813,0.020
166.300,-2.804,0.020
166.350,-2.800,0.021
166.400,-2.798,0.020
166.450,-2.797,0.021
166.500,-2.792,0.020
166.550,-2.786,0.021
166.600,-2.782,0.020
166.650,-2.773,0.021
166.700,-2.766,0.020
166.750,-2.757,0.021
166.800,-2.743,0.020
166.850,-2.734,0.021
166.900,-2.723,0.020
166.950,-2.709,0.021
167.000,-2.698,0.020
167.050,-2.686,0.021
167.100,-2.678,0.020
167.150,-2.675,0.021
167.200,-2.673,0.020
167.250,-2.672,0.021
167.300,-2.664,0.020
167.350,-2.655,0.020
167.400,-2.642,0.020
167.450,-2.630,0.021
167.500,-2.617,0.020
167.550,-2.608,0.021
167.600,-2.603,0.020
167.650,-2.601,0.021
167.700,-2.598,0.021
167.750,-2.591,0.021
167.800,-2.583,0.020
167.850,-2.574,0.021
167.900,-2.561,0.020
167.950,-2.551,0.021
168.000,-2.540,0.020
168.050,-2.534,0.021
168.100,-2.531,0.020
168.150,-2.529,0.021
168.200,-2.529,0.020
168.250,-2.529,0.021
168.300,-2.528,0.020
168.350,-2.528,0.021
168.400,-2.528,0.020
168.450,-2.528,0.021
168.500,-2.528,0.020
168.550,-2.528,0.021
168.600,-2.528,0.020
168.650,-2.528,0.021
168.700,-2.527,0.020
168.750,-2.528,0.021
168.800,-2.527,0.020
168.850,-2.528,0.021
168.900,-2.527,0.020
168.950,-2.527,0.021
169.000,-2.527,0.021
169.050,-2.527,0.021
169.100,-2.527,0.020
169.150,-2.528,0.021
169.200,-2.527,0.020
169.250,-2.528,0.021
169.300,-2.527,0.020
169.350,-2.528,0.021
169.400,-2.527,0.020
169.450,-2.528,0.021
169.500,-2.527,0.020
169.550,-2.527,0.021
169.600,-2.527,0.021
169.650,-2.527,0.021
169.700,-2.527,0.020
169.750,-2.527,0.021
169.800,-2.527,0.021
169.850,-2.527,0.021
169.900,-2.527,0.021
169.950,-2.527,0.021
170.000,-2.527,0.020
170.050,-2.528,0.021
170.100,-2.527,0.020
170.150,-2.527,0.021
170.200,-2.527,0.021
170.250,-2.527,0.021
170.300,-2.527,0.020
170.350,-2.527,0.021
170.400,-2.527,0.020
170.450,-2.527,0.021
170.500,-2.527,0.020
170.550,-2.527,0.021
170.600,-2.521,0.020
170.650,-2.516,0.021
170.700,-2.512,0.021
170.750,-2.503,0.021
170.800,-2.489,0.020
170.850,-2.482,0.021
170.900,-2.475,0.020
170.950,-2.466,0.021
171.000,-2.461,0.020
171.050,-2.459,0.021
171.100,-2.455,0.021
171.150,-2.443,0.021
171.200,-2.431,0.020
171.250,-2.426,0.021
171.300,-2.423,0.021
171.350,-2.422,0.021
171.400,-2.415,0.021
171.450,-2.409,0.021
171.500,-2.405,0.021
171.550,-2.404,0.021
171.600,-2.395,0.021
171.650,-2.382,0.021
171.700,-2.366,0.021
171.750,-2.357,0.022
171.800,-2.352,0.021
171.850,-2.351,0.022
171.900,-2.345,0.021
171.950,-2.338,0.021
172.000,-2.331,0.020
172.050,-2.323,0.021
172.100,-2.315,0.020
172.150,-2.306,0.021
172.200,-2.300,0.021
172.250,-2.298,0.021
172.300,-2.296,0.021
172.350,-2.296,0.021
172.400,-2.290,0.021
172.450,-2.284,0.021
172.500,-2.280,0.021
172.550,-2.279,0.021
172.600,-2.278,0.021
172.650,-2.278,0.021
172.700,-2.277,0.021
172.750,-2.278,0.021
172.800,-2.277,0.021
172.850,-2.278,0.021
172.900,-2.277,0.021
172.950,-2.276,0.022
173.000,-2.268,0.021
173.050,-2.259,0.022
173.100,-2.250,0.021
173.150,-2.246,0.021
173.200,-2.243,0.021
173.250,-2.243,0.021
173.300,-2.242,0.020
173.350,-2.241,0.022
173.400,-2.241,0.021
173.450,-2.241,0.022
173.500,-2.241,0.021
173.550,-2.241,0.022
173.600,-2.241,0.021
173.650,-2.241,0.021
173.700,-2.241,0.021
173.750,-2.241,0.021
173.800,-2.241,0.021
173.850,-2.236,0.021
173.900,-2.222,0.021
173.950,-2.214,0.022
174.000,-2.210,0.021
174.050,-2.208,0.022
174.100,-2.207,0.021
174.150,-2.207,0.021
174.200,-2.206,0.021
174.250,-2.207,0.021
174.300,-2.206,0.021
174.350,-2.207,0.022
174.400,-2.206,0.021
174.450,-2.206,0.021
174.500,-2.203,0.021
174.550,-2.194,0.021
174.600,-2.182,0.021
174.650,-2.176,0.022
174.700,-2.173,0.021
174.750,-2.172,0.022
174.800,-2.171,0.021
174.850,-2.171,0.022
174.900,-2.170,0.021
174.950,-2.170,0.022
175.000,-2.170,0.021
175.050,-2.170,0.022
175.100,-2.163,0.021
175.150,-2.158,0.022
175.200,-2.153,0.021
175.250,-2.144,0.022
175.300,-2.131,0.021
175.350,-2.124,0.022
175.400,-2.117,0.021
175.450,-2.102,0.022
175.500,-2.091,0.021
175.550,-2.086,0.022
175.600,-2.083,0.021
175.650,-2.082,0.022
175.700,-2.072,0.021
175.750,-2.061,0.022
175.800,-2.053,0.021
175.850,-2.043,0.022
175.900,-2.035,0.021
175.950,-2.032,0.022
176.000,-2.029,0.021
176.050,-2.029,0.022
176.100,-2.028,0.021
176.150,-2.028,0.022
176.200,-2.022,0.021
176.250,-2.011,0.022
176.300,-2.000,0.021
176.350,-1.990,0.022
176.400,-1.976,0.021
176.450,-1.967,0.022
176.500,-1.961,0.021
176.550,-1.959,0.022
176.600,-1.957,0.021
176.650,-1.953,0.022
176.700,-1.933,0.022
176.750,-1.919,0.022
176.800,-1.912,0.021
176.850,-1.909,0.022
176.900,-1.907,0.021
176.950,-1.906,0.022
177.000,-1.905,0.022
177.050,-1.906,0.022
177.100,-1.911,0.022
177.150,-1.911,0.022
177.200,-1.899,0.021
177.250,-1.886,0.022
177.300,-1.866,0.022
177.350,-1.844,0.022
177.400,-1.819,0.021
177.450,-1.799,0.022
177.500,-1.787,0.022
177.550,-1.775,0.022
177.600,-1.767,0.022
177.650,-1.758,0.022
177.700,-1.751,0.022
177.750,-1.746,0.022
177.800,-1.737,0.022
177.850,-1.729,0.023
177.900,-1.719,0.022
177.950,-1.713,0.023
178.000,-1.710,0.022
178.050,-1.708,0.022
178.100,-1.699,0.022
178.150,-1.687,0.023
178.200,-1.679,0.022
178.250,-1.669,0.022
178.300,-1.661,0.022
178.350,-1.651,0.022
178.400,-1.642,0.022
178.450,-1.631,0.023
178.500,-1.623,0.022
178.550,-1.613,0.023
178.600,-1.599,0.022
178.650,-1.587,0.023
178.700,-1.572,0.022
178.750,-1.552,0.023
178.800,-1.533,0.022
178.850,-1.519,0.023
178.900,-1.506,0.022
178.950,-1.496,0.023
179.000,-1.486,0.022
179.050,-1.479,0.023
179.100,-1.468,0.022
179.150,-1.454,0.023
179.200,-1.437,0.022
179.250,-1.422,0.023
179.300,-1.411,0.022
179.350,-1.396,0.023
179.400,-1.381,0.022
179.450,-1.366,0.023
179.500,-1.346,0.022
179.550,-1.331,0.023
179.600,-1.316,0.022
179.650,-1.301,0.023
179.700,-1.284,0.023
179.750,-1.270,0.023
179.800,-1.251,0.022
179.850,-1.239,0.023
179.900,-1.225,0.023
179.950,-1.218,0.023
180.000,-1.212,0.023
180.050,-1.203,0.023
180.100,-1.197,0.022
180.150,-1.187,0.023
180.200,-1.181,0.023
180.250,-1.179,0.023
180.300,-1.174,0.023
180.350,-1.167,0.023
180.400,-1.162,0.023
180.450,-1.160,0.023
180.500,-1.158,0.023
180.550,-1.158,0.023
180.600,-1.154,0.023
180.650,-1.148,0.023
180.700,-1.137,0.023
180.750,-1.124,0.023
180.800,-1.106,0.023
180.850,-1.097,0.023
180.900,-1.091,0.023
180.950,-1.082,0.024
181.000,-1.075,0.023
181.050,-1.072,0.024
181.100,-1.070,0.023
181.150,-1.070,0.024
181.200,-1.064,0.023
181.250,-1.058,0.023
181.300,-1.054,0.023
181.350,-1.052,0.024
181.400,-1.043,0.023
181.450,-1.036,0.024
181.500,-1.022,0.023
181.550,-1.011,0.024
181.600,-1.004,0.023
181.650,-1.002,0.024
181.700,-1.000,0.023
181.750,-1.000,0.024
181.800,-0.999,0.023
181.850,-0.999,0.024
181.900,-0.999,0.023
181.950,-0.999,0.024
182.000,-0.999,0.023
182.050,-0.999,0.024
182.100,-0.994,0.023
182.150,-0.959,0.024
182.200,-0.915,0.023
182.250,-0.887,0.024
182.300,-0.873,0.023
182.350,-0.866,0.024
182.400,-0.862,0.023
182.450,-0.861,0.024
182.500,-0.859,0.023
182.550,-0.848,0.024
182.600,-0.835,0.023
182.650,-0.829,0.024
182.700,-0.825,0.023
182.750,-0.820,0.024
182.800,-0.809,0.023
182.850,-0.798,0.024
182.900,-0.783,0.023
182.950,-0.766,0.024
183.000,-0.750,0.023
183.050,-0.734,0.024
183.100,-0.717,0.024
183.150,-0.704,0.024
183.200,-0.686,0.023
183.250,-0.671,0.024
183.300,-0.658,0.023
183.350,-0.653,0.024
183.400,-0.646,0.023
183.450,-0.637,0.024
183.500,-0.622,0.023
183.550,-0.602,0.024
183.600,-0.582,0.024
183.650,-0.568,0.024
183.700,-0.554,0.024
183.750,-0.547,0.024
183.800,-0.534,0.024
183.850,-0.520,0.025
183.900,-0.505,0.024
183.950,-0.492,0.025
184.000,-0.478,0.024
184.050,-0.465,0.025
184.100,-0.450,0.024
184.150,-0.435,0.025
184.200,-0.426,0.024
184.250,-0.415,0.025
184.300,-0.402,0.024
184.350,-0.391,0.025
184.400,-0.374,0.025
184.450,-0.354,0.025
184.500,-0.341,0.024
184.550,-0.336,0.025
184.600,-0.333,0.024
184.650,-0.327,0.025
184.700,-0.319,0.024
184.750,-0.316,0.025
184.800,-0.310,0.024
184.850,-0.303,0.025
184.900,-0.298,0.024
184.950,-0.289,0.025
185.000,-0.283,0.024
185.050,-0.280,0.025
185.100,-0.278,0.025
185.150,-0.271,0.025
185.200,-0.266,0.024
185.250,-0.262,0.025
185.300,-0.247,0.025
185.350,-0.224,0.025
185.400,-0.206,0.025
185.450,-0.193,0.025
185.500,-0.182,0.025
185.550,-0.180,0.025
185.600,-0.196,0.025
185.650,-0.219,0.025
185.700,-0.227,0.025
185.750,-0.228,0.025
185.800,-0.227,0.025
185.850,-0.227,0.025
185.900,-0.227,0.025
185.950,-0.227,0.026
186.000,-0.226,0.025
186.050,-0.226,0.025
186.100,-0.225,0.025
186.150,-0.225,0.025
186.200,-0.224,0.025
186.250,-0.225,0.025
186.300,-0.223,0.025
186.350,-0.214,0.025
186.400,-0.188,0.025
186.450,-0.152,0.025
186.500,-0.116,0.025
186.550,-0.092,0.026
186.600,-0.079,0.025
186.650,-0.074,0.025
186.700,-0.069,0.025
186.750,-0.068,0.026
186.800,-0.064,0.025
186.850,-0.058,0.025
186.900,-0.053,0.025
186.950,-0.047,0.025
187.000,-0.037,0.025
187.050,-0.026,0.026
187.100,-0.014,0.025
187.150,-3.925E-4,0.026
187.200,0.011,0.025
187.250,0.024,0.026
187.300,0.036,0.025
187.350,0.047,0.026
187.400,0.057,0.025
187.450,0.063,0.026
187.500,0.067,0.025
187.550,0.068,0.026
187.600,0.072,0.025
187.650,0.073,0.026
187.700,0.074,0.025
187.750,0.075,0.026
187.800,0.075,0.025
187.850,0.074,0.026
187.900,0.071,0.025
187.950,0.059,0.026
188.000,0.047,0.025
188.050,0.040,0.026
188.100,0.038,0.025
188.150,0.035,0.026
188.200,0.035,0.025
188.250,0.034,0.026
188.300,0.035,0.025
188.350,0.034,0.026
188.400,0.035,0.025
188.450,0.034,0.026
188.500,0.035,0.025
188.550,0.034,0.026
188.600,0.034,0.025
188.650,0.034,0.026
188.700,0.035,0.025
188.750,0.034,0.026
188.800,0.034,0.025
188.850,0.034,0.026
188.900,0.035,0.025
188.950,0.034,0.025
189.000,0.035,0.025
189.050,0.034,0.026
189.100,0.034,0.025
189.150,0.034,0.026
189.200,0.034,0.025
189.250,0.034,0.026
189.300,0.035,0.025
189.350,0.034,0.026
189.400,0.035,0.025
189.450,0.034,0.026
189.500,0.035,0.025
189.550,0.034,0.026
189.600,0.035,0.025
189.650,0.034,0.026
189.700,0.035,0.025
189.750,0.034,0.026
189.800,0.035,0.025
189.850,0.034,0.026
189.900,0.035,0.025
189.950,0.034,0.026
190.000,0.035,0.025
190.050,0.034,0.026
190.100,0.035,0.025
190.150,0.034,0.026
190.200,0.035,0.025
190.250,0.035,0.026
190.300,0.024,0.025
190.350,-0.033,0.026
190.400,-0.035,0.025
190.450,-0.032,0.026
190.500,-0.032,0.025
190.550,-0.031,0.026
190.600,-0.031,0.025
190.650,-0.030,0.026
190.700,-0.030,0.025
190.750,-0.030,0.026
190.800,-0.031,0.025
190.850,-0.030,0.026
190.900,-0.031,0.025
190.950,-0.030,0.026
191.000,-0.030,0.025
191.050,-0.030,0.026
191.100,-0.031,0.025
191.150,-0.030,0.026
191.200,-0.031,0.025
191.250,-0.030,0.026
191.300,-0.031,0.025
191.350,-0.030,0.026
191.400,-0.031,0.025
191.450,-0.030,0.026
191.500,-0.039,0.025
191.550,-0.055,0.026
191.600,-0.064,0.025
191.650,-0.068,0.026
191.700,-0.068,0.025
191.750,-0.047,0.026
191.800,-0.005,0.026
191.850,0.025,0.026
191.900,0.039,0.025
191.950,0.047,0.026
192.000,0.049,0.025
192.050,0.052,0.026
192.100,0.053,0.025
192.150,0.062,0.025
192.200,0.082,0.025
192.250,0.105,0.026
192.300,0.121,0.025
192.350,0.131,0.026
192.400,0.137,0.025
192.450,0.143,0.026
192.500,0.152,0.025
192.550,0.164,0.026
192.600,0.179,0.026
192.650,0.194,0.026
192.700,0.207,0.025
192.750,0.223,0.026
192.800,0.236,0.026
192.850,0.250,0.026
192.900,0.257,0.026
192.950,0.261,0.026
193.000,0.263,0.026
193.050,0.263,0.026
193.100,0.262,0.026
193.150,0.263,0.026
193.200,0.263,0.025
193.250,0.264,0.026
193.300,0.264,0.026
193.350,0.267,0.026
193.400,0.285,0.026
193.450,0.324,0.026
193.500,0.354,0.026
193.550,0.370,0.026
193.600,0.378,0.026
193.650,0.382,0.026
193.700,0.384,0.026
193.750,0.388,0.026
193.800,0.401,0.026
193.850,0.412,0.027
193.900,0.424,0.026
193.950,0.440,0.026
194.000,0.448,0.026
194.050,0.452,0.026
194.100,0.456,0.026
194.150,0.468,0.026
194.200,0.490,0.026
194.250,0.509,0.026
194.300,0.518,0.027
194.350,0.530,0.027
194.400,0.537,0.026
194.450,0.541,0.027
194.500,0.546,0.026
194.550,0.554,0.027
194.600,0.562,0.026
194.650,0.571,0.027
194.700,0.576,0.026
194.750,0.586,0.027
194.800,0.592,0.026
194.850,0.602,0.027
194.900,0.608,0.026
194.950,0.612,0.027
195.000,0.613,0.026
195.050,0.614,0.027
195.100,0.616,0.026
195.150,0.624,0.027
195.200,0.630,0.026
195.250,0.640,0.027
195.300,0.646,0.026
195.350,0.662,0.027
195.400,0.673,0.026
195.450,0.690,0.027
195.500,0.704,0.027
195.550,0.715,0.027
195.600,0.726,0.027
195.650,0.734,0.027
195.700,0.748,0.026
195.750,0.761,0.027
195.800,0.766,0.027
195.850,0.771,0.027
195.900,0.780,0.027
195.950,0.797,0.027
196.000,0.815,0.026
196.050,0.834,0.027
196.100,0.847,0.027
196.150,0.856,0.027
196.200,0.871,0.027
196.250,0.888,0.027
196.300,0.889,0.027
196.350,0.884,0.027
196.400,0.882,0.027
196.450,0.880,0.027
196.500,0.879,0.027
196.550,0.879,0.027
196.600,0.879,0.027
196.650,0.879,0.027
196.700,0.879,0.027
196.750,0.879,0.027
196.800,0.879,0.027
196.850,0.880,0.027
196.900,0.879,0.027
196.950,0.880,0.027
197.000,0.887,0.027
197.050,0.910,0.027
197.100,0.944,0.027
197.150,0.977,0.028
197.200,0.998,0.027
197.250,1.017,0.028
197.300,1.034,0.027
197.350,1.054,0.028
197.400,1.087,0.027
197.450,1.116,0.028
197.500,1.131,0.028
197.550,1.139,0.028
197.600,1.148,0.028
197.650,1.156,0.028
197.700,1.166,0.028
197.750,1.178,0.028
197.800,1.193,0.028
197.850,1.213,0.028
197.900,1.247,0.028
197.950,1.283,0.029
198.000,1.305,0.028
198.050,1.329,0.028
198.100,1.342,0.028
198.150,1.350,0.028
198.200,1.361,0.028
198.250,1.378,0.028
198.300,1.400,0.028
198.350,1.415,0.029
198.400,1.428,0.028
198.450,1.436,0.028
198.500,1.442,0.028
198.550,1.459,0.029
198.600,1.477,0.028
198.650,1.491,0.029
198.700,1.514,0.028
198.750,1.533,0.029
198.800,1.543,0.029
198.850,1.558,0.029
198.900,1.578,0.028
198.950,1.590,0.029
199.000,1.596,0.029
199.050,1.600,0.029
199.100,1.601,0.029
199.150,1.602,0.029
199.200,1.602,0.029
199.250,1.602,0.029
199.300,1.602,0.029
199.350,1.602,0.029
199.400,1.603,0.029
199.450,1.603,0.029
199.500,1.596,0.029
199.550,1.591,0.029
199.600,1.590,0.029
199.650,1.595,0.029
199.700,1.599,0.029
199.750,1.602,0.029
199.800,1.610,0.029
199.850,1.616,0.029
199.900,1.619,0.029
199.950,1.620,0.029
200.000,1.620,0.029
200.050,1.621,0.029
200.100,1.621,0.029
200.150,1.627,0.029
200.200,1.642,0.029
200.250,1.657,0.029
200.300,1.665,0.029
200.350,1.670,0.029
200.400,1.673,0.029
200.450,1.690,0.030
200.500,1.710,0.029
200.550,1.733,0.029
200.600,1.755,0.029
200.650,1.777,0.029
200.700,1.792,0.029
200.750,1.810,0.029
200.800,1.822,0.029
200.850,1.829,0.029
200.900,1.832,0.030
200.950,1.834,0.030
201.000,1.834,0.029
201.050,1.835,0.030
201.100,1.835,0.030
201.150,1.835,0.030
201.200,1.835,0.030
201.250,1.835,0.029
201.300,1.836,0.030
201.350,1.847,0.029
201.400,1.873,0.029
201.450,1.897,0.029
201.500,1.911,0.030
201.550,1.919,0.030
201.600,1.930,0.030
201.650,1.936,0.030
201.700,1.938,0.030
201.750,1.940,0.030
201.800,1.940,0.030
201.850,1.940,0.030
201.900,1.941,0.030
201.950,1.941,0.030
202.000,1.941,0.030
202.050,1.942,0.030
202.100,1.948,0.030
202.150,1.954,0.030
202.200,1.962,0.030
202.250,1.969,0.030
202.300,1.973,0.030
202.350,1.982,0.030
202.400,1.988,0.030
202.450,1.993,0.030
202.500,2.003,0.030
202.550,2.016,0.030
202.600,2.024,0.030
202.650,2.027,0.030
202.700,2.030,0.030
202.750,2.032,0.030
202.800,2.039,0.030
202.850,2.044,0.030
202.900,2.050,0.030
202.950,2.058,0.030
203.000,2.064,0.030
203.050,2.074,0.030
203.100,2.079,0.030
203.150,2.091,0.030
203.200,2.106,0.030
203.250,2.119,0.030
203.300,2.128,0.030
203.350,2.139,0.030
203.400,2.153,0.030
203.450,2.170,0.030
203.500,2.192,0.031
203.550,2.223,0.030
203.600,2.250,0.030
203.650,2.266,0.030
203.700,2.283,0.031
203.750,2.298,0.030
203.800,2.308,0.030
203.850,2.320,0.031
203.900,2.327,0.031
203.950,2.331,0.031
204.000,2.335,0.031
204.050,2.343,0.031
204.100,2.350,0.031
204.150,2.359,0.031
204.200,2.364,0.031
204.250,2.367,0.031
204.300,2.368,0.031
204.350,2.368,0.031
204.400,2.369,0.031
204.450,2.369,0.031
204.500,2.369,0.031
204.550,2.369,0.031
204.600,2.369,0.031
204.650,2.369,0.031
204.700,2.369,0.031
204.750,2.369,0.031
204.800,2.369,0.031
204.850,2.368,0.031
204.900,2.364,0.031
204.950,2.367,0.031
205.000,2.379,0.031
205.050,2.397,0.030
205.100,2.423,0.031
205.150,2.446,0.031
205.200,2.468,0.031
205.250,2.482,0.031
205.300,2.491,0.031
205.350,2.501,0.031
205.400,2.513,0.031
205.450,2.521,0.031
205.500,2.525,0.031
205.550,2.527,0.031
205.600,2.529,0.031
205.650,2.540,0.031
205.700,2.555,0.031
205.750,2.579,0.031
205.800,2.604,0.032
205.850,2.633,0.031
205.900,2.665,0.032
205.950,2.693,0.031
206.000,2.726,0.032
206.050,2.752,0.032
206.100,2.766,0.032
206.150,2.772,0.032
206.200,2.777,0.032
206.250,2.785,0.032
206.300,2.791,0.032
206.350,2.794,0.032
206.400,2.799,0.032
206.450,2.812,0.032
206.500,2.822,0.032
206.550,2.838,0.032
206.600,2.868,0.032
206.650,2.886,0.032
206.700,2.903,0.032
206.750,2.922,0.032
206.800,2.942,0.032
206.850,2.959,0.032
206.900,2.976,0.033
206.950,3.001,0.032
207.000,3.020,0.033
207.050,3.038,0.033
207.100,3.052,0.033
207.150,3.059,0.032
207.200,3.063,0.033
207.250,3.064,0.032
207.300,3.066,0.033
207.350,3.066,0.032
207.400,3.066,0.033
207.450,3.067,0.033
207.500,3.075,0.033
207.550,3.082,0.033
207.600,3.092,0.033
207.650,3.098,0.033
207.700,3.103,0.033
207.750,3.113,0.032
207.800,3.125,0.033
207.850,3.129,0.033
207.900,3.132,0.033
207.950,3.135,0.033
208.000,3.137,0.033
208.050,3.139,0.033
208.100,3.147,0.033
208.150,3.151,0.033
208.200,3.177,0.033
208.250,3.211,0.033
208.300,3.229,0.033
208.350,3.238,0.033
208.400,3.243,0.034
208.450,3.245,0.033
208.500,3.246,0.034
208.550,3.246,0.033
208.600,3.247,0.034
208.650,3.247,0.033
208.700,3.247,0.033
208.750,3.247,0.033
208.800,3.250,0.033
208.850,3.276,0.033
208.900,3.317,0.033
208.950,3.355,0.033
209.000,3.383,0.034
209.050,3.403,0.033
209.100,3.414,0.034
209.150,3.423,0.033
209.200,3.433,0.034
209.250,3.439,0.033
209.300,3.454,0.034
209.350,3.484,0.033
209.400,3.516,0.034
209.450,3.539,0.034
209.500,3.554,0.034
209.550,3.561,0.034
209.600,3.565,0.034
209.650,3.567,0.034
209.700,3.568,0.034
209.750,3.572,0.034
209.800,3.582,0.035
209.850,3.595,0.034
209.900,3.609,0.034
209.950,3.623,0.034
210.000,3.632,0.034
210.050,3.643,0.034
210.100,3.652,0.035
210.150,3.660,0.034
210.200,3.669,0.035
210.250,3.680,0.034
210.300,3.692,0.034
210.350,3.702,0.034
210.400,3.713,0.035
210.450,3.722,0.035
210.500,3.727,0.035
210.550,3.733,0.035
210.600,3.741,0.035
210.650,3.750,0.034
210.700,3.762,0.035
210.750,3.775,0.034
210.800,3.791,0.035
210.850,3.815,0.034
210.900,3.843,0.035
210.950,3.861,0.035
211.000,3.881,0.035
211.050,3.895,0.035
211.100,3.910,0.035
211.150,3.919,0.035
211.200,3.926,0.036
211.250,3.933,0.035
211.300,3.947,0.036
211.350,3.963,0.035
211.400,3.981,0.036
211.450,3.994,0.035
211.500,4.006,0.036
211.550,4.012,0.035
211.600,4.015,0.035
211.650,4.017,0.035
211.700,4.018,0.036
211.750,4.018,0.035
211.800,4.019,0.036
211.850,4.026,0.035
211.900,4.033,0.036
211.950,4.044,0.035
212.000,4.056,0.036
212.050,4.070,0.035
212.100,4.086,0.036
212.150,4.097,0.035
212.200,4.103,0.036
212.250,4.114,0.036
212.300,4.132,0.036
212.350,4.147,0.035
212.400,4.163,0.036
212.450,4.172,0.036
212.500,4.183,0.036
212.550,4.191,0.036
212.600,4.203,0.036
212.650,4.214,0.036
212.700,4.231,0.036
212.750,4.248,0.036
212.800,4.267,0.036
212.850,4.282,0.036
212.900,4.295,0.037
212.950,4.310,0.036
213.000,4.328,0.037
213.050,4.343,0.036
213.100,4.357,0.037
213.150,4.367,0.037
213.200,4.373,0.037
213.250,4.375,0.036
213.300,4.377,0.037
213.350,4.377,0.036
213.400,4.379,0.037
213.450,4.383,0.036
213.500,4.396,0.037
213.550,4.410,0.036
213.600,4.426,0.037
213.650,4.437,0.036
213.700,4.445,0.037
213.750,4.455,0.036
213.800,4.468,0.037
213.850,4.477,0.037
213.900,4.478,0.037
213.950,4.474,0.037
214.000,4.472,0.037
214.050,4.470,0.036
214.100,4.470,0.037
214.150,4.469,0.037
214.200,4.470,0.037
214.250,4.469,0.037
214.300,4.469,0.037
214.350,4.469,0.037
214.400,4.470,0.037
214.450,4.469,0.037
214.500,4.470,0.037
214.550,4.469,0.037
214.600,4.470,0.037
214.650,4.469,0.037
214.700,4.474,0.037
214.750,4.488,0.037
214.800,4.503,0.038
214.850,4.518,0.037
214.900,4.543,0.038
214.950,4.567,0.037
215.000,4.582,0.038
215.050,4.588,0.037
215.100,4.592,0.037
215.150,4.598,0.037
215.200,4.613,0.038
215.250,4.623,0.037
215.300,4.641,0.038
215.350,4.654,0.037
215.400,4.666,0.038
215.450,4.676,0.037
215.500,4.689,0.038
215.550,4.706,0.037
215.600,4.731,0.038
215.650,4.754,0.038
215.700,4.783,0.038
215.750,4.815,0.038
215.800,4.846,0.038
215.850,4.872,0.038
215.900,4.887,0.039
215.950,4.897,0.038
216.000,4.916,0.039
216.050,4.947,0.038
216.100,4.985,0.039
216.150,5.021,0.038
216.200,5.054,0.039
216.250,5.082,0.039
216.300,5.118,0.039
216.350,5.151,0.039
216.400,5.172,0.039
216.450,5.191,0.039
216.500,5.208,0.039
216.550,5.217,0.039
216.600,5.222,0.040
216.650,5.224,0.039
216.700,5.225,0.040
216.750,5.225,0.039
216.800,5.231,0.040
216.850,5.237,0.039
216.900,5.241,0.040
216.950,5.245,0.039
217.000,5.254,0.040
217.050,5.258,0.039
217.100,5.269,0.040
217.150,5.279,0.040
217.200,5.289,0.040
217.250,5.300,0.039
217.300,5.316,0.040
217.350,5.330,0.040
217.400,5.342,0.040
217.450,5.352,0.039
217.500,5.362,0.040
217.550,5.372,0.040
217.600,5.385,0.040
217.650,5.401,0.040
217.700,5.414,0.040
217.750,5.431,0.040
217.800,5.446,0.041
217.850,5.456,0.040
217.900,5.467,0.041
217.950,5.474,0.040
218.000,5.486,0.041
218.050,5.501,0.040
218.100,5.518,0.041
218.150,5.534,0.040
218.200,5.551,0.041
218.250,5.568,0.040
218.300,5.578,0.041
218.350,5.587,0.040
218.400,5.598,0.041
218.450,5.610,0.041
218.500,5.624,0.041
218.550,5.640,0.041
218.600,5.651,0.041
218.650,5.661,0.041
218.700,5.670,0.041
218.750,5.674,0.041
218.800,5.677,0.041
218.850,5.677,0.041
218.900,5.678,0.041
218.950,5.678,0.041
219.000,5.679,0.042
219.050,5.678,0.041
219.100,5.680,0.041
219.150,5.686,0.040
219.200,5.692,0.042
219.250,5.697,0.041
219.300,5.705,0.042
219.350,5.706,0.041
219.400,5.707,0.042
219.450,5.711,0.041
219.500,5.711,0.041
219.550,5.713,0.041
219.600,5.715,0.042
219.650,5.713,0.041
219.700,5.707,0.042
219.750,5.699,0.041
219.800,5.684,0.042
219.850,5.685,0.041
219.900,5.700,0.041
219.950,5.708,0.041
220.000,5.712,0.042
220.050,5.713,0.041
220.100,5.715,0.042
220.150,5.714,0.041
220.200,5.715,0.042
220.250,5.715,0.041
220.300,5.715,0.042
220.350,5.715,0.041
220.400,5.716,0.041
220.450,5.715,0.041
220.500,5.716,0.041
220.550,5.715,0.041
220.600,5.716,0.042
220.650,5.715,0.041
220.700,5.716,0.042
220.750,5.715,0.041
220.800,5.716,0.042
220.850,5.715,0.041
220.900,5.716,0.041
220.950,5.715,0.041
221.000,5.716,0.042
221.050,5.716,0.041
221.100,5.716,0.042
221.150,5.716,0.041
221.200,5.716,0.042
221.250,5.715,0.041
221.300,5.716,0.042
221.350,5.716,0.041
221.400,5.716,0.042
221.450,5.716,0.041
221.500,5.716,0.042
221.550,5.716,0.041
221.600,5.717,0.042
221.650,5.716,0.041
221.700,5.716,0.042
221.750,5.716,0.041
221.800,5.716,0.042
221.850,5.716,0.041
221.900,5.717,0.042
221.950,5.716,0.041
222.000,5.717,0.042
222.050,5.716,0.041
222.100,5.717,0.042
222.150,5.716,0.041
222.200,5.717,0.041
222.250,5.716,0.041
222.300,5.717,0.042
222.350,5.716,0.041
222.400,5.717,0.042
222.450,5.716,0.041
222.500,5.717,0.042
222.550,5.716,0.041
222.600,5.717,0.042
222.650,5.717,0.041
222.700,5.717,0.042
222.750,5.716,0.041
222.800,5.717,0.042
222.850,5.717,0.041
222.900,5.717,0.042
222.950,5.717,0.041
223.000,5.717,0.041
223.050,5.716,0.041
223.100,5.717,0.041
223.150,5.716,0.041
223.200,5.717,0.042
223.250,5.716,0.041
223.300,5.717,0.042
223.350,5.716,0.041
223.400,5.717,0.042
223.450,5.717,0.041
223.500,5.717,0.042
223.550,5.716,0.041
223.600,5.717,0.042
223.650,5.716,0.041
223.700,5.717,0.042
223.750,5.717,0.041
223.800,5.717,0.041
223.850,5.716,0.041
223.900,5.717,0.042
223.950,5.717,0.041
224.000,5.717,0.042
224.050,5.716,0.041
224.100,5.717,0.042
224.150,5.716,0.041
224.200,5.717,0.042
224.250,5.716,0.041
224.300,5.717,0.042
224.350,5.716,0.041
224.400,5.717,0.042
224.450,5.717,0.041
224.500,5.717,0.042
224.550,5.716,0.041
224.600,5.717,0.042
224.650,5.717,0.041
224.700,5.717,0.042
224.750,5.716,0.041
224.800,5.717,0.042
224.850,5.717,0.041
224.900,5.717,0.042
224.950,5.717,0.041
225.000,5.717,0.042
225.050,5.717,0.041
225.100,5.717,0.042
225.150,5.717,0.041
225.200,5.717,0.041
225.250,5.716,0.041
225.300,5.717,0.042
225.350,5.717,0.041
225.400,5.717,0.042
225.450,5.717,0.041
225.500,5.717,0.041
225.550,5.717,0.041
225.600,5.717,0.042
225.650,5.717,0.041
225.700,5.717,0.042
225.750,5.717,0.041
225.800,5.717,0.042
225.850,5.717,0.041
225.900,5.717,0.042
225.950,5.717,0.041
226.000,5.717,0.042
226.050,5.717,0.041
226.100,5.718,0.042
226.150,5.717,0.041
226.200,5.717,0.042
226.250,5.717,0.041
226.300,5.717,0.042
226.350,5.717,0.041
226.400,5.717,0.042
226.450,5.717,0.041
226.500,5.717,0.042
226.550,5.717,0.041
226.600,5.717,0.042
226.650,5.717,0.041
226.700,5.717,0.042
226.750,5.717,0.041
226.800,5.717,0.042
226.850,5.716,0.041
226.900,5.717,0.042
226.950,5.716,0.041
227.000,5.717,0.042
227.050,5.717,0.041
227.100,5.717,0.042
227.150,5.717,0.041
227.200,5.717,0.042
227.250,5.717,0.041
227.300,5.717,0.042
227.350,5.717,0.041
227.400,5.717,0.042
227.450,5.717,0.041
227.500,5.717,0.042
227.550,5.717,0.041
227.600,5.717,0.042
227.650,5.717,0.041
227.700,5.717,0.042
227.750,5.717,0.041
227.800,5.718,0.042
227.850,5.717,0.041
227.900,5.717,0.042
227.950,5.717,0.041
228.000,5.717,0.042
228.050,5.717,0.041
228.100,5.718,0.042
228.150,5.717,0.041
228.200,5.717,0.042
228.250,5.716,0.041
228.300,5.715,0.042
228.350,5.706,0.041
228.400,5.694,0.042
228.450,5.691,0.041
228.500,5.695,0.042
228.550,5.696,0.041
228.600,5.698,0.042
228.650,5.698,0.041
228.700,5.704,0.042
228.750,5.722,0.041
228.800,5.738,0.042
228.850,5.746,0.041
228.900,5.756,0.042
228.950,5.768,0.041
229.000,5.783,0.042
229.050,5.795,0.041
229.100,5.805,0.042
229.150,5.816,0.041
229.200,5.825,0.042
229.250,5.836,0.042
229.300,5.855,0.042
229.350,5.874,0.041
229.400,5.887,0.042
229.450,5.893,0.042
229.500,5.896,0.042
229.550,5.899,0.042
229.600,5.914,0.043
229.650,5.935,0.042
229.700,5.958,0.042
229.750,5.975,0.042
229.800,5.992,0.043
229.850,6.010,0.042
229.900,6.037,0.043
229.950,6.066,0.042
230.000,6.099,0.043
230.050,6.130,0.042
230.100,6.151,0.043
230.150,6.161,0.042
230.200,6.166,0.043
230.250,6.168,0.043
230.300,6.170,0.043
230.350,6.170,0.043
230.400,6.170,0.043
230.450,6.170,0.043
230.500,6.174,0.043
230.550,6.188,0.043
230.600,6.205,0.043
230.650,6.215,0.043
230.700,6.220,0.043
230.750,6.222,0.043
230.800,6.227,0.043
230.850,6.235,0.043
230.900,6.240,0.044
230.950,6.249,0.043
231.000,6.259,0.044
231.050,6.269,0.043
231.100,6.283,0.044
231.150,6.302,0.043
231.200,6.325,0.044
231.250,6.346,0.043
231.300,6.359,0.044
231.350,6.364,0.043
231.400,6.369,0.044
231.450,6.377,0.043
231.500,6.386,0.044
231.550,6.396,0.043
231.600,6.402,0.044
231.650,6.411,0.043
231.700,6.432,0.044
231.750,6.459,0.044
231.800,6.486,0.044
231.850,6.501,0.044
231.900,6.509,0.044
231.950,6.513,0.044
232.000,6.524,0.045
232.050,6.536,0.044
232.100,6.551,0.045
232.150,6.560,0.044
232.200,6.568,0.045
232.250,6.578,0.044
232.300,6.588,0.044
232.350,6.602,0.044
232.400,6.621,0.045
232.450,6.632,0.044
232.500,6.638,0.045
232.550,6.641,0.044
232.600,6.643,0.045
232.650,6.645,0.044
232.700,6.654,0.045
232.750,6.663,0.044
232.800,6.673,0.045
232.850,6.682,0.044
232.900,6.691,0.045
232.950,6.696,0.044
233.000,6.706,0.045
233.050,6.711,0.044
233.100,6.714,0.045
233.150,6.715,0.045
233.200,6.716,0.045
233.250,6.716,0.044
233.300,6.717,0.045
233.350,6.716,0.045
233.400,6.717,0.045
233.450,6.716,0.044
233.500,6.717,0.045
233.550,6.716,0.045
233.600,6.717,0.045
233.650,6.715,0.045
233.700,6.708,0.045
233.750,6.696,0.045
233.800,6.689,0.045
233.850,6.684,0.044
233.900,6.683,0.045
233.950,6.682,0.045
234.000,6.680,0.045
234.050,6.673,0.045
234.100,6.669,0.045
234.150,6.663,0.044
234.200,6.655,0.045
234.250,6.643,0.044
234.300,6.635,0.045
234.350,6.627,0.044
234.400,6.615,0.045
234.450,6.600,0.044
234.500,6.587,0.045
234.550,6.574,0.044
234.600,6.564,0.045
234.650,6.553,0.044
234.700,6.546,0.045
234.750,6.541,0.044
234.800,6.537,0.045
234.850,6.527,0.044
234.900,6.515,0.045
234.950,6.500,0.044
235.000,6.483,0.045
235.050,6.473,0.044
235.100,6.462,0.045
235.150,6.447,0.044
235.200,6.438,0.045
235.250,6.425,0.044
235.300,6.417,0.045
235.350,6.406,0.044
235.400,6.394,0.045
235.450,6.382,0.044
235.500,6.370,0.045
235.550,6.362,0.044
235.600,6.352,0.045
235.650,6.342,0.044
235.700,6.332,0.045
235.750,6.323,0.044
235.800,6.312,0.045
235.850,6.305,0.044
235.900,6.295,0.045
235.950,6.286,0.044
236.000,6.274,0.045
236.050,6.259,0.044
236.100,6.245,0.045
236.150,6.233,0.044
236.200,6.222,0.045
236.250,6.216,0.044
236.300,6.211,0.045
236.350,6.202,0.044
236.400,6.196,0.045
236.450,6.185,0.044
236.500,6.172,0.045
236.550,6.154,0.044
236.600,6.138,0.045
236.650,6.124,0.044
236.700,6.113,0.045
236.750,6.104,0.044
236.800,6.095,0.045
236.850,6.089,0.044
236.900,6.083,0.045
236.950,6.073,0.044
237.000,6.063,0.045
237.050,6.053,0.044
237.100,6.043,0.045
237.150,6.032,0.044
237.200,6.020,0.045
237.250,6.006,0.044
237.300,5.995,0.045
237.350,5.979,0.044
237.400,5.962,0.045
237.450,5.950,0.044
237.500,5.944,0.045
237.550,5.941,0.044
237.600,5.934,0.045
237.650,5.925,0.044
237.700,5.914,0.044
237.750,5.906,0.044
237.800,5.893,0.045
237.850,5.874,0.044
237.900,5.851,0.045
237.950,5.823,0.044
238.000,5.799,0.045
238.050,5.778,0.044
238.100,5.759,0.045
238.150,5.737,0.044
238.200,5.720,0.044
238.250,5.705,0.043
238.300,5.695,0.045
238.350,5.682,0.044
238.400,5.674,0.044
238.450,5.666,0.044
238.500,5.656,0.044
238.550,5.644,0.044
238.600,5.629,0.044
238.650,5.618,0.044
238.700,5.606,0.044
238.750,5.592,0.044
238.800,5.582,0.044
238.850,5.570,0.044
238.900,5.562,0.045
238.950,5.550,0.044
239.000,5.539,0.044
239.050,5.529,0.044
239.100,5.518,0.044
239.150,5.509,0.044
239.200,5.506,0.044
239.250,5.504,0.044
239.300,5.497,0.044
239.350,5.491,0.044
239.400,5.483,0.044
239.450,5.475,0.044
239.500,5.471,0.045
239.550,5.468,0.044
239.600,5.467,0.044
239.650,5.466,0.043
239.700,5.466,0.044
239.750,5.465,0.043
239.800,5.465,0.044
239.850,5.465,0.044
239.900,5.462,0.044
239.950,5.454,0.044
240.000,5.451,0.044
240.050,5.448,0.043
240.100,5.441,0.044
240.150,5.435,0.044
240.200,5.432,0.044
240.250,5.430,0.044
240.300,5.430,0.044
240.350,5.422,0.043
240.400,5.417,0.044
240.450,5.411,0.043
240.500,5.403,0.044
240.550,5.397,0.044
240.600,5.388,0.044
240.650,5.374,0.044
240.700,5.364,0.044
240.750,5.352,0.044
240.800,5.346,0.044
240.850,5.336,0.043
240.900,5.329,0.044
240.950,5.324,0.044
241.000,5.315,0.044
241.050,5.307,0.043
241.100,5.298,0.044
241.150,5.284,0.044
241.200,5.270,0.044
241.250,5.259,0.043
241.300,5.249,0.044
241.350,5.238,0.043
241.400,5.227,0.044
241.450,5.219,0.043
241.500,5.216,0.044
241.550,5.207,0.043
241.600,5.201,0.044
241.650,5.193,0.044
241.700,5.185,0.044
241.750,5.180,0.043
241.800,5.171,0.044
241.850,5.164,0.043
241.900,5.158,0.044
241.950,5.147,0.043
242.000,5.135,0.044
242.050,5.128,0.043
242.100,5.125,0.044
242.150,5.121,0.043
242.200,5.114,0.044
242.250,5.108,0.043
242.300,5.102,0.044
242.350,5.094,0.043
242.400,5.090,0.044
242.450,5.088,0.043
242.500,5.083,0.044
242.550,5.075,0.044
242.600,5.072,0.044
242.650,5.069,0.043
242.700,5.068,0.044
242.750,5.060,0.044
242.800,5.053,0.044
242.850,5.042,0.043
242.900,5.037,0.044
242.950,5.034,0.043
243.000,5.033,0.044
243.050,5.032,0.043
243.100,5.027,0.044
243.150,5.020,0.043
243.200,5.015,0.044
243.250,5.006,0.043
243.300,5.000,0.044
243.350,4.987,0.043
243.400,4.974,0.044
243.450,4.962,0.043
243.500,4.950,0.044
243.550,4.937,0.043
243.600,4.931,0.044
243.650,4.925,0.043
243.700,4.913,0.044
243.750,4.900,0.043
243.800,4.887,0.044
243.850,4.877,0.043
243.900,4.865,0.044
243.950,4.854,0.043
244.000,4.844,0.044
244.050,4.839,0.043
244.100,4.832,0.044
244.150,4.823,0.043
244.200,4.817,0.044
244.250,4.805,0.043
244.300,4.793,0.044
244.350,4.786,0.043
244.400,4.781,0.044
244.450,4.771,0.043
244.500,4.763,0.044
244.550,4.748,0.043
244.600,4.737,0.043
244.650,4.727,0.043
244.700,4.718,0.044
244.750,4.712,0.043
244.800,4.703,0.044
244.850,4.681,0.043
244.900,4.654,0.044
244.950,4.634,0.043
245.000,4.618,0.044
245.050,4.606,0.043
245.100,4.592,0.043
245.150,4.577,0.043
245.200,4.561,0.043
245.250,4.541,0.043
245.300,4.526,0.044
245.350,4.517,0.043
245.400,4.514,0.043
245.450,4.510,0.043
245.500,4.502,0.043
245.550,4.490,0.043
245.600,4.482,0.043
245.650,4.472,0.043
245.700,4.464,0.043
245.750,4.460,0.043
245.800,4.454,0.043
245.850,4.445,0.043
245.900,4.441,0.043
245.950,4.431,0.042
246.000,4.425,0.043
246.050,4.422,0.043
246.100,4.415,0.043
246.150,4.405,0.043
246.200,4.395,0.043
246.250,4.388,0.042
246.300,4.381,0.043
246.350,4.383,0.043
246.400,4.400,0.043
246.450,4.409,0.043
246.500,4.414,0.043
246.550,4.416,0.042
246.600,4.418,0.043
246.650,4.417,0.042
246.700,4.419,0.044
246.750,4.418,0.043
246.800,4.419,0.043
246.850,4.418,0.043
246.900,4.418,0.043
246.950,4.425,0.043
247.000,4.450,0.043
247.050,4.462,0.043
247.100,4.454,0.043
247.150,4.443,0.043
247.200,4.431,0.044
247.250,4.413,0.043
247.300,4.386,0.043
247.350,4.344,0.043
247.400,4.287,0.043
247.450,4.245,0.043
247.500,4.224,0.043
247.550,4.213,0.043
247.600,4.208,0.043
247.650,4.205,0.043
247.700,4.209,0.043
247.750,4.214,0.042
247.800,4.211,0.043
247.850,4.207,0.043
247.900,4.203,0.043
247.950,4.190,0.043
248.000,4.178,0.043
248.050,4.164,0.042
248.100,4.156,0.043
248.150,4.145,0.042
248.200,4.135,0.043
248.250,4.117,0.043
248.300,4.106,0.043
248.350,4.100,0.043
248.400,4.098,0.043
248.450,4.091,0.042
248.500,4.084,0.042
248.550,4.075,0.042
248.600,4.064,0.043
248.650,4.053,0.043
248.700,4.044,0.043
248.750,4.033,0.042
248.800,4.021,0.043
248.850,4.003,0.042
248.900,3.983,0.043
248.950,3.967,0.042
249.000,3.957,0.043
249.050,3.945,0.042
249.100,3.938,0.043
249.150,3.927,0.042
249.200,3.921,0.043
249.250,3.918,0.042
249.300,3.917,0.043
249.350,3.911,0.042
249.400,3.900,0.043
249.450,3.888,0.042
249.500,3.869,0.043
249.550,3.842,0.042
249.600,3.825,0.043
249.650,3.816,0.042
249.700,3.806,0.042
249.750,3.787,0.042
249.800,3.759,0.043
249.850,3.738,0.042
249.900,3.728,0.042
249.950,3.723,0.042
250.000,3.720,0.042
250.050,3.718,0.042
250.100,3.715,0.042
250.150,3.707,0.042
250.200,3.704,0.042
250.250,3.696,0.042
250.300,3.682,0.042
250.350,3.664,0.042
250.400,3.651,0.042
250.450,3.639,0.042
250.500,3.631,0.042
250.550,3.621,0.042
250.600,3.615,0.042
250.650,3.611,0.042
250.700,3.602,0.042
250.750,3.595,0.042
250.800,3.584,0.042
250.850,3.570,0.042
250.900,3.563,0.042
250.950,3.559,0.042
251.000,3.550,0.042
251.050,3.532,0.042
251.100,3.517,0.042
251.150,3.509,0.042
251.200,3.505,0.042
251.250,3.503,0.042
251.300,3.502,0.042
251.350,3.500,0.042
251.400,3.493,0.042
251.450,3.480,0.042
251.500,3.473,0.042
251.550,3.463,0.042
251.600,3.455,0.042
251.650,3.451,0.042
251.700,3.449,0.042
251.750,3.438,0.041
251.800,3.423,0.042
251.850,3.409,0.042
251.900,3.401,0.042
251.950,3.397,0.042
252.000,3.395,0.042
252.050,3.387,0.042
252.100,3.381,0.042
252.150,3.372,0.042
252.200,3.365,0.042
252.250,3.361,0.042
252.300,3.354,0.042
252.350,3.347,0.042
252.400,3.343,0.042
252.450,3.335,0.042
252.500,3.328,0.042
252.550,3.321,0.042
252.600,3.311,0.042
252.650,3.296,0.042
252.700,3.276,0.042
252.750,3.262,0.041
252.800,3.256,0.042
252.850,3.253,0.042
252.900,3.252,0.042
252.950,3.251,0.041
253.000,3.251,0.042
253.050,3.250,0.042
253.100,3.251,0.042
253.150,3.250,0.042
253.200,3.250,0.042
253.250,3.250,0.042
253.300,3.250,0.042
253.350,3.250,0.042
253.400,3.250,0.042
253.450,3.249,0.041
253.500,3.248,0.042
253.550,3.235,0.042
253.600,3.208,0.041
253.650,3.176,0.041
253.700,3.159,0.042
253.750,3.150,0.042
253.800,3.139,0.041
253.850,3.131,0.042
253.900,3.120,0.041
253.950,3.108,0.042
254.000,3.085,0.041
254.050,3.068,0.041
254.100,3.059,0.041
254.150,3.048,0.042
254.200,3.031,0.041
254.250,3.000,0.041
254.300,2.975,0.041
254.350,2.954,0.041
254.400,2.934,0.041
254.450,2.913,0.041
254.500,2.899,0.041
254.550,2.886,0.041
254.600,2.879,0.041
254.650,2.875,0.041
254.700,2.871,0.041
254.750,2.863,0.041
254.800,2.853,0.041
254.850,2.845,0.041
254.900,2.839,0.041
254.950,2.829,0.041
255.000,2.816,0.041
255.050,2.808,0.041
255.100,2.802,0.041
255.150,2.789,0.041
255.200,2.775,0.041
255.250,2.761,0.041
255.300,2.751,0.041
255.350,2.734,0.041
255.400,2.719,0.041
255.450,2.702,0.041
255.500,2.688,0.041
255.550,2.674,0.041
255.600,2.657,0.041
255.650,2.633,0.041
255.700,2.610,0.041
255.750,2.590,0.041
255.800,2.578,0.041
255.850,2.565,0.041
255.900,2.552,0.041
255.950,2.542,0.041
256.000,2.537,0.041
256.050,2.530,0.041
256.100,2.519,0.040
256.150,2.508,0.041
256.200,2.497,0.040
256.250,2.488,0.041
256.300,2.475,0.041
256.350,2.459,0.041
256.400,2.438,0.040
256.450,2.423,0.041
256.500,2.415,0.040
256.550,2.411,0.041
256.600,2.409,0.040
256.650,2.408,0.040
256.700,2.405,0.041
256.750,2.384,0.041
256.800,2.369,0.040
256.850,2.363,0.041
256.900,2.359,0.040
256.950,2.357,0.040
257.000,2.357,0.040
257.050,2.356,0.040
257.100,2.356,0.040
257.150,2.356,0.041
257.200,2.356,0.040
257.250,2.359,0.041
257.300,2.358,0.040
257.350,2.356,0.041
257.400,2.355,0.040
257.450,2.354,0.040
257.500,2.354,0.040
257.550,2.354,0.041
257.600,2.350,0.040
257.650,2.345,0.041
257.700,2.341,0.040
257.750,2.338,0.041
257.800,2.323,0.041
257.850,2.299,0.041
257.900,2.282,0.040
257.950,2.273,0.041
258.000,2.269,0.040
258.050,2.261,0.040
258.100,2.243,0.040
258.150,2.227,0.041
258.200,2.213,0.040
258.250,2.203,0.041
258.300,2.198,0.040
258.350,2.195,0.040
258.400,2.194,0.040
258.450,2.189,0.040
258.500,2.180,0.040
258.550,2.170,0.041
258.600,2.162,0.040
258.650,2.152,0.041
258.700,2.138,0.040
258.750,2.121,0.040
258.800,2.104,0.040
258.850,2.093,0.041
258.900,2.081,0.040
258.950,2.070,0.040
259.000,2.055,0.040
259.050,2.043,0.040
259.100,2.026,0.040
259.150,2.011,0.040
259.200,2.004,0.040
259.250,1.995,0.040
259.300,1.980,0.040
259.350,1.965,0.040
259.400,1.954,0.040
259.450,1.949,0.040
259.500,1.946,0.039
259.550,1.945,0.040
259.600,1.944,0.039
259.650,1.962,0.040
259.700,1.981,0.040
259.750,1.990,0.040
259.800,1.994,0.040
259.850,1.997,0.040
259.900,1.997,0.040
259.950,1.998,0.040
260.000,1.999,0.040
260.050,2.002,0.040
260.100,2.001,0.040
260.150,2.001,0.040
260.200,1.999,0.040
260.250,1.998,0.041
260.300,1.990,0.040
260.350,1.979,0.040
260.400,1.949,0.040
260.450,1.921,0.040
260.500,1.905,0.040
260.550,1.898,0.040
260.600,1.891,0.040
260.650,1.874,0.040
260.700,1.856,0.040
260.750,1.847,0.040
260.800,1.841,0.040
260.850,1.829,0.040
260.900,1.809,0.040
260.950,1.784,0.040
261.000,1.759,0.039
261.050,1.744,0.040
261.100,1.737,0.039
261.150,1.733,0.040
261.200,1.731,0.039
261.250,1.731,0.040
261.300,1.730,0.039
261.350,1.723,0.040
261.400,1.707,0.039
261.450,1.693,0.040
261.500,1.675,0.039
261.550,1.658,0.040
261.600,1.649,0.039
261.650,1.644,0.040
261.700,1.633,0.039
261.750,1.622,0.040
261.800,1.613,0.039
261.850,1.610,0.040
261.900,1.607,0.039
261.950,1.599,0.040
262.000,1.589,0.039
262.050,1.579,0.040
262.100,1.574,0.039
262.150,1.572,0.040
262.200,1.570,0.039
262.250,1.576,0.040
262.300,1.581,0.039
262.350,1.585,0.040
262.400,1.585,0.039
262.450,1.586,0.039
262.500,1.586,0.039
262.550,1.587,0.039
262.600,1.586,0.039
262.650,1.587,0.039
262.700,1.584,0.039
262.750,1.578,0.040
262.800,1.571,0.039
262.850,1.556,0.039
262.900,1.534,0.039
262.950,1.509,0.040
263.000,1.488,0.039
263.050,1.475,0.039
263.100,1.469,0.038
263.150,1.466,0.039
263.200,1.459,0.039
263.250,1.453,0.040
263.300,1.448,0.039
263.350,1.438,0.040
263.400,1.424,0.039
263.450,1.415,0.039
263.500,1.398,0.039
263.550,1.381,0.040
263.600,1.369,0.039
263.650,1.363,0.039
263.700,1.358,0.038
263.750,1.349,0.039
263.800,1.343,0.039
263.850,1.333,0.039
263.900,1.326,0.039
263.950,1.320,0.039
264.000,1.311,0.039
264.050,1.308,0.039
264.100,1.304,0.039
264.150,1.295,0.039
264.200,1.290,0.039
264.250,1.288,0.039
264.300,1.283,0.039
264.350,1.275,0.039
264.400,1.265,0.038
264.450,1.258,0.039
264.500,1.254,0.039
264.550,1.252,0.039
264.600,1.245,0.038
264.650,1.239,0.039
264.700,1.236,0.038
264.750,1.235,0.039
264.800,1.233,0.039
264.850,1.232,0.039
264.900,1.224,0.038
264.950,1.220,0.039
265.000,1.212,0.039
265.050,1.199,0.039
265.100,1.189,0.038
265.150,1.181,0.039
265.200,1.171,0.038
265.250,1.167,0.039
265.300,1.163,0.038
265.350,1.156,0.039
265.400,1.150,0.038
265.450,1.146,0.039
265.500,1.136,0.038
265.550,1.124,0.039
265.600,1.117,0.038
265.650,1.113,0.039
265.700,1.111,0.038
265.750,1.109,0.039
265.800,1.100,0.038
265.850,1.096,0.039
265.900,1.093,0.038
265.950,1.087,0.039
266.000,1.075,0.038
266.050,1.066,0.039
266.100,1.060,0.038
266.150,1.057,0.039
266.200,1.046,0.038
266.250,1.030,0.039
266.300,1.010,0.038
266.350,0.998,0.039
266.400,0.991,0.038
266.450,0.988,0.039
266.500,0.980,0.038
266.550,0.974,0.039
266.600,0.971,0.038
266.650,0.969,0.039
266.700,0.966,0.038
266.750,0.958,0.039
266.800,0.946,0.038
266.850,0.940,0.039
266.900,0.933,0.038
266.950,0.925,0.039
267.000,0.920,0.038
267.050,0.918,0.039
267.100,0.916,0.038
267.150,0.908,0.039
267.200,0.891,0.038
267.250,0.877,0.039
267.300,0.869,0.038
267.350,0.866,0.038
267.400,0.864,0.038
267.450,0.863,0.039
267.500,0.862,0.038
267.550,0.862,0.038
267.600,0.862,0.038
267.650,0.862,0.039
267.700,0.862,0.038
267.750,0.862,0.039
267.800,0.862,0.038
267.850,0.860,0.038
267.900,0.853,0.038
267.950,0.851,0.038
268.000,0.848,0.038
268.050,0.839,0.038
268.100,0.824,0.038
268.150,0.809,0.039
268.200,0.797,0.038
268.250,0.782,0.038
268.300,0.764,0.038
268.350,0.740,0.038
268.400,0.722,0.037
268.450,0.713,0.038
268.500,0.708,0.038
268.550,0.701,0.038
268.600,0.690,0.037
268.650,0.665,0.038
268.700,0.640,0.038
268.750,0.628,0.038
268.800,0.620,0.037
268.850,0.618,0.038
268.900,0.616,0.038
268.950,0.615,0.038
269.000,0.609,0.037
269.050,0.602,0.038
269.100,0.593,0.037
269.150,0.587,0.038
269.200,0.583,0.037
269.250,0.581,0.038
269.300,0.580,0.037
269.350,0.574,0.038
269.400,0.564,0.037
269.450,0.556,0.038
269.500,0.551,0.037
269.550,0.548,0.038
269.600,0.541,0.037
269.650,0.530,0.038
269.700,0.512,0.037
269.750,0.502,0.038
269.800,0.497,0.037
269.850,0.494,0.038
269.900,0.493,0.037
269.950,0.489,0.038
270.000,0.482,0.037
270.050,0.478,0.038
270.100,0.468,0.037
270.150,0.459,0.038
270.200,0.449,0.037
270.250,0.444,0.038
270.300,0.437,0.037
270.350,0.423,0.038
270.400,0.405,0.037
270.450,0.396,0.037
270.500,0.391,0.037
270.550,0.388,0.037
270.600,0.387,0.037
270.650,0.386,0.037
270.700,0.386,0.037
270.750,0.386,0.037
270.800,0.386,0.037
270.850,0.384,0.038
270.900,0.376,0.037
270.950,0.368,0.038
271.000,0.349,0.037
271.050,0.333,0.037
271.100,0.323,0.036
271.150,0.320,0.037
271.200,0.312,0.037
271.250,0.306,0.038
271.300,0.302,0.037
271.350,0.300,0.038
271.400,0.299,0.037
271.450,0.299,0.038
271.500,0.298,0.037
271.550,0.296,0.038
271.600,0.289,0.037
271.650,0.285,0.037
271.700,0.282,0.037
271.750,0.282,0.038
271.800,0.280,0.037
271.850,0.273,0.037
271.900,0.268,0.037
271.950,0.266,0.037
272.000,0.264,0.037
272.050,0.256,0.037
272.100,0.243,0.037
272.150,0.229,0.037
272.200,0.220,0.037
272.250,0.213,0.037
272.300,0.203,0.037
272.350,0.199,0.037
272.400,0.195,0.036
272.450,0.189,0.037
272.500,0.179,0.036
272.550,0.170,0.037
272.600,0.158,0.037
272.650,0.150,0.037
272.700,0.145,0.037
272.750,0.143,0.037
272.800,0.140,0.037
272.850,0.133,0.037
272.900,0.127,0.037
272.950,0.119,0.037
273.000,0.112,0.036
273.050,0.109,0.037
273.100,0.106,0.036
273.150,0.106,0.037
273.200,0.103,0.036
273.250,0.096,0.037
273.300,0.083,0.036
273.350,0.069,0.037
273.400,0.057,0.037
273.450,0.047,0.037
273.500,0.040,0.036
273.550,0.031,0.037
273.600,0.024,0.036
273.650,0.022,0.037
273.700,0.019,0.036
273.750,0.019,0.037
273.800,0.019,0.037
273.850,0.019,0.037
273.900,0.018,0.036
273.950,0.018,0.037
274.000,0.018,0.036
274.050,0.019,0.037
274.100,0.018,0.036
274.150,0.018,0.037
274.200,0.018,0.036
274.250,0.021,0.037
274.300,0.028,0.037
274.350,0.032,0.037
274.400,0.033,0.036
274.450,0.034,0.036
274.500,0.035,0.036
274.550,0.036,0.037
274.600,0.035,0.036
274.650,0.036,0.037
274.700,0.035,0.036
274.750,0.036,0.037
274.800,0.036,0.037
274.850,0.036,0.037
274.900,0.035,0.036
274.950,0.036,0.037
275.000,0.035,0.036
275.050,0.029,0.037
275.100,0.023,0.036
275.150,0.021,0.037
275.200,0.020,0.036
275.250,0.019,0.037
275.300,0.019,0.037
275.350,0.019,0.037
275.400,0.018,0.037
275.450,0.018,0.037
275.500,0.018,0.036
275.550,0.014,0.037
275.600,0.008,0.036
275.650,0.005,0.037
275.700,0.003,0.036
275.750,0.003,0.037
275.800,0.002,0.036
275.850,0.002,0.037
275.900,0.001,0.037
275.950,0.002,0.037
276.000,0.001,0.036
276.050,0.002,0.037
276.100,0.001,0.037
276.150,0.001,0.037
276.200,0.001,0.036
276.250,0.001,0.036
276.300,9.283E-4,0.036
276.350,0.002,0.037
276.400,0.001,0.037
276.450,0.002,0.037
276.500,9.918E-4,0.036
276.550,0.002,0.037
276.600,0.001,0.037
276.650,0.001,0.036
276.700,0.001,0.037
276.750,0.002,0.037
276.800,0.001,0.036
276.850,0.001,0.037
276.900,0.001,0.036
276.950,0.001,0.037
277.000,0.001,0.037
277.050,0.001,0.037
277.100,0.001,0.036
277.150,0.001,0.037
277.200,8.234E-4,0.036
277.250,0.001,0.037
277.300,9.186E-4,0.036
277.350,0.001,0.037
277.400,0.001,0.037
277.450,0.001,0.037
277.500,8.722E-4,0.036
277.550,0.002,0.037
277.600,0.001,0.037
277.650,0.002,0.037
277.700,0.001,0.037
277.750,0.001,0.037
277.800,8.490E-4,0.037
277.850,0.002,0.037
277.900,9.015E-4,0.037
277.950,0.001,0.037
278.000,0.001,0.036
278.050,0.002,0.037
278.100,0.001,0.037
278.150,0.001,0.037
278.200,9.784E-4,0.037
278.250,0.001,0.037
278.300,9.967E-4,0.037
278.350,0.001,0.037
278.400,9.930E-4,0.036
278.450,0.001,0.037
278.500,0.001,0.037
278.550,0.002,0.037
278.600,0.001,0.037
278.650,0.001,0.036
278.700,0.001,0.037
278.750,0.001,0.037
278.800,0.001,0.037
278.850,0.001,0.036
278.900,0.001,0.037
278.950,0.001,0.037
279.000,0.001,0.037
279.050,0.001,0.037
279.100,0.001,0.037
279.150,0.002,0.037
279.200,0.001,0.037
279.250,0.001,0.037
279.300,0.001,0.037
279.350,0.001,0.037
279.400,7.343E-4,0.036
279.450,9.723E-4,0.036
