"Time (s) Messreihe #1","Voltage, Ch A (V) Messreihe #1","Voltage, Ch B (V) Messreihe #1"
0.000,0.002,0.005
0.050,0.002,0.005
0.100,0.002,0.005
0.150,0.002,0.005
0.200,0.002,0.005
0.250,0.002,0.005
0.300,0.002,0.005
0.350,0.002,0.005
0.400,0.002,0.005
0.450,0.002,0.004
0.500,0.002,0.005
0.550,0.002,0.005
0.600,0.002,0.005
0.650,0.002,0.005
0.700,0.002,0.005
0.750,0.002,0.005
0.800,0.003,0.005
0.850,0.003,0.005
0.900,0.004,0.005
0.950,0.006,0.005
1.000,0.008,0.006
1.050,0.011,0.006
1.100,0.014,0.008
1.150,0.019,0.008
1.200,0.022,0.010
1.250,0.024,0.010
1.300,0.026,0.012
1.350,0.027,0.012
1.400,0.028,0.013
1.450,0.028,0.012
1.500,0.029,0.013
1.550,0.029,0.013
1.600,0.030,0.013
1.650,0.032,0.013
1.700,0.035,0.015
1.750,0.038,0.016
1.800,0.041,0.018
1.850,0.043,0.018
1.900,0.045,0.020
1.950,0.047,0.020
2.000,0.048,0.021
2.050,0.049,0.021
2.100,0.050,0.022
2.150,0.051,0.022
2.200,0.054,0.024
2.250,0.058,0.025
2.300,0.062,0.028
2.350,0.066,0.029
2.400,0.069,0.031
2.450,0.071,0.032
2.500,0.072,0.034
2.550,0.074,0.034
2.600,0.075,0.035
2.650,0.076,0.036
2.700,0.078,0.037
2.750,0.085,0.039
2.800,0.095,0.044
2.850,0.104,0.049
2.900,0.110,0.054
2.950,0.115,0.057
3.000,0.118,0.061
3.050,0.122,0.063
3.100,0.129,0.067
3.150,0.134,0.070
3.200,0.138,0.074
3.250,0.141,0.076
3.300,0.143,0.078
3.350,0.146,0.079
3.400,0.152,0.083
3.450,0.159,0.086
3.500,0.164,0.090
3.550,0.167,0.092
3.600,0.170,0.095
3.650,0.173,0.097
3.700,0.179,0.100
3.750,0.187,0.103
3.800,0.194,0.108
3.850,0.199,0.112
3.900,0.203,0.115
3.950,0.207,0.117
4.000,0.213,0.121
4.050,0.223,0.125
4.100,0.229,0.129
4.150,0.234,0.132
4.200,0.238,0.136
4.250,0.241,0.137
4.300,0.248,0.141
4.350,0.255,0.143
4.400,0.259,0.147
4.450,0.262,0.148
4.500,0.266,0.151
4.550,0.269,0.152
4.600,0.277,0.156
4.650,0.284,0.158
4.700,0.288,0.162
4.750,0.292,0.163
4.800,0.295,0.165
4.850,0.303,0.167
4.900,0.316,0.173
4.950,0.324,0.176
5.000,0.330,0.180
5.050,0.334,0.182
5.100,0.339,0.184
5.150,0.348,0.186
5.200,0.357,0.191
5.250,0.363,0.193
5.300,0.368,0.196
5.350,0.371,0.196
5.400,0.380,0.199
5.450,0.390,0.202
5.500,0.396,0.206
5.550,0.401,0.207
5.600,0.404,0.209
5.650,0.411,0.209
5.700,0.422,0.213
5.750,0.429,0.215
5.800,0.434,0.218
5.850,0.437,0.218
5.900,0.441,0.219
5.950,0.453,0.221
6.000,0.461,0.225
6.050,0.466,0.225
6.100,0.468,0.227
6.150,0.471,0.227
6.200,0.480,0.229
6.250,0.494,0.232
6.300,0.503,0.235
6.350,0.507,0.236
6.400,0.510,0.237
6.450,0.513,0.237
6.500,0.522,0.239
6.550,0.529,0.240
6.600,0.532,0.242
6.650,0.534,0.241
6.700,0.536,0.242
6.750,0.544,0.243
6.800,0.553,0.246
6.850,0.556,0.245
6.900,0.558,0.247
6.950,0.560,0.246
7.000,0.566,0.248
7.050,0.581,0.250
7.100,0.593,0.252
7.150,0.598,0.253
7.200,0.601,0.254
7.250,0.602,0.253
7.300,0.614,0.256
7.350,0.629,0.258
7.400,0.636,0.260
7.450,0.639,0.259
7.500,0.640,0.260
7.550,0.644,0.260
7.600,0.656,0.262
7.650,0.666,0.263
7.700,0.671,0.265
7.750,0.672,0.264
7.800,0.674,0.265
7.850,0.684,0.265
7.900,0.695,0.268
7.950,0.700,0.267
8.000,0.701,0.269
8.050,0.702,0.268
8.100,0.706,0.269
8.150,0.718,0.270
8.200,0.723,0.271
8.250,0.725,0.271
8.300,0.726,0.272
8.350,0.727,0.271
8.400,0.736,0.273
8.450,0.748,0.273
8.500,0.753,0.275
8.550,0.754,0.274
8.600,0.753,0.275
8.650,0.754,0.274
8.700,0.766,0.276
8.750,0.773,0.276
8.800,0.775,0.277
8.850,0.776,0.276
8.900,0.776,0.277
8.950,0.784,0.277
9.000,0.799,0.280
9.050,0.806,0.279
9.100,0.808,0.280
9.150,0.808,0.280
9.200,0.809,0.281
9.250,0.814,0.280
9.300,0.828,0.282
9.350,0.836,0.283
9.400,0.838,0.284
9.450,0.838,0.283
9.500,0.838,0.283
9.550,0.839,0.283
9.600,0.849,0.285
9.650,0.865,0.285
9.700,0.873,0.287
9.750,0.875,0.286
9.800,0.875,0.287
9.850,0.876,0.286
9.900,0.881,0.287
9.950,0.897,0.288
10.000,0.905,0.289
10.050,0.907,0.289
10.100,0.908,0.290
10.150,0.908,0.289
10.200,0.908,0.290
10.250,0.909,0.289
10.300,0.914,0.290
10.350,0.929,0.291
10.400,0.940,0.292
10.450,0.943,0.292
10.500,0.944,0.293
10.550,0.944,0.292
10.600,0.944,0.293
10.650,0.944,0.292
10.700,0.944,0.293
10.750,0.949,0.292
10.800,0.963,0.294
10.850,0.982,0.295
10.900,1.000,0.297
10.950,1.007,0.297
11.000,1.008,0.297
11.050,1.009,0.297
11.100,1.013,0.298
11.150,1.030,0.298
11.200,1.049,0.300
11.250,1.056,0.300
11.300,1.057,0.301
11.350,1.058,0.300
11.400,1.057,0.301
11.450,1.056,0.300
11.500,1.057,0.301
11.550,1.058,0.300
11.600,1.058,0.301
11.650,1.057,0.300
11.700,1.058,0.301
11.750,1.058,0.300
11.800,1.058,0.301
11.850,1.059,0.300
11.900,1.059,0.301
11.950,1.058,0.300
12.000,1.055,0.301
12.050,1.051,0.300
12.100,1.049,0.301
12.150,1.046,0.300
12.200,1.045,0.300
12.250,1.043,0.300
12.300,1.040,0.300
12.350,1.038,0.299
12.400,1.031,0.300
12.450,1.027,0.299
12.500,1.026,0.300
12.550,1.024,0.299
12.600,1.022,0.299
12.650,1.022,0.299
12.700,1.021,0.299
12.750,1.020,0.298
12.800,1.020,0.299
12.850,1.019,0.298
12.900,1.017,0.299
12.950,1.014,0.298
13.000,1.012,0.299
13.050,1.010,0.298
13.100,1.008,0.299
13.150,1.007,0.298
13.200,1.006,0.298
13.250,1.005,0.298
13.300,1.004,0.298
13.350,1.004,0.298
13.400,1.002,0.299
13.450,0.998,0.297
13.500,0.995,0.298
13.550,0.994,0.297
13.600,0.993,0.298
13.650,0.993,0.297
13.700,0.992,0.298
13.750,0.992,0.297
13.800,0.991,0.297
13.850,0.990,0.297
13.900,0.990,0.297
13.950,0.987,0.297
14.000,0.985,0.297
14.050,0.982,0.296
14.100,0.979,0.297
14.150,0.976,0.296
14.200,0.971,0.296
14.250,0.967,0.296
14.300,0.965,0.296
14.350,0.964,0.295
14.400,0.963,0.296
14.450,0.962,0.295
14.500,0.961,0.296
14.550,0.961,0.295
14.600,0.960,0.296
14.650,0.959,0.295
14.700,0.958,0.296
14.750,0.957,0.295
14.800,0.957,0.295
14.850,0.956,0.295
14.900,0.955,0.296
14.950,0.954,0.295
15.000,0.953,0.295
15.050,0.952,0.294
15.100,0.951,0.295
15.150,0.949,0.294
15.200,0.948,0.295
15.250,0.947,0.294
15.300,0.946,0.295
15.350,0.945,0.294
15.400,0.945,0.295
15.450,0.945,0.294
15.500,0.943,0.295
15.550,0.942,0.294
15.600,0.942,0.295
15.650,0.942,0.294
15.700,0.942,0.295
15.750,0.942,0.294
15.800,0.942,0.295
15.850,0.941,0.294
15.900,0.940,0.294
15.950,0.939,0.294
16.000,0.938,0.295
16.050,0.937,0.294
16.100,0.937,0.295
16.150,0.936,0.294
16.200,0.935,0.294
16.250,0.934,0.294
16.300,0.933,0.294
16.350,0.931,0.293
16.400,0.931,0.294
16.450,0.929,0.293
16.500,0.928,0.294
16.550,0.927,0.293
16.600,0.925,0.294
16.650,0.925,0.293
16.700,0.923,0.294
16.750,0.922,0.293
16.800,0.921,0.294
16.850,0.921,0.293
16.900,0.921,0.294
16.950,0.922,0.293
17.000,0.921,0.294
17.050,0.921,0.293
17.100,0.921,0.294
17.150,0.919,0.293
17.200,0.918,0.293
17.250,0.918,0.293
17.300,0.916,0.293
17.350,0.915,0.292
17.400,0.913,0.293
17.450,0.913,0.293
17.500,0.913,0.293
17.550,0.912,0.292
17.600,0.912,0.293
17.650,0.912,0.292
17.700,0.912,0.293
17.750,0.910,0.292
17.800,0.909,0.293
17.850,0.908,0.292
17.900,0.906,0.293
17.950,0.905,0.292
18.000,0.903,0.293
18.050,0.901,0.292
18.100,0.899,0.292
18.150,0.898,0.292
18.200,0.896,0.292
18.250,0.896,0.292
18.300,0.895,0.292
18.350,0.895,0.291
18.400,0.895,0.292
18.450,0.895,0.292
18.500,0.895,0.292
18.550,0.895,0.291
18.600,0.893,0.292
18.650,0.890,0.291
18.700,0.888,0.292
18.750,0.886,0.291
18.800,0.886,0.292
18.850,0.885,0.291
18.900,0.885,0.291
18.950,0.884,0.290
19.000,0.884,0.292
19.050,0.883,0.290
19.100,0.883,0.291
19.150,0.882,0.291
19.200,0.880,0.291
19.250,0.878,0.291
19.300,0.877,0.291
19.350,0.876,0.290
19.400,0.875,0.291
19.450,0.874,0.290
19.500,0.873,0.291
19.550,0.872,0.290
19.600,0.870,0.291
19.650,0.869,0.290
19.700,0.867,0.290
19.750,0.866,0.289
19.800,0.866,0.290
19.850,0.864,0.289
19.900,0.863,0.290
19.950,0.862,0.289
20.000,0.861,0.290
20.050,0.860,0.289
20.100,0.860,0.290
20.150,0.860,0.289
20.200,0.859,0.290
20.250,0.859,0.289
20.300,0.859,0.290
20.350,0.859,0.289
20.400,0.858,0.290
20.450,0.856,0.289
20.500,0.854,0.289
20.550,0.852,0.289
20.600,0.850,0.289
20.650,0.849,0.289
20.700,0.848,0.289
20.750,0.848,0.288
20.800,0.847,0.289
20.850,0.846,0.288
20.900,0.844,0.289
20.950,0.842,0.288
21.000,0.841,0.289
21.050,0.841,0.288
21.100,0.841,0.289
21.150,0.841,0.288
21.200,0.841,0.288
21.250,0.840,0.288
21.300,0.840,0.289
21.350,0.837,0.288
21.400,0.836,0.288
21.450,0.835,0.288
21.500,0.835,0.288
21.550,0.834,0.288
21.600,0.833,0.288
21.650,0.830,0.287
21.700,0.829,0.288
21.750,0.827,0.287
21.800,0.826,0.288
21.850,0.824,0.287
21.900,0.824,0.287
21.950,0.823,0.287
22.000,0.822,0.287
22.050,0.821,0.286
22.100,0.820,0.287
22.150,0.820,0.287
22.200,0.820,0.287
22.250,0.820,0.287
22.300,0.820,0.287
22.350,0.820,0.287
22.400,0.820,0.287
22.450,0.820,0.286
22.500,0.820,0.287
22.550,0.820,0.287
22.600,0.819,0.287
22.650,0.818,0.286
22.700,0.816,0.287
22.750,0.815,0.286
22.800,0.813,0.286
22.850,0.813,0.286
22.900,0.812,0.286
22.950,0.810,0.286
23.000,0.808,0.286
23.050,0.806,0.285
23.100,0.804,0.286
23.150,0.802,0.285
23.200,0.801,0.286
23.250,0.801,0.285
23.300,0.801,0.286
23.350,0.800,0.285
23.400,0.800,0.286
23.450,0.800,0.285
23.500,0.798,0.286
23.550,0.796,0.285
23.600,0.794,0.285
23.650,0.793,0.285
23.700,0.793,0.285
23.750,0.790,0.285
23.800,0.788,0.285
23.850,0.788,0.285
23.900,0.786,0.285
23.950,0.786,0.284
24.000,0.786,0.285
24.050,0.785,0.284
24.100,0.782,0.284
24.150,0.781,0.284
24.200,0.780,0.284
24.250,0.780,0.284
24.300,0.780,0.284
24.350,0.778,0.284
24.400,0.776,0.284
24.450,0.774,0.283
24.500,0.772,0.284
24.550,0.771,0.283
24.600,0.770,0.284
24.650,0.768,0.283
24.700,0.768,0.283
24.750,0.766,0.282
24.800,0.765,0.283
24.850,0.764,0.283
24.900,0.764,0.283
24.950,0.763,0.282
25.000,0.762,0.283
25.050,0.761,0.282
25.100,0.761,0.283
25.150,0.759,0.282
25.200,0.758,0.283
25.250,0.756,0.282
25.300,0.754,0.282
25.350,0.752,0.281
25.400,0.751,0.282
25.450,0.750,0.281
25.500,0.748,0.282
25.550,0.747,0.281
25.600,0.746,0.282
25.650,0.745,0.281
25.700,0.744,0.282
25.750,0.744,0.281
25.800,0.743,0.281
25.850,0.743,0.281
25.900,0.743,0.281
25.950,0.743,0.281
26.000,0.741,0.281
26.050,0.739,0.280
26.100,0.738,0.281
26.150,0.736,0.280
26.200,0.736,0.281
26.250,0.735,0.280
26.300,0.732,0.280
26.350,0.731,0.280
26.400,0.729,0.280
26.450,0.728,0.280
26.500,0.727,0.280
26.550,0.727,0.279
26.600,0.727,0.280
26.650,0.726,0.279
26.700,0.727,0.280
26.750,0.726,0.279
26.800,0.726,0.280
26.850,0.724,0.279
26.900,0.722,0.279
26.950,0.721,0.279
27.000,0.719,0.279
27.050,0.716,0.279
27.100,0.715,0.279
27.150,0.714,0.279
27.200,0.713,0.279
27.250,0.711,0.278
27.300,0.708,0.278
27.350,0.706,0.278
27.400,0.705,0.278
27.450,0.706,0.278
27.500,0.705,0.278
27.550,0.706,0.278
27.600,0.705,0.278
27.650,0.705,0.278
27.700,0.705,0.278
27.750,0.705,0.278
27.800,0.703,0.278
27.850,0.702,0.277
27.900,0.701,0.278
27.950,0.700,0.277
28.000,0.698,0.278
28.050,0.696,0.277
28.100,0.695,0.277
28.150,0.695,0.277
28.200,0.695,0.277
28.250,0.695,0.277
28.300,0.695,0.277
28.350,0.694,0.277
28.400,0.692,0.277
28.450,0.690,0.276
28.500,0.688,0.277
28.550,0.687,0.276
28.600,0.686,0.277
28.650,0.686,0.276
28.700,0.686,0.277
28.750,0.686,0.276
28.800,0.685,0.276
28.850,0.683,0.276
28.900,0.681,0.276
28.950,0.678,0.275
29.000,0.675,0.276
29.050,0.674,0.275
29.100,0.673,0.275
29.150,0.670,0.274
29.200,0.666,0.275
29.250,0.662,0.274
29.300,0.660,0.274
29.350,0.660,0.273
29.400,0.658,0.274
29.450,0.656,0.273
29.500,0.655,0.273
29.550,0.654,0.273
29.600,0.653,0.273
29.650,0.651,0.272
29.700,0.650,0.273
29.750,0.649,0.273
29.800,0.647,0.273
29.850,0.646,0.272
29.900,0.643,0.272
29.950,0.642,0.272
30.000,0.642,0.272
30.050,0.641,0.271
30.100,0.641,0.272
30.150,0.640,0.271
30.200,0.639,0.272
30.250,0.638,0.271
30.300,0.637,0.272
30.350,0.635,0.271
30.400,0.634,0.271
30.450,0.632,0.271
30.500,0.631,0.271
30.550,0.630,0.270
30.600,0.630,0.271
30.650,0.630,0.270
30.700,0.630,0.271
30.750,0.630,0.270
30.800,0.630,0.271
30.850,0.629,0.270
30.900,0.627,0.271
30.950,0.625,0.270
31.000,0.624,0.270
31.050,0.622,0.269
31.100,0.621,0.270
31.150,0.619,0.269
31.200,0.618,0.270
31.250,0.616,0.269
31.300,0.615,0.269
31.350,0.614,0.269
31.400,0.614,0.269
31.450,0.614,0.269
31.500,0.614,0.269
31.550,0.614,0.269
31.600,0.613,0.269
31.650,0.612,0.269
31.700,0.611,0.269
31.750,0.610,0.268
31.800,0.609,0.269
31.850,0.609,0.269
31.900,0.608,0.268
31.950,0.607,0.268
32.000,0.608,0.269
32.050,0.607,0.268
32.100,0.607,0.268
32.150,0.607,0.268
32.200,0.606,0.268
32.250,0.605,0.268
32.300,0.604,0.268
32.350,0.603,0.268
32.400,0.603,0.268
32.450,0.602,0.267
32.500,0.601,0.268
32.550,0.600,0.267
32.600,0.599,0.267
32.650,0.598,0.267
32.700,0.598,0.268
32.750,0.598,0.267
32.800,0.598,0.267
32.850,0.597,0.267
32.900,0.597,0.268
32.950,0.597,0.267
33.000,0.596,0.267
33.050,0.596,0.267
33.100,0.595,0.267
33.150,0.593,0.266
33.200,0.591,0.267
33.250,0.589,0.266
33.300,0.586,0.266
33.350,0.586,0.266
33.400,0.585,0.266
33.450,0.585,0.265
33.500,0.585,0.266
33.550,0.585,0.266
33.600,0.585,0.266
33.650,0.584,0.265
33.700,0.583,0.266
33.750,0.582,0.265
33.800,0.580,0.265
33.850,0.578,0.265
33.900,0.576,0.265
33.950,0.574,0.264
34.000,0.572,0.264
34.050,0.571,0.264
34.100,0.571,0.264
34.150,0.571,0.264
34.200,0.571,0.264
34.250,0.571,0.264
34.300,0.571,0.264
34.350,0.571,0.264
34.400,0.569,0.264
34.450,0.568,0.264
34.500,0.566,0.264
34.550,0.565,0.263
34.600,0.564,0.263
34.650,0.564,0.263
34.700,0.562,0.263
34.750,0.561,0.263
34.800,0.561,0.263
34.850,0.560,0.262
34.900,0.559,0.263
34.950,0.556,0.262
35.000,0.554,0.262
35.050,0.551,0.261
35.100,0.549,0.261
35.150,0.548,0.261
35.200,0.548,0.261
35.250,0.548,0.261
35.300,0.548,0.261
35.350,0.548,0.261
35.400,0.546,0.261
35.450,0.545,0.260
35.500,0.544,0.261
35.550,0.542,0.260
35.600,0.540,0.260
35.650,0.537,0.259
35.700,0.535,0.260
35.750,0.535,0.259
35.800,0.534,0.259
35.850,0.534,0.259
35.900,0.534,0.259
35.950,0.534,0.259
36.000,0.533,0.259
36.050,0.531,0.259
36.100,0.529,0.259
36.150,0.528,0.258
36.200,0.526,0.258
36.250,0.526,0.258
36.300,0.524,0.258
36.350,0.523,0.257
36.400,0.523,0.258
36.450,0.522,0.257
36.500,0.522,0.258
36.550,0.520,0.257
36.600,0.519,0.257
36.650,0.517,0.256
36.700,0.515,0.257
36.750,0.513,0.256
36.800,0.512,0.256
36.850,0.511,0.255
36.900,0.510,0.256
36.950,0.508,0.255
37.000,0.507,0.255
37.050,0.506,0.255
37.100,0.505,0.256
37.150,0.503,0.254
37.200,0.502,0.254
37.250,0.500,0.254
37.300,0.499,0.254
37.350,0.496,0.253
37.400,0.495,0.253
37.450,0.494,0.253
37.500,0.494,0.253
37.550,0.494,0.253
37.600,0.494,0.253
37.650,0.494,0.253
37.700,0.493,0.253
37.750,0.491,0.252
37.800,0.489,0.253
37.850,0.487,0.252
37.900,0.485,0.252
37.950,0.484,0.251
38.000,0.484,0.252
38.050,0.483,0.251
38.100,0.483,0.252
38.150,0.483,0.251
38.200,0.483,0.251
38.250,0.483,0.251
38.300,0.483,0.252
38.350,0.481,0.251
38.400,0.478,0.251
38.450,0.477,0.250
38.500,0.476,0.251
38.550,0.474,0.250
38.600,0.473,0.250
38.650,0.470,0.249
38.700,0.466,0.249
38.750,0.464,0.248
38.800,0.462,0.248
38.850,0.461,0.248
38.900,0.460,0.248
38.950,0.459,0.247
39.000,0.457,0.247
39.050,0.455,0.246
39.100,0.454,0.247
39.150,0.453,0.246
39.200,0.452,0.246
39.250,0.450,0.245
39.300,0.449,0.246
39.350,0.447,0.245
39.400,0.445,0.245
39.450,0.444,0.244
39.500,0.442,0.244
39.550,0.441,0.244
39.600,0.439,0.244
39.650,0.438,0.243
39.700,0.438,0.243
39.750,0.437,0.243
39.800,0.438,0.243
39.850,0.438,0.243
39.900,0.436,0.243
39.950,0.434,0.242
40.000,0.431,0.242
40.050,0.429,0.241
40.100,0.427,0.241
40.150,0.426,0.240
40.200,0.425,0.241
40.250,0.424,0.240
40.300,0.424,0.241
40.350,0.422,0.240
40.400,0.420,0.240
40.450,0.418,0.239
40.500,0.417,0.239
40.550,0.416,0.238
40.600,0.415,0.239
40.650,0.415,0.238
40.700,0.415,0.239
40.750,0.415,0.238
40.800,0.415,0.239
40.850,0.415,0.238
40.900,0.414,0.238
40.950,0.412,0.238
41.000,0.411,0.238
41.050,0.409,0.237
41.100,0.407,0.237
41.150,0.406,0.236
41.200,0.405,0.237
41.250,0.404,0.236
41.300,0.403,0.236
41.350,0.401,0.235
41.400,0.401,0.236
41.450,0.400,0.235
41.500,0.400,0.236
41.550,0.400,0.235
41.600,0.399,0.235
41.650,0.399,0.235
41.700,0.399,0.235
41.750,0.399,0.235
41.800,0.398,0.235
41.850,0.397,0.234
41.900,0.396,0.235
41.950,0.394,0.234
42.000,0.392,0.234
42.050,0.391,0.233
42.100,0.390,0.233
42.150,0.390,0.233
42.200,0.389,0.233
42.250,0.388,0.232
42.300,0.387,0.232
42.350,0.385,0.232
42.400,0.384,0.232
42.450,0.383,0.231
42.500,0.381,0.231
42.550,0.379,0.230
42.600,0.376,0.230
42.650,0.374,0.229
42.700,0.372,0.229
42.750,0.371,0.228
42.800,0.371,0.228
42.850,0.370,0.228
42.900,0.370,0.228
42.950,0.369,0.227
43.000,0.367,0.227
43.050,0.365,0.226
43.100,0.363,0.226
43.150,0.361,0.225
43.200,0.360,0.225
43.250,0.359,0.225
43.300,0.359,0.225
43.350,0.359,0.224
43.400,0.359,0.225
43.450,0.359,0.225
43.500,0.359,0.225
43.550,0.358,0.225
43.600,0.358,0.225
43.650,0.356,0.224
43.700,0.354,0.224
43.750,0.352,0.223
43.800,0.350,0.223
43.850,0.348,0.221
43.900,0.346,0.222
43.950,0.345,0.221
44.000,0.343,0.221
44.050,0.341,0.220
44.100,0.340,0.220
44.150,0.338,0.219
44.200,0.336,0.219
44.250,0.334,0.218
44.300,0.333,0.218
44.350,0.332,0.217
44.400,0.332,0.217
44.450,0.331,0.217
44.500,0.331,0.217
44.550,0.331,0.216
44.600,0.330,0.217
44.650,0.329,0.216
44.700,0.327,0.216
44.750,0.327,0.215
44.800,0.326,0.215
44.850,0.325,0.215
44.900,0.325,0.215
44.950,0.325,0.215
45.000,0.325,0.215
45.050,0.325,0.215
45.100,0.324,0.215
45.150,0.323,0.214
45.200,0.322,0.214
45.250,0.320,0.213
45.300,0.319,0.213
45.350,0.317,0.213
45.400,0.315,0.212
45.450,0.313,0.211
45.500,0.311,0.211
45.550,0.309,0.210
45.600,0.309,0.210
45.650,0.308,0.209
45.700,0.308,0.210
45.750,0.308,0.209
45.800,0.307,0.209
45.850,0.305,0.208
45.900,0.303,0.208
45.950,0.302,0.207
46.000,0.299,0.207
46.050,0.297,0.206
46.100,0.296,0.206
46.150,0.295,0.205
46.200,0.294,0.205
46.250,0.294,0.204
46.300,0.293,0.205
46.350,0.292,0.204
46.400,0.291,0.204
46.450,0.289,0.203
46.500,0.286,0.202
46.550,0.284,0.201
46.600,0.281,0.200
46.650,0.278,0.199
46.700,0.276,0.198
46.750,0.274,0.197
46.800,0.273,0.197
46.850,0.272,0.196
46.900,0.271,0.196
46.950,0.271,0.196
47.000,0.271,0.196
47.050,0.270,0.195
47.100,0.270,0.196
47.150,0.269,0.195
47.200,0.268,0.195
47.250,0.267,0.194
47.300,0.265,0.194
47.350,0.264,0.193
47.400,0.263,0.193
47.450,0.261,0.192
47.500,0.260,0.192
47.550,0.259,0.191
47.600,0.258,0.191
47.650,0.257,0.190
47.700,0.255,0.190
47.750,0.254,0.189
47.800,0.253,0.189
47.850,0.253,0.188
47.900,0.252,0.188
47.950,0.252,0.188
48.000,0.251,0.188
48.050,0.249,0.187
48.100,0.248,0.186
48.150,0.246,0.186
48.200,0.245,0.185
48.250,0.243,0.184
48.300,0.242,0.184
48.350,0.240,0.183
48.400,0.238,0.182
48.450,0.236,0.181
48.500,0.235,0.181
48.550,0.233,0.180
48.600,0.232,0.179
48.650,0.231,0.178
48.700,0.230,0.179
48.750,0.229,0.178
48.800,0.228,0.178
48.850,0.226,0.176
48.900,0.225,0.176
48.950,0.223,0.175
49.000,0.222,0.175
49.050,0.220,0.174
49.100,0.219,0.174
49.150,0.217,0.172
49.200,0.216,0.172
49.250,0.216,0.171
49.300,0.215,0.171
49.350,0.214,0.171
49.400,0.213,0.171
49.450,0.212,0.170
49.500,0.210,0.169
49.550,0.207,0.168
49.600,0.206,0.167
49.650,0.204,0.166
49.700,0.203,0.166
49.750,0.201,0.164
49.800,0.200,0.164
49.850,0.199,0.163
49.900,0.198,0.163
49.950,0.197,0.162
50.000,0.197,0.162
50.050,0.195,0.161
50.100,0.195,0.161
50.150,0.193,0.160
50.200,0.191,0.159
50.250,0.190,0.159
50.300,0.189,0.158
50.350,0.187,0.157
50.400,0.185,0.156
50.450,0.182,0.154
50.500,0.181,0.154
50.550,0.179,0.152
50.600,0.178,0.152
50.650,0.176,0.151
50.700,0.175,0.150
50.750,0.175,0.150
50.800,0.174,0.149
50.850,0.173,0.149
50.900,0.172,0.148
50.950,0.171,0.148
51.000,0.170,0.147
51.050,0.168,0.146
51.100,0.168,0.146
51.150,0.168,0.146
51.200,0.167,0.146
51.250,0.167,0.145
51.300,0.167,0.145
51.350,0.167,0.145
51.400,0.166,0.145
51.450,0.166,0.144
51.500,0.165,0.144
51.550,0.164,0.144
51.600,0.163,0.143
51.650,0.161,0.142
51.700,0.158,0.141
51.750,0.156,0.140
51.800,0.155,0.139
51.850,0.152,0.137
51.900,0.150,0.136
51.950,0.148,0.134
52.000,0.146,0.133
52.050,0.144,0.132
52.100,0.143,0.131
52.150,0.141,0.130
52.200,0.139,0.129
52.250,0.138,0.128
52.300,0.136,0.127
52.350,0.134,0.126
52.400,0.132,0.125
52.450,0.130,0.123
52.500,0.128,0.122
52.550,0.127,0.121
52.600,0.126,0.120
52.650,0.126,0.119
52.700,0.124,0.119
52.750,0.122,0.117
52.800,0.120,0.116
52.850,0.118,0.114
52.900,0.117,0.114
52.950,0.115,0.113
53.000,0.113,0.111
53.050,0.111,0.110
53.100,0.110,0.109
53.150,0.108,0.107
53.200,0.107,0.107
53.250,0.105,0.105
53.300,0.104,0.105
53.350,0.103,0.104
53.400,0.101,0.103
53.450,0.100,0.101
53.500,0.098,0.101
53.550,0.096,0.099
53.600,0.094,0.098
53.650,0.092,0.096
53.700,0.089,0.094
53.750,0.087,0.092
53.800,0.084,0.090
53.850,0.082,0.088
53.900,0.080,0.087
53.950,0.078,0.085
54.000,0.077,0.084
54.050,0.076,0.083
54.100,0.075,0.082
54.150,0.073,0.081
54.200,0.071,0.079
54.250,0.070,0.078
54.300,0.068,0.077
54.350,0.066,0.075
54.400,0.064,0.074
54.450,0.062,0.072
54.500,0.061,0.071
54.550,0.059,0.068
54.600,0.057,0.067
54.650,0.056,0.066
54.700,0.055,0.065
54.750,0.054,0.064
54.800,0.054,0.063
54.850,0.053,0.063
54.900,0.051,0.061
54.950,0.049,0.060
55.000,0.047,0.058
55.050,0.046,0.057
55.100,0.045,0.056
55.150,0.044,0.055
55.200,0.043,0.053
55.250,0.042,0.053
55.300,0.041,0.052
55.350,0.041,0.051
55.400,0.040,0.050
55.450,0.040,0.050
55.500,0.039,0.049
55.550,0.038,0.048
55.600,0.037,0.048
55.650,0.036,0.046
55.700,0.034,0.046
55.750,0.033,0.044
55.800,0.032,0.043
55.850,0.030,0.041
55.900,0.029,0.040
55.950,0.028,0.039
56.000,0.026,0.037
56.050,0.025,0.035
56.100,0.024,0.034
56.150,0.022,0.033
56.200,0.021,0.032
56.250,0.020,0.030
56.300,0.019,0.029
56.350,0.018,0.028
56.400,0.017,0.026
56.450,0.016,0.025
56.500,0.015,0.024
56.550,0.014,0.023
56.600,0.013,0.022
56.650,0.013,0.021
56.700,0.012,0.020
56.750,0.011,0.019
56.800,0.010,0.018
56.850,0.009,0.017
56.900,0.009,0.016
56.950,0.007,0.015
57.000,0.007,0.014
57.050,0.007,0.013
57.100,0.006,0.012
57.150,0.006,0.012
57.200,0.005,0.011
57.250,0.005,0.011
57.300,0.005,0.010
57.350,0.004,0.009
57.400,0.004,0.009
57.450,0.004,0.008
57.500,0.004,0.009
57.550,0.003,0.008
57.600,0.003,0.008
57.650,0.003,0.007
57.700,0.003,0.007
57.750,0.003,0.007
57.800,0.002,0.007
57.850,0.003,0.007
57.900,0.002,0.007
57.950,0.002,0.007
58.000,0.002,0.006
58.050,0.003,0.006
58.100,0.002,0.006
58.150,0.002,0.006
58.200,0.002,0.006
58.250,0.002,0.006
58.300,0.002,0.006
58.350,0.002,0.005
58.400,0.002,0.006
58.450,0.002,0.005
58.500,0.002,0.006
58.550,0.002,0.005
58.600,0.002,0.006
58.650,0.002,0.005
58.700,0.002,0.006
58.750,0.002,0.005
58.800,0.001,0.005
58.850,0.002,0.005
58.900,0.001,0.005
58.950,9.015E-4,0.005
59.000,6.622E-4,0.005
59.050,1.520E-4,0.004
59.100,9.216E-5,0.004
59.150,-4.327E-4,0.003
59.200,-6.036E-4,0.003
59.250,-0.001,0.002
59.300,-0.001,0.002
59.350,-0.002,0.001
59.400,-0.003,4.148E-4
59.450,-0.003,-5.557E-4
59.500,-0.003,-5.862E-4
59.550,-0.004,-0.002
59.600,-0.004,-0.002
59.650,-0.005,-0.003
59.700,-0.006,-0.004
59.750,-0.007,-0.006
59.800,-0.008,-0.007
59.850,-0.009,-0.009
59.900,-0.010,-0.010
59.950,-0.011,-0.012
60.000,-0.012,-0.013
60.050,-0.012,-0.014
60.100,-0.013,-0.016
60.150,-0.014,-0.018
60.200,-0.015,-0.019
60.250,-0.016,-0.021
60.300,-0.016,-0.022
60.350,-0.016,-0.023
60.400,-0.017,-0.024
60.450,-0.017,-0.024
60.500,-0.018,-0.026
60.550,-0.018,-0.027
60.600,-0.019,-0.028
60.650,-0.019,-0.029
60.700,-0.020,-0.030
60.750,-0.021,-0.032
60.800,-0.021,-0.033
60.850,-0.022,-0.035
60.900,-0.023,-0.036
60.950,-0.023,-0.038
61.000,-0.024,-0.039
61.050,-0.025,-0.041
61.100,-0.025,-0.042
61.150,-0.025,-0.044
61.200,-0.026,-0.045
61.250,-0.027,-0.047
61.300,-0.027,-0.048
61.350,-0.028,-0.050
61.400,-0.028,-0.051
61.450,-0.028,-0.052
61.500,-0.028,-0.054
61.550,-0.028,-0.055
61.600,-0.029,-0.056
61.650,-0.030,-0.058
61.700,-0.030,-0.059
61.750,-0.030,-0.061
61.800,-0.031,-0.062
61.850,-0.031,-0.064
61.900,-0.032,-0.066
61.950,-0.032,-0.067
62.000,-0.032,-0.069
62.050,-0.033,-0.071
62.100,-0.033,-0.073
62.150,-0.033,-0.075
62.200,-0.034,-0.077
62.250,-0.035,-0.079
62.300,-0.035,-0.081
62.350,-0.035,-0.084
62.400,-0.036,-0.086
62.450,-0.037,-0.088
62.500,-0.037,-0.091
62.550,-0.037,-0.093
62.600,-0.038,-0.096
62.650,-0.039,-0.100
62.700,-0.040,-0.103
62.750,-0.041,-0.107
62.800,-0.041,-0.110
62.850,-0.042,-0.114
62.900,-0.043,-0.117
62.950,-0.043,-0.120
63.000,-0.044,-0.123
63.050,-0.044,-0.127
63.100,-0.045,-0.130
63.150,-0.046,-0.134
63.200,-0.046,-0.137
63.250,-0.048,-0.142
63.300,-0.048,-0.145
63.350,-0.049,-0.149
63.400,-0.050,-0.153
63.450,-0.051,-0.157
63.500,-0.051,-0.160
63.550,-0.052,-0.164
63.600,-0.052,-0.167
63.650,-0.053,-0.170
63.700,-0.053,-0.173
63.750,-0.054,-0.176
63.800,-0.055,-0.179
63.850,-0.056,-0.183
63.900,-0.057,-0.187
63.950,-0.058,-0.191
64.000,-0.060,-0.195
64.050,-0.061,-0.200
64.100,-0.062,-0.203
64.150,-0.063,-0.208
64.200,-0.064,-0.212
64.250,-0.065,-0.217
64.300,-0.066,-0.220
64.350,-0.067,-0.225
64.400,-0.069,-0.229
64.450,-0.070,-0.233
64.500,-0.071,-0.237
64.550,-0.073,-0.241
64.600,-0.075,-0.246
64.650,-0.077,-0.251
64.700,-0.078,-0.255
64.750,-0.080,-0.261
64.800,-0.083,-0.266
64.850,-0.086,-0.272
64.900,-0.088,-0.278
64.950,-0.090,-0.283
65.000,-0.093,-0.289
65.050,-0.095,-0.294
65.100,-0.096,-0.298
65.150,-0.098,-0.303
65.200,-0.100,-0.307
65.250,-0.101,-0.311
65.300,-0.103,-0.315
65.350,-0.105,-0.319
65.400,-0.107,-0.322
65.450,-0.109,-0.326
65.500,-0.111,-0.329
65.550,-0.112,-0.332
65.600,-0.115,-0.336
65.650,-0.116,-0.339
65.700,-0.118,-0.341
65.750,-0.119,-0.344
65.800,-0.121,-0.347
65.850,-0.122,-0.349
65.900,-0.123,-0.351
65.950,-0.124,-0.353
66.000,-0.126,-0.354
66.050,-0.128,-0.357
66.100,-0.129,-0.359
66.150,-0.131,-0.361
66.200,-0.133,-0.364
66.250,-0.135,-0.366
66.300,-0.137,-0.368
66.350,-0.140,-0.371
66.400,-0.142,-0.374
66.450,-0.144,-0.377
66.500,-0.146,-0.379
66.550,-0.148,-0.381
66.600,-0.150,-0.383
66.650,-0.151,-0.385
66.700,-0.153,-0.387
66.750,-0.154,-0.389
66.800,-0.156,-0.390
66.850,-0.157,-0.392
66.900,-0.159,-0.393
66.950,-0.160,-0.395
67.000,-0.161,-0.396
67.050,-0.163,-0.398
67.100,-0.164,-0.399
67.150,-0.165,-0.400
67.200,-0.166,-0.402
67.250,-0.168,-0.403
67.300,-0.170,-0.404
67.350,-0.171,-0.406
67.400,-0.173,-0.407
67.450,-0.175,-0.409
67.500,-0.178,-0.411
67.550,-0.180,-0.413
67.600,-0.182,-0.415
67.650,-0.184,-0.417
67.700,-0.185,-0.418
67.750,-0.186,-0.419
67.800,-0.187,-0.420
67.850,-0.187,-0.421
67.900,-0.188,-0.422
67.950,-0.189,-0.423
68.000,-0.191,-0.424
68.050,-0.192,-0.424
68.100,-0.194,-0.426
68.150,-0.194,-0.427
68.200,-0.196,-0.428
68.250,-0.196,-0.429
68.300,-0.197,-0.429
68.350,-0.198,-0.430
68.400,-0.199,-0.430
68.450,-0.199,-0.430
68.500,-0.199,-0.431
68.550,-0.200,-0.431
68.600,-0.201,-0.432
68.650,-0.201,-0.432
68.700,-0.202,-0.433
68.750,-0.203,-0.434
68.800,-0.204,-0.434
68.850,-0.205,-0.435
68.900,-0.206,-0.436
68.950,-0.207,-0.437
69.000,-0.208,-0.437
69.050,-0.209,-0.438
69.100,-0.209,-0.438
69.150,-0.210,-0.439
69.200,-0.211,-0.439
69.250,-0.213,-0.441
69.300,-0.214,-0.442
69.350,-0.215,-0.443
69.400,-0.216,-0.443
69.450,-0.217,-0.444
69.500,-0.218,-0.445
69.550,-0.219,-0.445
69.600,-0.220,-0.446
69.650,-0.221,-0.447
69.700,-0.221,-0.447
69.750,-0.222,-0.448
69.800,-0.223,-0.448
69.850,-0.223,-0.449
69.900,-0.224,-0.449
69.950,-0.225,-0.450
70.000,-0.226,-0.450
70.050,-0.227,-0.451
70.100,-0.227,-0.451
70.150,-0.228,-0.452
70.200,-0.229,-0.452
70.250,-0.230,-0.453
70.300,-0.231,-0.453
70.350,-0.231,-0.454
70.400,-0.232,-0.454
70.450,-0.232,-0.455
70.500,-0.233,-0.455
70.550,-0.233,-0.456
70.600,-0.234,-0.456
70.650,-0.234,-0.456
70.700,-0.235,-0.457
70.750,-0.234,-0.456
70.800,-0.235,-0.456
70.850,-0.235,-0.457
70.900,-0.235,-0.457
70.950,-0.235,-0.457
71.000,-0.235,-0.457
71.050,-0.235,-0.457
71.100,-0.235,-0.457
71.150,-0.235,-0.457
71.200,-0.235,-0.457
71.250,-0.237,-0.457
71.300,-0.240,-0.459
71.350,-0.242,-0.460
71.400,-0.243,-0.461
71.450,-0.244,-0.462
71.500,-0.245,-0.462
71.550,-0.246,-0.463
71.600,-0.247,-0.464
71.650,-0.249,-0.465
71.700,-0.250,-0.465
71.750,-0.251,-0.466
71.800,-0.252,-0.467
71.850,-0.253,-0.468
71.900,-0.254,-0.468
71.950,-0.255,-0.469
72.000,-0.256,-0.469
72.050,-0.256,-0.470
72.100,-0.257,-0.470
72.150,-0.258,-0.471
72.200,-0.258,-0.471
72.250,-0.259,-0.471
72.300,-0.260,-0.472
72.350,-0.261,-0.472
72.400,-0.263,-0.473
72.450,-0.263,-0.474
72.500,-0.264,-0.474
72.550,-0.265,-0.475
72.600,-0.267,-0.476
72.650,-0.268,-0.476
72.700,-0.268,-0.477
72.750,-0.269,-0.477
72.800,-0.269,-0.477
72.850,-0.270,-0.478
72.900,-0.271,-0.478
72.950,-0.272,-0.479
73.000,-0.273,-0.480
73.050,-0.274,-0.480
73.100,-0.275,-0.480
73.150,-0.277,-0.481
73.200,-0.278,-0.482
73.250,-0.279,-0.482
73.300,-0.280,-0.483
73.350,-0.282,-0.484
73.400,-0.282,-0.484
73.450,-0.283,-0.485
73.500,-0.283,-0.485
73.550,-0.284,-0.485
73.600,-0.284,-0.485
73.650,-0.284,-0.486
73.700,-0.284,-0.486
73.750,-0.285,-0.486
73.800,-0.286,-0.486
73.850,-0.287,-0.487
73.900,-0.288,-0.487
73.950,-0.289,-0.488
74.000,-0.290,-0.488
74.050,-0.291,-0.489
74.100,-0.292,-0.490
74.150,-0.293,-0.490
74.200,-0.293,-0.490
74.250,-0.293,-0.490
74.300,-0.296,-0.491
74.350,-0.297,-0.492
74.400,-0.299,-0.493
74.450,-0.301,-0.494
74.500,-0.303,-0.495
74.550,-0.305,-0.496
74.600,-0.306,-0.496
74.650,-0.308,-0.497
74.700,-0.309,-0.498
74.750,-0.310,-0.498
74.800,-0.311,-0.499
74.850,-0.312,-0.499
74.900,-0.313,-0.500
74.950,-0.314,-0.500
75.000,-0.315,-0.501
75.050,-0.316,-0.501
75.100,-0.317,-0.502
75.150,-0.317,-0.502
75.200,-0.319,-0.503
75.250,-0.320,-0.503
75.300,-0.322,-0.504
75.350,-0.324,-0.505
75.400,-0.326,-0.506
75.450,-0.327,-0.506
75.500,-0.328,-0.507
75.550,-0.329,-0.507
75.600,-0.331,-0.508
75.650,-0.333,-0.509
75.700,-0.334,-0.509
75.750,-0.335,-0.510
75.800,-0.336,-0.510
75.850,-0.337,-0.511
75.900,-0.339,-0.511
75.950,-0.340,-0.512
76.000,-0.340,-0.512
76.050,-0.341,-0.512
76.100,-0.342,-0.513
76.150,-0.342,-0.513
76.200,-0.343,-0.513
76.250,-0.344,-0.513
76.300,-0.344,-0.514
76.350,-0.345,-0.514
76.400,-0.346,-0.515
76.450,-0.346,-0.515
76.500,-0.347,-0.515
76.550,-0.347,-0.515
76.600,-0.347,-0.515
76.650,-0.347,-0.515
76.700,-0.348,-0.515
76.750,-0.349,-0.516
76.800,-0.351,-0.516
76.850,-0.353,-0.517
76.900,-0.355,-0.518
76.950,-0.358,-0.519
77.000,-0.359,-0.520
77.050,-0.360,-0.520
77.100,-0.361,-0.520
77.150,-0.361,-0.520
77.200,-0.361,-0.521
77.250,-0.361,-0.521
77.300,-0.363,-0.521
77.350,-0.364,-0.521
77.400,-0.365,-0.522
77.450,-0.367,-0.522
77.500,-0.368,-0.523
77.550,-0.371,-0.524
77.600,-0.372,-0.524
77.650,-0.374,-0.525
77.700,-0.376,-0.526
77.750,-0.378,-0.526
77.800,-0.382,-0.528
77.850,-0.389,-0.530
77.900,-0.395,-0.532
77.950,-0.398,-0.533
78.000,-0.401,-0.534
78.050,-0.403,-0.535
78.100,-0.404,-0.536
78.150,-0.404,-0.536
78.200,-0.405,-0.536
78.250,-0.405,-0.536
78.300,-0.405,-0.537
78.350,-0.405,-0.536
78.400,-0.405,-0.537
78.450,-0.406,-0.537
78.500,-0.406,-0.537
78.550,-0.406,-0.537
78.600,-0.407,-0.537
78.650,-0.408,-0.537
78.700,-0.411,-0.538
78.750,-0.413,-0.539
78.800,-0.416,-0.540
78.850,-0.419,-0.541
78.900,-0.421,-0.541
78.950,-0.422,-0.541
79.000,-0.423,-0.542
79.050,-0.424,-0.542
79.100,-0.424,-0.542
79.150,-0.425,-0.542
79.200,-0.425,-0.543
79.250,-0.426,-0.543
79.300,-0.427,-0.543
79.350,-0.428,-0.543
79.400,-0.429,-0.544
79.450,-0.430,-0.544
79.500,-0.431,-0.545
79.550,-0.431,-0.544
79.600,-0.431,-0.545
79.650,-0.433,-0.545
79.700,-0.435,-0.545
79.750,-0.437,-0.546
79.800,-0.439,-0.547
79.850,-0.440,-0.547
79.900,-0.441,-0.547
79.950,-0.442,-0.547
80.000,-0.443,-0.548
80.050,-0.444,-0.548
80.100,-0.444,-0.548
80.150,-0.445,-0.548
80.200,-0.445,-0.549
80.250,-0.446,-0.549
80.300,-0.447,-0.549
80.350,-0.449,-0.549
80.400,-0.451,-0.550
80.450,-0.453,-0.550
80.500,-0.456,-0.551
80.550,-0.458,-0.552
80.600,-0.462,-0.553
80.650,-0.464,-0.553
80.700,-0.466,-0.554
80.750,-0.467,-0.554
80.800,-0.467,-0.554
80.850,-0.468,-0.554
80.900,-0.468,-0.555
80.950,-0.469,-0.555
81.000,-0.471,-0.555
81.050,-0.473,-0.555
81.100,-0.475,-0.556
81.150,-0.476,-0.556
81.200,-0.477,-0.557
81.250,-0.478,-0.557
81.300,-0.479,-0.557
81.350,-0.479,-0.557
81.400,-0.480,-0.558
81.450,-0.481,-0.557
81.500,-0.482,-0.558
81.550,-0.483,-0.558
81.600,-0.484,-0.559
81.650,-0.484,-0.559
81.700,-0.484,-0.559
81.750,-0.485,-0.559
81.800,-0.487,-0.559
81.850,-0.489,-0.559
81.900,-0.491,-0.560
81.950,-0.494,-0.561
82.000,-0.496,-0.561
82.050,-0.499,-0.562
82.100,-0.502,-0.563
82.150,-0.506,-0.563
82.200,-0.510,-0.565
82.250,-0.513,-0.565
82.300,-0.514,-0.566
82.350,-0.515,-0.565
82.400,-0.516,-0.566
82.450,-0.517,-0.566
82.500,-0.517,-0.566
82.550,-0.519,-0.566
82.600,-0.519,-0.567
82.650,-0.521,-0.567
82.700,-0.522,-0.567
82.750,-0.524,-0.567
82.800,-0.526,-0.568
82.850,-0.528,-0.568
82.900,-0.529,-0.569
82.950,-0.530,-0.569
83.000,-0.530,-0.569
83.050,-0.532,-0.569
83.100,-0.532,-0.569
83.150,-0.533,-0.569
83.200,-0.533,-0.570
83.250,-0.534,-0.569
83.300,-0.535,-0.570
83.350,-0.536,-0.570
83.400,-0.537,-0.570
83.450,-0.539,-0.571
83.500,-0.540,-0.571
83.550,-0.541,-0.571
83.600,-0.543,-0.571
83.650,-0.545,-0.572
83.700,-0.546,-0.572
83.750,-0.547,-0.572
83.800,-0.548,-0.572
83.850,-0.548,-0.572
83.900,-0.548,-0.572
83.950,-0.549,-0.573
84.000,-0.548,-0.573
84.050,-0.548,-0.573
84.100,-0.548,-0.573
84.150,-0.548,-0.572
84.200,-0.548,-0.573
84.250,-0.548,-0.572
84.300,-0.549,-0.573
84.350,-0.550,-0.573
84.400,-0.551,-0.573
84.450,-0.553,-0.573
84.500,-0.554,-0.573
84.550,-0.555,-0.574
84.600,-0.556,-0.574
84.650,-0.559,-0.574
84.700,-0.562,-0.575
84.750,-0.565,-0.575
84.800,-0.567,-0.576
84.850,-0.568,-0.576
84.900,-0.569,-0.576
84.950,-0.569,-0.576
85.000,-0.569,-0.576
85.050,-0.570,-0.576
85.100,-0.569,-0.576
85.150,-0.570,-0.576
85.200,-0.570,-0.577
85.250,-0.571,-0.576
85.300,-0.573,-0.577
85.350,-0.574,-0.577
85.400,-0.575,-0.578
85.450,-0.576,-0.577
85.500,-0.576,-0.577
85.550,-0.577,-0.578
85.600,-0.577,-0.578
85.650,-0.577,-0.578
85.700,-0.577,-0.578
85.750,-0.577,-0.578
85.800,-0.577,-0.578
85.850,-0.577,-0.578
85.900,-0.578,-0.578
85.950,-0.580,-0.578
86.000,-0.583,-0.579
86.050,-0.585,-0.579
86.100,-0.587,-0.579
86.150,-0.589,-0.580
86.200,-0.589,-0.580
86.250,-0.589,-0.579
86.300,-0.590,-0.580
86.350,-0.590,-0.580
86.400,-0.591,-0.580
86.450,-0.594,-0.581
86.500,-0.596,-0.581
86.550,-0.598,-0.581
86.600,-0.599,-0.581
86.650,-0.599,-0.581
86.700,-0.599,-0.582
86.750,-0.600,-0.581
86.800,-0.601,-0.582
86.850,-0.603,-0.582
86.900,-0.605,-0.583
86.950,-0.606,-0.583
87.000,-0.607,-0.583
87.050,-0.608,-0.583
87.100,-0.608,-0.583
87.150,-0.609,-0.583
87.200,-0.610,-0.584
87.250,-0.610,-0.583
87.300,-0.611,-0.584
87.350,-0.613,-0.583
87.400,-0.615,-0.584
87.450,-0.618,-0.584
87.500,-0.622,-0.585
87.550,-0.625,-0.586
87.600,-0.627,-0.586
87.650,-0.628,-0.586
87.700,-0.628,-0.586
87.750,-0.629,-0.586
87.800,-0.629,-0.587
87.850,-0.630,-0.586
87.900,-0.630,-0.587
87.950,-0.631,-0.587
88.000,-0.633,-0.587
88.050,-0.635,-0.587
88.100,-0.637,-0.587
88.150,-0.641,-0.588
88.200,-0.643,-0.588
88.250,-0.646,-0.588
88.300,-0.649,-0.589
88.350,-0.650,-0.589
88.400,-0.650,-0.589
88.450,-0.651,-0.589
88.500,-0.651,-0.590
88.550,-0.652,-0.590
88.600,-0.652,-0.590
88.650,-0.654,-0.590
88.700,-0.655,-0.590
88.750,-0.658,-0.590
88.800,-0.659,-0.591
88.850,-0.660,-0.590
88.900,-0.661,-0.591
88.950,-0.661,-0.591
89.000,-0.661,-0.591
89.050,-0.661,-0.591
89.100,-0.661,-0.591
89.150,-0.662,-0.591
89.200,-0.664,-0.592
89.250,-0.665,-0.591
89.300,-0.668,-0.592
89.350,-0.671,-0.592
89.400,-0.673,-0.593
89.450,-0.675,-0.593
89.500,-0.675,-0.593
89.550,-0.676,-0.593
89.600,-0.677,-0.593
89.650,-0.676,-0.593
89.700,-0.677,-0.593
89.750,-0.678,-0.593
89.800,-0.680,-0.594
89.850,-0.683,-0.594
89.900,-0.685,-0.594
89.950,-0.688,-0.594
90.000,-0.690,-0.595
90.050,-0.693,-0.595
90.100,-0.696,-0.596
90.150,-0.697,-0.595
90.200,-0.698,-0.596
90.250,-0.698,-0.596
90.300,-0.700,-0.596
90.350,-0.702,-0.596
90.400,-0.704,-0.597
90.450,-0.705,-0.596
90.500,-0.705,-0.597
90.550,-0.705,-0.596
90.600,-0.705,-0.597
90.650,-0.705,-0.596
90.700,-0.705,-0.597
90.750,-0.705,-0.596
90.800,-0.706,-0.597
90.850,-0.707,-0.597
90.900,-0.708,-0.597
90.950,-0.712,-0.597
91.000,-0.715,-0.598
91.050,-0.717,-0.598
91.100,-0.722,-0.599
91.150,-0.726,-0.599
91.200,-0.728,-0.600
91.250,-0.728,-0.599
91.300,-0.729,-0.600
91.350,-0.729,-0.599
91.400,-0.728,-0.599
91.450,-0.730,-0.600
91.500,-0.731,-0.600
91.550,-0.733,-0.600
91.600,-0.736,-0.600
91.650,-0.738,-0.600
91.700,-0.742,-0.601
91.750,-0.747,-0.601
91.800,-0.750,-0.602
91.850,-0.750,-0.602
91.900,-0.751,-0.602
91.950,-0.751,-0.602
92.000,-0.751,-0.602
92.050,-0.752,-0.602
92.100,-0.752,-0.603
92.150,-0.752,-0.602
92.200,-0.752,-0.603
92.250,-0.753,-0.602
92.300,-0.753,-0.602
92.350,-0.755,-0.602
92.400,-0.758,-0.603
92.450,-0.760,-0.603
92.500,-0.761,-0.604
92.550,-0.763,-0.603
92.600,-0.765,-0.604
92.650,-0.768,-0.604
92.700,-0.769,-0.604
92.750,-0.769,-0.604
92.800,-0.769,-0.604
92.850,-0.769,-0.604
92.900,-0.768,-0.604
92.950,-0.768,-0.604
93.000,-0.768,-0.604
93.050,-0.769,-0.604
93.100,-0.770,-0.604
93.150,-0.772,-0.604
93.200,-0.774,-0.605
93.250,-0.775,-0.604
93.300,-0.777,-0.605
93.350,-0.779,-0.605
93.400,-0.785,-0.606
93.450,-0.789,-0.606
93.500,-0.791,-0.606
93.550,-0.792,-0.606
93.600,-0.792,-0.607
93.650,-0.793,-0.606
93.700,-0.794,-0.607
93.750,-0.795,-0.607
93.800,-0.795,-0.607
93.850,-0.796,-0.606
93.900,-0.797,-0.607
93.950,-0.797,-0.607
94.000,-0.798,-0.607
94.050,-0.798,-0.607
94.100,-0.798,-0.607
94.150,-0.798,-0.606
94.200,-0.799,-0.607
94.250,-0.801,-0.607
94.300,-0.802,-0.608
94.350,-0.804,-0.607
94.400,-0.808,-0.608
94.450,-0.810,-0.608
94.500,-0.811,-0.609
94.550,-0.812,-0.608
94.600,-0.812,-0.609
94.650,-0.812,-0.608
94.700,-0.814,-0.609
94.750,-0.815,-0.608
94.800,-0.817,-0.609
94.850,-0.818,-0.608
94.900,-0.820,-0.610
94.950,-0.820,-0.609
95.000,-0.821,-0.609
95.050,-0.823,-0.609
95.100,-0.825,-0.610
95.150,-0.827,-0.609
95.200,-0.828,-0.610
95.250,-0.830,-0.610
95.300,-0.830,-0.610
95.350,-0.831,-0.610
95.400,-0.832,-0.611
95.450,-0.832,-0.610
95.500,-0.833,-0.611
95.550,-0.835,-0.610
95.600,-0.837,-0.611
95.650,-0.839,-0.610
95.700,-0.840,-0.611
95.750,-0.840,-0.611
95.800,-0.840,-0.611
95.850,-0.840,-0.611
95.900,-0.841,-0.612
95.950,-0.840,-0.611
96.000,-0.841,-0.612
96.050,-0.841,-0.611
96.100,-0.842,-0.611
96.150,-0.844,-0.611
96.200,-0.847,-0.612
96.250,-0.848,-0.611
96.300,-0.850,-0.612
96.350,-0.852,-0.612
96.400,-0.854,-0.613
96.450,-0.855,-0.612
96.500,-0.856,-0.613
96.550,-0.856,-0.612
96.600,-0.856,-0.613
96.650,-0.856,-0.612
96.700,-0.857,-0.613
96.750,-0.857,-0.612
96.800,-0.858,-0.613
96.850,-0.859,-0.613
96.900,-0.859,-0.613
96.950,-0.860,-0.612
97.000,-0.860,-0.613
97.050,-0.862,-0.613
97.100,-0.864,-0.613
97.150,-0.865,-0.613
97.200,-0.866,-0.614
97.250,-0.867,-0.613
97.300,-0.869,-0.614
97.350,-0.871,-0.613
97.400,-0.873,-0.614
97.450,-0.874,-0.614
97.500,-0.874,-0.615
97.550,-0.874,-0.614
97.600,-0.874,-0.615
97.650,-0.874,-0.614
97.700,-0.874,-0.614
97.750,-0.874,-0.614
97.800,-0.874,-0.615
97.850,-0.875,-0.614
97.900,-0.875,-0.614
97.950,-0.876,-0.614
98.000,-0.876,-0.614
98.050,-0.876,-0.614
98.100,-0.877,-0.615
98.150,-0.878,-0.614
98.200,-0.879,-0.615
98.250,-0.882,-0.614
98.300,-0.885,-0.615
98.350,-0.888,-0.615
98.400,-0.892,-0.616
98.450,-0.895,-0.615
98.500,-0.898,-0.616
98.550,-0.899,-0.616
98.600,-0.900,-0.617
98.650,-0.901,-0.616
98.700,-0.902,-0.617
98.750,-0.903,-0.616
98.800,-0.905,-0.617
98.850,-0.907,-0.616
98.900,-0.907,-0.617
98.950,-0.908,-0.617
99.000,-0.909,-0.617
99.050,-0.913,-0.617
99.100,-0.915,-0.618
99.150,-0.918,-0.617
99.200,-0.922,-0.618
99.250,-0.926,-0.618
99.300,-0.928,-0.619
99.350,-0.930,-0.618
99.400,-0.930,-0.619
99.450,-0.930,-0.618
99.500,-0.932,-0.619
99.550,-0.936,-0.619
99.600,-0.939,-0.620
99.650,-0.941,-0.619
99.700,-0.942,-0.620
99.750,-0.944,-0.619
99.800,-0.946,-0.620
99.850,-0.947,-0.619
99.900,-0.948,-0.620
99.950,-0.949,-0.620
100.000,-0.949,-0.621
100.050,-0.950,-0.620
100.100,-0.950,-0.621
100.150,-0.952,-0.620
100.200,-0.952,-0.621
100.250,-0.953,-0.620
100.300,-0.954,-0.621
100.350,-0.956,-0.620
100.400,-0.960,-0.621
100.450,-0.964,-0.621
100.500,-0.966,-0.622
100.550,-0.967,-0.621
100.600,-0.970,-0.622
100.650,-0.972,-0.622
100.700,-0.975,-0.623
100.750,-0.978,-0.622
100.800,-0.980,-0.623
100.850,-0.983,-0.623
100.900,-0.984,-0.623
100.950,-0.986,-0.623
101.000,-0.988,-0.623
101.050,-0.990,-0.623
101.100,-0.992,-0.624
101.150,-0.993,-0.623
101.200,-0.996,-0.624
101.250,-1.000,-0.624
101.300,-1.003,-0.625
101.350,-1.008,-0.624
101.400,-1.012,-0.625
101.450,-1.013,-0.624
101.500,-1.016,-0.626
101.550,-1.018,-0.625
101.600,-1.019,-0.626
101.650,-1.020,-0.625
101.700,-1.020,-0.626
101.750,-1.021,-0.625
101.800,-1.020,-0.626
101.850,-1.021,-0.625
101.900,-1.021,-0.626
101.950,-1.023,-0.625
102.000,-1.025,-0.626
102.050,-1.028,-0.626
102.100,-1.034,-0.627
102.150,-1.039,-0.627
102.200,-1.044,-0.628
102.250,-1.048,-0.627
102.300,-1.049,-0.628
102.350,-1.049,-0.627
102.400,-1.050,-0.628
102.450,-1.051,-0.627
102.500,-1.055,-0.628
102.550,-1.061,-0.628
102.600,-1.064,-0.629
102.650,-1.065,-0.628
102.700,-1.065,-0.629
102.750,-1.065,-0.628
102.800,-1.065,-0.629
102.850,-1.066,-0.628
102.900,-1.065,-0.629
102.950,-1.065,-0.628
103.000,-1.065,-0.629
103.050,-1.066,-0.628
103.100,-1.066,-0.629
103.150,-1.065,-0.628
103.200,-1.066,-0.629
103.250,-1.065,-0.628
103.300,-1.066,-0.629
103.350,-1.066,-0.628
103.400,-1.064,-0.629
103.450,-1.061,-0.628
103.500,-1.059,-0.629
103.550,-1.057,-0.628
103.600,-1.053,-0.629
103.650,-1.048,-0.628
103.700,-1.042,-0.628
103.750,-1.039,-0.626
103.800,-1.037,-0.628
103.850,-1.036,-0.627
103.900,-1.035,-0.628
103.950,-1.032,-0.626
104.000,-1.029,-0.627
104.050,-1.024,-0.626
104.100,-1.022,-0.627
104.150,-1.021,-0.626
104.200,-1.021,-0.627
104.250,-1.021,-0.626
104.300,-1.019,-0.627
104.350,-1.014,-0.626
104.400,-1.007,-0.626
104.450,-1.004,-0.625
104.500,-1.003,-0.626
104.550,-1.001,-0.625
104.600,-1.000,-0.626
104.650,-0.998,-0.625
104.700,-0.994,-0.625
104.750,-0.991,-0.624
104.800,-0.990,-0.625
104.850,-0.988,-0.624
104.900,-0.988,-0.625
104.950,-0.986,-0.624
105.000,-0.984,-0.625
105.050,-0.983,-0.624
105.100,-0.982,-0.625
105.150,-0.982,-0.624
105.200,-0.981,-0.624
105.250,-0.979,-0.624
105.300,-0.978,-0.624
105.350,-0.976,-0.624
105.400,-0.973,-0.625
105.450,-0.970,-0.623
105.500,-0.969,-0.624
105.550,-0.967,-0.623
105.600,-0.966,-0.624
105.650,-0.965,-0.623
105.700,-0.964,-0.624
105.750,-0.963,-0.623
105.800,-0.961,-0.623
105.850,-0.959,-0.623
105.900,-0.957,-0.623
105.950,-0.955,-0.622
106.000,-0.953,-0.623
106.050,-0.952,-0.622
106.100,-0.950,-0.623
106.150,-0.948,-0.622
106.200,-0.947,-0.623
106.250,-0.944,-0.622
106.300,-0.941,-0.622
106.350,-0.940,-0.622
106.400,-0.939,-0.622
106.450,-0.939,-0.621
106.500,-0.939,-0.622
106.550,-0.939,-0.621
106.600,-0.939,-0.622
106.650,-0.939,-0.622
106.700,-0.937,-0.622
106.750,-0.935,-0.621
106.800,-0.933,-0.622
106.850,-0.932,-0.621
106.900,-0.930,-0.622
106.950,-0.928,-0.621
107.000,-0.928,-0.622
107.050,-0.928,-0.621
107.100,-0.928,-0.622
107.150,-0.928,-0.621
107.200,-0.928,-0.622
107.250,-0.927,-0.621
107.300,-0.925,-0.621
107.350,-0.922,-0.620
107.400,-0.920,-0.621
107.450,-0.917,-0.620
107.500,-0.914,-0.621
107.550,-0.912,-0.620
107.600,-0.910,-0.620
107.650,-0.908,-0.619
107.700,-0.906,-0.620
107.750,-0.902,-0.619
107.800,-0.900,-0.620
107.850,-0.897,-0.619
107.900,-0.895,-0.619
107.950,-0.894,-0.619
108.000,-0.892,-0.619
108.050,-0.891,-0.618
108.100,-0.890,-0.619
108.150,-0.888,-0.619
108.200,-0.885,-0.619
108.250,-0.881,-0.618
108.300,-0.877,-0.618
108.350,-0.874,-0.617
108.400,-0.872,-0.618
108.450,-0.870,-0.617
108.500,-0.869,-0.618
108.550,-0.868,-0.617
108.600,-0.868,-0.618
108.650,-0.866,-0.617
108.700,-0.865,-0.618
108.750,-0.865,-0.617
108.800,-0.864,-0.618
108.850,-0.864,-0.617
108.900,-0.863,-0.618
108.950,-0.863,-0.617
109.000,-0.862,-0.617
109.050,-0.860,-0.617
109.100,-0.858,-0.617
109.150,-0.856,-0.616
109.200,-0.853,-0.617
109.250,-0.850,-0.616
109.300,-0.849,-0.616
109.350,-0.849,-0.616
109.400,-0.849,-0.617
109.450,-0.848,-0.616
109.500,-0.849,-0.616
109.550,-0.848,-0.616
109.600,-0.849,-0.617
109.650,-0.848,-0.616
109.700,-0.849,-0.617
109.750,-0.848,-0.616
109.800,-0.847,-0.617
109.850,-0.845,-0.615
109.900,-0.844,-0.616
109.950,-0.843,-0.616
110.000,-0.842,-0.616
110.050,-0.840,-0.615
110.100,-0.839,-0.616
110.150,-0.837,-0.615
110.200,-0.834,-0.616
110.250,-0.831,-0.614
110.300,-0.830,-0.615
110.350,-0.830,-0.614
110.400,-0.830,-0.615
110.450,-0.830,-0.615
110.500,-0.830,-0.615
110.550,-0.830,-0.614
110.600,-0.831,-0.615
110.650,-0.831,-0.614
110.700,-0.830,-0.615
110.750,-0.830,-0.614
110.800,-0.830,-0.615
110.850,-0.829,-0.614
110.900,-0.829,-0.615
110.950,-0.827,-0.614
111.000,-0.825,-0.615
111.050,-0.821,-0.614
111.100,-0.817,-0.614
111.150,-0.813,-0.613
111.200,-0.809,-0.614
111.250,-0.805,-0.613
111.300,-0.803,-0.613
111.350,-0.800,-0.613
111.400,-0.799,-0.613
111.450,-0.797,-0.612
111.500,-0.796,-0.613
111.550,-0.796,-0.612
111.600,-0.794,-0.613
111.650,-0.793,-0.612
111.700,-0.790,-0.613
111.750,-0.788,-0.611
111.800,-0.786,-0.612
111.850,-0.784,-0.611
111.900,-0.783,-0.612
111.950,-0.783,-0.611
112.000,-0.783,-0.612
112.050,-0.783,-0.611
112.100,-0.783,-0.612
112.150,-0.782,-0.611
112.200,-0.780,-0.612
112.250,-0.779,-0.610
112.300,-0.778,-0.611
112.350,-0.777,-0.611
112.400,-0.776,-0.611
112.450,-0.775,-0.610
112.500,-0.773,-0.611
112.550,-0.772,-0.610
112.600,-0.769,-0.611
112.650,-0.767,-0.610
112.700,-0.765,-0.611
112.750,-0.761,-0.609
112.800,-0.759,-0.610
112.850,-0.758,-0.609
112.900,-0.758,-0.610
112.950,-0.758,-0.609
113.000,-0.758,-0.610
113.050,-0.758,-0.609
113.100,-0.758,-0.610
113.150,-0.757,-0.609
113.200,-0.755,-0.610
113.250,-0.752,-0.609
113.300,-0.751,-0.609
113.350,-0.750,-0.608
113.400,-0.750,-0.609
113.450,-0.750,-0.609
113.500,-0.748,-0.609
113.550,-0.746,-0.608
113.600,-0.743,-0.609
113.650,-0.740,-0.608
113.700,-0.738,-0.608
113.750,-0.736,-0.608
113.800,-0.734,-0.608
113.850,-0.734,-0.607
113.900,-0.733,-0.608
113.950,-0.733,-0.607
114.000,-0.733,-0.608
114.050,-0.732,-0.607
114.100,-0.732,-0.608
114.150,-0.731,-0.607
114.200,-0.729,-0.607
114.250,-0.727,-0.607
114.300,-0.726,-0.608
114.350,-0.724,-0.606
114.400,-0.721,-0.607
114.450,-0.717,-0.606
114.500,-0.715,-0.607
114.550,-0.713,-0.606
114.600,-0.711,-0.606
114.650,-0.710,-0.605
114.700,-0.711,-0.606
114.750,-0.710,-0.605
114.800,-0.710,-0.606
114.850,-0.710,-0.605
114.900,-0.707,-0.605
114.950,-0.704,-0.605
115.000,-0.701,-0.605
115.050,-0.698,-0.604
115.100,-0.695,-0.605
115.150,-0.692,-0.604
115.200,-0.689,-0.604
115.250,-0.687,-0.603
115.300,-0.686,-0.604
115.350,-0.686,-0.603
115.400,-0.685,-0.603
115.450,-0.683,-0.603
115.500,-0.682,-0.603
115.550,-0.682,-0.603
115.600,-0.678,-0.603
115.650,-0.674,-0.602
115.700,-0.671,-0.603
115.750,-0.668,-0.602
115.800,-0.664,-0.602
115.850,-0.662,-0.601
115.900,-0.660,-0.601
115.950,-0.658,-0.600
116.000,-0.656,-0.601
116.050,-0.652,-0.600
116.100,-0.649,-0.600
116.150,-0.646,-0.599
116.200,-0.645,-0.600
116.250,-0.645,-0.599
116.300,-0.644,-0.599
116.350,-0.644,-0.599
116.400,-0.643,-0.600
116.450,-0.639,-0.599
116.500,-0.633,-0.599
116.550,-0.630,-0.598
116.600,-0.628,-0.598
116.650,-0.626,-0.597
116.700,-0.624,-0.598
116.750,-0.623,-0.597
116.800,-0.623,-0.598
116.850,-0.623,-0.597
116.900,-0.623,-0.597
116.950,-0.623,-0.597
117.000,-0.623,-0.598
117.050,-0.621,-0.597
117.100,-0.619,-0.597
117.150,-0.618,-0.596
117.200,-0.616,-0.597
117.250,-0.614,-0.596
117.300,-0.612,-0.597
117.350,-0.610,-0.595
117.400,-0.607,-0.596
117.450,-0.603,-0.595
117.500,-0.600,-0.595
117.550,-0.598,-0.594
117.600,-0.596,-0.595
117.650,-0.594,-0.594
117.700,-0.593,-0.594
117.750,-0.590,-0.593
117.800,-0.588,-0.594
117.850,-0.586,-0.593
117.900,-0.584,-0.593
117.950,-0.583,-0.592
118.000,-0.580,-0.593
118.050,-0.578,-0.592
118.100,-0.576,-0.592
118.150,-0.575,-0.591
118.200,-0.573,-0.592
118.250,-0.573,-0.591
118.300,-0.573,-0.592
118.350,-0.573,-0.591
118.400,-0.572,-0.592
118.450,-0.570,-0.591
118.500,-0.566,-0.591
118.550,-0.564,-0.590
118.600,-0.564,-0.591
118.650,-0.563,-0.590
118.700,-0.561,-0.590
118.750,-0.558,-0.590
118.800,-0.557,-0.590
118.850,-0.556,-0.589
118.900,-0.555,-0.589
118.950,-0.551,-0.588
119.000,-0.547,-0.588
119.050,-0.546,-0.588
119.100,-0.543,-0.588
119.150,-0.541,-0.587
119.200,-0.539,-0.588
119.250,-0.536,-0.586
119.300,-0.533,-0.587
119.350,-0.530,-0.586
119.400,-0.528,-0.586
119.450,-0.524,-0.585
119.500,-0.520,-0.585
119.550,-0.518,-0.584
119.600,-0.518,-0.584
119.650,-0.517,-0.584
119.700,-0.517,-0.584
119.750,-0.517,-0.584
119.800,-0.517,-0.584
119.850,-0.516,-0.584
119.900,-0.514,-0.584
119.950,-0.511,-0.583
120.000,-0.510,-0.583
120.050,-0.509,-0.583
120.100,-0.507,-0.583
120.150,-0.504,-0.582
120.200,-0.500,-0.582
120.250,-0.498,-0.581
120.300,-0.497,-0.581
120.350,-0.496,-0.581
120.400,-0.496,-0.581
120.450,-0.496,-0.580
120.500,-0.496,-0.581
120.550,-0.494,-0.580
120.600,-0.492,-0.580
120.650,-0.491,-0.580
120.700,-0.490,-0.580
120.750,-0.488,-0.580
120.800,-0.486,-0.579
120.850,-0.483,-0.579
120.900,-0.479,-0.578
120.950,-0.476,-0.577
121.000,-0.473,-0.577
121.050,-0.469,-0.576
121.100,-0.465,-0.576
121.150,-0.461,-0.575
121.200,-0.459,-0.575
121.250,-0.457,-0.574
121.300,-0.456,-0.574
121.350,-0.456,-0.574
121.400,-0.455,-0.574
121.450,-0.455,-0.574
121.500,-0.455,-0.574
121.550,-0.455,-0.574
121.600,-0.455,-0.574
121.650,-0.453,-0.573
121.700,-0.451,-0.574
121.750,-0.450,-0.573
121.800,-0.447,-0.573
121.850,-0.444,-0.572
121.900,-0.441,-0.572
121.950,-0.438,-0.570
122.000,-0.437,-0.571
122.050,-0.436,-0.570
122.100,-0.435,-0.570
122.150,-0.435,-0.570
122.200,-0.435,-0.570
122.250,-0.435,-0.570
122.300,-0.434,-0.570
122.350,-0.433,-0.569
122.400,-0.431,-0.570
122.450,-0.429,-0.569
122.500,-0.427,-0.569
122.550,-0.426,-0.568
122.600,-0.424,-0.568
122.650,-0.421,-0.567
122.700,-0.417,-0.567
122.750,-0.413,-0.566
122.800,-0.409,-0.565
122.850,-0.405,-0.564
122.900,-0.404,-0.564
122.950,-0.403,-0.563
123.000,-0.403,-0.564
123.050,-0.402,-0.563
123.100,-0.402,-0.563
123.150,-0.401,-0.563
123.200,-0.399,-0.563
123.250,-0.397,-0.562
123.300,-0.396,-0.562
123.350,-0.394,-0.561
123.400,-0.392,-0.561
123.450,-0.390,-0.560
123.500,-0.387,-0.560
123.550,-0.384,-0.559
123.600,-0.381,-0.558
123.650,-0.378,-0.557
123.700,-0.376,-0.557
123.750,-0.375,-0.557
123.800,-0.375,-0.557
123.850,-0.373,-0.556
123.900,-0.373,-0.556
123.950,-0.371,-0.556
124.000,-0.369,-0.556
124.050,-0.367,-0.555
124.100,-0.365,-0.554
124.150,-0.363,-0.553
124.200,-0.361,-0.553
124.250,-0.358,-0.552
124.300,-0.354,-0.552
124.350,-0.351,-0.550
124.400,-0.349,-0.550
124.450,-0.348,-0.550
124.500,-0.348,-0.550
124.550,-0.347,-0.549
124.600,-0.347,-0.549
124.650,-0.345,-0.549
124.700,-0.342,-0.548
124.750,-0.340,-0.547
124.800,-0.336,-0.547
124.850,-0.333,-0.545
124.900,-0.329,-0.545
124.950,-0.326,-0.543
125.000,-0.324,-0.543
125.050,-0.322,-0.542
125.100,-0.321,-0.542
125.150,-0.319,-0.541
125.200,-0.319,-0.541
125.250,-0.318,-0.540
125.300,-0.318,-0.541
125.350,-0.317,-0.540
125.400,-0.316,-0.540
125.450,-0.315,-0.539
125.500,-0.313,-0.539
125.550,-0.312,-0.539
125.600,-0.311,-0.538
125.650,-0.310,-0.538
125.700,-0.308,-0.538
125.750,-0.307,-0.537
125.800,-0.305,-0.537
125.850,-0.305,-0.536
125.900,-0.304,-0.536
125.950,-0.303,-0.535
126.000,-0.304,-0.536
126.050,-0.303,-0.535
126.100,-0.302,-0.536
126.150,-0.301,-0.535
126.200,-0.299,-0.534
126.250,-0.298,-0.534
126.300,-0.296,-0.534
126.350,-0.295,-0.533
126.400,-0.294,-0.533
126.450,-0.292,-0.532
126.500,-0.289,-0.531
126.550,-0.286,-0.530
126.600,-0.284,-0.529
126.650,-0.283,-0.529
126.700,-0.283,-0.529
126.750,-0.282,-0.528
126.800,-0.282,-0.528
126.850,-0.282,-0.528
126.900,-0.282,-0.528
126.950,-0.280,-0.527
127.000,-0.279,-0.527
127.050,-0.277,-0.526
127.100,-0.276,-0.526
127.150,-0.274,-0.525
127.200,-0.273,-0.525
127.250,-0.271,-0.524
127.300,-0.270,-0.524
127.350,-0.269,-0.523
127.400,-0.267,-0.523
127.450,-0.265,-0.522
127.500,-0.263,-0.521
127.550,-0.261,-0.520
127.600,-0.259,-0.520
127.650,-0.258,-0.519
127.700,-0.257,-0.519
127.750,-0.256,-0.518
127.800,-0.254,-0.517
127.850,-0.253,-0.517
127.900,-0.252,-0.517
127.950,-0.251,-0.516
128.000,-0.249,-0.515
128.050,-0.247,-0.514
128.100,-0.244,-0.514
128.150,-0.242,-0.512
128.200,-0.241,-0.512
128.250,-0.239,-0.511
128.300,-0.238,-0.511
128.350,-0.237,-0.510
128.400,-0.236,-0.509
128.450,-0.235,-0.509
128.500,-0.235,-0.509
128.550,-0.234,-0.508
128.600,-0.233,-0.508
128.650,-0.231,-0.507
128.700,-0.230,-0.507
128.750,-0.227,-0.506
128.800,-0.225,-0.505
128.850,-0.224,-0.504
128.900,-0.221,-0.503
128.950,-0.218,-0.502
129.000,-0.215,-0.501
129.050,-0.213,-0.499
129.100,-0.211,-0.498
129.150,-0.209,-0.497
129.200,-0.208,-0.497
129.250,-0.207,-0.496
129.300,-0.206,-0.495
129.350,-0.205,-0.495
129.400,-0.204,-0.494
129.450,-0.204,-0.494
129.500,-0.203,-0.494
129.550,-0.201,-0.493
129.600,-0.199,-0.492
129.650,-0.198,-0.491
129.700,-0.196,-0.491
129.750,-0.194,-0.489
129.800,-0.193,-0.489
129.850,-0.191,-0.488
129.900,-0.189,-0.487
129.950,-0.187,-0.486
130.000,-0.184,-0.484
130.050,-0.182,-0.483
130.100,-0.180,-0.482
130.150,-0.179,-0.481
130.200,-0.177,-0.480
130.250,-0.177,-0.480
130.300,-0.176,-0.479
130.350,-0.175,-0.478
130.400,-0.175,-0.479
130.450,-0.175,-0.478
130.500,-0.174,-0.478
130.550,-0.173,-0.477
130.600,-0.171,-0.477
130.650,-0.169,-0.476
130.700,-0.167,-0.475
130.750,-0.164,-0.473
130.800,-0.162,-0.472
130.850,-0.161,-0.471
130.900,-0.160,-0.470
130.950,-0.159,-0.469
131.000,-0.158,-0.469
131.050,-0.157,-0.469
131.100,-0.157,-0.468
131.150,-0.156,-0.467
131.200,-0.154,-0.467
131.250,-0.152,-0.466
131.300,-0.150,-0.464
131.350,-0.148,-0.463
131.400,-0.146,-0.462
131.450,-0.145,-0.461
131.500,-0.144,-0.461
131.550,-0.143,-0.460
131.600,-0.142,-0.459
131.650,-0.142,-0.459
131.700,-0.141,-0.459
131.750,-0.141,-0.458
131.800,-0.139,-0.458
131.850,-0.137,-0.456
131.900,-0.135,-0.455
131.950,-0.133,-0.454
132.000,-0.131,-0.453
132.050,-0.129,-0.452
132.100,-0.127,-0.450
132.150,-0.126,-0.449
132.200,-0.124,-0.448
132.250,-0.121,-0.446
132.300,-0.117,-0.444
132.350,-0.115,-0.442
132.400,-0.113,-0.441
132.450,-0.111,-0.439
132.500,-0.110,-0.438
132.550,-0.109,-0.437
132.600,-0.108,-0.437
132.650,-0.107,-0.436
132.700,-0.106,-0.435
132.750,-0.105,-0.434
132.800,-0.103,-0.433
132.850,-0.101,-0.432
132.900,-0.100,-0.431
132.950,-0.098,-0.429
133.000,-0.096,-0.428
133.050,-0.094,-0.427
133.100,-0.091,-0.425
133.150,-0.090,-0.424
133.200,-0.087,-0.422
133.250,-0.085,-0.420
133.300,-0.084,-0.419
133.350,-0.083,-0.418
133.400,-0.081,-0.417
133.450,-0.079,-0.415
133.500,-0.077,-0.414
133.550,-0.075,-0.412
133.600,-0.074,-0.411
133.650,-0.072,-0.410
133.700,-0.070,-0.408
133.750,-0.068,-0.406
133.800,-0.066,-0.405
133.850,-0.064,-0.403
133.900,-0.062,-0.402
133.950,-0.061,-0.400
134.000,-0.060,-0.399
134.050,-0.060,-0.398
134.100,-0.059,-0.398
134.150,-0.058,-0.397
134.200,-0.057,-0.396
134.250,-0.056,-0.395
134.300,-0.055,-0.395
134.350,-0.053,-0.393
134.400,-0.052,-0.392
134.450,-0.050,-0.390
134.500,-0.049,-0.389
134.550,-0.048,-0.388
134.600,-0.047,-0.387
134.650,-0.045,-0.386
134.700,-0.044,-0.385
134.750,-0.043,-0.384
134.800,-0.042,-0.382
134.850,-0.040,-0.381
134.900,-0.038,-0.380
134.950,-0.036,-0.378
135.000,-0.035,-0.376
135.050,-0.033,-0.375
135.100,-0.032,-0.373
135.150,-0.031,-0.372
135.200,-0.030,-0.371
135.250,-0.030,-0.370
135.300,-0.029,-0.370
135.350,-0.029,-0.369
135.400,-0.028,-0.368
135.450,-0.027,-0.367
135.500,-0.025,-0.366
135.550,-0.024,-0.364
135.600,-0.022,-0.363
135.650,-0.021,-0.361
135.700,-0.019,-0.359
135.750,-0.018,-0.358
135.800,-0.017,-0.357
135.850,-0.016,-0.355
135.900,-0.015,-0.354
135.950,-0.014,-0.353
136.000,-0.013,-0.352
136.050,-0.011,-0.350
136.100,-0.011,-0.349
136.150,-0.010,-0.348
136.200,-0.010,-0.347
136.250,-0.009,-0.346
136.300,-0.007,-0.345
136.350,-0.006,-0.343
136.400,-0.005,-0.342
136.450,-0.004,-0.341
136.500,-0.004,-0.340
136.550,-0.003,-0.339
136.600,-0.003,-0.338
136.650,-0.002,-0.338
136.700,-0.002,-0.337
136.750,-0.001,-0.336
136.800,-8.783E-4,-0.336
136.850,-5.609E-4,-0.335
136.900,-6.158E-4,-0.335
136.950,-3.253E-4,-0.334
137.000,1.105E-4,-0.334
137.050,1.007E-4,-0.334
137.100,3.583E-4,-0.334
137.150,3.876E-4,-0.333
137.200,7.587E-4,-0.333
137.250,5.402E-4,-0.333
137.300,0.001,-0.333
137.350,0.001,-0.332
137.400,9.979E-4,-0.332
137.450,0.001,-0.332
137.500,0.001,-0.332
137.550,0.001,-0.332
137.600,0.001,-0.332
137.650,0.002,-0.331
137.700,0.002,-0.331
137.750,0.002,-0.331
137.800,0.002,-0.331
137.850,0.002,-0.331
137.900,0.002,-0.331
137.950,0.002,-0.330
138.000,0.002,-0.331
138.050,0.003,-0.330
138.100,0.003,-0.330
138.150,0.004,-0.329
138.200,0.004,-0.329
138.250,0.005,-0.328
138.300,0.006,-0.327
138.350,0.006,-0.326
138.400,0.007,-0.325
138.450,0.008,-0.323
138.500,0.009,-0.322
138.550,0.010,-0.321
138.600,0.010,-0.320
138.650,0.011,-0.319
138.700,0.011,-0.319
138.750,0.012,-0.317
138.800,0.013,-0.316
138.850,0.014,-0.315
138.900,0.014,-0.314
138.950,0.015,-0.312
139.000,0.015,-0.312
139.050,0.016,-0.310
139.100,0.016,-0.310
139.150,0.016,-0.309
139.200,0.017,-0.308
139.250,0.017,-0.307
139.300,0.017,-0.307
139.350,0.018,-0.306
139.400,0.019,-0.305
139.450,0.019,-0.304
139.500,0.020,-0.302
139.550,0.021,-0.301
139.600,0.021,-0.300
139.650,0.023,-0.298
139.700,0.024,-0.297
139.750,0.024,-0.294
139.800,0.025,-0.293
139.850,0.026,-0.291
139.900,0.027,-0.289
139.950,0.027,-0.288
140.000,0.028,-0.286
140.050,0.028,-0.284
140.100,0.029,-0.283
140.150,0.030,-0.281
140.200,0.030,-0.279
140.250,0.031,-0.277
140.300,0.032,-0.275
140.350,0.032,-0.273
140.400,0.033,-0.271
140.450,0.034,-0.268
140.500,0.035,-0.265
140.550,0.035,-0.262
140.600,0.036,-0.260
140.650,0.037,-0.257
140.700,0.037,-0.255
140.750,0.038,-0.251
140.800,0.038,-0.249
140.850,0.039,-0.245
140.900,0.040,-0.242
140.950,0.041,-0.238
141.000,0.042,-0.234
141.050,0.042,-0.230
141.100,0.043,-0.227
141.150,0.043,-0.223
141.200,0.044,-0.221
141.250,0.045,-0.217
141.300,0.045,-0.214
141.350,0.046,-0.210
141.400,0.047,-0.207
141.450,0.048,-0.202
141.500,0.049,-0.198
141.550,0.050,-0.193
141.600,0.051,-0.189
141.650,0.052,-0.183
141.700,0.053,-0.179
141.750,0.054,-0.174
141.800,0.056,-0.169
141.850,0.056,-0.164
141.900,0.057,-0.160
141.950,0.059,-0.154
142.000,0.060,-0.149
142.050,0.061,-0.144
142.100,0.063,-0.139
142.150,0.064,-0.134
142.200,0.065,-0.129
142.250,0.066,-0.123
142.300,0.068,-0.119
142.350,0.069,-0.113
142.400,0.070,-0.109
142.450,0.071,-0.104
142.500,0.071,-0.101
142.550,0.073,-0.096
142.600,0.074,-0.093
142.650,0.075,-0.088
142.700,0.077,-0.084
142.750,0.078,-0.079
142.800,0.080,-0.075
142.850,0.081,-0.070
142.900,0.082,-0.067
142.950,0.084,-0.062
143.000,0.085,-0.059
143.050,0.087,-0.054
143.100,0.087,-0.051
143.150,0.089,-0.047
143.200,0.090,-0.044
143.250,0.091,-0.040
143.300,0.093,-0.037
143.350,0.094,-0.034
143.400,0.095,-0.031
143.450,0.097,-0.027
143.500,0.098,-0.024
143.550,0.100,-0.021
143.600,0.101,-0.019
143.650,0.103,-0.015
143.700,0.104,-0.013
143.750,0.105,-0.009
143.800,0.106,-0.007
143.850,0.108,-0.004
143.900,0.109,-0.003
143.950,0.110,1.890E-4
144.000,0.111,0.002
144.050,0.112,0.004
144.100,0.114,0.006
144.150,0.115,0.009
144.200,0.116,0.010
144.250,0.117,0.012
144.300,0.118,0.014
144.350,0.119,0.016
144.400,0.121,0.018
144.450,0.121,0.020
144.500,0.122,0.021
144.550,0.123,0.022
144.600,0.124,0.023
144.650,0.124,0.025
144.700,0.125,0.026
144.750,0.126,0.027
144.800,0.126,0.027
144.850,0.128,0.029
144.900,0.129,0.030
144.950,0.130,0.032
145.000,0.132,0.033
145.050,0.133,0.035
145.100,0.135,0.037
145.150,0.137,0.040
145.200,0.138,0.041
145.250,0.139,0.043
145.300,0.140,0.044
145.350,0.141,0.046
145.400,0.142,0.047
145.450,0.143,0.048
145.500,0.144,0.049
145.550,0.146,0.051
145.600,0.147,0.052
145.650,0.148,0.054
145.700,0.150,0.055
145.750,0.152,0.058
145.800,0.153,0.059
145.850,0.155,0.061
145.900,0.157,0.063
145.950,0.158,0.065
146.000,0.160,0.066
146.050,0.161,0.068
146.100,0.161,0.068
146.150,0.163,0.070
146.200,0.163,0.070
146.250,0.165,0.072
146.300,0.167,0.073
146.350,0.168,0.075
146.400,0.171,0.077
146.450,0.172,0.079
146.500,0.174,0.080
146.550,0.175,0.082
146.600,0.176,0.082
146.650,0.177,0.084
146.700,0.177,0.084
146.750,0.179,0.086
146.800,0.180,0.086
146.850,0.182,0.088
146.900,0.184,0.089
146.950,0.186,0.091
147.000,0.187,0.092
147.050,0.189,0.094
147.100,0.191,0.095
147.150,0.193,0.097
147.200,0.194,0.098
147.250,0.195,0.100
147.300,0.196,0.100
147.350,0.197,0.102
147.400,0.198,0.102
147.450,0.199,0.103
147.500,0.199,0.103
147.550,0.200,0.104
147.600,0.201,0.104
147.650,0.202,0.106
147.700,0.204,0.106
147.750,0.205,0.107
147.800,0.206,0.108
147.850,0.207,0.109
147.900,0.208,0.109
147.950,0.208,0.111
148.000,0.209,0.111
148.050,0.211,0.112
148.100,0.213,0.113
148.150,0.215,0.115
148.200,0.216,0.115
148.250,0.217,0.117
148.300,0.218,0.117
148.350,0.218,0.118
148.400,0.219,0.118
148.450,0.220,0.119
148.500,0.221,0.119
148.550,0.223,0.121
148.600,0.224,0.121
148.650,0.227,0.123
148.700,0.229,0.124
148.750,0.231,0.126
148.800,0.234,0.127
148.850,0.236,0.130
148.900,0.239,0.131
148.950,0.242,0.133
149.000,0.245,0.134
149.050,0.249,0.137
149.100,0.253,0.139
149.150,0.256,0.142
149.200,0.259,0.143
149.250,0.262,0.146
149.300,0.264,0.147
149.350,0.266,0.148
149.400,0.267,0.149
149.450,0.268,0.150
149.500,0.269,0.150
149.550,0.270,0.151
149.600,0.271,0.151
149.650,0.272,0.152
149.700,0.273,0.153
149.750,0.273,0.153
149.800,0.274,0.153
149.850,0.275,0.154
149.900,0.276,0.154
149.950,0.277,0.155
150.000,0.280,0.156
150.050,0.282,0.157
150.100,0.284,0.158
150.150,0.286,0.160
150.200,0.288,0.160
150.250,0.290,0.162
150.300,0.292,0.162
150.350,0.294,0.164
150.400,0.296,0.165
150.450,0.297,0.166
150.500,0.298,0.166
150.550,0.299,0.167
150.600,0.300,0.167
150.650,0.302,0.168
150.700,0.304,0.169
150.750,0.305,0.170
150.800,0.307,0.170
150.850,0.309,0.171
150.900,0.311,0.172
150.950,0.312,0.173
151.000,0.313,0.173
151.050,0.315,0.175
151.100,0.317,0.175
151.150,0.318,0.176
151.200,0.319,0.176
151.250,0.320,0.177
151.300,0.321,0.177
151.350,0.321,0.178
151.400,0.321,0.178
151.450,0.322,0.178
151.500,0.323,0.178
151.550,0.324,0.179
151.600,0.326,0.179
151.650,0.328,0.181
151.700,0.329,0.181
151.750,0.331,0.182
151.800,0.331,0.182
151.850,0.332,0.183
151.900,0.333,0.183
151.950,0.333,0.183
152.000,0.334,0.183
152.050,0.335,0.184
152.100,0.337,0.184
152.150,0.339,0.186
152.200,0.342,0.186
152.250,0.343,0.187
152.300,0.345,0.188
152.350,0.347,0.189
152.400,0.349,0.189
152.450,0.350,0.190
152.500,0.350,0.190
152.550,0.351,0.191
152.600,0.352,0.191
152.650,0.354,0.192
152.700,0.356,0.192
152.750,0.359,0.193
152.800,0.362,0.194
152.850,0.365,0.196
152.900,0.367,0.196
152.950,0.370,0.198
153.000,0.372,0.198
153.050,0.373,0.199
153.100,0.375,0.199
153.150,0.376,0.201
153.200,0.378,0.201
153.250,0.378,0.201
153.300,0.379,0.202
153.350,0.380,0.202
153.400,0.381,0.202
153.450,0.383,0.203
153.500,0.384,0.203
153.550,0.386,0.204
153.600,0.389,0.205
153.650,0.391,0.206
153.700,0.393,0.206
153.750,0.394,0.207
153.800,0.394,0.207
153.850,0.395,0.207
153.900,0.396,0.207
153.950,0.397,0.208
154.000,0.399,0.208
154.050,0.401,0.209
154.100,0.402,0.209
154.150,0.405,0.210
154.200,0.407,0.211
154.250,0.408,0.212
154.300,0.410,0.212
154.350,0.412,0.213
154.400,0.414,0.213
154.450,0.415,0.214
154.500,0.417,0.214
154.550,0.420,0.215
154.600,0.422,0.216
154.650,0.425,0.217
154.700,0.426,0.217
154.750,0.428,0.218
154.800,0.428,0.218
154.850,0.429,0.219
154.900,0.430,0.218
154.950,0.431,0.219
155.000,0.432,0.219
155.050,0.433,0.220
155.100,0.434,0.220
155.150,0.434,0.220
155.200,0.434,0.220
155.250,0.434,0.220
155.300,0.434,0.220
155.350,0.435,0.220
155.400,0.436,0.220
155.450,0.437,0.221
155.500,0.438,0.221
155.550,0.439,0.221
155.600,0.441,0.221
155.650,0.443,0.222
155.700,0.444,0.222
155.750,0.446,0.223
155.800,0.447,0.224
155.850,0.448,0.224
155.900,0.449,0.224
155.950,0.450,0.225
156.000,0.450,0.224
156.050,0.451,0.225
156.100,0.452,0.225
156.150,0.453,0.226
156.200,0.454,0.225
156.250,0.455,0.226
156.300,0.456,0.226
156.350,0.457,0.226
156.400,0.457,0.226
156.450,0.458,0.227
156.500,0.459,0.227
156.550,0.459,0.227
156.600,0.459,0.227
156.650,0.460,0.227
156.700,0.462,0.227
156.750,0.463,0.228
156.800,0.464,0.228
156.850,0.466,0.229
156.900,0.468,0.229
156.950,0.469,0.230
157.000,0.470,0.230
157.050,0.471,0.230
157.100,0.473,0.230
157.150,0.474,0.231
157.200,0.475,0.231
157.250,0.477,0.231
157.300,0.479,0.232
157.350,0.482,0.233
157.400,0.484,0.233
157.450,0.485,0.234
157.500,0.486,0.234
157.550,0.487,0.234
157.600,0.488,0.234
157.650,0.488,0.235
157.700,0.489,0.234
157.750,0.489,0.235
157.800,0.490,0.235
157.850,0.490,0.235
157.900,0.490,0.235
157.950,0.490,0.235
158.000,0.490,0.235
158.050,0.491,0.235
158.100,0.492,0.235
158.150,0.494,0.236
158.200,0.496,0.236
158.250,0.499,0.237
158.300,0.503,0.237
158.350,0.504,0.238
158.400,0.505,0.238
158.450,0.506,0.239
158.500,0.506,0.238
158.550,0.507,0.239
158.600,0.507,0.239
158.650,0.509,0.239
158.700,0.511,0.240
158.750,0.513,0.240
158.800,0.515,0.240
158.850,0.517,0.241
158.900,0.518,0.241
158.950,0.521,0.242
159.000,0.524,0.242
159.050,0.527,0.243
159.100,0.531,0.244
159.150,0.534,0.245
159.200,0.536,0.245
159.250,0.537,0.245
159.300,0.538,0.245
159.350,0.540,0.246
159.400,0.541,0.246
159.450,0.541,0.246
159.500,0.542,0.246
159.550,0.543,0.247
159.600,0.543,0.246
159.650,0.545,0.247
159.700,0.547,0.247
159.750,0.548,0.247
159.800,0.549,0.247
159.850,0.550,0.248
159.900,0.550,0.248
159.950,0.551,0.248
160.000,0.552,0.248
160.050,0.557,0.249
160.100,0.561,0.250
160.150,0.564,0.250
160.200,0.565,0.251
160.250,0.567,0.251
160.300,0.568,0.251
160.350,0.569,0.251
160.400,0.569,0.252
160.450,0.570,0.252
160.500,0.571,0.252
160.550,0.572,0.252
160.600,0.575,0.253
160.650,0.577,0.253
160.700,0.581,0.253
160.750,0.585,0.254
160.800,0.587,0.255
160.850,0.590,0.255
160.900,0.594,0.256
160.950,0.599,0.256
161.000,0.604,0.257
161.050,0.609,0.258
161.100,0.612,0.259
161.150,0.614,0.259
161.200,0.614,0.259
161.250,0.615,0.259
161.300,0.616,0.260
161.350,0.616,0.260
161.400,0.616,0.259
161.450,0.617,0.260
161.500,0.618,0.260
161.550,0.620,0.260
161.600,0.623,0.261
161.650,0.625,0.261
161.700,0.628,0.261
161.750,0.631,0.262
161.800,0.633,0.262
161.850,0.634,0.262
161.900,0.635,0.262
161.950,0.635,0.262
162.000,0.635,0.263
162.050,0.636,0.263
162.100,0.636,0.263
162.150,0.637,0.262
162.200,0.640,0.263
162.250,0.643,0.263
162.300,0.647,0.264
162.350,0.652,0.265
162.400,0.655,0.265
162.450,0.657,0.265
162.500,0.661,0.266
162.550,0.665,0.267
162.600,0.668,0.267
162.650,0.672,0.267
162.700,0.675,0.268
162.750,0.679,0.268
162.800,0.681,0.269
162.850,0.684,0.269
162.900,0.687,0.270
162.950,0.689,0.270
163.000,0.691,0.270
163.050,0.693,0.270
163.100,0.694,0.271
163.150,0.694,0.270
163.200,0.694,0.271
163.250,0.694,0.271
163.300,0.695,0.271
163.350,0.696,0.271
163.400,0.696,0.271
163.450,0.697,0.271
163.500,0.699,0.271
163.550,0.701,0.271
163.600,0.702,0.272
163.650,0.703,0.272
163.700,0.704,0.272
163.750,0.705,0.272
163.800,0.706,0.272
163.850,0.708,0.272
163.900,0.709,0.273
163.950,0.710,0.273
164.000,0.711,0.273
164.050,0.713,0.273
164.100,0.715,0.273
164.150,0.718,0.273
164.200,0.720,0.274
164.250,0.721,0.274
164.300,0.721,0.274
164.350,0.721,0.274
164.400,0.722,0.274
164.450,0.725,0.274
164.500,0.729,0.275
164.550,0.731,0.275
164.600,0.734,0.276
164.650,0.736,0.275
164.700,0.739,0.276
164.750,0.742,0.276
164.800,0.746,0.277
164.850,0.749,0.277
164.900,0.750,0.277
164.950,0.751,0.277
165.000,0.752,0.278
165.050,0.754,0.278
165.100,0.754,0.278
165.150,0.754,0.278
165.200,0.755,0.278
165.250,0.754,0.278
165.300,0.755,0.278
165.350,0.756,0.278
165.400,0.758,0.279
165.450,0.762,0.279
165.500,0.767,0.279
165.550,0.770,0.279
165.600,0.771,0.280
165.650,0.771,0.279
165.700,0.772,0.280
165.750,0.773,0.280
165.800,0.775,0.280
165.850,0.777,0.280
165.900,0.780,0.281
165.950,0.786,0.281
166.000,0.792,0.282
166.050,0.796,0.282
166.100,0.799,0.283
166.150,0.802,0.283
166.200,0.805,0.284
166.250,0.810,0.284
166.300,0.814,0.285
166.350,0.815,0.284
166.400,0.816,0.285
166.450,0.816,0.284
166.500,0.816,0.285
166.550,0.817,0.284
166.600,0.817,0.285
166.650,0.818,0.285
166.700,0.819,0.285
166.750,0.820,0.284
166.800,0.821,0.285
166.850,0.821,0.285
166.900,0.823,0.285
166.950,0.824,0.285
167.000,0.825,0.285
167.050,0.828,0.285
167.100,0.831,0.286
167.150,0.834,0.286
167.200,0.837,0.287
167.250,0.838,0.286
167.300,0.839,0.287
167.350,0.840,0.286
167.400,0.840,0.287
167.450,0.841,0.287
167.500,0.843,0.287
167.550,0.845,0.287
167.600,0.847,0.288
167.650,0.849,0.287
167.700,0.851,0.288
167.750,0.854,0.288
167.800,0.858,0.288
167.850,0.860,0.288
167.900,0.862,0.289
167.950,0.866,0.289
168.000,0.867,0.290
168.050,0.868,0.289
168.100,0.869,0.290
168.150,0.869,0.289
168.200,0.870,0.290
168.250,0.870,0.289
168.300,0.871,0.290
168.350,0.873,0.289
168.400,0.873,0.290
168.450,0.875,0.290
168.500,0.876,0.290
168.550,0.877,0.290
168.600,0.877,0.290
168.650,0.878,0.290
168.700,0.878,0.290
168.750,0.879,0.290
168.800,0.878,0.290
168.850,0.880,0.290
168.900,0.883,0.291
168.950,0.885,0.290
169.000,0.890,0.292
169.050,0.893,0.291
169.100,0.895,0.292
169.150,0.896,0.292
169.200,0.896,0.292
169.250,0.896,0.292
169.300,0.895,0.292
169.350,0.895,0.292
169.400,0.896,0.292
169.450,0.898,0.291
169.500,0.899,0.293
169.550,0.901,0.292
169.600,0.905,0.293
169.650,0.909,0.293
169.700,0.913,0.294
169.750,0.917,0.293
169.800,0.919,0.294
169.850,0.921,0.294
169.900,0.921,0.294
169.950,0.922,0.293
170.000,0.922,0.294
170.050,0.924,0.294
170.100,0.929,0.295
170.150,0.933,0.294
170.200,0.937,0.295
170.250,0.939,0.295
170.300,0.939,0.296
170.350,0.939,0.295
170.400,0.940,0.296
170.450,0.940,0.295
170.500,0.945,0.296
170.550,0.954,0.296
170.600,0.963,0.298
170.650,0.968,0.298
170.700,0.970,0.298
170.750,0.970,0.297
170.800,0.971,0.298
170.850,0.971,0.298
170.900,0.971,0.298
170.950,0.971,0.298
171.000,0.972,0.298
171.050,0.973,0.298
171.100,0.974,0.298
171.150,0.976,0.298
171.200,0.978,0.299
171.250,0.979,0.298
171.300,0.982,0.299
171.350,0.986,0.299
171.400,0.989,0.299
171.450,0.992,0.299
171.500,0.994,0.300
171.550,0.996,0.299
171.600,0.999,0.300
171.650,1.001,0.300
171.700,1.001,0.301
171.750,1.001,0.300
171.800,1.002,0.301
171.850,1.002,0.300
171.900,1.003,0.301
171.950,1.005,0.300
172.000,1.006,0.301
172.050,1.010,0.301
172.100,1.017,0.302
172.150,1.019,0.301
172.200,1.020,0.302
172.250,1.021,0.301
172.300,1.020,0.302
172.350,1.021,0.301
172.400,1.021,0.302
172.450,1.021,0.301
172.500,1.021,0.302
172.550,1.022,0.301
172.600,1.025,0.302
172.650,1.028,0.302
172.700,1.032,0.303
172.750,1.036,0.302
172.800,1.040,0.303
172.850,1.042,0.303
172.900,1.042,0.304
172.950,1.042,0.303
173.000,1.042,0.304
173.050,1.042,0.303
173.100,1.042,0.304
173.150,1.044,0.303
173.200,1.048,0.304
173.250,1.051,0.303
173.300,1.052,0.304
173.350,1.052,0.304
173.400,1.053,0.304
173.450,1.053,0.303
173.500,1.053,0.304
173.550,1.053,0.303
173.600,1.053,0.304
173.650,1.053,0.303
173.700,1.053,0.304
173.750,1.053,0.303
173.800,1.053,0.304
173.850,1.053,0.304
173.900,1.053,0.304
173.950,1.053,0.303
174.000,1.053,0.304
174.050,1.053,0.303
174.100,1.054,0.304
174.150,1.054,0.303
174.200,1.054,0.304
174.250,1.055,0.303
174.300,1.055,0.304
174.350,1.056,0.303
174.400,1.056,0.304
174.450,1.056,0.304
174.500,1.056,0.304
174.550,1.056,0.303
174.600,1.056,0.305
174.650,1.054,0.304
174.700,1.053,0.304
174.750,1.053,0.303
174.800,1.052,0.304
174.850,1.050,0.303
174.900,1.048,0.304
174.950,1.045,0.303
175.000,1.045,0.304
175.050,1.045,0.303
175.100,1.044,0.303
175.150,1.044,0.303
175.200,1.043,0.304
175.250,1.042,0.303
175.300,1.041,0.304
175.350,1.038,0.303
175.400,1.036,0.303
175.450,1.035,0.303
175.500,1.035,0.304
175.550,1.034,0.303
175.600,1.031,0.303
175.650,1.029,0.302
175.700,1.028,0.303
175.750,1.027,0.302
175.800,1.026,0.303
175.850,1.025,0.302
175.900,1.024,0.303
175.950,1.022,0.302
176.000,1.020,0.303
176.050,1.019,0.302
176.100,1.018,0.303
176.150,1.018,0.302
176.200,1.017,0.302
176.250,1.015,0.301
176.300,1.013,0.302
176.350,1.012,0.301
176.400,1.011,0.302
176.450,1.010,0.301
176.500,1.009,0.302
176.550,1.009,0.301
176.600,1.008,0.302
176.650,1.008,0.301
176.700,1.008,0.302
176.750,1.008,0.301
176.800,1.008,0.302
176.850,1.008,0.301
176.900,1.008,0.302
176.950,1.008,0.301
177.000,1.006,0.302
177.050,1.002,0.301
177.100,0.999,0.302
177.150,0.996,0.301
177.200,0.994,0.301
177.250,0.993,0.301
177.300,0.989,0.301
177.350,0.985,0.300
177.400,0.984,0.301
177.450,0.984,0.300
177.500,0.983,0.301
177.550,0.982,0.300
177.600,0.982,0.300
177.650,0.982,0.300
177.700,0.982,0.300
177.750,0.979,0.300
177.800,0.973,0.300
177.850,0.971,0.299
177.900,0.969,0.300
177.950,0.967,0.299
178.000,0.966,0.300
178.050,0.965,0.299
178.100,0.964,0.300
178.150,0.962,0.299
178.200,0.960,0.299
178.250,0.958,0.299
178.300,0.958,0.299
178.350,0.957,0.299
178.400,0.955,0.298
178.450,0.954,0.298
178.500,0.953,0.299
178.550,0.952,0.299
178.600,0.950,0.299
178.650,0.948,0.298
178.700,0.946,0.298
178.750,0.944,0.298
178.800,0.942,0.298
178.850,0.940,0.297
178.900,0.941,0.298
178.950,0.941,0.298
179.000,0.940,0.298
179.050,0.941,0.298
179.100,0.940,0.298
179.150,0.939,0.298
179.200,0.937,0.298
179.250,0.936,0.297
179.300,0.934,0.298
179.350,0.933,0.298
179.400,0.933,0.298
179.450,0.933,0.297
179.500,0.932,0.298
179.550,0.933,0.297
179.600,0.932,0.298
179.650,0.932,0.298
179.700,0.930,0.297
179.750,0.928,0.297
179.800,0.926,0.297
179.850,0.924,0.297
179.900,0.923,0.297
179.950,0.921,0.296
180.000,0.919,0.297
180.050,0.917,0.297
180.100,0.915,0.297
180.150,0.913,0.296
180.200,0.911,0.296
180.250,0.908,0.296
180.300,0.905,0.296
180.350,0.904,0.296
180.400,0.903,0.296
180.450,0.902,0.296
180.500,0.901,0.296
180.550,0.898,0.295
180.600,0.895,0.295
180.650,0.894,0.295
180.700,0.893,0.295
180.750,0.893,0.295
180.800,0.892,0.295
180.850,0.892,0.295
180.900,0.891,0.295
180.950,0.891,0.295
181.000,0.889,0.295
181.050,0.886,0.294
181.100,0.883,0.294
181.150,0.879,0.294
181.200,0.878,0.294
181.250,0.877,0.294
181.300,0.877,0.294
181.350,0.877,0.294
181.400,0.877,0.294
181.450,0.877,0.294
181.500,0.876,0.294
181.550,0.874,0.294
181.600,0.870,0.294
181.650,0.867,0.293
181.700,0.864,0.293
181.750,0.862,0.293
181.800,0.860,0.293
181.850,0.857,0.293
181.900,0.852,0.292
181.950,0.849,0.292
182.000,0.846,0.292
182.050,0.844,0.292
182.100,0.843,0.292
182.150,0.842,0.292
182.200,0.841,0.292
182.250,0.841,0.292
182.300,0.841,0.292
182.350,0.841,0.292
182.400,0.841,0.292
182.450,0.839,0.292
182.500,0.836,0.291
182.550,0.833,0.291
182.600,0.831,0.291
182.650,0.828,0.291
182.700,0.826,0.291
182.750,0.823,0.291
182.800,0.820,0.290
182.850,0.819,0.290
182.900,0.819,0.290
182.950,0.819,0.290
183.000,0.819,0.290
183.050,0.818,0.290
183.100,0.816,0.290
183.150,0.813,0.290
183.200,0.810,0.289
183.250,0.807,0.289
183.300,0.802,0.289
183.350,0.798,0.289
183.400,0.796,0.288
183.450,0.795,0.288
183.500,0.796,0.288
183.550,0.795,0.288
183.600,0.795,0.289
183.650,0.794,0.289
183.700,0.791,0.288
183.750,0.787,0.288
183.800,0.782,0.287
183.850,0.779,0.287
183.900,0.777,0.287
183.950,0.775,0.287
184.000,0.775,0.287
184.050,0.774,0.287
184.100,0.774,0.287
184.150,0.774,0.287
184.200,0.774,0.287
184.250,0.774,0.287
184.300,0.772,0.287
184.350,0.767,0.287
184.400,0.764,0.286
184.450,0.762,0.286
184.500,0.760,0.286
184.550,0.757,0.286
184.600,0.756,0.285
184.650,0.754,0.286
184.700,0.754,0.285
184.750,0.754,0.285
184.800,0.754,0.285
184.850,0.754,0.285
184.900,0.754,0.285
184.950,0.753,0.286
185.000,0.751,0.285
185.050,0.749,0.285
185.100,0.747,0.285
185.150,0.744,0.285
185.200,0.742,0.284
185.250,0.740,0.284
185.300,0.738,0.284
185.350,0.737,0.284
185.400,0.735,0.284
185.450,0.732,0.284
185.500,0.730,0.283
185.550,0.729,0.283
185.600,0.727,0.283
185.650,0.726,0.283
185.700,0.726,0.283
185.750,0.726,0.283
185.800,0.726,0.283
185.850,0.725,0.283
185.900,0.724,0.283
185.950,0.723,0.283
186.000,0.722,0.283
186.050,0.721,0.283
186.100,0.719,0.282
186.150,0.718,0.283
186.200,0.717,0.282
186.250,0.714,0.282
186.300,0.714,0.282
186.350,0.714,0.282
186.400,0.714,0.282
186.450,0.713,0.282
186.500,0.712,0.282
186.550,0.711,0.282
186.600,0.709,0.281
186.650,0.707,0.282
186.700,0.703,0.281
186.750,0.700,0.281
186.800,0.696,0.280
186.850,0.693,0.281
186.900,0.691,0.280
186.950,0.688,0.280
187.000,0.686,0.280
187.050,0.684,0.279
187.100,0.681,0.279
187.150,0.680,0.279
187.200,0.679,0.279
187.250,0.679,0.279
187.300,0.679,0.279
187.350,0.679,0.279
187.400,0.679,0.279
187.450,0.678,0.279
187.500,0.674,0.278
187.550,0.671,0.279
187.600,0.668,0.278
187.650,0.667,0.278
187.700,0.666,0.278
187.750,0.665,0.278
187.800,0.665,0.277
187.850,0.665,0.278
187.900,0.664,0.277
187.950,0.661,0.277
188.000,0.659,0.277
188.050,0.658,0.277
188.100,0.657,0.277
188.150,0.655,0.277
188.200,0.651,0.276
188.250,0.648,0.276
188.300,0.646,0.276
188.350,0.644,0.276
188.400,0.642,0.275
188.450,0.640,0.275
188.500,0.639,0.275
188.550,0.638,0.275
188.600,0.637,0.275
188.650,0.634,0.275
188.700,0.631,0.274
188.750,0.630,0.274
188.800,0.628,0.274
188.850,0.627,0.274
188.900,0.627,0.274
188.950,0.627,0.274
189.000,0.627,0.274
189.050,0.627,0.274
189.100,0.627,0.274
189.150,0.627,0.274
189.200,0.624,0.273
189.250,0.621,0.274
189.300,0.619,0.273
189.350,0.617,0.273
189.400,0.616,0.272
189.450,0.616,0.273
189.500,0.616,0.272
189.550,0.616,0.273
189.600,0.616,0.272
189.650,0.616,0.273
189.700,0.615,0.272
189.750,0.612,0.273
189.800,0.610,0.272
189.850,0.607,0.272
189.900,0.605,0.271
189.950,0.601,0.271
190.000,0.595,0.270
190.050,0.590,0.270
190.100,0.586,0.269
190.150,0.583,0.269
190.200,0.580,0.268
190.250,0.577,0.269
190.300,0.575,0.268
190.350,0.574,0.268
190.400,0.573,0.267
190.450,0.573,0.268
190.500,0.573,0.267
190.550,0.572,0.268
190.600,0.570,0.267
190.650,0.567,0.267
190.700,0.565,0.267
190.750,0.564,0.267
190.800,0.563,0.266
190.850,0.562,0.267
190.900,0.561,0.266
190.950,0.559,0.266
191.000,0.558,0.265
191.050,0.557,0.266
191.100,0.555,0.265
191.150,0.554,0.266
191.200,0.551,0.265
191.250,0.548,0.265
191.300,0.544,0.263
191.350,0.544,0.264
191.400,0.543,0.264
191.450,0.543,0.264
191.500,0.543,0.263
191.550,0.543,0.264
191.600,0.543,0.263
191.650,0.543,0.264
191.700,0.542,0.263
191.750,0.539,0.264
191.800,0.535,0.263
191.850,0.532,0.263
191.900,0.531,0.262
191.950,0.529,0.262
192.000,0.528,0.262
192.050,0.527,0.262
192.100,0.526,0.261
192.150,0.525,0.262
192.200,0.523,0.261
192.250,0.523,0.261
192.300,0.523,0.261
192.350,0.521,0.261
192.400,0.519,0.260
192.450,0.517,0.261
192.500,0.514,0.259
192.550,0.512,0.260
192.600,0.509,0.259
192.650,0.507,0.259
192.700,0.504,0.258
192.750,0.503,0.259
192.800,0.503,0.258
192.850,0.503,0.258
192.900,0.503,0.258
192.950,0.503,0.259
193.000,0.503,0.258
193.050,0.502,0.259
193.100,0.501,0.258
193.150,0.500,0.258
193.200,0.500,0.257
193.250,0.498,0.258
193.300,0.496,0.257
193.350,0.495,0.257
193.400,0.495,0.257
193.450,0.495,0.257
193.500,0.495,0.256
193.550,0.494,0.257
193.600,0.492,0.256
193.650,0.489,0.256
193.700,0.487,0.255
193.750,0.486,0.256
193.800,0.485,0.255
193.850,0.484,0.256
193.900,0.482,0.254
193.950,0.480,0.255
194.000,0.476,0.254
194.050,0.472,0.254
194.100,0.468,0.252
194.150,0.466,0.253
194.200,0.464,0.251
194.250,0.464,0.252
194.300,0.464,0.251
194.350,0.464,0.252
194.400,0.463,0.251
194.450,0.463,0.252
194.500,0.460,0.251
194.550,0.457,0.251
194.600,0.454,0.250
194.650,0.451,0.250
194.700,0.450,0.249
194.750,0.448,0.249
194.800,0.446,0.248
194.850,0.444,0.248
194.900,0.441,0.247
194.950,0.439,0.248
195.000,0.437,0.246
195.050,0.436,0.247
195.100,0.435,0.246
195.150,0.434,0.246
195.200,0.433,0.246
195.250,0.432,0.246
195.300,0.430,0.245
195.350,0.429,0.245
195.400,0.426,0.244
195.450,0.423,0.244
195.500,0.421,0.243
195.550,0.419,0.243
195.600,0.417,0.242
195.650,0.417,0.243
195.700,0.416,0.242
195.750,0.416,0.243
195.800,0.416,0.242
195.850,0.416,0.243
195.900,0.416,0.242
195.950,0.415,0.243
196.000,0.412,0.241
196.050,0.409,0.241
196.100,0.406,0.240
196.150,0.404,0.240
196.200,0.403,0.239
196.250,0.402,0.240
196.300,0.401,0.239
196.350,0.400,0.239
196.400,0.398,0.238
196.450,0.396,0.238
196.500,0.394,0.237
196.550,0.391,0.238
196.600,0.389,0.236
196.650,0.388,0.236
196.700,0.387,0.235
196.750,0.387,0.236
196.800,0.387,0.235
196.850,0.387,0.236
196.900,0.385,0.235
196.950,0.383,0.235
197.000,0.380,0.234
197.050,0.377,0.234
197.100,0.376,0.233
197.150,0.375,0.233
197.200,0.374,0.232
197.250,0.373,0.233
197.300,0.373,0.232
197.350,0.373,0.233
197.400,0.372,0.232
197.450,0.370,0.232
197.500,0.367,0.231
197.550,0.363,0.231
197.600,0.360,0.229
197.650,0.357,0.229
197.700,0.353,0.227
197.750,0.350,0.227
197.800,0.347,0.225
197.850,0.345,0.225
197.900,0.343,0.224
197.950,0.341,0.224
198.000,0.340,0.223
198.050,0.338,0.223
198.100,0.335,0.222
198.150,0.333,0.222
198.200,0.331,0.220
198.250,0.328,0.220
198.300,0.325,0.219
198.350,0.324,0.219
198.400,0.323,0.218
198.450,0.322,0.218
198.500,0.321,0.217
198.550,0.321,0.218
198.600,0.321,0.217
198.650,0.319,0.217
198.700,0.317,0.216
198.750,0.314,0.216
198.800,0.312,0.215
198.850,0.310,0.214
198.900,0.308,0.213
198.950,0.306,0.213
199.000,0.305,0.212
199.050,0.303,0.212
199.100,0.300,0.210
199.150,0.298,0.210
199.200,0.295,0.209
199.250,0.293,0.209
199.300,0.291,0.207
199.350,0.290,0.207
199.400,0.289,0.206
199.450,0.289,0.207
199.500,0.289,0.206
199.550,0.288,0.206
199.600,0.287,0.205
199.650,0.285,0.206
199.700,0.283,0.204
199.750,0.281,0.204
199.800,0.279,0.203
199.850,0.277,0.203
199.900,0.275,0.201
199.950,0.273,0.201
200.000,0.272,0.200
200.050,0.272,0.201
200.100,0.271,0.199
200.150,0.271,0.200
200.200,0.270,0.199
200.250,0.268,0.200
200.300,0.265,0.197
200.350,0.263,0.197
200.400,0.261,0.196
200.450,0.258,0.196
200.500,0.255,0.193
200.550,0.252,0.193
200.600,0.249,0.191
200.650,0.248,0.191
200.700,0.247,0.190
200.750,0.245,0.189
200.800,0.245,0.188
200.850,0.244,0.189
200.900,0.242,0.188
200.950,0.239,0.187
201.000,0.236,0.185
201.050,0.233,0.185
201.100,0.231,0.183
201.150,0.228,0.182
201.200,0.225,0.180
201.250,0.222,0.179
201.300,0.219,0.178
201.350,0.217,0.177
201.400,0.215,0.175
201.450,0.214,0.175
201.500,0.213,0.174
201.550,0.212,0.174
201.600,0.212,0.173
201.650,0.211,0.173
201.700,0.210,0.172
201.750,0.208,0.172
201.800,0.206,0.171
201.850,0.205,0.171
201.900,0.203,0.169
201.950,0.201,0.168
202.000,0.199,0.167
202.050,0.198,0.167
202.100,0.196,0.166
202.150,0.195,0.166
202.200,0.194,0.164
202.250,0.193,0.164
202.300,0.192,0.163
202.350,0.190,0.163
202.400,0.189,0.162
202.450,0.188,0.162
202.500,0.187,0.161
202.550,0.186,0.161
202.600,0.184,0.159
202.650,0.183,0.159
202.700,0.181,0.158
202.750,0.180,0.157
202.800,0.178,0.156
202.850,0.178,0.156
202.900,0.177,0.155
202.950,0.175,0.154
203.000,0.174,0.153
203.050,0.173,0.153
203.100,0.172,0.152
203.150,0.170,0.152
203.200,0.170,0.151
203.250,0.169,0.151
203.300,0.169,0.150
203.350,0.168,0.150
203.400,0.168,0.149
203.450,0.168,0.150
203.500,0.168,0.149
203.550,0.167,0.149
203.600,0.167,0.149
203.650,0.167,0.149
203.700,0.167,0.149
203.750,0.167,0.149
203.800,0.167,0.149
203.850,0.167,0.149
203.900,0.167,0.149
203.950,0.167,0.149
204.000,0.167,0.149
204.050,0.167,0.149
204.100,0.167,0.149
204.150,0.168,0.149
204.200,0.169,0.149
204.250,0.170,0.149
204.300,0.171,0.149
204.350,0.172,0.150
204.400,0.173,0.149
204.450,0.174,0.150
204.500,0.174,0.150
204.550,0.174,0.150
204.600,0.174,0.150
204.650,0.174,0.150
204.700,0.174,0.149
204.750,0.174,0.150
204.800,0.174,0.149
204.850,0.174,0.150
204.900,0.174,0.150
204.950,0.174,0.150
205.000,0.174,0.150
205.050,0.174,0.150
205.100,0.173,0.149
205.150,0.174,0.150
205.200,0.174,0.150
205.250,0.175,0.150
205.300,0.175,0.150
205.350,0.176,0.150
205.400,0.176,0.150
205.450,0.177,0.150
205.500,0.177,0.150
205.550,0.178,0.151
205.600,0.179,0.150
205.650,0.179,0.151
205.700,0.181,0.151
205.750,0.181,0.151
205.800,0.181,0.151
205.850,0.182,0.151
205.900,0.183,0.151
205.950,0.184,0.152
206.000,0.184,0.151
206.050,0.184,0.152
206.100,0.185,0.152
206.150,0.186,0.152
206.200,0.186,0.152
206.250,0.188,0.152
206.300,0.189,0.152
206.350,0.190,0.153
206.400,0.193,0.153
206.450,0.195,0.154
206.500,0.196,0.153
206.550,0.198,0.155
206.600,0.201,0.155
206.650,0.202,0.155
206.700,0.203,0.155
206.750,0.204,0.156
206.800,0.205,0.155
206.850,0.206,0.156
206.900,0.207,0.156
206.950,0.208,0.156
207.000,0.209,0.157
207.050,0.210,0.157
207.100,0.211,0.157
207.150,0.212,0.157
207.200,0.213,0.157
207.250,0.215,0.158
207.300,0.215,0.158
207.350,0.215,0.158
207.400,0.216,0.158
207.450,0.217,0.159
207.500,0.218,0.159
207.550,0.219,0.159
207.600,0.219,0.159
207.650,0.220,0.159
207.700,0.221,0.160
207.750,0.221,0.160
207.800,0.221,0.160
207.850,0.222,0.160
207.900,0.222,0.160
207.950,0.223,0.160
208.000,0.223,0.160
208.050,0.224,0.160
208.100,0.225,0.160
208.150,0.225,0.161
208.200,0.226,0.161
208.250,0.227,0.161
208.300,0.228,0.161
208.350,0.228,0.162
208.400,0.228,0.161
208.450,0.229,0.162
208.500,0.229,0.162
208.550,0.230,0.162
208.600,0.231,0.162
208.650,0.232,0.163
208.700,0.232,0.163
208.750,0.232,0.163
208.800,0.233,0.163
208.850,0.234,0.163
208.900,0.235,0.163
208.950,0.236,0.164
209.000,0.237,0.164
209.050,0.238,0.164
209.100,0.238,0.164
209.150,0.239,0.165
209.200,0.239,0.165
209.250,0.239,0.165
209.300,0.239,0.165
209.350,0.239,0.164
209.400,0.240,0.165
209.450,0.240,0.165
209.500,0.242,0.165
209.550,0.243,0.165
209.600,0.244,0.166
209.650,0.245,0.166
209.700,0.246,0.167
209.750,0.248,0.167
209.800,0.249,0.167
209.850,0.249,0.167
209.900,0.251,0.168
209.950,0.252,0.168
210.000,0.253,0.168
210.050,0.255,0.169
210.100,0.256,0.169
210.150,0.256,0.169
210.200,0.257,0.170
210.250,0.258,0.170
210.300,0.258,0.170
210.350,0.259,0.170
210.400,0.259,0.170
210.450,0.260,0.170
210.500,0.260,0.171
210.550,0.260,0.171
210.600,0.261,0.171
210.650,0.262,0.171
210.700,0.262,0.171
210.750,0.263,0.171
210.800,0.264,0.172
210.850,0.265,0.172
210.900,0.266,0.173
210.950,0.267,0.173
211.000,0.268,0.173
211.050,0.269,0.173
211.100,0.270,0.174
211.150,0.271,0.174
211.200,0.272,0.174
211.250,0.272,0.174
211.300,0.273,0.175
211.350,0.273,0.174
211.400,0.273,0.175
211.450,0.273,0.175
211.500,0.273,0.175
211.550,0.273,0.175
211.600,0.273,0.175
211.650,0.274,0.175
211.700,0.273,0.175
211.750,0.273,0.175
211.800,0.272,0.175
211.850,0.272,0.175
211.900,0.272,0.175
211.950,0.272,0.174
212.000,0.271,0.175
212.050,0.271,0.175
212.100,0.270,0.174
212.150,0.269,0.174
212.200,0.269,0.175
212.250,0.268,0.174
212.300,0.267,0.175
212.350,0.266,0.174
212.400,0.265,0.174
212.450,0.265,0.173
212.500,0.264,0.174
212.550,0.263,0.173
212.600,0.263,0.174
212.650,0.262,0.173
212.700,0.262,0.174
212.750,0.260,0.173
212.800,0.259,0.173
212.850,0.258,0.172
212.900,0.256,0.173
212.950,0.256,0.172
213.000,0.254,0.172
213.050,0.253,0.171
213.100,0.251,0.172
213.150,0.250,0.171
213.200,0.248,0.171
213.250,0.247,0.171
213.300,0.246,0.171
213.350,0.245,0.170
213.400,0.244,0.170
213.450,0.242,0.170
213.500,0.241,0.170
213.550,0.240,0.169
213.600,0.239,0.169
213.650,0.239,0.169
213.700,0.238,0.169
213.750,0.237,0.169
213.800,0.235,0.169
213.850,0.233,0.168
213.900,0.231,0.168
213.950,0.230,0.167
214.000,0.229,0.167
214.050,0.228,0.167
214.100,0.228,0.167
214.150,0.227,0.166
214.200,0.226,0.167
214.250,0.225,0.166
214.300,0.224,0.166
214.350,0.224,0.166
214.400,0.223,0.166
214.450,0.221,0.165
214.500,0.221,0.165
214.550,0.220,0.165
214.600,0.219,0.165
214.650,0.219,0.164
214.700,0.218,0.165
214.750,0.218,0.164
214.800,0.218,0.165
214.850,0.217,0.164
214.900,0.218,0.165
214.950,0.218,0.164
215.000,0.217,0.165
215.050,0.217,0.164
215.100,0.217,0.164
215.150,0.216,0.164
215.200,0.214,0.164
215.250,0.214,0.163
215.300,0.213,0.164
215.350,0.212,0.163
215.400,0.211,0.163
215.450,0.209,0.162
215.500,0.207,0.162
215.550,0.206,0.161
215.600,0.204,0.161
215.650,0.202,0.160
215.700,0.201,0.161
215.750,0.200,0.159
215.800,0.199,0.160
215.850,0.197,0.159
215.900,0.196,0.159
215.950,0.196,0.158
216.000,0.195,0.159
216.050,0.195,0.158
216.100,0.193,0.158
216.150,0.193,0.157
216.200,0.192,0.158
216.250,0.191,0.157
216.300,0.190,0.157
216.350,0.190,0.157
216.400,0.189,0.157
216.450,0.188,0.156
216.500,0.188,0.157
216.550,0.188,0.156
216.600,0.188,0.157
216.650,0.188,0.156
216.700,0.187,0.157
216.750,0.187,0.156
216.800,0.186,0.156
216.850,0.185,0.155
216.900,0.184,0.155
216.950,0.183,0.154
217.000,0.181,0.155
217.050,0.180,0.154
217.100,0.179,0.154
217.150,0.178,0.153
217.200,0.176,0.153
217.250,0.174,0.151
217.300,0.173,0.152
217.350,0.172,0.151
217.400,0.170,0.151
217.450,0.169,0.150
217.500,0.169,0.150
217.550,0.168,0.150
217.600,0.167,0.150
217.650,0.167,0.149
217.700,0.165,0.149
217.750,0.165,0.148
217.800,0.164,0.148
217.850,0.164,0.147
217.900,0.164,0.148
217.950,0.164,0.147
218.000,0.163,0.148
218.050,0.162,0.147
218.100,0.161,0.147
218.150,0.160,0.145
218.200,0.159,0.146
218.250,0.158,0.144
218.300,0.156,0.144
218.350,0.154,0.143
218.400,0.153,0.142
218.450,0.151,0.140
218.500,0.149,0.140
218.550,0.148,0.138
218.600,0.146,0.138
218.650,0.145,0.137
218.700,0.144,0.137
218.750,0.143,0.135
218.800,0.141,0.135
218.850,0.141,0.134
218.900,0.139,0.134
218.950,0.138,0.132
219.000,0.137,0.132
219.050,0.136,0.131
219.100,0.135,0.131
219.150,0.134,0.129
219.200,0.133,0.129
219.250,0.131,0.128
219.300,0.131,0.128
219.350,0.130,0.127
219.400,0.129,0.127
219.450,0.128,0.125
219.500,0.128,0.126
219.550,0.127,0.124
219.600,0.125,0.124
219.650,0.124,0.123
219.700,0.124,0.123
219.750,0.123,0.122
219.800,0.122,0.122
219.850,0.121,0.120
219.900,0.120,0.121
219.950,0.119,0.119
220.000,0.118,0.119
220.050,0.118,0.118
220.100,0.117,0.118
220.150,0.116,0.117
220.200,0.115,0.117
220.250,0.114,0.116
220.300,0.114,0.116
220.350,0.113,0.115
220.400,0.113,0.115
220.450,0.112,0.114
220.500,0.112,0.115
220.550,0.111,0.113
220.600,0.110,0.114
220.650,0.110,0.112
220.700,0.109,0.112
220.750,0.108,0.111
220.800,0.108,0.112
220.850,0.108,0.111
220.900,0.107,0.111
220.950,0.106,0.109
221.000,0.105,0.110
221.050,0.105,0.109
221.100,0.104,0.109
221.150,0.103,0.107
221.200,0.102,0.108
221.250,0.102,0.106
221.300,0.100,0.106
221.350,0.100,0.105
221.400,0.099,0.106
221.450,0.098,0.104
221.500,0.098,0.105
221.550,0.097,0.103
221.600,0.096,0.104
221.650,0.095,0.102
221.700,0.094,0.102
221.750,0.094,0.100
221.800,0.093,0.100
221.850,0.092,0.099
221.900,0.090,0.099
221.950,0.090,0.098
222.000,0.089,0.098
222.050,0.088,0.096
222.100,0.087,0.096
222.150,0.086,0.095
222.200,0.085,0.095
222.250,0.084,0.093
222.300,0.084,0.093
222.350,0.083,0.092
222.400,0.083,0.093
222.450,0.081,0.090
222.500,0.080,0.091
222.550,0.080,0.089
222.600,0.079,0.089
222.650,0.078,0.088
222.700,0.078,0.089
222.750,0.076,0.087
222.800,0.076,0.087
222.850,0.075,0.086
222.900,0.074,0.086
222.950,0.074,0.085
223.000,0.073,0.085
223.050,0.073,0.084
223.100,0.072,0.084
223.150,0.071,0.082
223.200,0.071,0.083
223.250,0.070,0.081
223.300,0.070,0.082
223.350,0.069,0.081
223.400,0.069,0.081
223.450,0.069,0.080
223.500,0.068,0.080
223.550,0.068,0.079
223.600,0.068,0.080
223.650,0.068,0.079
223.700,0.067,0.080
223.750,0.067,0.079
223.800,0.067,0.079
223.850,0.067,0.078
223.900,0.067,0.079
223.950,0.067,0.078
224.000,0.066,0.079
224.050,0.066,0.078
224.100,0.066,0.078
224.150,0.065,0.077
224.200,0.065,0.078
224.250,0.064,0.076
224.300,0.064,0.077
224.350,0.063,0.075
224.400,0.063,0.076
224.450,0.062,0.074
224.500,0.062,0.075
224.550,0.061,0.074
224.600,0.060,0.074
224.650,0.059,0.072
224.700,0.059,0.072
224.750,0.058,0.071
224.800,0.056,0.071
224.850,0.056,0.069
224.900,0.055,0.069
224.950,0.054,0.068
225.000,0.053,0.068
225.050,0.052,0.066
225.100,0.051,0.066
225.150,0.050,0.064
225.200,0.049,0.064
225.250,0.046,0.061
225.300,0.044,0.060
225.350,0.042,0.057
225.400,0.040,0.056
225.450,0.039,0.054
225.500,0.038,0.054
225.550,0.037,0.052
225.600,0.036,0.051
225.650,0.035,0.049
225.700,0.034,0.049
225.750,0.033,0.047
225.800,0.032,0.047
225.850,0.031,0.045
225.900,0.030,0.045
225.950,0.030,0.044
226.000,0.029,0.044
226.050,0.028,0.042
226.100,0.028,0.042
226.150,0.027,0.041
226.200,0.026,0.041
226.250,0.026,0.040
226.300,0.025,0.039
226.350,0.025,0.039
226.400,0.025,0.039
226.450,0.024,0.037
226.500,0.024,0.038
226.550,0.024,0.037
226.600,0.024,0.037
226.650,0.023,0.036
226.700,0.023,0.036
226.750,0.023,0.036
226.800,0.022,0.035
226.850,0.021,0.034
226.900,0.020,0.034
226.950,0.019,0.032
227.000,0.018,0.032
227.050,0.017,0.030
227.100,0.016,0.029
227.150,0.015,0.027
227.200,0.015,0.027
227.250,0.014,0.026
227.300,0.013,0.025
227.350,0.012,0.024
227.400,0.011,0.023
227.450,0.011,0.022
227.500,0.010,0.021
227.550,0.009,0.020
227.600,0.008,0.019
227.650,0.007,0.018
227.700,0.007,0.018
227.750,0.006,0.016
227.800,0.006,0.016
227.850,0.005,0.015
227.900,0.005,0.015
227.950,0.005,0.014
228.000,0.004,0.013
228.050,0.004,0.013
228.100,0.004,0.013
228.150,0.004,0.012
228.200,0.004,0.012
228.250,0.003,0.011
228.300,0.003,0.012
228.350,0.003,0.011
228.400,0.003,0.011
228.450,0.003,0.011
228.500,0.003,0.011
228.550,0.003,0.010
228.600,0.002,0.010
228.650,0.002,0.010
228.700,0.003,0.010
228.750,0.003,0.010
228.800,0.002,0.010
228.850,0.002,0.010
228.900,0.002,0.010
228.950,0.002,0.009
229.000,0.002,0.010
229.050,0.002,0.009
229.100,0.002,0.010
229.150,0.002,0.009
229.200,0.002,0.010
229.250,0.002,0.009
229.300,0.002,0.009
229.350,0.002,0.009
229.400,0.002,0.009
229.450,0.002,0.009
229.500,0.002,0.010
229.550,0.002,0.009
229.600,0.002,0.010
229.650,0.002,0.009
229.700,0.002,0.010
229.750,0.002,0.009
229.800,0.002,0.010
229.850,0.002,0.009
229.900,0.002,0.010
229.950,0.002,0.009
230.000,0.002,0.010
230.050,0.002,0.009
230.100,0.002,0.009
230.150,0.002,0.009
230.200,0.002,0.009
230.250,0.002,0.009
230.300,0.002,0.010
230.350,0.002,0.009
230.400,0.002,0.009
230.450,0.002,0.009
230.500,0.002,0.009
230.550,0.002,0.009
230.600,0.002,0.009
230.650,0.002,0.009
230.700,0.002,0.009
230.750,0.002,0.009
230.800,0.002,0.009
230.850,0.002,0.009
230.900,0.002,0.009
230.950,0.002,0.009
231.000,0.002,0.009
231.050,0.002,0.009
231.100,0.002,0.009
231.150,0.002,0.009
231.200,0.002,0.009
231.250,0.002,0.009
231.300,0.001,0.009
231.350,0.002,0.009
231.400,0.002,0.009
231.450,0.002,0.009
231.500,0.001,0.009
231.550,8.942E-4,0.008
231.600,2.618E-4,0.008
231.650,-4.645E-4,0.007
231.700,-0.001,0.006
231.750,-0.002,0.005
231.800,-0.002,0.004
231.850,-0.003,0.003
231.900,-0.004,0.002
231.950,-0.006,5.698E-4
232.000,-0.007,-9.487E-4
232.050,-0.008,-0.003
232.100,-0.009,-0.005
232.150,-0.010,-0.006
232.200,-0.011,-0.007
232.250,-0.011,-0.009
232.300,-0.012,-0.010
232.350,-0.012,-0.011
232.400,-0.013,-0.012
232.450,-0.013,-0.013
232.500,-0.014,-0.014
232.550,-0.015,-0.016
232.600,-0.015,-0.017
232.650,-0.016,-0.019
232.700,-0.017,-0.020
232.750,-0.018,-0.021
232.800,-0.018,-0.022
232.850,-0.019,-0.024
232.900,-0.019,-0.025
232.950,-0.020,-0.026
233.000,-0.020,-0.027
233.050,-0.021,-0.028
233.100,-0.022,-0.030
233.150,-0.022,-0.031
233.200,-0.022,-0.032
233.250,-0.022,-0.033
233.300,-0.023,-0.034
233.350,-0.024,-0.036
233.400,-0.024,-0.037
233.450,-0.024,-0.038
233.500,-0.025,-0.039
233.550,-0.025,-0.040
233.600,-0.026,-0.041
233.650,-0.026,-0.042
233.700,-0.026,-0.043
233.750,-0.027,-0.045
233.800,-0.028,-0.047
233.850,-0.028,-0.048
233.900,-0.028,-0.049
233.950,-0.029,-0.051
234.000,-0.029,-0.052
234.050,-0.029,-0.053
234.100,-0.030,-0.055
234.150,-0.030,-0.057
234.200,-0.031,-0.058
234.250,-0.031,-0.060
234.300,-0.031,-0.062
234.350,-0.032,-0.064
234.400,-0.032,-0.066
234.450,-0.033,-0.067
234.500,-0.034,-0.070
234.550,-0.034,-0.071
234.600,-0.034,-0.073
234.650,-0.035,-0.076
234.700,-0.035,-0.078
234.750,-0.035,-0.079
234.800,-0.036,-0.082
234.850,-0.036,-0.084
234.900,-0.036,-0.086
234.950,-0.037,-0.088
235.000,-0.037,-0.091
235.050,-0.038,-0.093
235.100,-0.038,-0.095
235.150,-0.038,-0.097
235.200,-0.039,-0.099
235.250,-0.039,-0.102
235.300,-0.040,-0.105
235.350,-0.041,-0.108
235.400,-0.042,-0.111
235.450,-0.043,-0.115
235.500,-0.043,-0.118
235.550,-0.044,-0.122
235.600,-0.044,-0.125
235.650,-0.045,-0.128
235.700,-0.045,-0.131
235.750,-0.046,-0.134
235.800,-0.047,-0.138
235.850,-0.047,-0.141
235.900,-0.048,-0.144
235.950,-0.049,-0.147
236.000,-0.049,-0.150
236.050,-0.050,-0.152
236.100,-0.050,-0.155
236.150,-0.051,-0.158
236.200,-0.051,-0.161
236.250,-0.052,-0.164
236.300,-0.053,-0.167
236.350,-0.053,-0.170
236.400,-0.054,-0.173
236.450,-0.055,-0.177
236.500,-0.057,-0.181
236.550,-0.058,-0.185
236.600,-0.059,-0.189
236.650,-0.060,-0.193
236.700,-0.061,-0.197
236.750,-0.062,-0.201
236.800,-0.063,-0.205
236.850,-0.064,-0.208
236.900,-0.065,-0.212
236.950,-0.065,-0.215
237.000,-0.066,-0.219
237.050,-0.067,-0.222
237.100,-0.068,-0.226
237.150,-0.069,-0.229
237.200,-0.070,-0.232
237.250,-0.071,-0.236
237.300,-0.072,-0.239
237.350,-0.073,-0.242
237.400,-0.074,-0.246
237.450,-0.075,-0.249
237.500,-0.076,-0.252
237.550,-0.078,-0.256
237.600,-0.079,-0.260
237.650,-0.080,-0.262
237.700,-0.081,-0.266
237.750,-0.083,-0.269
237.800,-0.084,-0.273
237.850,-0.086,-0.276
237.900,-0.087,-0.280
237.950,-0.089,-0.283
238.000,-0.090,-0.287
238.050,-0.092,-0.290
238.100,-0.094,-0.294
238.150,-0.096,-0.297
238.200,-0.097,-0.301
238.250,-0.098,-0.304
238.300,-0.100,-0.307
238.350,-0.101,-0.310
238.400,-0.102,-0.313
238.450,-0.104,-0.315
238.500,-0.105,-0.318
238.550,-0.106,-0.320
238.600,-0.107,-0.323
238.650,-0.108,-0.324
238.700,-0.109,-0.326
238.750,-0.110,-0.328
238.800,-0.111,-0.330
238.850,-0.112,-0.331
238.900,-0.113,-0.334
238.950,-0.115,-0.335
239.000,-0.116,-0.338
239.050,-0.117,-0.339
239.100,-0.118,-0.341
239.150,-0.120,-0.343
239.200,-0.121,-0.345
239.250,-0.123,-0.347
239.300,-0.124,-0.349
239.350,-0.125,-0.350
239.400,-0.126,-0.352
239.450,-0.126,-0.353
239.500,-0.127,-0.354
239.550,-0.128,-0.355
239.600,-0.128,-0.356
239.650,-0.129,-0.357
239.700,-0.129,-0.358
239.750,-0.131,-0.359
239.800,-0.131,-0.360
239.850,-0.132,-0.361
239.900,-0.133,-0.363
239.950,-0.134,-0.363
240.000,-0.134,-0.364
240.050,-0.135,-0.364
240.100,-0.135,-0.366
240.150,-0.136,-0.366
240.200,-0.137,-0.367
240.250,-0.138,-0.368
240.300,-0.139,-0.370
240.350,-0.140,-0.370
240.400,-0.140,-0.371
240.450,-0.141,-0.372
240.500,-0.142,-0.374
240.550,-0.143,-0.374
240.600,-0.143,-0.375
240.650,-0.144,-0.375
240.700,-0.144,-0.376
240.750,-0.144,-0.376
240.800,-0.145,-0.377
240.850,-0.145,-0.377
240.900,-0.145,-0.378
240.950,-0.145,-0.378
241.000,-0.146,-0.378
241.050,-0.146,-0.378
241.100,-0.147,-0.379
241.150,-0.148,-0.379
241.200,-0.148,-0.381
241.250,-0.149,-0.381
241.300,-0.150,-0.382
241.350,-0.151,-0.383
241.400,-0.151,-0.384
241.450,-0.153,-0.384
241.500,-0.154,-0.386
241.550,-0.154,-0.386
241.600,-0.155,-0.388
241.650,-0.156,-0.388
241.700,-0.156,-0.389
241.750,-0.156,-0.389
241.800,-0.157,-0.390
241.850,-0.158,-0.391
241.900,-0.158,-0.392
241.950,-0.160,-0.392
242.000,-0.160,-0.393
242.050,-0.161,-0.393
242.100,-0.163,-0.395
242.150,-0.163,-0.395
242.200,-0.165,-0.397
242.250,-0.166,-0.398
242.300,-0.168,-0.400
242.350,-0.169,-0.400
242.400,-0.171,-0.402
242.450,-0.172,-0.403
242.500,-0.173,-0.405
242.550,-0.174,-0.405
242.600,-0.176,-0.407
242.650,-0.177,-0.408
242.700,-0.178,-0.410
242.750,-0.179,-0.410
242.800,-0.181,-0.412
242.850,-0.183,-0.413
242.900,-0.184,-0.414
242.950,-0.186,-0.415
243.000,-0.188,-0.418
243.050,-0.189,-0.418
243.100,-0.190,-0.420
243.150,-0.191,-0.420
243.200,-0.191,-0.421
243.250,-0.192,-0.421
243.300,-0.193,-0.422
243.350,-0.195,-0.423
243.400,-0.197,-0.425
243.450,-0.199,-0.426
243.500,-0.202,-0.428
243.550,-0.204,-0.429
243.600,-0.206,-0.432
243.650,-0.208,-0.433
243.700,-0.211,-0.436
243.750,-0.213,-0.437
243.800,-0.216,-0.439
243.850,-0.217,-0.440
243.900,-0.218,-0.441
243.950,-0.220,-0.442
244.000,-0.221,-0.443
244.050,-0.223,-0.444
244.100,-0.225,-0.446
244.150,-0.226,-0.446
244.200,-0.227,-0.448
244.250,-0.229,-0.448
244.300,-0.231,-0.450
244.350,-0.232,-0.451
244.400,-0.233,-0.452
244.450,-0.234,-0.452
244.500,-0.235,-0.453
244.550,-0.235,-0.453
244.600,-0.236,-0.454
244.650,-0.236,-0.454
244.700,-0.237,-0.455
244.750,-0.238,-0.455
244.800,-0.239,-0.456
244.850,-0.239,-0.455
244.900,-0.240,-0.457
244.950,-0.240,-0.456
245.000,-0.241,-0.457
245.050,-0.241,-0.457
245.100,-0.242,-0.458
245.150,-0.243,-0.458
245.200,-0.244,-0.459
245.250,-0.246,-0.459
245.300,-0.247,-0.461
245.350,-0.248,-0.461
245.400,-0.248,-0.462
245.450,-0.249,-0.461
245.500,-0.250,-0.463
245.550,-0.252,-0.463
245.600,-0.254,-0.465
245.650,-0.256,-0.465
245.700,-0.258,-0.468
245.750,-0.260,-0.468
245.800,-0.262,-0.470
245.850,-0.264,-0.470
245.900,-0.267,-0.473
245.950,-0.270,-0.473
246.000,-0.272,-0.475
246.050,-0.274,-0.476
246.100,-0.276,-0.478
246.150,-0.278,-0.478
246.200,-0.279,-0.479
246.250,-0.281,-0.480
246.300,-0.282,-0.481
246.350,-0.284,-0.481
246.400,-0.285,-0.483
246.450,-0.287,-0.483
246.500,-0.288,-0.484
246.550,-0.290,-0.484
246.600,-0.291,-0.486
246.650,-0.292,-0.486
246.700,-0.294,-0.487
246.750,-0.294,-0.487
246.800,-0.295,-0.488
246.850,-0.295,-0.488
246.900,-0.296,-0.489
246.950,-0.296,-0.488
247.000,-0.298,-0.490
247.050,-0.299,-0.489
247.100,-0.301,-0.491
247.150,-0.303,-0.491
247.200,-0.305,-0.493
247.250,-0.307,-0.493
247.300,-0.310,-0.495
247.350,-0.313,-0.496
247.400,-0.315,-0.498
247.450,-0.316,-0.498
247.500,-0.317,-0.499
247.550,-0.319,-0.499
247.600,-0.319,-0.500
247.650,-0.320,-0.499
247.700,-0.320,-0.500
247.750,-0.320,-0.499
247.800,-0.322,-0.501
247.850,-0.323,-0.501
247.900,-0.325,-0.502
247.950,-0.326,-0.502
248.000,-0.328,-0.504
248.050,-0.329,-0.504
248.100,-0.330,-0.505
248.150,-0.332,-0.505
248.200,-0.334,-0.506
248.250,-0.336,-0.506
248.300,-0.338,-0.508
248.350,-0.340,-0.508
248.400,-0.341,-0.510
248.450,-0.342,-0.509
248.500,-0.343,-0.510
248.550,-0.344,-0.510
248.600,-0.344,-0.511
248.650,-0.345,-0.511
248.700,-0.345,-0.511
248.750,-0.346,-0.511
248.800,-0.347,-0.512
248.850,-0.348,-0.511
248.900,-0.350,-0.513
248.950,-0.351,-0.513
249.000,-0.353,-0.514
249.050,-0.355,-0.515
249.100,-0.356,-0.515
249.150,-0.356,-0.515
249.200,-0.357,-0.516
249.250,-0.357,-0.515
249.300,-0.358,-0.517
249.350,-0.359,-0.516
249.400,-0.361,-0.517
249.450,-0.364,-0.518
249.500,-0.366,-0.519
249.550,-0.368,-0.519
249.600,-0.369,-0.521
249.650,-0.370,-0.520
249.700,-0.370,-0.521
249.750,-0.370,-0.520
249.800,-0.371,-0.522
249.850,-0.373,-0.521
249.900,-0.376,-0.523
249.950,-0.377,-0.523
250.000,-0.380,-0.525
250.050,-0.382,-0.525
250.100,-0.382,-0.525
250.150,-0.384,-0.525
250.200,-0.384,-0.526
250.250,-0.384,-0.526
250.300,-0.385,-0.526
250.350,-0.385,-0.526
250.400,-0.386,-0.527
250.450,-0.388,-0.527
250.500,-0.391,-0.528
250.550,-0.396,-0.529
250.600,-0.402,-0.531
250.650,-0.405,-0.532
250.700,-0.409,-0.534
250.750,-0.412,-0.535
250.800,-0.414,-0.536
250.850,-0.415,-0.536
250.900,-0.417,-0.537
250.950,-0.418,-0.537
251.000,-0.419,-0.538
251.050,-0.420,-0.538
251.100,-0.421,-0.538
251.150,-0.422,-0.538
251.200,-0.424,-0.539
251.250,-0.424,-0.539
251.300,-0.424,-0.539
251.350,-0.425,-0.539
251.400,-0.426,-0.540
251.450,-0.426,-0.539
251.500,-0.428,-0.540
251.550,-0.430,-0.541
251.600,-0.432,-0.541
251.650,-0.435,-0.542
251.700,-0.437,-0.543
251.750,-0.438,-0.543
251.800,-0.438,-0.544
251.850,-0.439,-0.543
251.900,-0.439,-0.544
251.950,-0.439,-0.544
252.000,-0.440,-0.544
252.050,-0.441,-0.544
252.100,-0.443,-0.545
252.150,-0.445,-0.545
252.200,-0.448,-0.546
252.250,-0.450,-0.546
252.300,-0.452,-0.547
252.350,-0.453,-0.547
252.400,-0.453,-0.548
252.450,-0.455,-0.548
252.500,-0.456,-0.548
252.550,-0.459,-0.549
252.600,-0.463,-0.550
252.650,-0.466,-0.550
252.700,-0.469,-0.552
252.750,-0.472,-0.552
252.800,-0.473,-0.553
252.850,-0.474,-0.553
252.900,-0.474,-0.553
252.950,-0.475,-0.553
253.000,-0.475,-0.553
253.050,-0.476,-0.553
253.100,-0.476,-0.554
253.150,-0.476,-0.553
253.200,-0.477,-0.554
253.250,-0.478,-0.554
253.300,-0.479,-0.554
253.350,-0.480,-0.554
253.400,-0.483,-0.555
253.450,-0.486,-0.555
253.500,-0.489,-0.557
253.550,-0.491,-0.557
253.600,-0.492,-0.557
253.650,-0.493,-0.557
253.700,-0.494,-0.558
253.750,-0.494,-0.558
253.800,-0.494,-0.558
253.850,-0.496,-0.558
253.900,-0.498,-0.559
253.950,-0.500,-0.559
254.000,-0.501,-0.559
254.050,-0.503,-0.560
254.100,-0.504,-0.560
254.150,-0.506,-0.560
254.200,-0.507,-0.561
254.250,-0.510,-0.561
254.300,-0.514,-0.562
254.350,-0.517,-0.563
254.400,-0.519,-0.563
254.450,-0.522,-0.564
254.500,-0.523,-0.564
254.550,-0.524,-0.564
254.600,-0.524,-0.564
254.650,-0.524,-0.565
254.700,-0.525,-0.565
254.750,-0.525,-0.565
254.800,-0.526,-0.565
254.850,-0.526,-0.565
254.900,-0.528,-0.565
254.950,-0.532,-0.566
255.000,-0.536,-0.567
255.050,-0.540,-0.568
255.100,-0.542,-0.568
255.150,-0.543,-0.568
255.200,-0.544,-0.569
255.250,-0.544,-0.569
255.300,-0.545,-0.569
255.350,-0.545,-0.569
255.400,-0.545,-0.569
255.450,-0.547,-0.569
255.500,-0.549,-0.569
255.550,-0.552,-0.570
255.600,-0.554,-0.570
255.650,-0.558,-0.571
255.700,-0.562,-0.572
255.750,-0.565,-0.573
255.800,-0.568,-0.573
255.850,-0.571,-0.573
255.900,-0.572,-0.574
255.950,-0.574,-0.574
256.000,-0.576,-0.574
256.050,-0.579,-0.575
256.100,-0.581,-0.576
256.150,-0.583,-0.576
256.200,-0.584,-0.576
256.250,-0.585,-0.576
256.300,-0.586,-0.576
256.350,-0.586,-0.576
256.400,-0.588,-0.576
256.450,-0.590,-0.577
256.500,-0.594,-0.578
256.550,-0.597,-0.578
256.600,-0.600,-0.579
256.650,-0.604,-0.579
256.700,-0.607,-0.579
256.750,-0.608,-0.580
256.800,-0.609,-0.580
256.850,-0.609,-0.580
256.900,-0.609,-0.580
256.950,-0.611,-0.580
257.000,-0.614,-0.581
257.050,-0.617,-0.581
257.100,-0.621,-0.582
257.150,-0.624,-0.582
257.200,-0.627,-0.583
257.250,-0.631,-0.583
257.300,-0.634,-0.583
257.350,-0.638,-0.584
257.400,-0.639,-0.585
257.450,-0.640,-0.585
257.500,-0.641,-0.585
257.550,-0.641,-0.585
257.600,-0.641,-0.585
257.650,-0.641,-0.585
257.700,-0.641,-0.584
257.750,-0.642,-0.585
257.800,-0.642,-0.585
257.850,-0.644,-0.585
257.900,-0.646,-0.586
257.950,-0.648,-0.586
258.000,-0.649,-0.586
258.050,-0.651,-0.586
258.100,-0.654,-0.586
258.150,-0.656,-0.587
258.200,-0.659,-0.587
258.250,-0.660,-0.588
258.300,-0.662,-0.588
258.350,-0.665,-0.588
258.400,-0.668,-0.588
258.450,-0.669,-0.589
258.500,-0.671,-0.589
258.550,-0.672,-0.589
258.600,-0.673,-0.589
258.650,-0.674,-0.590
258.700,-0.674,-0.589
258.750,-0.675,-0.590
258.800,-0.675,-0.589
258.850,-0.675,-0.590
258.900,-0.675,-0.590
258.950,-0.676,-0.590
259.000,-0.678,-0.590
259.050,-0.681,-0.591
259.100,-0.683,-0.590
259.150,-0.684,-0.591
259.200,-0.685,-0.591
259.250,-0.685,-0.591
259.300,-0.685,-0.591
259.350,-0.686,-0.591
259.400,-0.686,-0.591
259.450,-0.687,-0.591
259.500,-0.687,-0.591
259.550,-0.689,-0.592
259.600,-0.690,-0.591
259.650,-0.693,-0.592
259.700,-0.695,-0.592
259.750,-0.698,-0.593
259.800,-0.700,-0.593
259.850,-0.702,-0.593
259.900,-0.705,-0.593
259.950,-0.707,-0.594
260.000,-0.710,-0.594
260.050,-0.712,-0.595
260.100,-0.715,-0.594
260.150,-0.717,-0.595
260.200,-0.718,-0.595
260.250,-0.719,-0.596
260.300,-0.719,-0.595
260.350,-0.719,-0.596
260.400,-0.719,-0.595
260.450,-0.718,-0.595
260.500,-0.719,-0.595
260.550,-0.722,-0.596
260.600,-0.725,-0.596
260.650,-0.726,-0.596
260.700,-0.726,-0.595
260.750,-0.726,-0.596
260.800,-0.726,-0.596
260.850,-0.726,-0.596
260.900,-0.726,-0.596
260.950,-0.727,-0.596
261.000,-0.727,-0.596
261.050,-0.728,-0.596
261.100,-0.728,-0.596
261.150,-0.729,-0.597
261.200,-0.731,-0.596
261.250,-0.733,-0.597
261.300,-0.735,-0.597
261.350,-0.737,-0.598
261.400,-0.740,-0.597
261.450,-0.744,-0.598
261.500,-0.746,-0.598
261.550,-0.746,-0.598
261.600,-0.745,-0.598
261.650,-0.745,-0.599
261.700,-0.745,-0.598
261.750,-0.746,-0.599
261.800,-0.746,-0.598
261.850,-0.746,-0.599
261.900,-0.748,-0.598
261.950,-0.748,-0.599
262.000,-0.749,-0.598
262.050,-0.750,-0.599
262.100,-0.750,-0.598
262.150,-0.751,-0.599
262.200,-0.752,-0.599
262.250,-0.754,-0.599
262.300,-0.758,-0.599
262.350,-0.761,-0.600
262.400,-0.765,-0.600
262.450,-0.769,-0.601
262.500,-0.772,-0.601
262.550,-0.775,-0.602
262.600,-0.776,-0.601
262.650,-0.776,-0.602
262.700,-0.776,-0.601
262.750,-0.777,-0.602
262.800,-0.779,-0.601
262.850,-0.783,-0.603
262.900,-0.785,-0.602
262.950,-0.788,-0.603
263.000,-0.790,-0.603
263.050,-0.792,-0.603
263.100,-0.793,-0.603
263.150,-0.795,-0.604
263.200,-0.798,-0.603
263.250,-0.801,-0.604
263.300,-0.801,-0.604
263.350,-0.804,-0.605
263.400,-0.805,-0.604
263.450,-0.809,-0.605
263.500,-0.813,-0.605
263.550,-0.816,-0.606
263.600,-0.817,-0.605
263.650,-0.817,-0.606
263.700,-0.817,-0.605
263.750,-0.818,-0.606
263.800,-0.818,-0.605
263.850,-0.819,-0.606
263.900,-0.821,-0.605
263.950,-0.823,-0.606
264.000,-0.825,-0.606
264.050,-0.827,-0.607
264.100,-0.830,-0.606
264.150,-0.834,-0.607
264.200,-0.837,-0.607
264.250,-0.839,-0.608
264.300,-0.843,-0.608
264.350,-0.845,-0.609
264.400,-0.848,-0.608
264.450,-0.850,-0.609
264.500,-0.851,-0.608
264.550,-0.853,-0.610
264.600,-0.855,-0.609
264.650,-0.858,-0.610
264.700,-0.861,-0.609
264.750,-0.864,-0.610
264.800,-0.868,-0.610
264.850,-0.870,-0.611
264.900,-0.872,-0.610
264.950,-0.874,-0.611
265.000,-0.875,-0.611
265.050,-0.877,-0.611
265.100,-0.878,-0.611
265.150,-0.879,-0.612
265.200,-0.881,-0.611
265.250,-0.882,-0.612
265.300,-0.882,-0.611
265.350,-0.882,-0.612
265.400,-0.883,-0.612
265.450,-0.883,-0.612
265.500,-0.883,-0.611
265.550,-0.883,-0.612
265.600,-0.884,-0.611
265.650,-0.888,-0.612
265.700,-0.891,-0.612
265.750,-0.894,-0.613
265.800,-0.897,-0.612
265.850,-0.899,-0.614
265.900,-0.900,-0.612
265.950,-0.903,-0.614
266.000,-0.905,-0.613
266.050,-0.906,-0.614
266.100,-0.908,-0.613
266.150,-0.911,-0.615
266.200,-0.913,-0.614
266.250,-0.916,-0.615
266.300,-0.919,-0.614
266.350,-0.922,-0.615
266.400,-0.925,-0.615
266.450,-0.926,-0.616
266.500,-0.926,-0.615
266.550,-0.927,-0.616
266.600,-0.927,-0.615
266.650,-0.927,-0.616
266.700,-0.927,-0.615
266.750,-0.926,-0.616
266.800,-0.927,-0.615
266.850,-0.929,-0.616
266.900,-0.932,-0.615
266.950,-0.934,-0.616
267.000,-0.938,-0.616
267.050,-0.941,-0.617
267.100,-0.944,-0.617
267.150,-0.946,-0.617
267.200,-0.948,-0.617
267.250,-0.949,-0.617
267.300,-0.950,-0.617
267.350,-0.953,-0.618
267.400,-0.953,-0.617
267.450,-0.956,-0.618
267.500,-0.957,-0.617
267.550,-0.958,-0.618
267.600,-0.959,-0.617
267.650,-0.961,-0.618
267.700,-0.964,-0.618
267.750,-0.967,-0.619
267.800,-0.970,-0.618
267.850,-0.973,-0.619
267.900,-0.975,-0.619
267.950,-0.977,-0.620
268.000,-0.978,-0.619
268.050,-0.981,-0.620
268.100,-0.983,-0.619
268.150,-0.985,-0.620
268.200,-0.988,-0.620
268.250,-0.989,-0.620
268.300,-0.990,-0.620
268.350,-0.990,-0.621
268.400,-0.990,-0.620
268.450,-0.990,-0.621
268.500,-0.990,-0.620
268.550,-0.990,-0.621
268.600,-0.990,-0.620
268.650,-0.991,-0.621
268.700,-0.992,-0.620
268.750,-0.996,-0.621
268.800,-0.999,-0.620
268.850,-1.002,-0.622
268.900,-1.004,-0.621
268.950,-1.006,-0.622
269.000,-1.008,-0.621
269.050,-1.009,-0.622
269.100,-1.011,-0.621
269.150,-1.014,-0.622
269.200,-1.017,-0.622
269.250,-1.019,-0.623
269.300,-1.021,-0.622
269.350,-1.025,-0.623
269.400,-1.027,-0.623
269.450,-1.030,-0.624
269.500,-1.033,-0.623
269.550,-1.036,-0.624
269.600,-1.039,-0.623
269.650,-1.042,-0.624
269.700,-1.046,-0.624
269.750,-1.050,-0.625
269.800,-1.055,-0.625
269.850,-1.058,-0.626
269.900,-1.058,-0.624
269.950,-1.059,-0.626
270.000,-1.059,-0.625
270.050,-1.059,-0.625
270.100,-1.059,-0.625
270.150,-1.059,-0.625
270.200,-1.059,-0.625
270.250,-1.059,-0.625
270.300,-1.060,-0.625
270.350,-1.060,-0.626
270.400,-1.060,-0.625
270.450,-1.061,-0.625
270.500,-1.061,-0.625
270.550,-1.062,-0.625
270.600,-1.062,-0.625
270.650,-1.062,-0.625
270.700,-1.062,-0.625
270.750,-1.063,-0.626
270.800,-1.063,-0.625
270.850,-1.063,-0.626
270.900,-1.063,-0.625
270.950,-1.064,-0.626
271.000,-1.064,-0.625
271.050,-1.063,-0.626
271.100,-1.064,-0.625
271.150,-1.064,-0.626
271.200,-1.064,-0.625
271.250,-1.064,-0.626
271.300,-1.064,-0.625
271.350,-1.065,-0.626
271.400,-1.063,-0.625
271.450,-1.060,-0.626
271.500,-1.058,-0.625
271.550,-1.056,-0.625
271.600,-1.055,-0.624
271.650,-1.053,-0.625
271.700,-1.051,-0.624
271.750,-1.049,-0.625
271.800,-1.048,-0.624
271.850,-1.047,-0.625
271.900,-1.047,-0.624
271.950,-1.046,-0.625
272.000,-1.044,-0.624
272.050,-1.043,-0.625
272.100,-1.042,-0.624
272.150,-1.041,-0.624
272.200,-1.039,-0.624
272.250,-1.038,-0.624
272.300,-1.038,-0.624
272.350,-1.038,-0.625
272.400,-1.036,-0.624
272.450,-1.034,-0.624
272.500,-1.033,-0.624
272.550,-1.032,-0.624
272.600,-1.031,-0.624
272.650,-1.029,-0.624
272.700,-1.029,-0.623
272.750,-1.028,-0.624
272.800,-1.028,-0.623
272.850,-1.027,-0.624
272.900,-1.025,-0.623
272.950,-1.023,-0.624
273.000,-1.022,-0.623
273.050,-1.018,-0.623
273.100,-1.016,-0.623
273.150,-1.014,-0.623
273.200,-1.013,-0.622
273.250,-1.012,-0.623
273.300,-1.011,-0.622
273.350,-1.011,-0.623
273.400,-1.010,-0.623
273.450,-1.009,-0.623
273.500,-1.007,-0.622
273.550,-1.005,-0.623
273.600,-1.005,-0.622
273.650,-1.004,-0.622
273.700,-1.003,-0.622
273.750,-1.003,-0.623
273.800,-1.001,-0.622
273.850,-1.001,-0.622
273.900,-1.001,-0.622
273.950,-1.000,-0.622
274.000,-0.998,-0.622
274.050,-0.995,-0.622
274.100,-0.993,-0.622
274.150,-0.990,-0.622
274.200,-0.989,-0.621
274.250,-0.989,-0.622
274.300,-0.989,-0.621
274.350,-0.989,-0.622
274.400,-0.989,-0.621
274.450,-0.988,-0.622
274.500,-0.984,-0.621
274.550,-0.980,-0.621
274.600,-0.978,-0.621
274.650,-0.976,-0.621
274.700,-0.974,-0.620
274.750,-0.974,-0.621
274.800,-0.974,-0.620
274.850,-0.972,-0.621
274.900,-0.971,-0.620
274.950,-0.970,-0.621
275.000,-0.968,-0.620
275.050,-0.964,-0.620
275.100,-0.959,-0.619
275.150,-0.958,-0.620
275.200,-0.958,-0.619
275.250,-0.959,-0.620
275.300,-0.958,-0.620
275.350,-0.956,-0.620
275.400,-0.954,-0.619
275.450,-0.954,-0.620
275.500,-0.952,-0.619
275.550,-0.952,-0.619
275.600,-0.951,-0.619
275.650,-0.950,-0.619
275.700,-0.948,-0.619
275.750,-0.947,-0.619
275.800,-0.944,-0.619
275.850,-0.942,-0.619
275.900,-0.940,-0.618
275.950,-0.938,-0.619
276.000,-0.935,-0.618
276.050,-0.932,-0.618
276.100,-0.931,-0.618
276.150,-0.930,-0.618
276.200,-0.930,-0.618
276.250,-0.930,-0.618
276.300,-0.930,-0.618
276.350,-0.929,-0.618
276.400,-0.927,-0.618
276.450,-0.924,-0.618
276.500,-0.922,-0.618
276.550,-0.920,-0.617
276.600,-0.916,-0.617
276.650,-0.914,-0.617
276.700,-0.911,-0.617
276.750,-0.909,-0.617
276.800,-0.908,-0.617
276.850,-0.907,-0.617
276.900,-0.904,-0.616
276.950,-0.904,-0.616
277.000,-0.904,-0.616
277.050,-0.903,-0.616
277.100,-0.903,-0.616
277.150,-0.902,-0.616
277.200,-0.898,-0.616
277.250,-0.896,-0.616
277.300,-0.892,-0.616
277.350,-0.888,-0.615
277.400,-0.884,-0.615
277.450,-0.881,-0.615
277.500,-0.880,-0.615
277.550,-0.877,-0.615
277.600,-0.876,-0.615
277.650,-0.875,-0.615
277.700,-0.874,-0.615
277.750,-0.874,-0.614
277.800,-0.874,-0.615
277.850,-0.874,-0.615
277.900,-0.874,-0.615
277.950,-0.872,-0.615
278.000,-0.869,-0.614
278.050,-0.867,-0.615
278.100,-0.863,-0.614
278.150,-0.860,-0.614
278.200,-0.859,-0.613
278.250,-0.859,-0.614
278.300,-0.859,-0.614
278.350,-0.857,-0.613
278.400,-0.855,-0.613
278.450,-0.855,-0.613
278.500,-0.854,-0.614
278.550,-0.852,-0.613
278.600,-0.849,-0.613
278.650,-0.847,-0.613
278.700,-0.846,-0.613
278.750,-0.844,-0.613
278.800,-0.841,-0.613
278.850,-0.839,-0.612
278.900,-0.837,-0.613
278.950,-0.835,-0.612
279.000,-0.832,-0.612
279.050,-0.831,-0.612
279.100,-0.830,-0.612
279.150,-0.830,-0.612
279.200,-0.829,-0.611
279.250,-0.829,-0.611
279.300,-0.829,-0.612
279.350,-0.829,-0.612
279.400,-0.827,-0.611
279.450,-0.824,-0.611
279.500,-0.822,-0.611
279.550,-0.821,-0.611
279.600,-0.820,-0.611
279.650,-0.819,-0.611
279.700,-0.816,-0.611
279.750,-0.814,-0.610
279.800,-0.812,-0.610
279.850,-0.812,-0.610
279.900,-0.811,-0.610
279.950,-0.809,-0.610
280.000,-0.807,-0.610
280.050,-0.802,-0.609
280.100,-0.797,-0.610
280.150,-0.794,-0.609
280.200,-0.791,-0.609
280.250,-0.790,-0.609
280.300,-0.790,-0.609
280.350,-0.790,-0.608
280.400,-0.790,-0.609
280.450,-0.790,-0.609
280.500,-0.789,-0.609
280.550,-0.788,-0.608
280.600,-0.788,-0.609
280.650,-0.786,-0.608
280.700,-0.785,-0.609
280.750,-0.783,-0.608
280.800,-0.780,-0.608
280.850,-0.777,-0.608
280.900,-0.773,-0.608
280.950,-0.770,-0.607
281.000,-0.768,-0.607
281.050,-0.768,-0.607
281.100,-0.769,-0.607
281.150,-0.769,-0.607
281.200,-0.768,-0.607
281.250,-0.768,-0.607
281.300,-0.766,-0.607
281.350,-0.764,-0.606
281.400,-0.762,-0.607
281.450,-0.760,-0.606
281.500,-0.757,-0.607
281.550,-0.753,-0.606
281.600,-0.749,-0.606
281.650,-0.746,-0.605
281.700,-0.746,-0.606
281.750,-0.745,-0.605
281.800,-0.745,-0.605
281.850,-0.745,-0.605
281.900,-0.745,-0.605
281.950,-0.744,-0.605
282.000,-0.740,-0.605
282.050,-0.736,-0.604
282.100,-0.733,-0.604
282.150,-0.729,-0.604
282.200,-0.726,-0.604
282.250,-0.721,-0.603
282.300,-0.718,-0.603
282.350,-0.715,-0.603
282.400,-0.712,-0.603
282.450,-0.709,-0.602
282.500,-0.707,-0.603
282.550,-0.706,-0.602
282.600,-0.705,-0.602
282.650,-0.705,-0.602
282.700,-0.705,-0.602
282.750,-0.705,-0.602
282.800,-0.705,-0.602
282.850,-0.705,-0.602
282.900,-0.705,-0.602
282.950,-0.703,-0.601
283.000,-0.700,-0.602
283.050,-0.695,-0.601
283.100,-0.692,-0.601
283.150,-0.690,-0.600
283.200,-0.687,-0.601
283.250,-0.687,-0.600
283.300,-0.687,-0.601
283.350,-0.687,-0.600
283.400,-0.687,-0.601
283.450,-0.686,-0.600
283.500,-0.687,-0.601
283.550,-0.687,-0.600
283.600,-0.685,-0.600
283.650,-0.683,-0.600
283.700,-0.682,-0.600
283.750,-0.679,-0.599
283.800,-0.675,-0.600
283.850,-0.671,-0.599
283.900,-0.667,-0.599
283.950,-0.665,-0.598
284.000,-0.664,-0.598
284.050,-0.664,-0.598
284.100,-0.664,-0.599
284.150,-0.664,-0.598
284.200,-0.664,-0.598
284.250,-0.662,-0.598
284.300,-0.657,-0.598
284.350,-0.650,-0.596
284.400,-0.645,-0.597
284.450,-0.641,-0.595
284.500,-0.638,-0.596
284.550,-0.637,-0.595
284.600,-0.636,-0.596
284.650,-0.636,-0.595
284.700,-0.636,-0.596
284.750,-0.636,-0.595
284.800,-0.635,-0.596
284.850,-0.630,-0.594
284.900,-0.626,-0.595
284.950,-0.623,-0.594
285.000,-0.621,-0.594
285.050,-0.618,-0.593
285.100,-0.616,-0.594
285.150,-0.613,-0.593
285.200,-0.610,-0.593
285.250,-0.608,-0.592
285.300,-0.606,-0.592
285.350,-0.602,-0.591
285.400,-0.599,-0.592
285.450,-0.598,-0.591
285.500,-0.598,-0.591
285.550,-0.598,-0.591
285.600,-0.598,-0.592
285.650,-0.598,-0.591
285.700,-0.597,-0.591
285.750,-0.595,-0.590
285.800,-0.591,-0.591
285.850,-0.588,-0.590
285.900,-0.587,-0.590
285.950,-0.587,-0.590
286.000,-0.587,-0.590
286.050,-0.587,-0.590
286.100,-0.586,-0.590
286.150,-0.583,-0.589
286.200,-0.579,-0.589
286.250,-0.576,-0.589
286.300,-0.574,-0.589
286.350,-0.572,-0.588
286.400,-0.570,-0.588
286.450,-0.569,-0.587
286.500,-0.568,-0.588
286.550,-0.565,-0.587
286.600,-0.560,-0.587
286.650,-0.556,-0.586
286.700,-0.553,-0.586
286.750,-0.551,-0.585
286.800,-0.548,-0.586
286.850,-0.542,-0.584
286.900,-0.539,-0.584
286.950,-0.538,-0.583
287.000,-0.538,-0.584
287.050,-0.538,-0.583
287.100,-0.534,-0.584
287.150,-0.530,-0.582
287.200,-0.526,-0.582
287.250,-0.524,-0.582
287.300,-0.522,-0.582
287.350,-0.521,-0.581
287.400,-0.521,-0.582
287.450,-0.521,-0.581
287.500,-0.521,-0.582
287.550,-0.520,-0.581
287.600,-0.520,-0.582
287.650,-0.516,-0.580
287.700,-0.512,-0.581
287.750,-0.508,-0.579
287.800,-0.506,-0.580
287.850,-0.503,-0.578
287.900,-0.499,-0.578
287.950,-0.495,-0.577
288.000,-0.491,-0.577
288.050,-0.488,-0.576
288.100,-0.484,-0.576
288.150,-0.480,-0.575
288.200,-0.478,-0.575
288.250,-0.478,-0.574
288.300,-0.477,-0.575
288.350,-0.477,-0.574
288.400,-0.475,-0.575
288.450,-0.473,-0.573
288.500,-0.469,-0.574
288.550,-0.465,-0.572
288.600,-0.460,-0.572
288.650,-0.456,-0.571
288.700,-0.453,-0.571
288.750,-0.451,-0.570
288.800,-0.450,-0.570
288.850,-0.448,-0.569
288.900,-0.447,-0.569
288.950,-0.446,-0.568
289.000,-0.445,-0.569
289.050,-0.445,-0.568
289.100,-0.445,-0.569
289.150,-0.444,-0.568
289.200,-0.444,-0.569
289.250,-0.443,-0.568
289.300,-0.438,-0.568
289.350,-0.433,-0.566
289.400,-0.431,-0.566
289.450,-0.430,-0.565
289.500,-0.428,-0.566
289.550,-0.427,-0.565
289.600,-0.426,-0.565
289.650,-0.426,-0.564
289.700,-0.426,-0.565
289.750,-0.426,-0.564
289.800,-0.425,-0.565
289.850,-0.424,-0.564
289.900,-0.421,-0.565
289.950,-0.418,-0.563
290.000,-0.414,-0.563
290.050,-0.411,-0.562
290.100,-0.408,-0.562
290.150,-0.406,-0.560
290.200,-0.404,-0.561
290.250,-0.401,-0.559
290.300,-0.398,-0.560
290.350,-0.397,-0.558
290.400,-0.396,-0.559
290.450,-0.395,-0.558
290.500,-0.394,-0.558
290.550,-0.394,-0.558
290.600,-0.394,-0.558
290.650,-0.391,-0.557
290.700,-0.388,-0.557
290.750,-0.384,-0.555
290.800,-0.381,-0.556
290.850,-0.379,-0.554
290.900,-0.378,-0.555
290.950,-0.378,-0.554
291.000,-0.378,-0.554
291.050,-0.376,-0.553
291.100,-0.374,-0.554
291.150,-0.371,-0.552
291.200,-0.368,-0.552
291.250,-0.365,-0.551
291.300,-0.362,-0.551
291.350,-0.361,-0.549
291.400,-0.360,-0.550
291.450,-0.359,-0.549
291.500,-0.359,-0.550
291.550,-0.358,-0.549
291.600,-0.355,-0.549
291.650,-0.349,-0.547
291.700,-0.341,-0.546
291.750,-0.334,-0.543
291.800,-0.327,-0.541
291.850,-0.320,-0.538
291.900,-0.316,-0.537
291.950,-0.313,-0.535
292.000,-0.311,-0.535
292.050,-0.309,-0.534
292.100,-0.308,-0.534
292.150,-0.307,-0.533
292.200,-0.304,-0.534
292.250,-0.300,-0.532
292.300,-0.297,-0.531
292.350,-0.295,-0.530
292.400,-0.293,-0.529
292.450,-0.292,-0.528
292.500,-0.292,-0.529
292.550,-0.291,-0.528
292.600,-0.291,-0.528
292.650,-0.290,-0.528
292.700,-0.289,-0.528
292.750,-0.286,-0.526
292.800,-0.283,-0.526
292.850,-0.280,-0.524
292.900,-0.278,-0.524
292.950,-0.276,-0.522
293.000,-0.275,-0.523
293.050,-0.273,-0.521
293.100,-0.272,-0.522
293.150,-0.271,-0.520
293.200,-0.270,-0.521
293.250,-0.269,-0.520
293.300,-0.269,-0.520
293.350,-0.268,-0.519
293.400,-0.268,-0.520
293.450,-0.265,-0.519
293.500,-0.263,-0.518
293.550,-0.260,-0.517
293.600,-0.258,-0.516
293.650,-0.255,-0.514
293.700,-0.252,-0.514
293.750,-0.250,-0.512
293.800,-0.247,-0.512
293.850,-0.245,-0.510
293.900,-0.243,-0.510
293.950,-0.240,-0.508
294.000,-0.237,-0.508
294.050,-0.235,-0.506
294.100,-0.232,-0.505
294.150,-0.230,-0.504
294.200,-0.229,-0.503
294.250,-0.228,-0.502
294.300,-0.226,-0.502
294.350,-0.224,-0.501
294.400,-0.223,-0.501
294.450,-0.221,-0.499
294.500,-0.220,-0.499
294.550,-0.219,-0.498
294.600,-0.219,-0.499
294.650,-0.219,-0.498
294.700,-0.219,-0.498
294.750,-0.218,-0.497
294.800,-0.217,-0.498
294.850,-0.214,-0.496
294.900,-0.213,-0.496
294.950,-0.212,-0.495
295.000,-0.211,-0.495
295.050,-0.210,-0.494
295.100,-0.209,-0.494
295.150,-0.208,-0.493
295.200,-0.207,-0.493
295.250,-0.206,-0.492
295.300,-0.205,-0.492
295.350,-0.204,-0.491
295.400,-0.203,-0.491
295.450,-0.201,-0.489
295.500,-0.200,-0.489
295.550,-0.199,-0.489
295.600,-0.198,-0.488
295.650,-0.197,-0.487
295.700,-0.195,-0.487
295.750,-0.194,-0.486
295.800,-0.193,-0.486
295.850,-0.192,-0.485
295.900,-0.190,-0.484
295.950,-0.189,-0.483
296.000,-0.187,-0.483
296.050,-0.187,-0.482
296.100,-0.186,-0.482
296.150,-0.184,-0.481
296.200,-0.183,-0.480
296.250,-0.183,-0.480
296.300,-0.181,-0.479
296.350,-0.180,-0.478
296.400,-0.179,-0.478
296.450,-0.178,-0.477
296.500,-0.178,-0.477
296.550,-0.177,-0.476
296.600,-0.176,-0.476
296.650,-0.176,-0.476
296.700,-0.175,-0.476
296.750,-0.174,-0.475
296.800,-0.174,-0.475
296.850,-0.173,-0.474
296.900,-0.173,-0.474
296.950,-0.172,-0.474
297.000,-0.172,-0.474
297.050,-0.172,-0.473
297.100,-0.171,-0.473
297.150,-0.171,-0.473
297.200,-0.171,-0.473
297.250,-0.170,-0.472
297.300,-0.170,-0.472
297.350,-0.171,-0.473
297.400,-0.170,-0.473
297.450,-0.170,-0.472
297.500,-0.170,-0.472
297.550,-0.171,-0.472
297.600,-0.172,-0.473
297.650,-0.173,-0.473
297.700,-0.173,-0.473
297.750,-0.175,-0.473
297.800,-0.177,-0.473
297.850,-0.178,-0.474
297.900,-0.180,-0.474
297.950,-0.181,-0.473
298.000,-0.183,-0.474
298.050,-0.184,-0.474
298.100,-0.186,-0.475
298.150,-0.188,-0.475
298.200,-0.190,-0.475
298.250,-0.192,-0.476
298.300,-0.193,-0.476
298.350,-0.194,-0.476
298.400,-0.195,-0.476
298.450,-0.196,-0.476
298.500,-0.197,-0.477
298.550,-0.198,-0.477
298.600,-0.200,-0.477
298.650,-0.201,-0.478
298.700,-0.203,-0.478
298.750,-0.204,-0.478
298.800,-0.205,-0.478
298.850,-0.207,-0.479
298.900,-0.208,-0.479
298.950,-0.210,-0.479
299.000,-0.211,-0.480
299.050,-0.213,-0.480
299.100,-0.214,-0.480
299.150,-0.215,-0.481
299.200,-0.216,-0.481
299.250,-0.217,-0.481
299.300,-0.218,-0.481
299.350,-0.220,-0.482
299.400,-0.220,-0.482
299.450,-0.223,-0.483
299.500,-0.224,-0.483
299.550,-0.225,-0.483
299.600,-0.226,-0.483
299.650,-0.228,-0.484
299.700,-0.229,-0.484
299.750,-0.230,-0.484
299.800,-0.231,-0.484
299.850,-0.232,-0.485
299.900,-0.233,-0.485
299.950,-0.233,-0.485
300.000,-0.234,-0.485
300.050,-0.235,-0.486
300.100,-0.236,-0.486
300.150,-0.236,-0.486
300.200,-0.237,-0.486
300.250,-0.237,-0.486
300.300,-0.238,-0.486
300.350,-0.239,-0.487
300.400,-0.240,-0.487
300.450,-0.241,-0.487
300.500,-0.241,-0.487
300.550,-0.242,-0.488
300.600,-0.243,-0.488
300.650,-0.243,-0.488
300.700,-0.244,-0.488
300.750,-0.244,-0.488
300.800,-0.245,-0.488
300.850,-0.247,-0.489
300.900,-0.250,-0.489
300.950,-0.252,-0.490
301.000,-0.254,-0.491
301.050,-0.256,-0.491
301.100,-0.258,-0.492
301.150,-0.260,-0.492
301.200,-0.261,-0.492
301.250,-0.262,-0.493
301.300,-0.263,-0.493
301.350,-0.263,-0.494
301.400,-0.264,-0.493
301.450,-0.265,-0.494
301.500,-0.265,-0.494
301.550,-0.266,-0.494
301.600,-0.267,-0.494
301.650,-0.267,-0.495
301.700,-0.268,-0.495
301.750,-0.268,-0.495
301.800,-0.268,-0.495
301.850,-0.268,-0.495
301.900,-0.268,-0.495
301.950,-0.269,-0.495
302.000,-0.269,-0.495
302.050,-0.269,-0.495
302.100,-0.268,-0.495
302.150,-0.269,-0.495
302.200,-0.268,-0.495
302.250,-0.268,-0.495
302.300,-0.267,-0.495
302.350,-0.267,-0.495
302.400,-0.266,-0.495
302.450,-0.266,-0.495
302.500,-0.265,-0.494
302.550,-0.265,-0.495
302.600,-0.264,-0.494
302.650,-0.263,-0.495
302.700,-0.263,-0.494
302.750,-0.262,-0.495
302.800,-0.260,-0.494
302.850,-0.258,-0.494
302.900,-0.255,-0.493
302.950,-0.253,-0.493
303.000,-0.252,-0.492
303.050,-0.250,-0.493
303.100,-0.248,-0.492
303.150,-0.246,-0.492
303.200,-0.244,-0.491
303.250,-0.243,-0.492
303.300,-0.242,-0.491
303.350,-0.241,-0.491
303.400,-0.240,-0.490
303.450,-0.240,-0.491
303.500,-0.239,-0.490
303.550,-0.238,-0.491
303.600,-0.235,-0.489
303.650,-0.234,-0.490
303.700,-0.233,-0.489
303.750,-0.231,-0.489
303.800,-0.230,-0.488
303.850,-0.228,-0.489
303.900,-0.225,-0.487
303.950,-0.223,-0.487
304.000,-0.221,-0.486
304.050,-0.219,-0.487
304.100,-0.217,-0.485
304.150,-0.216,-0.486
304.200,-0.214,-0.485
304.250,-0.213,-0.485
304.300,-0.211,-0.484
304.350,-0.209,-0.484
304.400,-0.207,-0.483
304.450,-0.205,-0.483
304.500,-0.203,-0.482
304.550,-0.201,-0.482
304.600,-0.198,-0.481
304.650,-0.196,-0.481
304.700,-0.194,-0.480
304.750,-0.193,-0.480
304.800,-0.192,-0.479
304.850,-0.189,-0.479
304.900,-0.187,-0.477
304.950,-0.187,-0.478
305.000,-0.186,-0.477
305.050,-0.185,-0.478
305.100,-0.184,-0.477
305.150,-0.184,-0.477
305.200,-0.184,-0.477
305.250,-0.183,-0.477
305.300,-0.182,-0.476
305.350,-0.181,-0.477
305.400,-0.180,-0.475
305.450,-0.179,-0.476
305.500,-0.178,-0.475
305.550,-0.175,-0.475
305.600,-0.174,-0.473
305.650,-0.173,-0.474
305.700,-0.171,-0.472
305.750,-0.169,-0.472
305.800,-0.168,-0.471
305.850,-0.166,-0.471
305.900,-0.165,-0.469
305.950,-0.164,-0.470
306.000,-0.162,-0.468
306.050,-0.161,-0.468
306.100,-0.159,-0.467
306.150,-0.157,-0.466
306.200,-0.156,-0.464
306.250,-0.154,-0.464
306.300,-0.152,-0.462
306.350,-0.150,-0.462
306.400,-0.147,-0.460
306.450,-0.145,-0.459
306.500,-0.143,-0.457
306.550,-0.141,-0.456
306.600,-0.140,-0.454
306.650,-0.138,-0.454
306.700,-0.137,-0.453
306.750,-0.136,-0.453
306.800,-0.134,-0.451
306.850,-0.133,-0.451
306.900,-0.131,-0.449
306.950,-0.130,-0.449
307.000,-0.129,-0.447
307.050,-0.127,-0.447
307.100,-0.125,-0.445
307.150,-0.124,-0.445
307.200,-0.123,-0.444
307.250,-0.123,-0.444
307.300,-0.122,-0.442
307.350,-0.121,-0.442
307.400,-0.120,-0.441
307.450,-0.120,-0.442
307.500,-0.119,-0.440
307.550,-0.118,-0.440
307.600,-0.117,-0.439
307.650,-0.116,-0.439
307.700,-0.115,-0.438
307.750,-0.113,-0.438
307.800,-0.112,-0.436
307.850,-0.111,-0.436
307.900,-0.109,-0.434
307.950,-0.107,-0.433
308.000,-0.105,-0.431
308.050,-0.103,-0.430
308.100,-0.101,-0.428
308.150,-0.099,-0.428
308.200,-0.097,-0.426
308.250,-0.095,-0.425
308.300,-0.093,-0.423
308.350,-0.091,-0.422
308.400,-0.089,-0.420
308.450,-0.088,-0.419
308.500,-0.087,-0.417
308.550,-0.086,-0.417
308.600,-0.084,-0.415
308.650,-0.083,-0.415
308.700,-0.082,-0.414
308.750,-0.081,-0.414
308.800,-0.080,-0.412
308.850,-0.079,-0.412
308.900,-0.078,-0.410
308.950,-0.077,-0.410
309.000,-0.076,-0.408
309.050,-0.075,-0.408
309.100,-0.074,-0.407
309.150,-0.074,-0.407
309.200,-0.073,-0.406
309.250,-0.073,-0.406
309.300,-0.072,-0.405
309.350,-0.072,-0.405
309.400,-0.072,-0.404
309.450,-0.071,-0.405
309.500,-0.072,-0.404
309.550,-0.071,-0.405
309.600,-0.071,-0.404
309.650,-0.071,-0.404
309.700,-0.070,-0.403
309.750,-0.068,-0.403
309.800,-0.065,-0.400
309.850,-0.060,-0.398
309.900,-0.056,-0.394
309.950,-0.051,-0.391
310.000,-0.047,-0.386
310.050,-0.044,-0.384
310.100,-0.042,-0.380
310.150,-0.039,-0.378
310.200,-0.036,-0.375
310.250,-0.033,-0.373
310.300,-0.030,-0.369
310.350,-0.027,-0.367
310.400,-0.025,-0.363
310.450,-0.023,-0.361
310.500,-0.021,-0.359
310.550,-0.019,-0.357
310.600,-0.018,-0.355
310.650,-0.017,-0.354
310.700,-0.016,-0.352
310.750,-0.015,-0.351
310.800,-0.015,-0.350
310.850,-0.014,-0.349
310.900,-0.013,-0.348
310.950,-0.013,-0.348
311.000,-0.012,-0.346
311.050,-0.010,-0.346
311.100,-0.009,-0.343
311.150,-0.008,-0.343
311.200,-0.006,-0.340
311.250,-0.006,-0.340
311.300,-0.005,-0.338
311.350,-0.004,-0.338
311.400,-0.004,-0.336
311.450,-0.003,-0.336
311.500,-0.002,-0.334
311.550,-0.002,-0.335
311.600,-0.002,-0.333
311.650,-8.905E-4,-0.333
311.700,-0.001,-0.332
311.750,-0.001,-0.333
311.800,-5.920E-5,-0.331
311.850,-4.266E-4,-0.331
311.900,-4.694E-4,-0.331
311.950,7.996E-5,-0.331
312.000,4.755E-4,-0.330
312.050,2.618E-4,-0.330
312.100,1.447E-4,-0.330
312.150,4.999E-4,-0.330
312.200,7.281E-4,-0.329
312.250,6.000E-4,-0.330
312.300,6.171E-4,-0.329
312.350,6.146E-4,-0.330
312.400,9.235E-4,-0.329
312.450,0.001,-0.329
312.500,9.467E-4,-0.328
312.550,0.001,-0.329
312.600,9.515E-4,-0.328
312.650,8.038E-4,-0.329
312.700,0.001,-0.328
312.750,0.001,-0.329
312.800,0.001,-0.328
312.850,0.001,-0.329
312.900,0.001,-0.328
312.950,0.001,-0.328
313.000,0.002,-0.328
313.050,0.001,-0.329
313.100,0.001,-0.328
313.150,0.001,-0.328
313.200,0.001,-0.328
313.250,0.001,-0.328
313.300,0.002,-0.327
313.350,0.001,-0.328
313.400,0.001,-0.328
313.450,0.001,-0.328
313.500,0.002,-0.327
313.550,0.002,-0.328
313.600,0.002,-0.327
313.650,0.002,-0.328
313.700,0.001,-0.328
313.750,0.001,-0.328
313.800,0.001,-0.328
313.850,0.002,-0.328
313.900,0.001,-0.327
313.950,0.001,-0.328
314.000,0.002,-0.327
314.050,0.002,-0.328
314.100,0.002,-0.327
314.150,0.001,-0.328
314.200,0.001,-0.328
314.250,0.002,-0.328
314.300,0.002,-0.327
314.350,0.001,-0.328
314.400,0.002,-0.327
314.450,0.001,-0.328
314.500,0.001,-0.327
314.550,0.002,-0.328
314.600,0.001,-0.328
314.650,0.001,-0.328
314.700,0.002,-0.327
314.750,0.002,-0.328
314.800,0.001,-0.327
314.850,0.002,-0.328
314.900,0.002,-0.328
314.950,0.002,-0.328
315.000,0.001,-0.327
315.050,0.001,-0.328
315.100,0.001,-0.327
315.150,0.002,-0.328
315.200,0.002,-0.327
315.250,0.001,-0.328
315.300,0.001,-0.327
315.350,0.002,-0.328
315.400,0.002,-0.327
315.450,0.002,-0.328
315.500,0.001,-0.328
315.550,0.002,-0.328
315.600,0.002,-0.327
315.650,0.002,-0.328
315.700,0.001,-0.327
315.750,0.001,-0.328
315.800,0.001,-0.328
315.850,0.001,-0.328
315.900,0.002,-0.327
315.950,0.002,-0.328
