Datum und Zeit Messreihe #1	Zeit (s) Messreihe #1	Spannung, Ch A (V) Messreihe #1	Stromsonde (PS-2184), Ch A (A) Messreihe #1	Spannung, Ch B (V) Messreihe #1	Stromsonde (PS-2184), Ch B (A) Messreihe #1
15.01.2026 17:35:31	0,000	-3,937E-4	-0,0039	-0,001	-0,0139
15.01.2026 17:35:31	0,050	-4,303E-4	-0,0043	-0,002	-0,0175
15.01.2026 17:35:31	0,100	-1,654E-4	-0,0017	-0,001	-0,0115
15.01.2026 17:35:31	0,150	-2,167E-4	-0,0022	-0,002	-0,0160
15.01.2026 17:35:31	0,200	-3,180E-4	-0,0032	-0,001	-0,0118
15.01.2026 17:35:31	0,250	-1,947E-4	-0,0019	-0,002	-0,0158
15.01.2026 17:35:31	0,300	-7,507E-5	-7,5073E-4	-0,001	-0,0106
15.01.2026 17:35:31	0,350	-5,951E-4	-0,0060	-0,002	-0,0187
15.01.2026 17:35:31	0,400	3,082E-4	0,0031	-0,001	-0,0140
15.01.2026 17:35:31	0,450	0,012	0,1190	-0,002	-0,0177
15.01.2026 17:35:31	0,500	0,013	0,1308	-0,002	-0,0154
15.01.2026 17:35:31	0,550	0,012	0,1179	-0,002	-0,0187
15.01.2026 17:35:31	0,600	0,012	0,1202	-0,001	-0,0116
15.01.2026 17:35:31	0,650	0,012	0,1177	-0,002	-0,0189
15.01.2026 17:35:31	0,700	0,012	0,1181	-0,001	-0,0148
15.01.2026 17:35:31	0,750	0,012	0,1200	-0,002	-0,0212
15.01.2026 17:35:31	0,800	0,013	0,1313	-0,002	-0,0159
15.01.2026 17:35:31	0,850	0,014	0,1377	-0,002	-0,0195
15.01.2026 17:35:31	0,900	0,018	0,1784	-0,001	-0,0144
15.01.2026 17:35:31	0,950	0,016	0,1598	-0,002	-0,0188
15.01.2026 17:35:32	1,000	0,015	0,1450	-0,001	-0,0136
15.01.2026 17:35:32	1,050	0,017	0,1712	-0,002	-0,0197
15.01.2026 17:35:32	1,100	0,016	0,1570	-0,001	-0,0145
15.01.2026 17:35:32	1,150	0,015	0,1452	-0,002	-0,0176
15.01.2026 17:35:32	1,200	0,014	0,1390	-0,002	-0,0162
15.01.2026 17:35:32	1,250	0,014	0,1382	-0,002	-0,0193
15.01.2026 17:35:32	1,300	0,015	0,1509	-0,001	-0,0125
15.01.2026 17:35:32	1,350	0,022	0,2204	-0,002	-0,0198
15.01.2026 17:35:32	1,400	0,044	0,4361	-8,682E-4	-0,0087
15.01.2026 17:35:32	1,450	0,048	0,4799	-0,002	-0,0163
15.01.2026 17:35:32	1,500	0,047	0,4735	-0,001	-0,0140
15.01.2026 17:35:32	1,550	0,046	0,4587	-0,002	-0,0169
15.01.2026 17:35:32	1,600	0,040	0,3952	-0,001	-0,0133
15.01.2026 17:35:32	1,650	0,035	0,3549	-0,002	-0,0192
15.01.2026 17:35:32	1,700	0,035	0,3455	-0,001	-0,0103
15.01.2026 17:35:32	1,750	0,034	0,3407	-0,002	-0,0193
15.01.2026 17:35:32	1,800	0,034	0,3425	-0,001	-0,0127
15.01.2026 17:35:32	1,850	0,034	0,3435	-0,002	-0,0165
15.01.2026 17:35:32	1,900	0,030	0,3003	-0,001	-0,0147
15.01.2026 17:35:32	1,950	0,026	0,2555	-0,002	-0,0172
15.01.2026 17:35:33	2,000	0,020	0,1993	-0,001	-0,0138
15.01.2026 17:35:33	2,050	0,015	0,1477	-0,002	-0,0197
15.01.2026 17:35:33	2,100	0,009	0,0902	-0,001	-0,0127
15.01.2026 17:35:33	2,150	0,003	0,0331	-0,002	-0,0184
15.01.2026 17:35:33	2,200	0,002	0,0161	-0,001	-0,0117
15.01.2026 17:35:33	2,250	0,001	0,0115	-0,002	-0,0182
15.01.2026 17:35:33	2,300	1,178E-4	0,0012	-0,001	-0,0118
15.01.2026 17:35:33	2,350	6,287E-5	6,2866E-4	-0,002	-0,0163
15.01.2026 17:35:33	2,400	-2,411E-4	-0,0024	-0,001	-0,0113
15.01.2026 17:35:33	2,450	1,678E-4	0,0017	-0,001	-0,0148
15.01.2026 17:35:33	2,500	5,609E-4	0,0056	-0,001	-0,0118
15.01.2026 17:35:33	2,550	0,001	0,0108	-0,002	-0,0181
15.01.2026 17:35:33	2,600	0,001	0,0111	-0,001	-0,0113
15.01.2026 17:35:33	2,650	0,002	0,0160	-0,001	-0,0149
15.01.2026 17:35:33	2,700	0,002	0,0154	-0,001	-0,0106
15.01.2026 17:35:33	2,750	0,001	0,0138	-0,002	-0,0177
15.01.2026 17:35:33	2,800	0,001	0,0141	-0,001	-0,0117
15.01.2026 17:35:33	2,850	0,001	0,0122	-0,002	-0,0184
15.01.2026 17:35:33	2,900	0,001	0,0134	-9,915E-4	-0,0099
15.01.2026 17:35:33	2,950	0,002	0,0155	-0,001	-0,0149
15.01.2026 17:35:34	3,000	0,001	0,0144	-9,927E-4	-0,0099
15.01.2026 17:35:34	3,050	0,001	0,0141	-0,002	-0,0160
15.01.2026 17:35:34	3,100	0,001	0,0128	-0,001	-0,0116
15.01.2026 17:35:34	3,150	0,001	0,0130	-0,002	-0,0175
15.01.2026 17:35:34	3,200	0,001	0,0112	-0,001	-0,0117
15.01.2026 17:35:34	3,250	0,001	0,0126	-0,002	-0,0176
15.01.2026 17:35:34	3,300	0,002	0,0199	-0,001	-0,0123
15.01.2026 17:35:34	3,350	0,004	0,0444	-0,002	-0,0174
15.01.2026 17:35:34	3,400	0,005	0,0487	-0,001	-0,0114
15.01.2026 17:35:34	3,450	0,004	0,0440	-0,001	-0,0142
15.01.2026 17:35:34	3,500	0,004	0,0425	-0,001	-0,0111
15.01.2026 17:35:34	3,550	0,006	0,0560	-0,002	-0,0158
15.01.2026 17:35:34	3,600	0,009	0,0933	-0,001	-0,0116
15.01.2026 17:35:34	3,650	0,011	0,1094	-0,002	-0,0170
15.01.2026 17:35:34	3,700	0,028	0,2755	-0,001	-0,0116
15.01.2026 17:35:34	3,750	0,051	0,5052	-0,002	-0,0174
15.01.2026 17:35:34	3,800	0,066	0,6636	-0,001	-0,0133
15.01.2026 17:35:34	3,850	0,099	0,9885	-0,002	-0,0178
15.01.2026 17:35:34	3,900	0,138	1,3772	-7,583E-4	-0,0076
15.01.2026 17:35:34	3,950	0,182	1,8247	-0,002	-0,0174
15.01.2026 17:35:35	4,000	0,234	2,3428	-7,632E-4	-0,0076
15.01.2026 17:35:35	4,050	0,265	2,6501	-0,002	-0,0154
15.01.2026 17:35:35	4,100	0,276	2,7631	-0,001	-0,0126
15.01.2026 17:35:35	4,150	0,285	2,8489	-0,001	-0,0129
15.01.2026 17:35:35	4,200	0,299	2,9923	-5,032E-4	-0,0050
15.01.2026 17:35:35	4,250	0,317	3,1685	-0,001	-0,0143
15.01.2026 17:35:35	4,300	0,336	3,3595	-0,001	-0,0110
15.01.2026 17:35:35	4,350	0,344	3,4421	-0,001	-0,0147
15.01.2026 17:35:35	4,400	0,347	3,4652	-8,572E-4	-0,0086
15.01.2026 17:35:35	4,450	0,346	3,4646	-0,002	-0,0156
15.01.2026 17:35:35	4,500	0,349	3,4946	-9,060E-4	-0,0091
15.01.2026 17:35:35	4,550	0,363	3,6267	-0,001	-0,0141
15.01.2026 17:35:35	4,600	0,382	3,8232	-0,001	-0,0122
15.01.2026 17:35:35	4,650	0,410	4,1020	-0,001	-0,0145
15.01.2026 17:35:35	4,700	0,431	4,3061	-6,655E-4	-0,0067
15.01.2026 17:35:35	4,750	0,448	4,4814	-0,002	-0,0163
15.01.2026 17:35:35	4,800	0,467	4,6652	-7,974E-4	-0,0080
15.01.2026 17:35:35	4,850	0,485	4,8534	-0,002	-0,0168
15.01.2026 17:35:35	4,900	0,499	4,9918	-5,691E-4	-0,0057
15.01.2026 17:35:35	4,950	0,500	5,0028	-0,001	-0,0131
15.01.2026 17:35:36	5,000	0,500	5,0033	-7,400E-4	-0,0074
15.01.2026 17:35:36	5,050	0,500	5,0028	-0,001	-0,0141
15.01.2026 17:35:36	5,100	0,500	5,0011	-9,292E-4	-0,0093
15.01.2026 17:35:36	5,150	0,500	5,0016	-0,001	-0,0148
15.01.2026 17:35:36	5,200	0,500	5,0034	-6,899E-4	-0,0069
15.01.2026 17:35:36	5,250	0,500	5,0013	-0,002	-0,0151
15.01.2026 17:35:36	5,300	0,500	5,0049	-8,950E-4	-0,0090
15.01.2026 17:35:36	5,350	0,514	5,1398	-0,001	-0,0143
15.01.2026 17:35:36	5,400	0,542	5,4170	-6,204E-4	-0,0062
15.01.2026 17:35:36	5,450	0,568	5,6774	-0,001	-0,0146
15.01.2026 17:35:36	5,500	0,589	5,8870	-3,445E-4	-0,0034
15.01.2026 17:35:36	5,550	0,623	6,2290	-0,001	-0,0146
15.01.2026 17:35:36	5,600	0,651	6,5121	-8,279E-4	-0,0083
15.01.2026 17:35:36	5,650	0,675	6,7468	-0,002	-0,0156
15.01.2026 17:35:36	5,700	0,701	7,0102	-7,815E-4	-0,0078
15.01.2026 17:35:36	5,750	0,707	7,0698	-0,002	-0,0157
15.01.2026 17:35:36	5,800	0,717	7,1711	-7,852E-4	-0,0079
15.01.2026 17:35:36	5,850	0,728	7,2819	-0,001	-0,0139
15.01.2026 17:35:36	5,900	0,732	7,3240	-7,314E-4	-0,0073
15.01.2026 17:35:36	5,950	0,746	7,4619	-0,002	-0,0152
15.01.2026 17:35:37	6,000	0,749	7,4931	-7,107E-4	-0,0071
15.01.2026 17:35:37	6,050	0,761	7,6073	-0,001	-0,0111
15.01.2026 17:35:37	6,100	0,771	7,7064	-3,884E-4	-0,0039
15.01.2026 17:35:37	6,150	0,780	7,7974	-0,002	-0,0161
15.01.2026 17:35:37	6,200	0,789	7,8925	-8,877E-4	-0,0089
15.01.2026 17:35:37	6,250	0,798	7,9839	-0,001	-0,0127
15.01.2026 17:35:37	6,300	0,807	8,0654	-6,594E-4	-0,0066
15.01.2026 17:35:37	6,350	0,816	8,1615	-0,001	-0,0142
15.01.2026 17:35:37	6,400	0,827	8,2747	-4,275E-4	-0,0043
15.01.2026 17:35:37	6,450	0,841	8,4092	-0,001	-0,0149
15.01.2026 17:35:37	6,500	0,858	8,5834	-6,338E-4	-0,0063
15.01.2026 17:35:37	6,550	0,874	8,7446	-0,001	-0,0127
15.01.2026 17:35:37	6,600	0,881	8,8066	-6,899E-4	-0,0069
15.01.2026 17:35:37	6,650	0,884	8,8384	-0,001	-0,0137
15.01.2026 17:35:37	6,700	0,889	8,8852	-4,910E-4	-0,0049
15.01.2026 17:35:37	6,750	0,894	8,9397	-0,002	-0,0167
15.01.2026 17:35:37	6,800	0,899	8,9851	-8,437E-4	-0,0084
15.01.2026 17:35:37	6,850	0,906	9,0569	-0,001	-0,0111
15.01.2026 17:35:37	6,900	0,912	9,1239	-7,546E-4	-0,0075
15.01.2026 17:35:37	6,950	0,916	9,1623	-0,001	-0,0141
15.01.2026 17:35:38	7,000	0,925	9,2545	-7,302E-4	-0,0073
15.01.2026 17:35:38	7,050	0,932	9,3219	-0,001	-0,0128
15.01.2026 17:35:38	7,100	0,939	9,3909	-5,593E-4	-0,0056
15.01.2026 17:35:38	7,150	0,946	9,4623	-0,001	-0,0125
15.01.2026 17:35:38	7,200	0,952	9,5159	-8,767E-4	-0,0088
15.01.2026 17:35:38	7,250	0,960	9,6034	-0,001	-0,0132
15.01.2026 17:35:38	7,300	0,969	9,6895	-7,375E-4	-0,0074
15.01.2026 17:35:38	7,350	0,981	9,8109	-0,001	-0,0109
15.01.2026 17:35:38	7,400	0,996	9,9645	-5,605E-4	-0,0056
15.01.2026 17:35:38	7,450	1,003	10,0347	-0,002	-0,0154
15.01.2026 17:35:38	7,500	1,017	10,1662	-6,887E-4	-0,0069
15.01.2026 17:35:38	7,550	1,027	10,2711	-0,001	-0,0133
15.01.2026 17:35:38	7,600	1,037	10,3677	-7,131E-4	-0,0071
15.01.2026 17:35:38	7,650	1,044	10,4429	-0,001	-0,0145
15.01.2026 17:35:38	7,700	1,052	10,5234	-6,655E-4	-0,0067
15.01.2026 17:35:38	7,750	1,066	10,6566	-0,001	-0,0130
15.01.2026 17:35:38	7,800	1,080	10,8041	-4,263E-4	-0,0043
15.01.2026 17:35:38	7,850	1,089	10,8905	-0,001	-0,0141
15.01.2026 17:35:38	7,900	1,100	10,9975	-3,982E-4	-0,0040
15.01.2026 17:35:38	7,950	1,112	11,1174	-0,001	-0,0123
15.01.2026 17:35:39	8,000	1,117	11,1719	-6,472E-4	-0,0065
15.01.2026 17:35:39	8,050	1,128	11,2817	-0,001	-0,0123
15.01.2026 17:35:39	8,100	1,143	11,4339	-4,971E-4	-0,0050
15.01.2026 17:35:39	8,150	1,155	11,5482	-0,001	-0,0118
15.01.2026 17:35:39	8,200	1,166	11,6577	-5,093E-4	-0,0051
15.01.2026 17:35:39	8,250	1,181	11,8129	-0,001	-0,0113
15.01.2026 17:35:39	8,300	1,194	11,9446	-6,094E-4	-0,0061
15.01.2026 17:35:39	8,350	1,205	12,0520	-0,001	-0,0123
15.01.2026 17:35:39	8,400	1,216	12,1554	-4,629E-4	-0,0046
15.01.2026 17:35:39	8,450	1,224	12,2440	-0,001	-0,0123
15.01.2026 17:35:39	8,500	1,227	12,2678	-6,143E-4	-0,0061
15.01.2026 17:35:39	8,550	1,239	12,3850	-0,001	-0,0104
15.01.2026 17:35:39	8,600	1,250	12,4956	-4,666E-4	-0,0047
15.01.2026 17:35:39	8,650	1,260	12,6024	-0,001	-0,0131
15.01.2026 17:35:39	8,700	1,264	12,6360	-5,850E-4	-0,0058
15.01.2026 17:35:39	8,750	1,268	12,6764	-0,002	-0,0153
15.01.2026 17:35:39	8,800	1,272	12,7165	-5,618E-4	-0,0056
15.01.2026 17:35:39	8,850	1,277	12,7679	-0,001	-0,0129
15.01.2026 17:35:39	8,900	1,287	12,8740	-4,141E-4	-0,0041
15.01.2026 17:35:39	8,950	1,304	13,0357	-0,001	-0,0137
15.01.2026 17:35:40	9,000	1,323	13,2286	-4,666E-4	-0,0047
15.01.2026 17:35:40	9,050	1,339	13,3908	-0,001	-0,0117
15.01.2026 17:35:40	9,100	1,342	13,4206	-5,129E-4	-0,0051
15.01.2026 17:35:40	9,150	1,343	13,4272	-0,001	-0,0146
15.01.2026 17:35:40	9,200	1,346	13,4569	-0,001	-0,0116
15.01.2026 17:35:40	9,250	1,351	13,5124	-0,001	-0,0141
15.01.2026 17:35:40	9,300	1,355	13,5451	-4,763E-4	-0,0048
15.01.2026 17:35:40	9,350	1,357	13,5655	-0,001	-0,0130
15.01.2026 17:35:40	9,400	1,375	13,7504	-6,094E-4	-0,0061
15.01.2026 17:35:40	9,450	1,374	13,7377	-0,001	-0,0143
15.01.2026 17:35:40	9,500	1,371	13,7133	-5,435E-4	-0,0054
15.01.2026 17:35:40	9,550	1,371	13,7136	-0,001	-0,0111
15.01.2026 17:35:40	9,600	1,371	13,7128	-4,556E-4	-0,0046
15.01.2026 17:35:40	9,650	1,371	13,7129	-0,001	-0,0126
15.01.2026 17:35:40	9,700	1,371	13,7132	-5,337E-4	-0,0053
15.01.2026 17:35:40	9,750	1,376	13,7569	-0,001	-0,0126
15.01.2026 17:35:40	9,800	1,393	13,9260	-4,873E-4	-0,0049
15.01.2026 17:35:40	9,850	1,405	14,0537	-0,001	-0,0114
15.01.2026 17:35:40	9,900	1,424	14,2392	-5,398E-4	-0,0054
15.01.2026 17:35:40	9,950	1,435	14,3497	-0,001	-0,0142
15.01.2026 17:35:41	10,000	1,444	14,4358	-2,529E-4	-0,0025
15.01.2026 17:35:41	10,050	1,469	14,6863	-0,001	-0,0123
15.01.2026 17:35:41	10,100	1,479	14,7919	-4,727E-4	-0,0047
15.01.2026 17:35:41	10,150	1,490	14,8953	-0,001	-0,0130
15.01.2026 17:35:41	10,200	1,499	14,9879	-3,994E-4	-0,0040
15.01.2026 17:35:41	10,250	1,500	15,0006	-0,001	-0,0112
15.01.2026 17:35:41	10,300	1,506	15,0568	-7,485E-4	-0,0075
15.01.2026 17:35:41	10,350	1,508	15,0848	-0,001	-0,0101
15.01.2026 17:35:41	10,400	1,514	15,1373	-2,212E-4	-0,0022
15.01.2026 17:35:41	10,450	1,525	15,2527	-9,963E-4	-0,0100
15.01.2026 17:35:41	10,500	1,539	15,3910	-4,482E-4	-0,0045
15.01.2026 17:35:41	10,550	1,551	15,5088	-0,001	-0,0110
15.01.2026 17:35:41	10,600	1,562	15,6155	-3,823E-4	-0,0038
15.01.2026 17:35:41	10,650	1,568	15,6810	-0,001	-0,0109
15.01.2026 17:35:41	10,700	1,576	15,7557	-3,494E-4	-0,0035
15.01.2026 17:35:41	10,750	1,592	15,9155	-0,001	-0,0106
15.01.2026 17:35:41	10,800	1,603	16,0257	-6,252E-4	-0,0063
15.01.2026 17:35:41	10,850	1,610	16,1040	-0,001	-0,0123
15.01.2026 17:35:41	10,900	1,616	16,1593	-3,848E-4	-0,0038
15.01.2026 17:35:41	10,950	1,623	16,2344	-8,535E-4	-0,0085
15.01.2026 17:35:42	11,000	1,639	16,3867	-2,810E-4	-0,0028
15.01.2026 17:35:42	11,050	1,651	16,5123	-0,001	-0,0111
15.01.2026 17:35:42	11,100	1,666	16,6613	-2,383E-4	-0,0024
15.01.2026 17:35:42	11,150	1,669	16,6930	-0,001	-0,0122
15.01.2026 17:35:42	11,200	1,670	16,6989	-3,530E-4	-0,0035
15.01.2026 17:35:42	11,250	1,674	16,7368	-0,001	-0,0110
15.01.2026 17:35:42	11,300	1,674	16,7365	-3,384E-4	-0,0034
15.01.2026 17:35:42	11,350	1,677	16,7659	-0,001	-0,0124
15.01.2026 17:35:42	11,400	1,685	16,8491	-5,313E-4	-0,0053
15.01.2026 17:35:42	11,450	1,692	16,9166	-0,001	-0,0116
15.01.2026 17:35:42	11,500	1,705	17,0514	-2,686E-6	-2,6855E-5
15.01.2026 17:35:42	11,550	1,722	17,2208	-0,001	-0,0114
15.01.2026 17:35:42	11,600	1,730	17,2992	-1,516E-4	-0,0015
15.01.2026 17:35:42	11,650	1,744	17,4375	-0,001	-0,0113
15.01.2026 17:35:42	11,700	1,760	17,6047	-2,090E-4	-0,0021
15.01.2026 17:35:42	11,750	1,774	17,7360	-0,001	-0,0110
15.01.2026 17:35:42	11,800	1,780	17,7967	-3,604E-4	-0,0036
15.01.2026 17:35:42	11,850	1,796	17,9633	-9,695E-4	-0,0097
15.01.2026 17:35:42	11,900	1,839	18,3901	-5,020E-4	-0,0050
15.01.2026 17:35:42	11,950	1,839	18,3949	-0,001	-0,0115
15.01.2026 17:35:43	12,000	1,840	18,3964	-1,748E-4	-0,0017
15.01.2026 17:35:43	12,050	1,839	18,3949	-0,001	-0,0111
15.01.2026 17:35:43	12,100	1,839	18,3933	-4,800E-4	-0,0048
15.01.2026 17:35:43	12,150	1,840	18,3964	-8,499E-4	-0,0085
15.01.2026 17:35:43	12,200	1,840	18,3951	-4,165E-4	-0,0042
15.01.2026 17:35:43	12,250	1,846	18,4641	-0,001	-0,0125
15.01.2026 17:35:43	12,300	1,897	18,9656	-2,761E-4	-0,0028
15.01.2026 17:35:43	12,350	1,948	19,4848	-9,194E-4	-0,0092
15.01.2026 17:35:43	12,400	1,988	19,8771	-3,140E-4	-0,0031
15.01.2026 17:35:43	12,450	2,025	20,2475	-9,646E-4	-0,0096
15.01.2026 17:35:43	12,500	2,042	20,4164	-2,688E-4	-0,0027
15.01.2026 17:35:43	12,550	2,049	20,4942	-0,001	-0,0105
15.01.2026 17:35:43	12,600	2,063	20,6291	-4,568E-4	-0,0046
15.01.2026 17:35:43	12,650	2,087	20,8692	-9,451E-4	-0,0095
15.01.2026 17:35:43	12,700	2,103	21,0253	-1,418E-4	-0,0014
15.01.2026 17:35:43	12,750	2,114	21,1350	-9,414E-4	-0,0094
15.01.2026 17:35:43	12,800	2,124	21,2367	-4,678E-4	-0,0047
15.01.2026 17:35:43	12,850	2,135	21,3534	-0,001	-0,0113
15.01.2026 17:35:43	12,900	2,143	21,4297	-3,320E-5	-3,3203E-4
15.01.2026 17:35:43	12,950	2,154	21,5411	-8,120E-4	-0,0081
15.01.2026 17:35:44	13,000	2,171	21,7109	-2,566E-4	-0,0026
15.01.2026 17:35:44	13,050	2,183	21,8348	-0,001	-0,0112
15.01.2026 17:35:44	13,100	2,196	21,9648	-1,367E-5	-1,3672E-4
15.01.2026 17:35:44	13,150	2,211	22,1113	-9,292E-4	-0,0093
15.01.2026 17:35:44	13,200	2,222	22,2208	-2,139E-4	-0,0021
15.01.2026 17:35:44	13,250	2,234	22,3417	-8,816E-4	-0,0088
15.01.2026 17:35:44	13,300	2,251	22,5134	-1,870E-4	-0,0019
15.01.2026 17:35:44	13,350	2,267	22,6706	-8,657E-4	-0,0087
15.01.2026 17:35:44	13,400	2,276	22,7580	-3,018E-4	-0,0030
15.01.2026 17:35:44	13,450	2,286	22,8648	-9,182E-4	-0,0092
15.01.2026 17:35:44	13,500	2,298	22,9785	-7,471E-5	-7,4707E-4
15.01.2026 17:35:44	13,550	2,314	23,1350	-0,001	-0,0106
15.01.2026 17:35:44	13,600	2,328	23,2798	-8,813E-5	-8,8135E-4
15.01.2026 17:35:44	13,650	2,340	23,3982	-8,547E-4	-0,0085
15.01.2026 17:35:44	13,700	2,346	23,4608	6,323E-5	6,3232E-4
15.01.2026 17:35:44	13,750	2,349	23,4872	-7,363E-4	-0,0074
15.01.2026 17:35:44	13,800	2,355	23,5522	1,121E-4	0,0011
15.01.2026 17:35:44	13,850	2,372	23,7168	-9,634E-4	-0,0096
15.01.2026 17:35:44	13,900	2,412	24,1235	-2,700E-4	-0,0027
15.01.2026 17:35:44	13,950	2,429	24,2911	-7,803E-4	-0,0078
15.01.2026 17:35:45	14,000	2,429	24,2884	-1,028E-4	-0,0010
15.01.2026 17:35:45	14,050	2,429	24,2901	-6,924E-4	-0,0069
15.01.2026 17:35:45	14,100	2,429	24,2885	-1,211E-4	-0,0012
15.01.2026 17:35:45	14,150	2,429	24,2882	-8,437E-4	-0,0084
15.01.2026 17:35:45	14,200	2,429	24,2912	1,560E-4	0,0016
15.01.2026 17:35:45	14,250	2,429	24,2885	-8,145E-4	-0,0081
15.01.2026 17:35:45	14,300	2,429	24,2884	-8,569E-5	-8,5693E-4
15.01.2026 17:35:45	14,350	2,429	24,2898	-8,523E-4	-0,0085
15.01.2026 17:35:45	14,400	2,439	24,3860	-4,177E-4	-0,0042
15.01.2026 17:35:45	14,450	2,463	24,6263	-8,303E-4	-0,0083
15.01.2026 17:35:45	14,500	2,489	24,8890	-5,762E-5	-5,7617E-4
15.01.2026 17:35:45	14,550	2,519	25,1905	-7,974E-4	-0,0080
15.01.2026 17:35:45	14,600	2,541	25,4140	-2,566E-4	-0,0026
15.01.2026 17:35:45	14,650	2,575	25,7533	-8,645E-4	-0,0086
15.01.2026 17:35:45	14,700	2,595	25,9500	3,501E-4	0,0035
15.01.2026 17:35:45	14,750	2,604	26,0440	-7,974E-4	-0,0080
15.01.2026 17:35:45	14,800	2,619	26,1903	-1,675E-4	-0,0017
15.01.2026 17:35:45	14,850	2,645	26,4519	-8,279E-4	-0,0083
15.01.2026 17:35:45	14,900	2,675	26,7544	1,414E-4	0,0014
15.01.2026 17:35:45	14,950	2,694	26,9429	-0,001	-0,0108
15.01.2026 17:35:46	15,000	2,710	27,0958	-2,297E-4	-0,0023
15.01.2026 17:35:46	15,050	2,725	27,2465	-6,289E-4	-0,0063
15.01.2026 17:35:46	15,100	2,743	27,4322	2,585E-4	0,0026
15.01.2026 17:35:46	15,150	2,768	27,6837	-6,631E-4	-0,0066
15.01.2026 17:35:46	15,200	2,803	28,0336	1,230E-4	0,0012
15.01.2026 17:35:46	15,250	2,840	28,3995	-6,082E-4	-0,0061
15.01.2026 17:35:46	15,300	2,866	28,6588	-6,348E-6	-6,3477E-5
15.01.2026 17:35:46	15,350	2,883	28,8265	-9,573E-4	-0,0096
15.01.2026 17:35:46	15,400	2,898	28,9816	-2,832E-5	-2,8320E-4
15.01.2026 17:35:46	15,450	2,912	29,1162	-8,450E-4	-0,0084
15.01.2026 17:35:46	15,500	2,931	29,3055	3,782E-4	0,0038
15.01.2026 17:35:46	15,550	2,959	29,5874	-8,376E-4	-0,0084
15.01.2026 17:35:46	15,600	3,001	30,0124	-1,611E-5	-1,6113E-4
15.01.2026 17:35:46	15,650	3,034	30,3440	-9,573E-4	-0,0096
15.01.2026 17:35:46	15,700	3,061	30,6078	2,317E-4	0,0023
15.01.2026 17:35:46	15,750	3,070	30,7031	-7,070E-4	-0,0071
15.01.2026 17:35:46	15,800	3,075	30,7513	1,562E-5	1,5625E-4
15.01.2026 17:35:46	15,850	3,074	30,7359	-4,995E-4	-0,0050
15.01.2026 17:35:46	15,900	3,088	30,8814	2,524E-4	0,0025
15.01.2026 17:35:46	15,950	3,108	31,0763	-7,559E-4	-0,0076
15.01.2026 17:35:47	16,000	3,131	31,3065	-9,058E-5	-9,0576E-4
15.01.2026 17:35:47	16,050	3,139	31,3924	-4,727E-4	-0,0047
15.01.2026 17:35:47	16,100	3,140	31,3978	3,196E-4	0,0032
15.01.2026 17:35:47	16,150	3,139	31,3924	-0,001	-0,0101
15.01.2026 17:35:47	16,200	3,140	31,3954	2,000E-4	0,0020
15.01.2026 17:35:47	16,250	3,139	31,3941	-8,413E-4	-0,0084
15.01.2026 17:35:47	16,300	3,139	31,3936	-1,467E-4	-0,0015
15.01.2026 17:35:47	16,350	3,140	31,3965	-4,824E-4	-0,0048
15.01.2026 17:35:47	16,400	3,140	31,4000	5,552E-4	0,0056
15.01.2026 17:35:47	16,450	3,139	31,3920	-8,535E-4	-0,0085
15.01.2026 17:35:47	16,500	3,139	31,3930	2,622E-4	0,0026
15.01.2026 17:35:47	16,550	3,140	31,4029	-6,008E-4	-0,0060
15.01.2026 17:35:47	16,600	3,160	31,5967	1,011E-4	0,0010
15.01.2026 17:35:47	16,650	3,192	31,9179	-6,130E-4	-0,0061
15.01.2026 17:35:47	16,700	3,220	32,2024	2,500E-4	0,0025
15.01.2026 17:35:47	16,750	3,250	32,5000	-6,204E-4	-0,0062
15.01.2026 17:35:47	16,800	3,323	33,2329	3,721E-4	0,0037
15.01.2026 17:35:47	16,850	3,301	33,0119	-7,021E-4	-0,0070
15.01.2026 17:35:47	16,900	3,316	33,1560	3,330E-4	0,0033
15.01.2026 17:35:47	16,950	3,334	33,3407	-7,119E-4	-0,0071
15.01.2026 17:35:48	17,000	3,363	33,6271	2,195E-4	0,0022
15.01.2026 17:35:48	17,050	3,381	33,8060	-5,093E-4	-0,0051
15.01.2026 17:35:48	17,100	3,397	33,9704	1,182E-4	0,0012
15.01.2026 17:35:48	17,150	3,417	34,1741	-1,443E-4	-0,0014
15.01.2026 17:35:48	17,200	3,431	34,3123	2,073E-4	0,0021
15.01.2026 17:35:48	17,250	3,442	34,4233	-5,105E-4	-0,0051
15.01.2026 17:35:48	17,300	3,503	35,0283	1,841E-4	0,0018
15.01.2026 17:35:48	17,350	3,498	34,9823	-6,021E-4	-0,0060
15.01.2026 17:35:48	17,400	3,535	35,3472	1,902E-4	0,0019
15.01.2026 17:35:48	17,450	3,517	35,1694	-6,411E-4	-0,0064
15.01.2026 17:35:48	17,500	3,518	35,1772	2,783E-5	2,7832E-4
15.01.2026 17:35:48	17,550	3,516	35,1580	-5,142E-4	-0,0051
15.01.2026 17:35:48	17,600	3,517	35,1675	-6,250E-5	-6,2500E-4
15.01.2026 17:35:48	17,650	3,537	35,3686	-8,010E-4	-0,0080
15.01.2026 17:35:48	17,700	3,553	35,5251	4,417E-4	0,0044
15.01.2026 17:35:48	17,750	3,568	35,6826	-4,043E-4	-0,0040
15.01.2026 17:35:48	17,800	3,577	35,7698	1,584E-4	0,0016
15.01.2026 17:35:48	17,850	3,583	35,8285	-6,814E-4	-0,0068
15.01.2026 17:35:48	17,900	3,584	35,8374	2,671E-4	0,0027
15.01.2026 17:35:48	17,950	3,602	36,0204	-6,375E-4	-0,0064
15.01.2026 17:35:49	18,000	3,614	36,1365	3,516E-5	3,5156E-4
15.01.2026 17:35:49	18,050	3,626	36,2564	-5,715E-4	-0,0057
15.01.2026 17:35:49	18,100	3,638	36,3785	1,353E-4	0,0014
15.01.2026 17:35:49	18,150	3,642	36,4155	-6,558E-4	-0,0066
15.01.2026 17:35:49	18,200	3,641	36,4128	2,817E-4	0,0028
15.01.2026 17:35:49	18,250	3,641	36,4063	-6,704E-4	-0,0067
15.01.2026 17:35:49	18,300	3,639	36,3903	1,218E-4	0,0012
15.01.2026 17:35:49	18,350	3,639	36,3869	-5,923E-4	-0,0059
15.01.2026 17:35:49	18,400	3,639	36,3878	3,403E-4	0,0034
15.01.2026 17:35:49	18,450	3,639	36,3888	-3,384E-4	-0,0034
15.01.2026 17:35:49	18,500	3,639	36,3888	5,002E-4	0,0050
15.01.2026 17:35:49	18,550	3,639	36,3908	-1,760E-4	-0,0018
15.01.2026 17:35:49	18,600	3,639	36,3877	3,342E-4	0,0033
15.01.2026 17:35:49	18,650	3,639	36,3871	-4,946E-4	-0,0049
15.01.2026 17:35:49	18,700	3,638	36,3833	3,159E-4	0,0032
15.01.2026 17:35:49	18,750	3,629	36,2893	-4,788E-4	-0,0048
15.01.2026 17:35:49	18,800	3,625	36,2469	-3,320E-5	-3,3203E-4
15.01.2026 17:35:49	18,850	3,621	36,2090	-5,532E-4	-0,0055
15.01.2026 17:35:49	18,900	3,592	35,9183	-7,837E-5	-7,8369E-4
15.01.2026 17:35:49	18,950	3,571	35,7111	-8,657E-4	-0,0087
15.01.2026 17:35:50	19,000	3,570	35,6989	3,403E-4	0,0034
15.01.2026 17:35:50	19,050	3,565	35,6531	-8,547E-4	-0,0085
15.01.2026 17:35:50	19,100	3,550	35,5012	3,953E-4	0,0040
15.01.2026 17:35:50	19,150	3,532	35,3185	-7,644E-4	-0,0076
15.01.2026 17:35:50	19,200	3,514	35,1363	4,343E-4	0,0043
15.01.2026 17:35:50	19,250	3,509	35,0858	-2,639E-4	-0,0026
15.01.2026 17:35:50	19,300	3,506	35,0572	1,011E-4	0,0010
15.01.2026 17:35:50	19,350	3,489	34,8882	-5,972E-4	-0,0060
15.01.2026 17:35:50	19,400	3,461	34,6089	3,562E-4	0,0036
15.01.2026 17:35:50	19,450	3,442	34,4232	-2,883E-4	-0,0029
15.01.2026 17:35:50	19,500	3,434	34,3427	4,612E-4	0,0046
15.01.2026 17:35:50	19,550	3,432	34,3239	-5,142E-4	-0,0051
15.01.2026 17:35:50	19,600	3,424	34,2379	2,659E-4	0,0027
15.01.2026 17:35:50	19,650	3,415	34,1529	-5,203E-4	-0,0052
15.01.2026 17:35:50	19,700	3,402	34,0242	5,820E-4	0,0058
15.01.2026 17:35:50	19,750	3,380	33,7985	-3,542E-4	-0,0035
15.01.2026 17:35:50	19,800	3,365	33,6531	4,917E-4	0,0049
15.01.2026 17:35:50	19,850	3,355	33,5499	-3,579E-4	-0,0036
15.01.2026 17:35:50	19,900	3,342	33,4221	5,173E-4	0,0052
15.01.2026 17:35:50	19,950	3,331	33,3067	-3,665E-4	-0,0037
15.01.2026 17:35:51	20,000	3,316	33,1603	3,171E-4	0,0032
15.01.2026 17:35:51	20,050	3,303	33,0284	-6,777E-4	-0,0068
15.01.2026 17:35:51	20,100	3,300	33,0006	2,451E-4	0,0025
15.01.2026 17:35:51	20,150	3,291	32,9114	-5,361E-4	-0,0054
15.01.2026 17:35:51	20,200	3,289	32,8888	3,049E-4	0,0030
15.01.2026 17:35:51	20,250	3,288	32,8827	-6,057E-4	-0,0061
15.01.2026 17:35:51	20,300	3,285	32,8490	5,247E-4	0,0052
15.01.2026 17:35:51	20,350	3,280	32,8001	-5,154E-4	-0,0052
15.01.2026 17:35:51	20,400	3,271	32,7146	2,085E-4	0,0021
15.01.2026 17:35:51	20,450	3,264	32,6435	-3,298E-4	-0,0033
15.01.2026 17:35:51	20,500	3,252	32,5244	3,342E-4	0,0033
15.01.2026 17:35:51	20,550	3,245	32,4494	-4,312E-4	-0,0043
15.01.2026 17:35:51	20,600	3,243	32,4345	3,953E-4	0,0040
15.01.2026 17:35:51	20,650	3,243	32,4340	-5,349E-4	-0,0053
15.01.2026 17:35:51	20,700	3,243	32,4347	3,660E-4	0,0037
15.01.2026 17:35:51	20,750	3,243	32,4338	-6,179E-4	-0,0062
15.01.2026 17:35:51	20,800	3,243	32,4348	3,818E-4	0,0038
15.01.2026 17:35:51	20,850	3,243	32,4335	-6,692E-4	-0,0067
15.01.2026 17:35:51	20,900	3,245	32,4482	2,390E-4	0,0024
15.01.2026 17:35:51	20,950	3,221	32,2138	-5,972E-4	-0,0060
15.01.2026 17:35:52	21,000	3,185	31,8527	4,429E-4	0,0044
15.01.2026 17:35:52	21,050	3,146	31,4601	-9,048E-4	-0,0090
15.01.2026 17:35:52	21,100	3,117	31,1651	1,792E-4	0,0018
15.01.2026 17:35:52	21,150	3,090	30,8956	-2,651E-4	-0,0027
15.01.2026 17:35:52	21,200	3,071	30,7143	2,903E-4	0,0029
15.01.2026 17:35:52	21,250	3,061	30,6138	-6,667E-4	-0,0067
15.01.2026 17:35:52	21,300	3,055	30,5484	9,009E-5	9,0088E-4
15.01.2026 17:35:52	21,350	3,053	30,5263	-6,887E-4	-0,0069
15.01.2026 17:35:52	21,400	3,047	30,4660	3,672E-4	0,0037
15.01.2026 17:35:52	21,450	3,045	30,4488	-3,469E-4	-0,0035
15.01.2026 17:35:52	21,500	3,043	30,4342	-1,733E-5	-1,7334E-4
15.01.2026 17:35:52	21,550	3,036	30,3559	-5,105E-4	-0,0051
15.01.2026 17:35:52	21,600	3,033	30,3290	2,537E-4	0,0025
15.01.2026 17:35:52	21,650	3,030	30,2980	-6,021E-4	-0,0060
15.01.2026 17:35:52	21,700	3,018	30,1816	7,788E-5	7,7881E-4
15.01.2026 17:35:52	21,750	3,004	30,0428	-5,544E-4	-0,0055
15.01.2026 17:35:52	21,800	2,991	29,9091	3,855E-4	0,0039
15.01.2026 17:35:52	21,850	2,976	29,7626	-4,934E-4	-0,0049
15.01.2026 17:35:52	21,900	2,964	29,6373	2,830E-4	0,0028
15.01.2026 17:35:52	21,950	2,953	29,5345	-5,898E-4	-0,0059
15.01.2026 17:35:53	22,000	2,946	29,4637	5,222E-4	0,0052
15.01.2026 17:35:53	22,050	2,937	29,3655	-5,410E-4	-0,0054
15.01.2026 17:35:53	22,100	2,931	29,3134	1,914E-4	0,0019
15.01.2026 17:35:53	22,150	2,923	29,2349	-5,850E-4	-0,0058
15.01.2026 17:35:53	22,200	2,916	29,1618	6,445E-5	6,4453E-4
15.01.2026 17:35:53	22,250	2,908	29,0754	-4,922E-4	-0,0049
15.01.2026 17:35:53	22,300	2,890	28,8969	6,016E-4	0,0060
15.01.2026 17:35:53	22,350	2,875	28,7462	-5,862E-4	-0,0059
15.01.2026 17:35:53	22,400	2,861	28,6104	2,173E-5	2,1729E-4
15.01.2026 17:35:53	22,450	2,852	28,5236	-5,264E-4	-0,0053
15.01.2026 17:35:53	22,500	2,834	28,3370	-4,785E-5	-4,7852E-4
15.01.2026 17:35:53	22,550	2,813	28,1271	-5,959E-4	-0,0060
15.01.2026 17:35:53	22,600	2,801	28,0101	2,952E-4	0,0030
15.01.2026 17:35:53	22,650	2,795	27,9547	-6,130E-4	-0,0061
15.01.2026 17:35:53	22,700	2,791	27,9126	2,793E-4	0,0028
15.01.2026 17:35:53	22,750	2,784	27,8381	-4,873E-4	-0,0049
15.01.2026 17:35:53	22,800	2,777	27,7671	4,380E-4	0,0044
15.01.2026 17:35:53	22,850	2,766	27,6554	-5,410E-4	-0,0054
15.01.2026 17:35:53	22,900	2,762	27,6215	3,159E-4	0,0032
15.01.2026 17:35:53	22,950	2,758	27,5794	-5,862E-4	-0,0059
15.01.2026 17:35:54	23,000	2,745	27,4512	2,634E-4	0,0026
15.01.2026 17:35:54	23,050	2,736	27,3612	-6,069E-4	-0,0061
15.01.2026 17:35:54	23,100	2,726	27,2626	3,843E-4	0,0038
15.01.2026 17:35:54	23,150	2,725	27,2454	-6,497E-4	-0,0065
15.01.2026 17:35:54	23,200	2,725	27,2461	4,258E-4	0,0043
15.01.2026 17:35:54	23,250	2,724	27,2448	-5,435E-4	-0,0054
15.01.2026 17:35:54	23,300	2,724	27,2425	1,780E-4	0,0018
15.01.2026 17:35:54	23,350	2,724	27,2424	-6,667E-4	-0,0067
15.01.2026 17:35:54	23,400	2,724	27,2424	2,329E-4	0,0023
15.01.2026 17:35:54	23,450	2,725	27,2455	-2,285E-4	-0,0023
15.01.2026 17:35:54	23,500	2,724	27,2441	4,099E-4	0,0041
15.01.2026 17:35:54	23,550	2,726	27,2608	-6,912E-4	-0,0069
15.01.2026 17:35:54	23,600	2,717	27,1664	5,112E-4	0,0051
15.01.2026 17:35:54	23,650	2,686	26,8616	-2,261E-4	-0,0023
15.01.2026 17:35:54	23,700	2,659	26,5904	4,514E-4	0,0045
15.01.2026 17:35:54	23,750	2,628	26,2833	-5,032E-4	-0,0050
15.01.2026 17:35:54	23,800	2,608	26,0825	3,330E-4	0,0033
15.01.2026 17:35:54	23,850	2,601	26,0148	-6,301E-4	-0,0063
15.01.2026 17:35:54	23,900	2,596	25,9555	3,452E-4	0,0035
15.01.2026 17:35:54	23,950	2,590	25,9018	-4,897E-4	-0,0049
15.01.2026 17:35:55	24,000	2,586	25,8602	4,980E-5	4,9805E-4
15.01.2026 17:35:55	24,050	2,576	25,7591	-6,509E-4	-0,0065
15.01.2026 17:35:55	24,100	2,564	25,6440	1,658E-4	0,0017
15.01.2026 17:35:55	24,150	2,554	25,5351	-6,191E-4	-0,0062
15.01.2026 17:35:55	24,200	2,526	25,2568	4,307E-4	0,0043
15.01.2026 17:35:55	24,250	2,499	24,9863	-6,436E-4	-0,0064
15.01.2026 17:35:55	24,300	2,481	24,8117	5,381E-4	0,0054
15.01.2026 17:35:55	24,350	2,477	24,7738	-6,021E-4	-0,0060
15.01.2026 17:35:55	24,400	2,476	24,7559	5,417E-4	0,0054
15.01.2026 17:35:55	24,450	2,465	24,6499	-5,996E-4	-0,0060
15.01.2026 17:35:55	24,500	2,458	24,5756	1,499E-4	0,0015
15.01.2026 17:35:55	24,550	2,446	24,4638	-5,056E-4	-0,0051
15.01.2026 17:35:55	24,600	2,435	24,3527	7,114E-4	0,0071
15.01.2026 17:35:55	24,650	2,429	24,2929	-5,166E-4	-0,0052
15.01.2026 17:35:55	24,700	2,413	24,1335	4,478E-4	0,0045
15.01.2026 17:35:55	24,750	2,400	23,9954	-5,398E-4	-0,0054
15.01.2026 17:35:55	24,800	2,397	23,9681	1,548E-4	0,0015
15.01.2026 17:35:55	24,850	2,393	23,9335	-4,360E-4	-0,0044
15.01.2026 17:35:55	24,900	2,381	23,8056	3,220E-4	0,0032
15.01.2026 17:35:55	24,950	2,370	23,7030	-6,228E-4	-0,0062
15.01.2026 17:35:56	25,000	2,362	23,6222	5,198E-4	0,0052
15.01.2026 17:35:56	25,050	2,353	23,5299	-4,055E-4	-0,0041
15.01.2026 17:35:56	25,100	2,343	23,4295	1,743E-4	0,0017
15.01.2026 17:35:56	25,150	2,340	23,4019	-6,143E-4	-0,0061
15.01.2026 17:35:56	25,200	2,333	23,3285	4,526E-4	0,0045
15.01.2026 17:35:56	25,250	2,319	23,1901	-6,375E-4	-0,0064
15.01.2026 17:35:56	25,300	2,298	22,9833	-1,855E-5	-1,8555E-4
15.01.2026 17:35:56	25,350	2,284	22,8396	-6,814E-4	-0,0068
15.01.2026 17:35:56	25,400	2,272	22,7222	1,829E-4	0,0018
15.01.2026 17:35:56	25,450	2,265	22,6541	-8,145E-4	-0,0081
15.01.2026 17:35:56	25,500	2,260	22,6025	4,880E-4	0,0049
15.01.2026 17:35:56	25,550	2,251	22,5117	-6,045E-4	-0,0060
15.01.2026 17:35:56	25,600	2,248	22,4760	3,367E-4	0,0034
15.01.2026 17:35:56	25,650	2,244	22,4366	-7,070E-4	-0,0071
15.01.2026 17:35:56	25,700	2,231	22,3111	2,744E-4	0,0027
15.01.2026 17:35:56	25,750	2,216	22,1598	-6,143E-4	-0,0061
15.01.2026 17:35:56	25,800	2,210	22,1029	3,452E-4	0,0035
15.01.2026 17:35:56	25,850	2,209	22,0859	-4,128E-4	-0,0041
15.01.2026 17:35:56	25,900	2,202	22,0193	3,110E-4	0,0031
15.01.2026 17:35:56	25,950	2,187	21,8706	-4,849E-4	-0,0048
15.01.2026 17:35:57	26,000	2,170	21,7010	3,184E-4	0,0032
15.01.2026 17:35:57	26,050	2,165	21,6478	-3,958E-4	-0,0040
15.01.2026 17:35:57	26,100	2,161	21,6075	3,721E-4	0,0037
15.01.2026 17:35:57	26,150	2,146	21,4617	-8,096E-4	-0,0081
15.01.2026 17:35:57	26,200	2,134	21,3405	-1,345E-4	-0,0013
15.01.2026 17:35:57	26,250	2,131	21,3060	-6,863E-4	-0,0069
15.01.2026 17:35:57	26,300	2,127	21,2672	3,928E-4	0,0039
15.01.2026 17:35:57	26,350	2,117	21,1664	-5,264E-4	-0,0053
15.01.2026 17:35:57	26,400	2,105	21,0451	5,259E-4	0,0053
15.01.2026 17:35:57	26,450	2,094	20,9450	-3,872E-4	-0,0039
15.01.2026 17:35:57	26,500	2,082	20,8207	6,248E-4	0,0062
15.01.2026 17:35:57	26,550	2,074	20,7386	-5,972E-4	-0,0060
15.01.2026 17:35:57	26,600	2,073	20,7338	4,404E-4	0,0044
15.01.2026 17:35:57	26,650	2,073	20,7326	-5,093E-4	-0,0051
15.01.2026 17:35:57	26,700	2,079	20,7876	2,488E-4	0,0025
15.01.2026 17:35:57	26,750	2,080	20,8043	-4,104E-4	-0,0041
15.01.2026 17:35:57	26,800	2,077	20,7741	1,340E-4	0,0013
15.01.2026 17:35:57	26,850	2,077	20,7743	-6,777E-4	-0,0068
15.01.2026 17:35:57	26,900	2,078	20,7752	3,330E-4	0,0033
15.01.2026 17:35:57	26,950	2,077	20,7749	-6,362E-4	-0,0064
15.01.2026 17:35:58	27,000	2,077	20,7734	1,560E-4	0,0016
15.01.2026 17:35:58	27,050	2,078	20,7753	-6,606E-4	-0,0066
15.01.2026 17:35:58	27,100	2,071	20,7104	4,673E-4	0,0047
15.01.2026 17:35:58	27,150	2,039	20,3921	-2,407E-4	-0,0024
15.01.2026 17:35:58	27,200	2,000	19,9955	1,194E-4	0,0012
15.01.2026 17:35:58	27,250	1,981	19,8094	-4,934E-4	-0,0049
15.01.2026 17:35:58	27,300	1,965	19,6476	5,833E-4	0,0058
15.01.2026 17:35:58	27,350	1,948	19,4765	-2,603E-4	-0,0026
15.01.2026 17:35:58	27,400	1,930	19,2966	5,039E-4	0,0050
15.01.2026 17:35:58	27,450	1,920	19,1994	-8,621E-4	-0,0086
15.01.2026 17:35:58	27,500	1,914	19,1440	5,796E-4	0,0058
15.01.2026 17:35:58	27,550	1,913	19,1317	-4,653E-4	-0,0047
15.01.2026 17:35:58	27,600	1,906	19,0596	2,402E-4	0,0024
15.01.2026 17:35:58	27,650	1,896	18,9553	-2,676E-4	-0,0027
15.01.2026 17:35:58	27,700	1,889	18,8923	1,670E-4	0,0017
15.01.2026 17:35:58	27,750	1,886	18,8558	-3,250E-4	-0,0032
15.01.2026 17:35:58	27,800	1,874	18,7352	4,221E-4	0,0042
15.01.2026 17:35:58	27,850	1,858	18,5775	-3,250E-4	-0,0032
15.01.2026 17:35:58	27,900	1,839	18,3945	3,501E-4	0,0035
15.01.2026 17:35:58	27,950	1,831	18,3099	-6,558E-4	-0,0066
15.01.2026 17:35:59	28,000	1,825	18,2544	5,771E-4	0,0058
15.01.2026 17:35:59	28,050	1,822	18,2173	-2,126E-4	-0,0021
15.01.2026 17:35:59	28,100	1,811	18,1082	4,221E-4	0,0042
15.01.2026 17:35:59	28,150	1,791	17,9062	-4,006E-4	-0,0040
15.01.2026 17:35:59	28,200	1,774	17,7443	5,234E-4	0,0052
15.01.2026 17:35:59	28,250	1,766	17,6612	-6,497E-4	-0,0065
15.01.2026 17:35:59	28,300	1,762	17,6238	3,684E-4	0,0037
15.01.2026 17:35:59	28,350	1,757	17,5721	-9,058E-5	-9,0576E-4
15.01.2026 17:35:59	28,400	1,739	17,3917	4,673E-4	0,0047
15.01.2026 17:35:59	28,450	1,733	17,3343	-2,456E-4	-0,0025
15.01.2026 17:35:59	28,500	1,729	17,2922	3,757E-4	0,0038
15.01.2026 17:35:59	28,550	1,724	17,2440	-4,250E-4	-0,0043
15.01.2026 17:35:59	28,600	1,716	17,1626	2,158E-4	0,0022
15.01.2026 17:35:59	28,650	1,713	17,1310	-3,933E-4	-0,0039
15.01.2026 17:35:59	28,700	1,708	17,0810	1,719E-4	0,0017
15.01.2026 17:35:59	28,750	1,706	17,0649	-6,387E-4	-0,0064
15.01.2026 17:35:59	28,800	1,703	17,0264	2,793E-4	0,0028
15.01.2026 17:35:59	28,850	1,702	17,0191	-6,716E-4	-0,0067
15.01.2026 17:35:59	28,900	1,697	16,9718	5,442E-4	0,0054
15.01.2026 17:35:59	28,950	1,697	16,9662	-5,679E-4	-0,0057
15.01.2026 17:36:00	29,000	1,689	16,8862	3,293E-4	0,0033
15.01.2026 17:36:00	29,050	1,683	16,8344	-2,114E-4	-0,0021
15.01.2026 17:36:00	29,100	1,683	16,8267	1,108E-4	0,0011
15.01.2026 17:36:00	29,150	1,675	16,7533	-5,813E-4	-0,0058
15.01.2026 17:36:00	29,200	1,679	16,7872	1,987E-4	0,0020
15.01.2026 17:36:00	29,250	1,679	16,7887	-5,825E-4	-0,0058
15.01.2026 17:36:00	29,300	1,679	16,7891	3,843E-4	0,0038
15.01.2026 17:36:00	29,350	1,679	16,7907	-3,982E-4	-0,0040
15.01.2026 17:36:00	29,400	1,678	16,7841	-1,367E-5	-1,3672E-4
15.01.2026 17:36:00	29,450	1,679	16,7904	-2,480E-4	-0,0025
15.01.2026 17:36:00	29,500	1,679	16,7876	1,951E-4	0,0020
15.01.2026 17:36:00	29,550	1,679	16,7917	-1,602E-4	-0,0016
15.01.2026 17:36:00	29,600	1,679	16,7890	2,683E-4	0,0027
15.01.2026 17:36:00	29,650	1,678	16,7755	-5,508E-4	-0,0055
15.01.2026 17:36:00	29,700	1,663	16,6281	5,515E-4	0,0055
15.01.2026 17:36:00	29,750	1,640	16,4024	-4,531E-4	-0,0045
15.01.2026 17:36:00	29,800	1,626	16,2594	1,536E-4	0,0015
15.01.2026 17:36:00	29,850	1,625	16,2513	-4,775E-4	-0,0048
15.01.2026 17:36:00	29,900	1,624	16,2409	4,368E-4	0,0044
15.01.2026 17:36:00	29,950	1,614	16,1447	-1,858E-4	-0,0019
15.01.2026 17:36:01	30,000	1,605	16,0527	5,552E-4	0,0056
15.01.2026 17:36:01	30,050	1,596	15,9591	-3,396E-4	-0,0034
15.01.2026 17:36:01	30,100	1,586	15,8649	6,394E-4	0,0064
15.01.2026 17:36:01	30,150	1,578	15,7832	-6,497E-4	-0,0065
15.01.2026 17:36:01	30,200	1,569	15,6853	4,600E-4	0,0046
15.01.2026 17:36:01	30,250	1,557	15,5699	-5,313E-4	-0,0053
15.01.2026 17:36:01	30,300	1,547	15,4669	4,673E-4	0,0047
15.01.2026 17:36:01	30,350	1,536	15,3556	-6,033E-4	-0,0060
15.01.2026 17:36:01	30,400	1,519	15,1854	3,281E-4	0,0033
15.01.2026 17:36:01	30,450	1,499	14,9944	-5,288E-4	-0,0053
15.01.2026 17:36:01	30,500	1,487	14,8720	4,307E-4	0,0043
15.01.2026 17:36:01	30,550	1,478	14,7764	-4,348E-4	-0,0043
15.01.2026 17:36:01	30,600	1,467	14,6707	4,126E-5	4,1260E-4
15.01.2026 17:36:01	30,650	1,457	14,5724	-6,008E-4	-0,0060
15.01.2026 17:36:01	30,700	1,447	14,4730	2,231E-4	0,0022
15.01.2026 17:36:01	30,750	1,434	14,3413	-4,971E-4	-0,0050
15.01.2026 17:36:01	30,800	1,432	14,3220	3,098E-4	0,0031
15.01.2026 17:36:01	30,850	1,433	14,3269	-5,313E-4	-0,0053
15.01.2026 17:36:01	30,900	1,435	14,3452	2,170E-4	0,0022
15.01.2026 17:36:01	30,950	1,435	14,3460	-5,178E-4	-0,0052
15.01.2026 17:36:02	31,000	1,435	14,3463	3,525E-4	0,0035
15.01.2026 17:36:02	31,050	1,435	14,3479	-2,834E-4	-0,0028
15.01.2026 17:36:02	31,100	1,434	14,3438	1,597E-4	0,0016
15.01.2026 17:36:02	31,150	1,435	14,3457	-5,898E-4	-0,0059
15.01.2026 17:36:02	31,200	1,434	14,3362	4,614E-5	4,6143E-4
15.01.2026 17:36:02	31,250	1,433	14,3282	-1,724E-4	-0,0017
15.01.2026 17:36:02	31,300	1,447	14,4691	4,075E-4	0,0041
15.01.2026 17:36:02	31,350	1,413	14,1252	-2,371E-4	-0,0024
15.01.2026 17:36:02	31,400	1,400	14,0006	5,784E-4	0,0058
15.01.2026 17:36:02	31,450	1,377	13,7747	-4,019E-4	-0,0040
15.01.2026 17:36:02	31,500	1,355	13,5482	5,906E-4	0,0059
15.01.2026 17:36:02	31,550	1,341	13,4086	-4,177E-4	-0,0042
15.01.2026 17:36:02	31,600	1,323	13,2305	3,525E-4	0,0035
15.01.2026 17:36:02	31,650	1,320	13,2001	-3,176E-4	-0,0032
15.01.2026 17:36:02	31,700	1,309	13,0939	5,430E-4	0,0054
15.01.2026 17:36:02	31,750	1,297	12,9708	-4,446E-4	-0,0044
15.01.2026 17:36:02	31,800	1,289	12,8873	5,308E-4	0,0053
15.01.2026 17:36:02	31,850	1,283	12,8273	-5,776E-4	-0,0058
15.01.2026 17:36:02	31,900	1,276	12,7618	2,964E-4	0,0030
15.01.2026 17:36:02	31,950	1,269	12,6897	-6,362E-4	-0,0064
15.01.2026 17:36:03	32,000	1,257	12,5731	1,243E-4	0,0012
15.01.2026 17:36:03	32,050	1,252	12,5213	-3,286E-4	-0,0033
15.01.2026 17:36:03	32,100	1,238	12,3766	2,854E-4	0,0029
15.01.2026 17:36:03	32,150	1,231	12,3102	-1,858E-4	-0,0019
15.01.2026 17:36:03	32,200	1,218	12,1799	6,052E-4	0,0061
15.01.2026 17:36:03	32,250	1,215	12,1522	-3,567E-4	-0,0036
15.01.2026 17:36:03	32,300	1,215	12,1514	1,340E-4	0,0013
15.01.2026 17:36:03	32,350	1,217	12,1739	-2,871E-4	-0,0029
15.01.2026 17:36:03	32,400	1,217	12,1706	3,452E-4	0,0035
15.01.2026 17:36:03	32,450	1,217	12,1718	-4,775E-4	-0,0048
15.01.2026 17:36:03	32,500	1,217	12,1706	4,722E-4	0,0047
15.01.2026 17:36:03	32,550	1,217	12,1705	-3,213E-4	-0,0032
15.01.2026 17:36:03	32,600	1,216	12,1556	3,953E-4	0,0040
15.01.2026 17:36:03	32,650	1,195	11,9514	-3,750E-4	-0,0038
15.01.2026 17:36:03	32,700	1,189	11,8894	4,307E-4	0,0043
15.01.2026 17:36:03	32,750	1,170	11,7004	-4,419E-5	-4,4189E-4
15.01.2026 17:36:03	32,800	1,144	11,4358	5,869E-4	0,0059
15.01.2026 17:36:03	32,850	1,132	11,3182	-1,772E-4	-0,0018
15.01.2026 17:36:03	32,900	1,124	11,2417	5,979E-4	0,0060
15.01.2026 17:36:03	32,950	1,120	11,1982	-3,616E-4	-0,0036
15.01.2026 17:36:04	33,000	1,113	11,1329	5,857E-4	0,0059
15.01.2026 17:36:04	33,050	1,108	11,0778	-4,556E-4	-0,0046
15.01.2026 17:36:04	33,100	1,098	10,9805	4,771E-4	0,0048
15.01.2026 17:36:04	33,150	1,090	10,8969	-6,960E-4	-0,0070
15.01.2026 17:36:04	33,200	1,090	10,8954	3,000E-4	0,0030
15.01.2026 17:36:04	33,250	1,090	10,8962	-4,739E-4	-0,0047
15.01.2026 17:36:04	33,300	1,089	10,8869	3,159E-4	0,0032
15.01.2026 17:36:04	33,350	1,065	10,6463	-5,996E-4	-0,0060
15.01.2026 17:36:04	33,400	1,036	10,3589	5,149E-4	0,0051
15.01.2026 17:36:04	33,450	1,023	10,2339	-5,874E-4	-0,0059
15.01.2026 17:36:04	33,500	1,024	10,2352	3,818E-4	0,0038
15.01.2026 17:36:04	33,550	1,024	10,2370	-5,068E-4	-0,0051
15.01.2026 17:36:04	33,600	1,022	10,2213	2,024E-4	0,0020
15.01.2026 17:36:04	33,650	1,010	10,0988	-5,947E-4	-0,0059
15.01.2026 17:36:04	33,700	1,002	10,0160	4,600E-4	0,0046
15.01.2026 17:36:04	33,750	0,985	9,8514	-6,912E-4	-0,0069
15.01.2026 17:36:04	33,800	0,978	9,7761	1,926E-4	0,0019
15.01.2026 17:36:04	33,850	0,978	9,7766	-4,824E-4	-0,0048
15.01.2026 17:36:04	33,900	0,978	9,7753	1,816E-4	0,0018
15.01.2026 17:36:04	33,950	0,973	9,7328	-5,496E-4	-0,0055
15.01.2026 17:36:05	34,000	0,945	9,4546	-5,518E-5	-5,5176E-4
15.01.2026 17:36:05	34,050	0,893	8,9272	-6,631E-4	-0,0066
15.01.2026 17:36:05	34,100	0,873	8,7266	2,341E-4	0,0023
15.01.2026 17:36:05	34,150	0,869	8,6925	-5,239E-4	-0,0052
15.01.2026 17:36:05	34,200	0,863	8,6260	1,096E-4	0,0011
15.01.2026 17:36:05	34,250	0,857	8,5729	-6,228E-4	-0,0062
15.01.2026 17:36:05	34,300	0,860	8,6008	3,354E-4	0,0034
15.01.2026 17:36:05	34,350	0,862	8,6167	-4,995E-4	-0,0050
15.01.2026 17:36:05	34,400	0,862	8,6158	3,367E-4	0,0034
15.01.2026 17:36:05	34,450	0,862	8,6179	-2,834E-4	-0,0028
15.01.2026 17:36:05	34,500	0,862	8,6164	3,123E-4	0,0031
15.01.2026 17:36:05	34,550	0,862	8,6172	-3,542E-4	-0,0035
15.01.2026 17:36:05	34,600	0,829	8,2922	3,611E-4	0,0036
15.01.2026 17:36:05	34,650	0,759	7,5866	-8,010E-4	-0,0080
15.01.2026 17:36:05	34,700	0,731	7,3065	2,720E-4	0,0027
15.01.2026 17:36:05	34,750	0,717	7,1651	-3,921E-4	-0,0039
15.01.2026 17:36:05	34,800	0,698	6,9768	3,647E-4	0,0036
15.01.2026 17:36:05	34,850	0,689	6,8919	-4,226E-4	-0,0042
15.01.2026 17:36:05	34,900	0,686	6,8644	1,816E-4	0,0018
15.01.2026 17:36:05	34,950	0,667	6,6695	-5,129E-4	-0,0051
15.01.2026 17:36:06	35,000	0,641	6,4062	3,586E-4	0,0036
15.01.2026 17:36:06	35,050	0,610	6,1017	-6,484E-4	-0,0065
15.01.2026 17:36:06	35,100	0,592	5,9205	3,428E-4	0,0034
15.01.2026 17:36:06	35,150	0,582	5,8243	-5,581E-4	-0,0056
15.01.2026 17:36:06	35,200	0,567	5,6674	8,765E-5	8,7646E-4
15.01.2026 17:36:06	35,250	0,558	5,5753	-4,775E-4	-0,0048
15.01.2026 17:36:06	35,300	0,548	5,4753	9,741E-5	9,7412E-4
15.01.2026 17:36:06	35,350	0,531	5,3123	-3,237E-4	-0,0032
15.01.2026 17:36:06	35,400	0,520	5,2029	6,052E-4	0,0061
15.01.2026 17:36:06	35,450	0,504	5,0383	-2,954E-5	-2,9541E-4
15.01.2026 17:36:06	35,500	0,487	4,8731	4,270E-4	0,0043
15.01.2026 17:36:06	35,550	0,475	4,7479	-4,946E-4	-0,0049
15.01.2026 17:36:06	35,600	0,465	4,6452	4,038E-4	0,0040
15.01.2026 17:36:06	35,650	0,449	4,4901	-4,946E-4	-0,0049
15.01.2026 17:36:06	35,700	0,431	4,3111	2,964E-4	0,0030
15.01.2026 17:36:06	35,750	0,409	4,0932	-3,518E-4	-0,0035
15.01.2026 17:36:06	35,800	0,395	3,9465	4,478E-4	0,0045
15.01.2026 17:36:06	35,850	0,384	3,8443	-4,763E-4	-0,0048
15.01.2026 17:36:06	35,900	0,369	3,6938	4,294E-4	0,0043
15.01.2026 17:36:06	35,950	0,360	3,5984	-5,081E-4	-0,0051
15.01.2026 17:36:07	36,000	0,346	3,4641	2,561E-4	0,0026
15.01.2026 17:36:07	36,050	0,338	3,3818	-5,654E-4	-0,0057
15.01.2026 17:36:07	36,100	0,330	3,2974	4,575E-4	0,0046
15.01.2026 17:36:07	36,150	0,324	3,2382	-3,103E-4	-0,0031
15.01.2026 17:36:07	36,200	0,320	3,1990	2,195E-4	0,0022
15.01.2026 17:36:07	36,250	0,305	3,0510	-5,764E-4	-0,0058
15.01.2026 17:36:07	36,300	0,292	2,9221	1,914E-4	0,0019
15.01.2026 17:36:07	36,350	0,282	2,8227	-4,287E-4	-0,0043
15.01.2026 17:36:07	36,400	0,268	2,6767	2,427E-4	0,0024
15.01.2026 17:36:07	36,450	0,249	2,4880	-4,507E-4	-0,0045
15.01.2026 17:36:07	36,500	0,232	2,3219	3,892E-4	0,0039
15.01.2026 17:36:07	36,550	0,227	2,2702	-2,090E-4	-0,0021
15.01.2026 17:36:07	36,600	0,220	2,2043	2,646E-4	0,0026
15.01.2026 17:36:07	36,650	0,215	2,1487	-5,288E-4	-0,0053
15.01.2026 17:36:07	36,700	0,198	1,9798	3,208E-4	0,0032
15.01.2026 17:36:07	36,750	0,172	1,7183	-4,800E-4	-0,0048
15.01.2026 17:36:07	36,800	0,149	1,4856	5,405E-4	0,0054
15.01.2026 17:36:07	36,850	0,145	1,4476	-8,157E-4	-0,0082
15.01.2026 17:36:07	36,900	0,145	1,4521	9,253E-5	9,2529E-4
15.01.2026 17:36:07	36,950	0,145	1,4510	-4,995E-4	-0,0050
15.01.2026 17:36:08	37,000	0,145	1,4517	3,843E-4	0,0038
15.01.2026 17:36:08	37,050	0,145	1,4513	-5,190E-4	-0,0052
15.01.2026 17:36:08	37,100	0,145	1,4517	4,880E-4	0,0049
15.01.2026 17:36:08	37,150	0,145	1,4519	-3,848E-4	-0,0038
15.01.2026 17:36:08	37,200	0,106	1,0585	4,185E-4	0,0042
15.01.2026 17:36:08	37,250	0,061	0,6061	-5,654E-4	-0,0057
15.01.2026 17:36:08	37,300	0,025	0,2473	2,817E-4	0,0028
15.01.2026 17:36:08	37,350	0,013	0,1348	-4,580E-4	-0,0046
15.01.2026 17:36:08	37,400	0,006	0,0610	6,113E-4	0,0061
15.01.2026 17:36:08	37,450	9,735E-4	0,0097	-4,263E-4	-0,0043
15.01.2026 17:36:08	37,500	-7,159E-4	-0,0072	9,741E-5	9,7412E-4
15.01.2026 17:36:08	37,550	-4,230E-4	-0,0042	-1,992E-4	-0,0020
15.01.2026 17:36:08	37,600	-5,121E-4	-0,0051	5,430E-4	0,0054
15.01.2026 17:36:08	37,650	-9,076E-4	-0,0091	-7,656E-4	-0,0077
15.01.2026 17:36:08	37,700	-7,623E-4	-0,0076	2,427E-4	0,0024
15.01.2026 17:36:08	37,750	-4,254E-4	-0,0043	-2,236E-4	-0,0022
15.01.2026 17:36:08	37,800	-7,343E-4	-0,0073	3,098E-4	0,0031
15.01.2026 17:36:08	37,850	-6,024E-4	-0,0060	-4,092E-4	-0,0041
15.01.2026 17:36:08	37,900	-4,547E-4	-0,0045	5,442E-4	0,0054
15.01.2026 17:36:08	37,950	-6,317E-4	-0,0063	-4,690E-4	-0,0047
15.01.2026 17:36:09	38,000	-4,901E-4	-0,0049	4,990E-4	0,0050
15.01.2026 17:36:09	38,050	-7,379E-4	-0,0074	-4,666E-4	-0,0047
15.01.2026 17:36:09	38,100	-5,914E-4	-0,0059	3,538E-4	0,0035
15.01.2026 17:36:09	38,150	-6,744E-4	-0,0067	-4,897E-4	-0,0049
15.01.2026 17:36:09	38,200	-5,914E-4	-0,0059	4,734E-4	0,0047
15.01.2026 17:36:09	38,250	-5,511E-4	-0,0055	-4,104E-4	-0,0041
15.01.2026 17:36:09	38,300	-3,717E-4	-0,0037	5,869E-4	0,0059
15.01.2026 17:36:09	38,350	-4,706E-4	-0,0047	-3,591E-4	-0,0036
15.01.2026 17:36:09	38,400	-4,974E-4	-0,0050	5,674E-4	0,0057
15.01.2026 17:36:09	38,450	-5,731E-4	-0,0057	-3,640E-4	-0,0036
15.01.2026 17:36:09	38,500	-3,033E-4	-0,0030	6,516E-4	0,0065
15.01.2026 17:36:09	38,550	-2,167E-4	-0,0022	-1,296E-4	-0,0013
15.01.2026 17:36:09	38,600	-1,898E-4	-0,0019	6,077E-4	0,0061
15.01.2026 17:36:09	38,650	-3,229E-4	-0,0032	-3,469E-4	-0,0035
15.01.2026 17:36:09	38,700	-6,097E-4	-0,0061	3,916E-4	0,0039
15.01.2026 17:36:09	38,750	0,006	0,0618	-1,699E-4	-0,0017
15.01.2026 17:36:09	38,800	0,010	0,1014	4,624E-4	0,0046
15.01.2026 17:36:09	38,850	0,010	0,0989	-4,995E-4	-0,0050
15.01.2026 17:36:09	38,900	0,010	0,1000	4,429E-4	0,0044
15.01.2026 17:36:09	38,950	0,010	0,1007	-4,629E-4	-0,0046
15.01.2026 17:36:10	39,000	0,010	0,0980	1,511E-4	0,0015
15.01.2026 17:36:10	39,050	0,010	0,0984	-5,544E-4	-0,0055
15.01.2026 17:36:10	39,100	-0,004	-0,0358	6,125E-4	0,0061
15.01.2026 17:36:10	39,150	-0,006	-0,0644	-3,787E-4	-0,0038
15.01.2026 17:36:10	39,200	-0,007	-0,0685	2,842E-4	0,0028
15.01.2026 17:36:10	39,250	-0,006	-0,0642	-2,761E-4	-0,0028
15.01.2026 17:36:10	39,300	-0,006	-0,0630	6,125E-4	0,0061
15.01.2026 17:36:10	39,350	-0,006	-0,0604	1,196E-5	1,1963E-4
15.01.2026 17:36:10	39,400	-0,010	-0,0971	4,929E-4	0,0049
15.01.2026 17:36:10	39,450	-0,019	-0,1905	-3,311E-4	-0,0033
15.01.2026 17:36:10	39,500	-0,025	-0,2514	6,321E-4	0,0063
15.01.2026 17:36:10	39,550	-0,026	-0,2584	-2,737E-4	-0,0027
15.01.2026 17:36:10	39,600	-0,041	-0,4060	5,564E-4	0,0056
15.01.2026 17:36:10	39,650	-0,069	-0,6906	-2,236E-4	-0,0022
15.01.2026 17:36:10	39,700	-0,107	-1,0742	5,344E-4	0,0053
15.01.2026 17:36:10	39,750	-0,140	-1,4040	-4,507E-4	-0,0045
15.01.2026 17:36:10	39,800	-0,165	-1,6479	6,467E-4	0,0065
15.01.2026 17:36:10	39,850	-0,183	-1,8273	-3,005E-4	-0,0030
15.01.2026 17:36:10	39,900	-0,216	-2,1621	4,270E-4	0,0043
15.01.2026 17:36:10	39,950	-0,263	-2,6344	-3,579E-4	-0,0036
15.01.2026 17:36:11	40,000	-0,296	-2,9560	3,464E-4	0,0035
15.01.2026 17:36:11	40,050	-0,306	-3,0557	-4,177E-4	-0,0042
15.01.2026 17:36:11	40,100	-0,312	-3,1172	4,185E-4	0,0042
15.01.2026 17:36:11	40,150	-0,318	-3,1804	-3,616E-4	-0,0036
15.01.2026 17:36:11	40,200	-0,321	-3,2094	4,575E-4	0,0046
15.01.2026 17:36:11	40,250	-0,331	-3,3128	-4,263E-4	-0,0043
15.01.2026 17:36:11	40,300	-0,344	-3,4388	5,027E-4	0,0050
15.01.2026 17:36:11	40,350	-0,364	-3,6361	-3,347E-4	-0,0033
15.01.2026 17:36:11	40,400	-0,378	-3,7773	5,259E-4	0,0053
15.01.2026 17:36:11	40,450	-0,389	-3,8875	-1,553E-4	-0,0016
15.01.2026 17:36:11	40,500	-0,407	-4,0741	5,747E-4	0,0057
15.01.2026 17:36:11	40,550	-0,439	-4,3945	-4,141E-4	-0,0041
15.01.2026 17:36:11	40,600	-0,472	-4,7163	2,878E-4	0,0029
15.01.2026 17:36:11	40,650	-0,495	-4,9491	-2,737E-4	-0,0027
15.01.2026 17:36:11	40,700	-0,509	-5,0896	5,198E-4	0,0052
15.01.2026 17:36:11	40,750	-0,510	-5,0967	-6,716E-4	-0,0067
15.01.2026 17:36:11	40,800	-0,510	-5,0956	4,221E-4	0,0042
15.01.2026 17:36:11	40,850	-0,509	-5,0935	-1,833E-4	-0,0018
15.01.2026 17:36:11	40,900	-0,510	-5,0955	5,991E-4	0,0060
15.01.2026 17:36:11	40,950	-0,510	-5,0980	-3,042E-4	-0,0030
15.01.2026 17:36:12	41,000	-0,525	-5,2509	6,003E-4	0,0060
15.01.2026 17:36:12	41,050	-0,539	-5,3928	-3,445E-4	-0,0034
15.01.2026 17:36:12	41,100	-0,560	-5,5963	4,319E-4	0,0043
15.01.2026 17:36:12	41,150	-0,586	-5,8616	-3,164E-4	-0,0032
15.01.2026 17:36:12	41,200	-0,610	-6,0977	2,805E-4	0,0028
15.01.2026 17:36:12	41,250	-0,696	-6,9570	-2,896E-4	-0,0029
15.01.2026 17:36:12	41,300	-0,675	-6,7475	5,759E-4	0,0058
15.01.2026 17:36:12	41,350	-0,678	-6,7767	-1,931E-4	-0,0019
15.01.2026 17:36:12	41,400	-0,692	-6,9246	5,710E-4	0,0057
15.01.2026 17:36:12	41,450	-0,697	-6,9718	-4,702E-4	-0,0047
15.01.2026 17:36:12	41,500	-0,707	-7,0697	6,797E-4	0,0068
15.01.2026 17:36:12	41,550	-0,727	-7,2732	-4,885E-4	-0,0049
15.01.2026 17:36:12	41,600	-0,741	-7,4072	4,355E-4	0,0044
15.01.2026 17:36:12	41,650	-0,752	-7,5197	-3,079E-4	-0,0031
15.01.2026 17:36:12	41,700	-0,760	-7,6013	4,392E-4	0,0044
15.01.2026 17:36:12	41,750	-0,769	-7,6897	-2,468E-4	-0,0025
15.01.2026 17:36:12	41,800	-0,780	-7,7975	2,976E-4	0,0030
15.01.2026 17:36:12	41,850	-0,792	-7,9233	-3,347E-4	-0,0033
15.01.2026 17:36:12	41,900	-0,804	-8,0396	4,148E-4	0,0041
15.01.2026 17:36:12	41,950	-0,818	-8,1813	-1,016E-4	-0,0010
15.01.2026 17:36:13	42,000	-0,826	-8,2628	2,976E-4	0,0030
15.01.2026 17:36:13	42,050	-0,840	-8,4039	-3,564E-5	-3,5645E-4
15.01.2026 17:36:13	42,100	-0,859	-8,5890	5,027E-4	0,0050
15.01.2026 17:36:13	42,150	-0,875	-8,7528	-2,688E-4	-0,0027
15.01.2026 17:36:13	42,200	-0,902	-9,0214	4,307E-4	0,0043
15.01.2026 17:36:13	42,250	-0,922	-9,2211	-4,202E-4	-0,0042
15.01.2026 17:36:13	42,300	-0,948	-9,4798	9,006E-4	0,0090
15.01.2026 17:36:13	42,350	-0,966	-9,6578	-3,970E-4	-0,0040
15.01.2026 17:36:13	42,400	-0,966	-9,6567	5,283E-4	0,0053
15.01.2026 17:36:13	42,450	-0,966	-9,6559	-4,907E-5	-4,9072E-4
15.01.2026 17:36:13	42,500	-0,966	-9,6575	5,430E-4	0,0054
15.01.2026 17:36:13	42,550	-0,964	-9,6419	-5,898E-4	-0,0059
15.01.2026 17:36:13	42,600	-0,958	-9,5840	2,402E-4	0,0024
15.01.2026 17:36:13	42,650	-0,961	-9,6146	-4,495E-4	-0,0045
15.01.2026 17:36:13	42,700	-0,962	-9,6180	3,879E-4	0,0039
15.01.2026 17:36:13	42,750	-0,978	-9,7810	-3,909E-4	-0,0039
15.01.2026 17:36:13	42,800	-1,007	-10,0723	4,038E-4	0,0040
15.01.2026 17:36:13	42,850	-1,041	-10,4100	-3,030E-4	-0,0030
15.01.2026 17:36:13	42,900	-1,057	-10,5684	5,820E-4	0,0058
15.01.2026 17:36:13	42,950	-1,065	-10,6535	-4,482E-4	-0,0045
15.01.2026 17:36:14	43,000	-1,074	-10,7398	3,208E-4	0,0032
15.01.2026 17:36:14	43,050	-1,078	-10,7802	-5,273E-5	-5,2734E-4
15.01.2026 17:36:14	43,100	-1,095	-10,9488	5,271E-4	0,0053
15.01.2026 17:36:14	43,150	-1,105	-11,0476	-6,948E-4	-0,0069
15.01.2026 17:36:14	43,200	-1,127	-11,2650	6,296E-4	0,0063
15.01.2026 17:36:14	43,250	-1,145	-11,4463	-1,333E-4	-0,0013
15.01.2026 17:36:14	43,300	-1,158	-11,5791	3,831E-4	0,0038
15.01.2026 17:36:14	43,350	-1,171	-11,7054	-4,910E-4	-0,0049
15.01.2026 17:36:14	43,400	-1,183	-11,8338	3,208E-4	0,0032
15.01.2026 17:36:14	43,450	-1,197	-11,9667	-4,043E-4	-0,0040
15.01.2026 17:36:14	43,500	-1,210	-12,0980	5,234E-4	0,0052
15.01.2026 17:36:14	43,550	-1,217	-12,1747	-4,006E-4	-0,0040
15.01.2026 17:36:14	43,600	-1,233	-12,3258	2,695E-4	0,0027
15.01.2026 17:36:14	43,650	-1,248	-12,4791	-1,724E-4	-0,0017
15.01.2026 17:36:14	43,700	-1,265	-12,6467	3,538E-4	0,0035
15.01.2026 17:36:14	43,750	-1,278	-12,7787	-5,813E-4	-0,0058
15.01.2026 17:36:14	43,800	-1,293	-12,9251	4,038E-4	0,0040
15.01.2026 17:36:14	43,850	-1,302	-13,0182	-6,460E-4	-0,0065
15.01.2026 17:36:14	43,900	-1,313	-13,1279	6,675E-4	0,0067
15.01.2026 17:36:14	43,950	-1,334	-13,3414	-2,053E-4	-0,0021
15.01.2026 17:36:15	44,000	-1,354	-13,5430	3,379E-4	0,0034
15.01.2026 17:36:15	44,050	-1,371	-13,7117	-3,713E-4	-0,0037
15.01.2026 17:36:15	44,100	-1,381	-13,8108	5,015E-4	0,0050
15.01.2026 17:36:15	44,150	-1,389	-13,8859	-4,934E-4	-0,0049
15.01.2026 17:36:15	44,200	-1,400	-14,0012	4,111E-4	0,0041
15.01.2026 17:36:15	44,250	-1,402	-14,0243	-3,433E-4	-0,0034
15.01.2026 17:36:15	44,300	-1,402	-14,0221	6,882E-4	0,0069
15.01.2026 17:36:15	44,350	-1,400	-13,9998	-4,556E-4	-0,0046
15.01.2026 17:36:15	44,400	-1,398	-13,9838	3,757E-4	0,0038
15.01.2026 17:36:15	44,450	-1,398	-13,9831	-3,494E-4	-0,0035
15.01.2026 17:36:15	44,500	-1,397	-13,9733	2,988E-4	0,0030
15.01.2026 17:36:15	44,550	-1,395	-13,9547	-7,046E-4	-0,0070
15.01.2026 17:36:15	44,600	-1,408	-14,0758	2,708E-4	0,0027
15.01.2026 17:36:15	44,650	-1,416	-14,1639	-5,105E-4	-0,0051
15.01.2026 17:36:15	44,700	-1,447	-14,4722	3,904E-4	0,0039
15.01.2026 17:36:15	44,750	-1,464	-14,6358	-5,459E-4	-0,0055
15.01.2026 17:36:15	44,800	-1,493	-14,9303	3,916E-4	0,0039
15.01.2026 17:36:15	44,850	-1,510	-15,0986	-3,091E-4	-0,0031
15.01.2026 17:36:15	44,900	-1,518	-15,1775	4,063E-4	0,0041
15.01.2026 17:36:15	44,950	-1,534	-15,3354	-6,252E-4	-0,0063
15.01.2026 17:36:16	45,000	-1,540	-15,4022	1,597E-4	0,0016
15.01.2026 17:36:16	45,050	-1,560	-15,5976	-4,653E-4	-0,0047
15.01.2026 17:36:16	45,100	-1,567	-15,6661	5,039E-4	0,0050
15.01.2026 17:36:16	45,150	-1,573	-15,7280	-4,739E-4	-0,0047
15.01.2026 17:36:16	45,200	-1,581	-15,8097	4,600E-4	0,0046
15.01.2026 17:36:16	45,250	-1,591	-15,9068	-5,569E-4	-0,0056
15.01.2026 17:36:16	45,300	-1,612	-16,1202	4,136E-4	0,0041
15.01.2026 17:36:16	45,350	-1,631	-16,3090	-7,227E-5	-7,2266E-4
15.01.2026 17:36:16	45,400	-1,647	-16,4716	7,407E-4	0,0074
15.01.2026 17:36:16	45,450	-1,658	-16,5794	-9,097E-4	-0,0091
15.01.2026 17:36:16	45,500	-1,676	-16,7643	3,574E-4	0,0036
15.01.2026 17:36:16	45,550	-1,686	-16,8577	-6,777E-4	-0,0068
15.01.2026 17:36:16	45,600	-1,695	-16,9500	5,588E-4	0,0056
15.01.2026 17:36:16	45,650	-1,706	-17,0584	-6,191E-4	-0,0062
15.01.2026 17:36:16	45,700	-1,719	-17,1918	2,952E-4	0,0030
15.01.2026 17:36:16	45,750	-1,735	-17,3472	-4,739E-4	-0,0047
15.01.2026 17:36:16	45,800	-1,753	-17,5272	4,148E-4	0,0041
15.01.2026 17:36:16	45,850	-1,759	-17,5856	-4,958E-4	-0,0050
15.01.2026 17:36:16	45,900	-1,764	-17,6380	4,160E-4	0,0042
15.01.2026 17:36:16	45,950	-1,764	-17,6398	-5,789E-4	-0,0058
15.01.2026 17:36:17	46,000	-1,764	-17,6379	4,893E-4	0,0049
15.01.2026 17:36:17	46,050	-1,763	-17,6280	-5,337E-4	-0,0053
15.01.2026 17:36:17	46,100	-1,760	-17,5954	6,479E-4	0,0065
15.01.2026 17:36:17	46,150	-1,760	-17,5961	-4,116E-4	-0,0041
15.01.2026 17:36:17	46,200	-1,755	-17,5501	7,139E-4	0,0071
15.01.2026 17:36:17	46,250	-1,751	-17,5118	-2,834E-4	-0,0028
15.01.2026 17:36:17	46,300	-1,759	-17,5858	4,441E-4	0,0044
15.01.2026 17:36:17	46,350	-1,787	-17,8709	-1,785E-4	-0,0018
15.01.2026 17:36:17	46,400	-1,819	-18,1937	5,515E-4	0,0055
15.01.2026 17:36:17	46,450	-1,831	-18,3054	-5,752E-4	-0,0058
15.01.2026 17:36:17	46,500	-1,856	-18,5617	5,417E-4	0,0054
15.01.2026 17:36:17	46,550	-1,887	-18,8737	-3,848E-4	-0,0038
15.01.2026 17:36:17	46,600	-1,909	-19,0856	4,880E-4	0,0049
15.01.2026 17:36:17	46,650	-1,931	-19,3090	-2,517E-4	-0,0025
15.01.2026 17:36:17	46,700	-1,950	-19,5007	4,612E-4	0,0046
15.01.2026 17:36:17	46,750	-1,964	-19,6366	-4,409E-4	-0,0044
15.01.2026 17:36:17	46,800	-1,975	-19,7532	2,769E-4	0,0028
15.01.2026 17:36:17	46,850	-1,978	-19,7753	-5,020E-4	-0,0050
15.01.2026 17:36:17	46,900	-1,983	-19,8271	2,988E-4	0,0030
15.01.2026 17:36:17	46,950	-1,990	-19,8984	-1,064E-4	-0,0011
15.01.2026 17:36:18	47,000	-2,000	-19,9967	5,698E-4	0,0057
15.01.2026 17:36:18	47,050	-2,012	-20,1182	-4,226E-4	-0,0042
15.01.2026 17:36:18	47,100	-2,016	-20,1610	7,676E-4	0,0077
15.01.2026 17:36:18	47,150	-2,020	-20,1961	-7,827E-4	-0,0078
15.01.2026 17:36:18	47,200	-2,021	-20,2146	5,356E-4	0,0054
15.01.2026 17:36:18	47,250	-2,017	-20,1741	2,219E-4	0,0022
15.01.2026 17:36:18	47,300	-2,018	-20,1770	4,258E-4	0,0043
15.01.2026 17:36:18	47,350	-2,017	-20,1728	-2,175E-4	-0,0022
15.01.2026 17:36:18	47,400	-2,017	-20,1731	6,479E-4	0,0065
15.01.2026 17:36:18	47,450	-2,018	-20,1765	-4,910E-4	-0,0049
15.01.2026 17:36:18	47,500	-2,014	-20,1385	6,077E-4	0,0061
15.01.2026 17:36:18	47,550	-2,022	-20,2224	-4,653E-4	-0,0047
15.01.2026 17:36:18	47,600	-2,033	-20,3335	3,965E-4	0,0040
15.01.2026 17:36:18	47,650	-2,043	-20,4290	-3,018E-4	-0,0030
15.01.2026 17:36:18	47,700	-2,066	-20,6638	5,918E-4	0,0059
15.01.2026 17:36:18	47,750	-2,093	-20,9282	-3,164E-4	-0,0032
15.01.2026 17:36:18	47,800	-2,103	-21,0322	3,672E-4	0,0037
15.01.2026 17:36:18	47,850	-2,118	-21,1809	-7,107E-4	-0,0071
15.01.2026 17:36:18	47,900	-2,137	-21,3671	4,539E-4	0,0045
15.01.2026 17:36:18	47,950	-2,151	-21,5143	-2,261E-4	-0,0023
15.01.2026 17:36:19	48,000	-2,170	-21,6977	4,160E-4	0,0042
15.01.2026 17:36:19	48,050	-2,200	-22,0004	-4,409E-4	-0,0044
15.01.2026 17:36:19	48,100	-2,228	-22,2762	5,835E-5	5,8350E-4
15.01.2026 17:36:19	48,150	-2,239	-22,3943	-2,419E-4	-0,0024
15.01.2026 17:36:19	48,200	-2,259	-22,5904	5,417E-4	0,0054
15.01.2026 17:36:19	48,250	-2,281	-22,8063	-1,748E-4	-0,0017
15.01.2026 17:36:19	48,300	-2,314	-23,1388	5,686E-4	0,0057
15.01.2026 17:36:19	48,350	-2,330	-23,3018	-2,188E-4	-0,0022
15.01.2026 17:36:19	48,400	-2,352	-23,5248	5,112E-4	0,0051
15.01.2026 17:36:19	48,450	-2,372	-23,7162	-6,851E-4	-0,0069
15.01.2026 17:36:19	48,500	-2,389	-23,8912	1,914E-4	0,0019
15.01.2026 17:36:19	48,550	-2,413	-24,1305	-4,482E-4	-0,0045
15.01.2026 17:36:19	48,600	-2,426	-24,2605	3,831E-4	0,0038
15.01.2026 17:36:19	48,650	-2,441	-24,4055	-3,665E-4	-0,0037
15.01.2026 17:36:19	48,700	-2,465	-24,6518	4,539E-4	0,0045
15.01.2026 17:36:19	48,750	-2,483	-24,8307	-3,213E-4	-0,0032
15.01.2026 17:36:19	48,800	-2,508	-25,0771	4,819E-4	0,0048
15.01.2026 17:36:19	48,850	-2,525	-25,2528	-2,542E-4	-0,0025
15.01.2026 17:36:19	48,900	-2,545	-25,4506	5,051E-4	0,0051
15.01.2026 17:36:19	48,950	-2,575	-25,7494	-2,578E-4	-0,0026
15.01.2026 17:36:20	49,000	-2,588	-25,8786	5,857E-4	0,0059
15.01.2026 17:36:20	49,050	-2,606	-26,0618	-4,507E-4	-0,0045
15.01.2026 17:36:20	49,100	-2,620	-26,2046	3,550E-4	0,0035
15.01.2026 17:36:20	49,150	-2,638	-26,3807	-4,238E-4	-0,0042
15.01.2026 17:36:20	49,200	-2,668	-26,6807	5,100E-4	0,0051
15.01.2026 17:36:20	49,250	-2,693	-26,9346	-4,189E-4	-0,0042
15.01.2026 17:36:20	49,300	-2,724	-27,2398	7,749E-4	0,0077
15.01.2026 17:36:20	49,350	-2,745	-27,4545	-2,847E-4	-0,0028
15.01.2026 17:36:20	49,400	-2,768	-27,6772	5,881E-4	0,0059
15.01.2026 17:36:20	49,450	-2,786	-27,8598	-4,617E-4	-0,0046
15.01.2026 17:36:20	49,500	-2,797	-27,9736	6,260E-4	0,0063
15.01.2026 17:36:20	49,550	-2,818	-28,1839	-3,066E-4	-0,0031
15.01.2026 17:36:20	49,600	-2,842	-28,4189	2,000E-4	0,0020
15.01.2026 17:36:20	49,650	-2,886	-28,8629	-4,983E-4	-0,0050
15.01.2026 17:36:20	49,700	-2,910	-29,1039	3,440E-4	0,0034
15.01.2026 17:36:20	49,750	-2,928	-29,2774	-3,848E-4	-0,0038
15.01.2026 17:36:20	49,800	-2,947	-29,4673	5,027E-4	0,0050
15.01.2026 17:36:20	49,850	-2,959	-29,5882	-2,334E-4	-0,0023
15.01.2026 17:36:20	49,900	-2,983	-29,8271	6,357E-4	0,0064
15.01.2026 17:36:20	49,950	-3,010	-30,0974	-3,896E-4	-0,0039
15.01.2026 17:36:21	50,000	-3,023	-30,2274	2,378E-4	0,0024
15.01.2026 17:36:21	50,050	-3,045	-30,4470	-3,201E-4	-0,0032
15.01.2026 17:36:21	50,100	-3,053	-30,5314	1,658E-4	0,0017
15.01.2026 17:36:21	50,150	-3,073	-30,7290	-9,487E-4	-0,0095
15.01.2026 17:36:21	50,200	-3,086	-30,8589	3,513E-4	0,0035
15.01.2026 17:36:21	50,250	-3,086	-30,8609	-5,862E-4	-0,0059
15.01.2026 17:36:21	50,300	-3,086	-30,8578	5,027E-4	0,0050
15.01.2026 17:36:21	50,350	-3,086	-30,8591	-4,434E-4	-0,0044
15.01.2026 17:36:21	50,400	-3,086	-30,8605	2,073E-4	0,0021
15.01.2026 17:36:21	50,450	-3,085	-30,8493	-2,749E-4	-0,0027
15.01.2026 17:36:21	50,500	-3,086	-30,8576	1,658E-4	0,0017
15.01.2026 17:36:21	50,550	-3,095	-30,9517	-1,797E-4	-0,0018
15.01.2026 17:36:21	50,600	-3,112	-31,1162	2,415E-4	0,0024
15.01.2026 17:36:21	50,650	-3,142	-31,4245	-4,055E-4	-0,0041
15.01.2026 17:36:21	50,700	-3,193	-31,9331	7,139E-4	0,0071
15.01.2026 17:36:21	50,750	-3,248	-32,4788	-5,105E-4	-0,0051
15.01.2026 17:36:21	50,800	-3,300	-32,9996	4,343E-4	0,0043
15.01.2026 17:36:21	50,850	-3,335	-33,3524	-2,676E-4	-0,0027
15.01.2026 17:36:21	50,900	-3,352	-33,5194	2,585E-4	0,0026
15.01.2026 17:36:21	50,950	-3,383	-33,8303	-5,056E-4	-0,0051
15.01.2026 17:36:22	51,000	-3,415	-34,1501	1,255E-4	0,0013
15.01.2026 17:36:22	51,050	-3,444	-34,4357	-0,001	-0,0104
15.01.2026 17:36:22	51,100	-3,493	-34,9345	1,902E-4	0,0019
15.01.2026 17:36:22	51,150	-3,482	-34,8233	-4,067E-4	-0,0041
15.01.2026 17:36:22	51,200	-3,522	-35,2196	1,841E-4	0,0018
15.01.2026 17:36:22	51,250	-3,557	-35,5738	-5,776E-4	-0,0058
15.01.2026 17:36:22	51,300	-3,571	-35,7071	1,353E-4	0,0014
15.01.2026 17:36:22	51,350	-3,586	-35,8567	-7,058E-4	-0,0071
15.01.2026 17:36:22	51,400	-3,605	-36,0454	1,450E-4	0,0015
15.01.2026 17:36:22	51,450	-3,630	-36,3016	-6,436E-4	-0,0064
15.01.2026 17:36:22	51,500	-3,659	-36,5854	1,450E-4	0,0015
15.01.2026 17:36:22	51,550	-3,688	-36,8768	-4,470E-4	-0,0045
15.01.2026 17:36:22	51,600	-3,732	-37,3190	3,159E-4	0,0032
15.01.2026 17:36:22	51,650	-3,763	-37,6258	-5,142E-4	-0,0051
15.01.2026 17:36:22	51,700	-3,796	-37,9616	1,890E-4	0,0019
15.01.2026 17:36:22	51,750	-3,839	-38,3905	-7,913E-4	-0,0079
15.01.2026 17:36:22	51,800	-3,859	-38,5927	2,122E-4	0,0021
15.01.2026 17:36:22	51,850	-3,872	-38,7243	-6,313E-4	-0,0063
15.01.2026 17:36:22	51,900	-3,881	-38,8139	2,659E-4	0,0027
15.01.2026 17:36:22	51,950	-3,904	-39,0353	-7,205E-4	-0,0072
15.01.2026 17:36:23	52,000	-3,940	-39,4037	3,696E-4	0,0037
15.01.2026 17:36:23	52,050	-3,994	-39,9411	-6,460E-4	-0,0065
15.01.2026 17:36:23	52,100	-4,029	-40,2882	8,276E-5	8,2764E-4
15.01.2026 17:36:23	52,150	-4,072	-40,7150	-8,181E-4	-0,0082
15.01.2026 17:36:23	52,200	-4,103	-41,0289	1,318E-5	1,3184E-4
15.01.2026 17:36:23	52,250	-4,124	-41,2404	-5,679E-4	-0,0057
15.01.2026 17:36:23	52,300	-4,145	-41,4490	4,282E-4	0,0043
15.01.2026 17:36:23	52,350	-4,175	-41,7533	-7,095E-4	-0,0071
15.01.2026 17:36:23	52,400	-4,194	-41,9417	2,598E-4	0,0026
15.01.2026 17:36:23	52,450	-4,218	-42,1758	-8,352E-4	-0,0084
15.01.2026 17:36:23	52,500	-4,246	-42,4614	9,497E-5	9,4971E-4
15.01.2026 17:36:23	52,550	-4,257	-42,5665	-6,570E-4	-0,0066
15.01.2026 17:36:23	52,600	-4,279	-42,7867	1,255E-4	0,0013
15.01.2026 17:36:23	52,650	-4,289	-42,8925	-6,997E-4	-0,0070
15.01.2026 17:36:23	52,700	-4,307	-43,0711	2,295E-5	2,2949E-4
15.01.2026 17:36:23	52,750	-4,322	-43,2179	-6,765E-4	-0,0068
15.01.2026 17:36:23	52,800	-4,327	-43,2664	-6,860E-5	-6,8604E-4
15.01.2026 17:36:23	52,850	-4,341	-43,4143	-5,996E-4	-0,0060
15.01.2026 17:36:23	52,900	-4,345	-43,4487	4,980E-5	4,9805E-4
15.01.2026 17:36:23	52,950	-4,357	-43,5651	-7,388E-4	-0,0074
15.01.2026 17:36:24	53,000	-4,369	-43,6885	-1,001E-5	-1,0010E-4
15.01.2026 17:36:24	53,050	-4,370	-43,6975	-7,717E-4	-0,0077
15.01.2026 17:36:24	53,100	-4,373	-43,7311	1,562E-5	1,5625E-4
15.01.2026 17:36:24	53,150	-4,389	-43,8861	-6,082E-4	-0,0061
15.01.2026 17:36:24	53,200	-4,399	-43,9923	4,111E-4	0,0041
15.01.2026 17:36:24	53,250	-4,412	-44,1182	-4,849E-4	-0,0048
15.01.2026 17:36:24	53,300	-4,435	-44,3489	1,401E-4	0,0014
15.01.2026 17:36:24	53,350	-4,448	-44,4813	-2,847E-4	-0,0028
15.01.2026 17:36:24	53,400	-4,479	-44,7851	2,051E-5	2,0508E-4
15.01.2026 17:36:24	53,450	-4,494	-44,9391	-5,801E-4	-0,0058
15.01.2026 17:36:24	53,500	-4,524	-45,2414	2,671E-4	0,0027
15.01.2026 17:36:24	53,550	-4,565	-45,6497	-7,742E-4	-0,0077
15.01.2026 17:36:24	53,600	-4,593	-45,9350	2,305E-4	0,0023
15.01.2026 17:36:24	53,650	-4,642	-46,4239	-4,849E-4	-0,0048
15.01.2026 17:36:24	53,700	-4,681	-46,8121	1,340E-4	0,0013
15.01.2026 17:36:24	53,750	-4,751	-47,5093	-6,594E-4	-0,0066
15.01.2026 17:36:24	53,800	-4,772	-47,7245	8,276E-5	8,2764E-4
15.01.2026 17:36:24	53,850	-4,773	-47,7263	-7,778E-4	-0,0078
15.01.2026 17:36:24	53,900	-4,769	-47,6906	-2,322E-4	-0,0023
15.01.2026 17:36:24	53,950	-4,769	-47,6863	-7,803E-4	-0,0078
15.01.2026 17:36:25	54,000	-4,769	-47,6859	4,248E-5	4,2480E-4
15.01.2026 17:36:25	54,050	-4,769	-47,6864	-8,657E-4	-0,0087
15.01.2026 17:36:25	54,100	-4,768	-47,6806	4,258E-4	0,0043
15.01.2026 17:36:25	54,150	-4,769	-47,6854	-4,861E-4	-0,0049
15.01.2026 17:36:25	54,200	-4,763	-47,6326	-9,546E-5	-9,5459E-4
15.01.2026 17:36:25	54,250	-4,753	-47,5309	-7,046E-4	-0,0070
15.01.2026 17:36:25	54,300	-4,782	-47,8247	-8,203E-5	-8,2031E-4
15.01.2026 17:36:25	54,350	-4,840	-48,3999	-8,352E-4	-0,0084
15.01.2026 17:36:25	54,400	-4,880	-48,7987	1,963E-4	0,0020
15.01.2026 17:36:25	54,450	-4,909	-49,0856	-4,849E-4	-0,0048
15.01.2026 17:36:25	54,500	-4,938	-49,3763	1,440E-5	1,4404E-4
15.01.2026 17:36:25	54,550	-4,970	-49,6987	-7,046E-4	-0,0070
15.01.2026 17:36:25	54,600	-4,995	-49,9525	2,268E-4	0,0023
15.01.2026 17:36:25	54,650	-5,021	-50,2063	-5,496E-4	-0,0055
15.01.2026 17:36:25	54,700	-5,049	-50,4896	1,462E-4	0,0015
15.01.2026 17:36:25	54,750	-5,072	-50,7170	-6,631E-4	-0,0066
15.01.2026 17:36:25	54,800	-5,094	-50,9350	3,027E-5	3,0273E-4
15.01.2026 17:36:25	54,850	-5,109	-51,0876	-9,036E-4	-0,0090
15.01.2026 17:36:25	54,900	-5,135	-51,3531	2,024E-4	0,0020
15.01.2026 17:36:25	54,950	-5,179	-51,7931	-6,619E-4	-0,0066
15.01.2026 17:36:26	55,000	-5,205	-52,0518	2,231E-4	0,0022
15.01.2026 17:36:26	55,050	-5,235	-52,3506	-6,997E-4	-0,0070
15.01.2026 17:36:26	55,100	-5,282	-52,8161	-1,638E-4	-0,0016
15.01.2026 17:36:26	55,150	-5,297	-52,9718	-7,498E-4	-0,0075
15.01.2026 17:36:26	55,200	-5,321	-53,2118	2,158E-4	0,0022
15.01.2026 17:36:26	55,250	-5,360	-53,6049	-5,874E-4	-0,0059
15.01.2026 17:36:26	55,300	-5,374	-53,7406	6,567E-5	6,5674E-4
15.01.2026 17:36:26	55,350	-5,417	-54,1679	-6,021E-4	-0,0060
15.01.2026 17:36:26	55,400	-5,463	-54,6308	1,780E-4	0,0018
15.01.2026 17:36:26	55,450	-5,493	-54,9316	-7,766E-4	-0,0078
15.01.2026 17:36:26	55,500	-5,528	-55,2827	5,957E-5	5,9570E-4
15.01.2026 17:36:26	55,550	-5,543	-55,4271	-6,167E-4	-0,0062
15.01.2026 17:36:26	55,600	-5,563	-55,6254	-3,076E-5	-3,0762E-4
15.01.2026 17:36:26	55,650	-5,608	-56,0811	-5,715E-4	-0,0057
15.01.2026 17:36:26	55,700	-5,633	-56,3334	-4,053E-5	-4,0527E-4
15.01.2026 17:36:26	55,750	-5,661	-56,6138	-4,592E-4	-0,0046
15.01.2026 17:36:26	55,800	-5,677	-56,7680	4,370E-5	4,3701E-4
15.01.2026 17:36:26	55,850	-5,699	-56,9860	-3,579E-4	-0,0036
15.01.2026 17:36:26	55,900	-5,722	-57,2227	2,402E-4	0,0024
15.01.2026 17:36:26	55,950	-5,751	-57,5147	-6,130E-4	-0,0061
15.01.2026 17:36:27	56,000	-5,808	-58,0829	-1,748E-4	-0,0017
15.01.2026 17:36:27	56,050	-5,835	-58,3466	-7,498E-4	-0,0075
15.01.2026 17:36:27	56,100	-5,867	-58,6705	1,194E-4	0,0012
15.01.2026 17:36:27	56,150	-5,890	-58,8989	-8,059E-4	-0,0081
15.01.2026 17:36:27	56,200	-5,907	-59,0731	-2,029E-4	-0,0020
15.01.2026 17:36:27	56,250	-5,947	-59,4660	-4,604E-4	-0,0046
15.01.2026 17:36:27	56,300	-5,998	-59,9831	2,197E-6	2,1973E-5
15.01.2026 17:36:27	56,350	-6,045	-60,4538	-4,421E-4	-0,0044
15.01.2026 17:36:27	56,400	-6,079	-60,7888	1,780E-4	0,0018
15.01.2026 17:36:27	56,450	-6,088	-60,8820	-6,899E-4	-0,0069
15.01.2026 17:36:27	56,500	-6,101	-61,0070	2,539E-5	2,5391E-4
15.01.2026 17:36:27	56,550	-6,128	-61,2841	-8,718E-4	-0,0087
15.01.2026 17:36:27	56,600	-6,158	-61,5791	-8,789E-6	-8,7891E-5
15.01.2026 17:36:27	56,650	-6,176	-61,7619	-9,426E-4	-0,0094
15.01.2026 17:36:27	56,700	-6,190	-61,8952	1,719E-4	0,0017
15.01.2026 17:36:27	56,750	-6,216	-62,1588	-7,888E-4	-0,0079
15.01.2026 17:36:27	56,800	-6,227	-62,2713	-2,676E-4	-0,0027
15.01.2026 17:36:27	56,850	-6,224	-62,2378	-0,001	-0,0111
15.01.2026 17:36:27	56,900	-6,222	-62,2243	-6,860E-5	-6,8604E-4
15.01.2026 17:36:27	56,950	-6,222	-62,2236	-8,279E-4	-0,0083
15.01.2026 17:36:28	57,000	-6,222	-62,2227	-3,564E-5	-3,5645E-4
15.01.2026 17:36:28	57,050	-6,222	-62,2217	-7,205E-4	-0,0072
15.01.2026 17:36:28	57,100	-6,222	-62,2226	-3,201E-4	-0,0032
15.01.2026 17:36:28	57,150	-6,222	-62,2178	-6,851E-4	-0,0069
15.01.2026 17:36:28	57,200	-6,267	-62,6703	-2,078E-4	-0,0021
15.01.2026 17:36:28	57,250	-6,316	-63,1644	-4,775E-4	-0,0048
15.01.2026 17:36:28	57,300	-6,354	-63,5351	-8,203E-5	-8,2031E-4
15.01.2026 17:36:28	57,350	-6,410	-64,1025	-6,851E-4	-0,0069
15.01.2026 17:36:28	57,400	-6,457	-64,5661	-1,858E-4	-0,0019
15.01.2026 17:36:28	57,450	-6,467	-64,6663	-5,166E-4	-0,0052
15.01.2026 17:36:28	57,500	-6,495	-64,9455	-1,260E-4	-0,0013
15.01.2026 17:36:28	57,550	-6,532	-65,3195	-0,001	-0,0102
15.01.2026 17:36:28	57,600	-6,561	-65,6147	-1,455E-4	-0,0015
15.01.2026 17:36:28	57,650	-6,585	-65,8489	-0,001	-0,0105
15.01.2026 17:36:28	57,700	-6,606	-66,0551	8,276E-5	8,2764E-4
15.01.2026 17:36:28	57,750	-6,636	-66,3594	-9,622E-4	-0,0096
15.01.2026 17:36:28	57,800	-6,659	-66,5935	5,591E-5	5,5908E-4
15.01.2026 17:36:28	57,850	-6,683	-66,8322	-5,374E-4	-0,0054
15.01.2026 17:36:28	57,900	-6,711	-67,1079	-1,431E-4	-0,0014
15.01.2026 17:36:28	57,950	-6,738	-67,3786	-7,034E-4	-0,0070
15.01.2026 17:36:29	58,000	-6,764	-67,6409	-1,123E-5	-1,1230E-4
15.01.2026 17:36:29	58,050	-6,792	-67,9224	-8,792E-4	-0,0088
15.01.2026 17:36:29	58,100	-6,825	-68,2487	-3,298E-4	-0,0033
15.01.2026 17:36:29	58,150	-6,850	-68,5014	-8,022E-4	-0,0080
15.01.2026 17:36:29	58,200	-6,867	-68,6661	-4,250E-4	-0,0043
15.01.2026 17:36:29	58,250	-6,893	-68,9299	-8,462E-4	-0,0085
15.01.2026 17:36:29	58,300	-6,910	-69,1014	-3,689E-4	-0,0037
15.01.2026 17:36:29	58,350	-6,944	-69,4381	-7,888E-4	-0,0079
15.01.2026 17:36:29	58,400	-6,973	-69,7273	-1,272E-4	-0,0013
15.01.2026 17:36:29	58,450	-6,980	-69,8035	-8,083E-4	-0,0081
15.01.2026 17:36:29	58,500	-7,003	-70,0309	-1,394E-4	-0,0014
15.01.2026 17:36:29	58,550	-7,015	-70,1513	-9,512E-4	-0,0095
15.01.2026 17:36:29	58,600	-7,022	-70,2189	-3,567E-4	-0,0036
15.01.2026 17:36:29	58,650	-7,024	-70,2434	-6,240E-4	-0,0062
15.01.2026 17:36:29	58,700	-7,027	-70,2658	-7,593E-5	-7,5928E-4
15.01.2026 17:36:29	58,750	-7,026	-70,2603	-0,001	-0,0106
15.01.2026 17:36:29	58,800	-6,973	-69,7286	1,462E-4	0,0015
15.01.2026 17:36:29	58,850	-6,928	-69,2842	-0,001	-0,0106
15.01.2026 17:36:29	58,900	-6,914	-69,1412	-4,541E-5	-4,5410E-4
15.01.2026 17:36:29	58,950	-6,911	-69,1057	-0,001	-0,0103
15.01.2026 17:36:30	59,000	-6,910	-69,1022	5,225E-5	5,2246E-4
15.01.2026 17:36:30	59,050	-6,910	-69,1018	-6,021E-4	-0,0060
15.01.2026 17:36:30	59,100	-6,911	-69,1055	-1,638E-4	-0,0016
15.01.2026 17:36:30	59,150	-6,910	-69,1039	-7,266E-4	-0,0073
15.01.2026 17:36:30	59,200	-6,910	-69,1037	4,858E-5	4,8584E-4
15.01.2026 17:36:30	59,250	-6,910	-69,1048	-7,327E-4	-0,0073
15.01.2026 17:36:30	59,300	-6,910	-69,1038	-4,663E-5	-4,6631E-4
15.01.2026 17:36:30	59,350	-6,910	-69,1034	-7,400E-4	-0,0074
15.01.2026 17:36:30	59,400	-6,909	-69,0876	3,638E-5	3,6377E-4
15.01.2026 17:36:30	59,450	-6,871	-68,7091	-9,390E-4	-0,0094
15.01.2026 17:36:30	59,500	-6,825	-68,2546	1,096E-4	0,0011
15.01.2026 17:36:30	59,550	-6,803	-68,0260	-7,632E-4	-0,0076
15.01.2026 17:36:30	59,600	-6,748	-67,4845	2,659E-4	0,0027
15.01.2026 17:36:30	59,650	-6,705	-67,0474	-3,420E-4	-0,0034
15.01.2026 17:36:30	59,700	-6,683	-66,8268	1,196E-5	1,1963E-4
15.01.2026 17:36:30	59,750	-6,664	-66,6377	-7,876E-4	-0,0079
15.01.2026 17:36:30	59,800	-6,652	-66,5189	-6,250E-5	-6,2500E-4
15.01.2026 17:36:30	59,850	-6,637	-66,3712	-9,438E-4	-0,0094
15.01.2026 17:36:30	59,900	-6,636	-66,3623	-3,687E-5	-3,6865E-4
15.01.2026 17:36:30	59,950	-6,634	-66,3394	-5,288E-4	-0,0053
15.01.2026 17:36:31	60,000	-6,626	-66,2565	-1,064E-4	-0,0011
15.01.2026 17:36:31	60,050	-6,605	-66,0530	-5,532E-4	-0,0055
15.01.2026 17:36:31	60,100	-6,572	-65,7208	1,807E-5	1,8066E-4
15.01.2026 17:36:31	60,150	-6,562	-65,6154	-6,362E-4	-0,0064
15.01.2026 17:36:31	60,200	-6,561	-65,6094	-6,128E-5	-6,1279E-4
15.01.2026 17:36:31	60,250	-6,558	-65,5759	-9,768E-4	-0,0098
15.01.2026 17:36:31	60,300	-6,547	-65,4707	2,097E-4	0,0021
15.01.2026 17:36:31	60,350	-6,527	-65,2677	-6,729E-4	-0,0067
15.01.2026 17:36:31	60,400	-6,513	-65,1303	-1,980E-4	-0,0020
15.01.2026 17:36:31	60,450	-6,509	-65,0925	-8,376E-4	-0,0084
15.01.2026 17:36:31	60,500	-6,498	-64,9792	-1,846E-4	-0,0018
15.01.2026 17:36:31	60,550	-6,474	-64,7446	-6,838E-4	-0,0068
15.01.2026 17:36:31	60,600	-6,438	-64,3789	-2,686E-6	-2,6855E-5
15.01.2026 17:36:31	60,650	-6,415	-64,1534	-6,887E-4	-0,0069
15.01.2026 17:36:31	60,700	-6,413	-64,1259	-2,603E-4	-0,0026
15.01.2026 17:36:31	60,750	-6,407	-64,0738	-8,071E-4	-0,0081
15.01.2026 17:36:31	60,800	-6,390	-63,8988	7,056E-5	7,0557E-4
15.01.2026 17:36:31	60,850	-6,375	-63,7542	-5,105E-4	-0,0051
15.01.2026 17:36:31	60,900	-6,354	-63,5370	4,736E-5	4,7363E-4
15.01.2026 17:36:31	60,950	-6,328	-63,2789	-6,265E-4	-0,0063
15.01.2026 17:36:32	61,000	-6,299	-62,9918	3,027E-5	3,0273E-4
15.01.2026 17:36:32	61,050	-6,279	-62,7926	-3,481E-4	-0,0035
15.01.2026 17:36:32	61,100	-6,258	-62,5766	-5,127E-6	-5,1270E-5
15.01.2026 17:36:32	61,150	-6,231	-62,3117	-3,115E-4	-0,0031
15.01.2026 17:36:32	61,200	-6,199	-61,9876	2,295E-5	2,2949E-4
15.01.2026 17:36:32	61,250	-6,163	-61,6349	-5,752E-4	-0,0058
15.01.2026 17:36:32	61,300	-6,124	-61,2426	1,438E-4	0,0014
15.01.2026 17:36:32	61,350	-6,100	-61,0023	-3,604E-4	-0,0036
15.01.2026 17:36:32	61,400	-6,080	-60,8004	1,096E-4	0,0011
15.01.2026 17:36:32	61,450	-6,051	-60,5106	-2,566E-4	-0,0026
15.01.2026 17:36:32	61,500	-6,022	-60,2243	1,951E-4	0,0020
15.01.2026 17:36:32	61,550	-5,988	-59,8767	-5,935E-4	-0,0059
15.01.2026 17:36:32	61,600	-5,938	-59,3804	1,401E-4	0,0014
15.01.2026 17:36:32	61,650	-5,908	-59,0784	-5,435E-4	-0,0054
15.01.2026 17:36:32	61,700	-5,897	-58,9653	6,689E-5	6,6895E-4
15.01.2026 17:36:32	61,750	-5,871	-58,7142	-5,728E-4	-0,0057
15.01.2026 17:36:32	61,800	-5,843	-58,4275	-4,175E-5	-4,1748E-4
15.01.2026 17:36:32	61,850	-5,818	-58,1833	-6,899E-4	-0,0069
15.01.2026 17:36:32	61,900	-5,803	-58,0253	3,635E-4	0,0036
15.01.2026 17:36:32	61,950	-5,799	-57,9912	-3,066E-4	-0,0031
15.01.2026 17:36:33	62,000	-5,817	-58,1688	3,647E-4	0,0036
15.01.2026 17:36:33	62,050	-5,819	-58,1930	-5,532E-4	-0,0055
15.01.2026 17:36:33	62,100	-5,819	-58,1871	2,915E-4	0,0029
15.01.2026 17:36:33	62,150	-5,818	-58,1844	-3,933E-4	-0,0039
15.01.2026 17:36:33	62,200	-5,818	-58,1843	-8,789E-6	-8,7891E-5
15.01.2026 17:36:33	62,250	-5,818	-58,1777	-2,200E-4	-0,0022
15.01.2026 17:36:33	62,300	-5,818	-58,1783	5,674E-4	0,0057
15.01.2026 17:36:33	62,350	-5,815	-58,1514	-4,019E-4	-0,0040
15.01.2026 17:36:33	62,400	-5,773	-57,7263	3,989E-4	0,0040
15.01.2026 17:36:33	62,450	-5,736	-57,3611	-5,068E-4	-0,0051
15.01.2026 17:36:33	62,500	-5,680	-56,8037	3,171E-4	0,0032
15.01.2026 17:36:33	62,550	-5,623	-56,2268	-7,974E-4	-0,0080
15.01.2026 17:36:33	62,600	-5,590	-55,8951	1,450E-4	0,0015
15.01.2026 17:36:33	62,650	-5,576	-55,7590	-3,286E-4	-0,0033
15.01.2026 17:36:33	62,700	-5,566	-55,6590	4,258E-4	0,0043
15.01.2026 17:36:33	62,750	-5,552	-55,5235	-2,883E-4	-0,0029
15.01.2026 17:36:33	62,800	-5,532	-55,3191	3,184E-4	0,0032
15.01.2026 17:36:33	62,850	-5,518	-55,1756	-4,421E-4	-0,0044
15.01.2026 17:36:33	62,900	-5,509	-55,0915	2,585E-4	0,0026
15.01.2026 17:36:33	62,950	-5,469	-54,6856	1,194E-4	0,0012
15.01.2026 17:36:34	63,000	-5,441	-54,4103	2,549E-4	0,0025
15.01.2026 17:36:34	63,050	-5,416	-54,1595	-5,142E-4	-0,0051
15.01.2026 17:36:34	63,100	-5,385	-53,8466	4,587E-4	0,0046
15.01.2026 17:36:34	63,150	-5,364	-53,6439	-1,980E-4	-0,0020
15.01.2026 17:36:34	63,200	-5,353	-53,5274	3,733E-4	0,0037
15.01.2026 17:36:34	63,250	-5,339	-53,3932	-2,249E-4	-0,0022
15.01.2026 17:36:34	63,300	-5,309	-53,0895	3,586E-4	0,0036
15.01.2026 17:36:34	63,350	-5,291	-52,9059	-1,809E-4	-0,0018
15.01.2026 17:36:34	63,400	-5,287	-52,8741	3,379E-4	0,0034
15.01.2026 17:36:34	63,450	-5,286	-52,8552	-5,068E-4	-0,0051
15.01.2026 17:36:34	63,500	-5,283	-52,8258	3,965E-4	0,0040
15.01.2026 17:36:34	63,550	-5,259	-52,5946	-2,993E-4	-0,0030
15.01.2026 17:36:34	63,600	-5,234	-52,3413	3,318E-4	0,0033
15.01.2026 17:36:34	63,650	-5,214	-52,1391	-2,468E-4	-0,0025
15.01.2026 17:36:34	63,700	-5,207	-52,0740	5,564E-4	0,0056
15.01.2026 17:36:34	63,750	-5,204	-52,0445	-2,261E-4	-0,0023
15.01.2026 17:36:34	63,800	-5,205	-52,0469	2,268E-4	0,0023
15.01.2026 17:36:34	63,850	-5,205	-52,0453	-3,701E-4	-0,0037
15.01.2026 17:36:34	63,900	-5,191	-51,9069	2,109E-4	0,0021
15.01.2026 17:36:34	63,950	-5,161	-51,6109	3,027E-5	3,0273E-4
15.01.2026 17:36:35	64,000	-5,153	-51,5310	6,150E-4	0,0061
15.01.2026 17:36:35	64,050	-5,140	-51,4046	-2,688E-4	-0,0027
15.01.2026 17:36:35	64,100	-5,132	-51,3178	3,098E-4	0,0031
15.01.2026 17:36:35	64,150	-5,110	-51,1033	-1,956E-4	-0,0020
15.01.2026 17:36:35	64,200	-5,091	-50,9130	5,051E-4	0,0051
15.01.2026 17:36:35	64,250	-5,077	-50,7736	-4,336E-4	-0,0043
15.01.2026 17:36:35	64,300	-5,059	-50,5866	5,295E-4	0,0053
15.01.2026 17:36:35	64,350	-5,038	-50,3812	-1,138E-4	-0,0011
15.01.2026 17:36:35	64,400	-5,017	-50,1667	5,747E-4	0,0057
15.01.2026 17:36:35	64,450	-4,989	-49,8931	-6,045E-4	-0,0060
15.01.2026 17:36:35	64,500	-4,965	-49,6518	2,146E-4	0,0021
15.01.2026 17:36:35	64,550	-4,939	-49,3901	1,440E-5	1,4404E-4
15.01.2026 17:36:35	64,600	-4,896	-48,9557	1,841E-4	0,0018
15.01.2026 17:36:35	64,650	-4,862	-48,6200	-4,541E-5	-4,5410E-4
15.01.2026 17:36:35	64,700	-4,836	-48,3590	1,182E-4	0,0012
15.01.2026 17:36:35	64,750	-4,815	-48,1504	-2,126E-4	-0,0021
15.01.2026 17:36:35	64,800	-4,796	-47,9559	6,113E-4	0,0061
15.01.2026 17:36:35	64,850	-4,791	-47,9130	-3,872E-4	-0,0039
15.01.2026 17:36:35	64,900	-4,792	-47,9166	3,879E-4	0,0039
15.01.2026 17:36:35	64,950	-4,789	-47,8882	-2,224E-4	-0,0022
15.01.2026 17:36:36	65,000	-4,788	-47,8825	9,556E-4	0,0096
15.01.2026 17:36:36	65,050	-4,788	-47,8844	-2,261E-4	-0,0023
15.01.2026 17:36:36	65,100	-4,788	-47,8806	7,554E-4	0,0076
15.01.2026 17:36:36	65,150	-4,788	-47,8823	-3,298E-4	-0,0033
15.01.2026 17:36:36	65,200	-4,792	-47,9203	6,882E-4	0,0069
15.01.2026 17:36:36	65,250	-4,803	-48,0348	3,418E-6	3,4180E-5
15.01.2026 17:36:36	65,300	-4,799	-47,9873	3,525E-4	0,0035
15.01.2026 17:36:36	65,350	-4,764	-47,6410	-3,115E-4	-0,0031
15.01.2026 17:36:36	65,400	-4,739	-47,3903	4,490E-4	0,0045
15.01.2026 17:36:36	65,450	-4,701	-47,0103	-2,017E-4	-0,0020
15.01.2026 17:36:36	65,500	-4,656	-46,5609	1,975E-4	0,0020
15.01.2026 17:36:36	65,550	-4,612	-46,1160	-1,001E-5	-1,0010E-4
15.01.2026 17:36:36	65,600	-4,582	-45,8188	4,795E-4	0,0048
15.01.2026 17:36:36	65,650	-4,565	-45,6496	-2,188E-4	-0,0022
15.01.2026 17:36:36	65,700	-4,545	-45,4488	7,310E-4	0,0073
15.01.2026 17:36:36	65,750	-4,531	-45,3056	-1,064E-4	-0,0011
15.01.2026 17:36:36	65,800	-4,511	-45,1094	7,871E-4	0,0079
15.01.2026 17:36:36	65,850	-4,510	-45,0993	-2,588E-5	-2,5879E-4
15.01.2026 17:36:36	65,900	-4,498	-44,9810	7,419E-4	0,0074
15.01.2026 17:36:36	65,950	-4,481	-44,8140	9,985E-5	9,9854E-4
15.01.2026 17:36:37	66,000	-4,479	-44,7924	6,199E-4	0,0062
15.01.2026 17:36:37	66,050	-4,461	-44,6108	4,614E-5	4,6143E-4
15.01.2026 17:36:37	66,100	-4,430	-44,3017	5,625E-4	0,0056
15.01.2026 17:36:37	66,150	-4,410	-44,0999	3,271E-5	3,2715E-4
15.01.2026 17:36:37	66,200	-4,391	-43,9092	8,030E-4	0,0080
15.01.2026 17:36:37	66,250	-4,376	-43,7643	-2,126E-4	-0,0021
15.01.2026 17:36:37	66,300	-4,359	-43,5920	7,700E-4	0,0077
15.01.2026 17:36:37	66,350	-4,346	-43,4582	-4,907E-5	-4,9072E-4
15.01.2026 17:36:37	66,400	-4,334	-43,3389	4,795E-4	0,0048
15.01.2026 17:36:37	66,450	-4,311	-43,1112	9,741E-5	9,7412E-4
15.01.2026 17:36:37	66,500	-4,307	-43,0716	5,479E-4	0,0055
15.01.2026 17:36:37	66,550	-4,297	-42,9700	-3,076E-5	-3,0762E-4
15.01.2026 17:36:37	66,600	-4,288	-42,8816	8,286E-4	0,0083
15.01.2026 17:36:37	66,650	-4,288	-42,8754	-1,309E-4	-0,0013
15.01.2026 17:36:37	66,700	-4,282	-42,8238	8,152E-4	0,0082
15.01.2026 17:36:37	66,750	-4,268	-42,6822	3,428E-4	0,0034
15.01.2026 17:36:37	66,800	-4,253	-42,5305	5,735E-4	0,0057
15.01.2026 17:36:37	66,850	-4,222	-42,2228	9,741E-5	9,7412E-4
15.01.2026 17:36:37	66,900	-4,208	-42,0829	7,407E-4	0,0074
15.01.2026 17:36:37	66,950	-4,196	-41,9575	-5,396E-5	-5,3955E-4
15.01.2026 17:36:38	67,000	-4,184	-41,8368	5,918E-4	0,0059
15.01.2026 17:36:38	67,050	-4,170	-41,7029	-1,978E-5	-1,9775E-4
15.01.2026 17:36:38	67,100	-4,170	-41,6995	8,250E-4	0,0082
15.01.2026 17:36:38	67,150	-4,174	-41,7413	1,133E-4	0,0011
15.01.2026 17:36:38	67,200	-4,173	-41,7298	6,589E-4	0,0066
15.01.2026 17:36:38	67,250	-4,173	-41,7272	7,422E-5	7,4219E-4
15.01.2026 17:36:38	67,300	-4,172	-41,7243	8,359E-4	0,0084
15.01.2026 17:36:38	67,350	-4,177	-41,7653	-1,833E-4	-0,0018
15.01.2026 17:36:38	67,400	-4,109	-41,0858	7,883E-4	0,0079
15.01.2026 17:36:38	67,450	-4,065	-40,6471	1,316E-4	0,0013
15.01.2026 17:36:38	67,500	-4,047	-40,4673	7,969E-4	0,0080
15.01.2026 17:36:38	67,550	-4,009	-40,0875	4,126E-5	4,1260E-4
15.01.2026 17:36:38	67,600	-3,974	-39,7440	8,054E-4	0,0081
15.01.2026 17:36:38	67,650	-3,933	-39,3334	1,194E-4	0,0012
15.01.2026 17:36:38	67,700	-3,907	-39,0690	6,882E-4	0,0069
15.01.2026 17:36:38	67,750	-3,888	-38,8761	5,713E-5	5,7129E-4
15.01.2026 17:36:38	67,800	-3,866	-38,6616	5,515E-4	0,0055
15.01.2026 17:36:38	67,850	-3,845	-38,4526	3,306E-4	0,0033
15.01.2026 17:36:38	67,900	-3,830	-38,2973	6,736E-4	0,0067
15.01.2026 17:36:38	67,950	-3,809	-38,0865	-1,052E-4	-0,0011
15.01.2026 17:36:39	68,000	-3,782	-37,8152	7,529E-4	0,0075
15.01.2026 17:36:39	68,050	-3,775	-37,7516	1,646E-4	0,0016
15.01.2026 17:36:39	68,100	-3,751	-37,5125	7,236E-4	0,0072
15.01.2026 17:36:39	68,150	-3,731	-37,3118	-1,199E-4	-0,0012
15.01.2026 17:36:39	68,200	-3,704	-37,0378	8,018E-4	0,0080
15.01.2026 17:36:39	68,250	-3,678	-36,7774	7,788E-5	7,7881E-4
15.01.2026 17:36:39	68,300	-3,664	-36,6356	0,001	0,0104
15.01.2026 17:36:39	68,350	-3,636	-36,3574	1,829E-4	0,0018
15.01.2026 17:36:39	68,400	-3,598	-35,9801	3,708E-4	0,0037
15.01.2026 17:36:39	68,450	-3,572	-35,7171	3,745E-4	0,0037
15.01.2026 17:36:39	68,500	-3,552	-35,5166	7,688E-4	0,0077
15.01.2026 17:36:39	68,550	-3,532	-35,3216	6,812E-5	6,8115E-4
15.01.2026 17:36:39	68,600	-3,510	-35,1021	0,001	0,0128
15.01.2026 17:36:39	68,650	-3,484	-34,8406	3,208E-4	0,0032
15.01.2026 17:36:39	68,700	-3,458	-34,5790	9,397E-4	0,0094
15.01.2026 17:36:39	68,750	-3,427	-34,2745	3,418E-6	3,4180E-5
15.01.2026 17:36:39	68,800	-3,397	-33,9711	0,001	0,0117
15.01.2026 17:36:39	68,850	-3,364	-33,6393	2,671E-4	0,0027
15.01.2026 17:36:39	68,900	-3,346	-33,4638	8,945E-4	0,0089
15.01.2026 17:36:39	68,950	-3,328	-33,2848	3,660E-4	0,0037
15.01.2026 17:36:40	69,000	-3,310	-33,0966	0,001	0,0109
15.01.2026 17:36:40	69,050	-3,293	-32,9258	5,591E-5	5,5908E-4
15.01.2026 17:36:40	69,100	-3,275	-32,7550	0,001	0,0117
15.01.2026 17:36:40	69,150	-3,267	-32,6666	4,001E-4	0,0040
15.01.2026 17:36:40	69,200	-3,250	-32,5035	0,001	0,0114
15.01.2026 17:36:40	69,250	-3,237	-32,3683	2,976E-4	0,0030
15.01.2026 17:36:40	69,300	-3,227	-32,2720	0,001	0,0104
15.01.2026 17:36:40	69,350	-3,211	-32,1145	3,708E-4	0,0037
15.01.2026 17:36:40	69,400	-3,187	-31,8651	0,001	0,0119
15.01.2026 17:36:40	69,450	-3,166	-31,6600	7,788E-5	7,7881E-4
15.01.2026 17:36:40	69,500	-3,158	-31,5799	0,001	0,0107
15.01.2026 17:36:40	69,550	-3,158	-31,5774	4,648E-4	0,0046
15.01.2026 17:36:40	69,600	-3,176	-31,7578	0,001	0,0120
15.01.2026 17:36:40	69,650	-3,179	-31,7892	1,682E-4	0,0017
15.01.2026 17:36:40	69,700	-3,179	-31,7911	8,079E-4	0,0081
15.01.2026 17:36:40	69,750	-3,179	-31,7887	2,646E-4	0,0026
15.01.2026 17:36:40	69,800	-3,179	-31,7871	0,001	0,0117
15.01.2026 17:36:40	69,850	-3,177	-31,7717	3,049E-4	0,0030
15.01.2026 17:36:40	69,900	-3,168	-31,6820	0,001	0,0118
15.01.2026 17:36:40	69,950	-3,118	-31,1847	1,560E-4	0,0016
15.01.2026 17:36:41	70,000	-3,040	-30,3986	0,001	0,0140
15.01.2026 17:36:41	70,050	-2,979	-29,7934	1,792E-4	0,0018
15.01.2026 17:36:41	70,100	-2,922	-29,2232	0,001	0,0113
15.01.2026 17:36:41	70,150	-2,898	-28,9764	2,305E-4	0,0023
15.01.2026 17:36:41	70,200	-2,872	-28,7177	0,001	0,0144
15.01.2026 17:36:41	70,250	-2,859	-28,5941	3,745E-4	0,0037
15.01.2026 17:36:41	70,300	-2,856	-28,5607	0,001	0,0112
15.01.2026 17:36:41	70,350	-2,847	-28,4696	4,160E-4	0,0042
15.01.2026 17:36:41	70,400	-2,844	-28,4439	9,055E-4	0,0091
15.01.2026 17:36:41	70,450	-2,834	-28,3370	3,440E-4	0,0034
15.01.2026 17:36:41	70,500	-2,829	-28,2950	5,503E-4	0,0055
15.01.2026 17:36:41	70,550	-2,805	-28,0509	2,756E-4	0,0028
15.01.2026 17:36:41	70,600	-2,774	-27,7353	0,001	0,0104
15.01.2026 17:36:41	70,650	-2,739	-27,3910	3,770E-4	0,0038
15.01.2026 17:36:41	70,700	-2,714	-27,1358	7,725E-4	0,0077
15.01.2026 17:36:41	70,750	-2,700	-27,0041	2,305E-4	0,0023
15.01.2026 17:36:41	70,800	-2,670	-26,7034	0,001	0,0110
15.01.2026 17:36:41	70,850	-2,641	-26,4090	4,355E-4	0,0044
15.01.2026 17:36:41	70,900	-2,636	-26,3635	8,433E-4	0,0084
15.01.2026 17:36:41	70,950	-2,616	-26,1569	4,551E-4	0,0046
15.01.2026 17:36:42	71,000	-2,599	-25,9921	0,001	0,0124
15.01.2026 17:36:42	71,050	-2,578	-25,7837	4,990E-4	0,0050
15.01.2026 17:36:42	71,100	-2,560	-25,6026	9,348E-4	0,0093
15.01.2026 17:36:42	71,150	-2,560	-25,5961	6,284E-4	0,0063
15.01.2026 17:36:42	71,200	-2,546	-25,4594	9,543E-4	0,0095
15.01.2026 17:36:42	71,250	-2,505	-25,0458	5,991E-4	0,0060
15.01.2026 17:36:42	71,300	-2,476	-24,7561	0,001	0,0114
15.01.2026 17:36:42	71,350	-2,440	-24,4049	5,186E-4	0,0052
15.01.2026 17:36:42	71,400	-2,416	-24,1559	0,001	0,0116
15.01.2026 17:36:42	71,450	-2,413	-24,1309	3,513E-4	0,0035
15.01.2026 17:36:42	71,500	-2,413	-24,1328	9,763E-4	0,0098
15.01.2026 17:36:42	71,550	-2,413	-24,1274	7,700E-4	0,0077
15.01.2026 17:36:42	71,600	-2,413	-24,1312	0,001	0,0116
15.01.2026 17:36:42	71,650	-2,413	-24,1319	3,477E-4	0,0035
15.01.2026 17:36:42	71,700	-2,413	-24,1288	0,001	0,0130
15.01.2026 17:36:42	71,750	-2,414	-24,1443	3,245E-4	0,0032
15.01.2026 17:36:42	71,800	-2,402	-24,0209	7,786E-4	0,0078
15.01.2026 17:36:42	71,850	-2,337	-23,3664	3,708E-4	0,0037
15.01.2026 17:36:42	71,900	-2,307	-23,0745	9,507E-4	0,0095
15.01.2026 17:36:42	71,950	-2,274	-22,7379	1,951E-4	0,0020
15.01.2026 17:36:43	72,000	-2,261	-22,6126	0,001	0,0117
15.01.2026 17:36:43	72,050	-2,247	-22,4706	2,793E-4	0,0028
15.01.2026 17:36:43	72,100	-2,220	-22,1991	0,001	0,0140
15.01.2026 17:36:43	72,150	-2,193	-21,9316	5,442E-4	0,0054
15.01.2026 17:36:43	72,200	-2,182	-21,8172	0,001	0,0135
15.01.2026 17:36:43	72,250	-2,172	-21,7199	3,965E-4	0,0040
15.01.2026 17:36:43	72,300	-2,165	-21,6455	9,238E-4	0,0092
15.01.2026 17:36:43	72,350	-2,145	-21,4509	6,174E-4	0,0062
15.01.2026 17:36:43	72,400	-2,121	-21,2092	0,001	0,0104
15.01.2026 17:36:43	72,450	-2,093	-20,9290	4,600E-4	0,0046
15.01.2026 17:36:43	72,500	-2,081	-20,8055	0,001	0,0144
15.01.2026 17:36:43	72,550	-2,074	-20,7364	6,467E-4	0,0065
15.01.2026 17:36:43	72,600	-2,068	-20,6805	0,001	0,0124
15.01.2026 17:36:43	72,650	-2,065	-20,6453	5,442E-4	0,0054
15.01.2026 17:36:43	72,700	-2,050	-20,5049	0,001	0,0122
15.01.2026 17:36:43	72,750	-2,029	-20,2915	4,417E-4	0,0044
15.01.2026 17:36:43	72,800	-1,999	-19,9891	0,001	0,0127
15.01.2026 17:36:43	72,850	-1,991	-19,9107	4,343E-4	0,0043
15.01.2026 17:36:43	72,900	-1,977	-19,7662	0,001	0,0147
15.01.2026 17:36:43	72,950	-1,965	-19,6484	6,272E-4	0,0063
15.01.2026 17:36:44	73,000	-1,952	-19,5216	0,001	0,0117
15.01.2026 17:36:44	73,050	-1,941	-19,4076	7,944E-4	0,0079
15.01.2026 17:36:44	73,100	-1,932	-19,3204	0,001	0,0127
15.01.2026 17:36:44	73,150	-1,929	-19,2889	7,236E-4	0,0072
15.01.2026 17:36:44	73,200	-1,926	-19,2601	0,001	0,0127
15.01.2026 17:36:44	73,250	-1,922	-19,2157	7,859E-4	0,0079
15.01.2026 17:36:44	73,300	-1,923	-19,2252	0,001	0,0140
15.01.2026 17:36:44	73,350	-1,922	-19,2218	7,847E-4	0,0078
15.01.2026 17:36:44	73,400	-1,922	-19,2222	0,001	0,0143
15.01.2026 17:36:44	73,450	-1,922	-19,2246	6,003E-4	0,0060
15.01.2026 17:36:44	73,500	-1,924	-19,2356	0,001	0,0145
15.01.2026 17:36:44	73,550	-1,923	-19,2262	7,749E-4	0,0077
15.01.2026 17:36:44	73,600	-1,922	-19,2224	0,001	0,0141
15.01.2026 17:36:44	73,650	-1,909	-19,0896	7,139E-4	0,0071
15.01.2026 17:36:44	73,700	-1,872	-18,7167	0,001	0,0134
15.01.2026 17:36:44	73,750	-1,834	-18,3425	0,001	0,0101
15.01.2026 17:36:44	73,800	-1,811	-18,1140	0,002	0,0163
15.01.2026 17:36:44	73,850	-1,780	-17,8044	6,736E-4	0,0067
15.01.2026 17:36:44	73,900	-1,760	-17,6029	0,001	0,0122
15.01.2026 17:36:44	73,950	-1,736	-17,3560	7,371E-4	0,0074
15.01.2026 17:36:45	74,000	-1,710	-17,1034	0,001	0,0144
15.01.2026 17:36:45	74,050	-1,681	-16,8114	7,603E-4	0,0076
15.01.2026 17:36:45	74,100	-1,653	-16,5304	0,001	0,0147
15.01.2026 17:36:45	74,150	-1,626	-16,2644	8,079E-4	0,0081
15.01.2026 17:36:45	74,200	-1,618	-16,1809	0,001	0,0136
15.01.2026 17:36:45	74,250	-1,609	-16,0896	7,090E-4	0,0071
15.01.2026 17:36:45	74,300	-1,586	-15,8620	0,001	0,0146
15.01.2026 17:36:45	74,350	-1,567	-15,6713	8,018E-4	0,0080
15.01.2026 17:36:45	74,400	-1,553	-15,5287	0,001	0,0128
15.01.2026 17:36:45	74,450	-1,546	-15,4571	8,848E-4	0,0088
15.01.2026 17:36:45	74,500	-1,542	-15,4249	0,001	0,0139
15.01.2026 17:36:45	74,550	-1,541	-15,4116	6,675E-4	0,0067
15.01.2026 17:36:45	74,600	-1,519	-15,1937	0,002	0,0152
15.01.2026 17:36:45	74,650	-1,497	-14,9741	5,710E-4	0,0057
15.01.2026 17:36:45	74,700	-1,483	-14,8310	0,001	0,0147
15.01.2026 17:36:45	74,750	-1,472	-14,7202	5,967E-4	0,0060
15.01.2026 17:36:45	74,800	-1,473	-14,7324	0,001	0,0147
15.01.2026 17:36:45	74,850	-1,473	-14,7335	7,236E-4	0,0072
15.01.2026 17:36:45	74,900	-1,473	-14,7343	0,001	0,0143
15.01.2026 17:36:45	74,950	-1,474	-14,7353	4,465E-4	0,0045
15.01.2026 17:36:46	75,000	-1,471	-14,7116	0,002	0,0152
15.01.2026 17:36:46	75,050	-1,462	-14,6237	6,309E-4	0,0063
15.01.2026 17:36:46	75,100	-1,433	-14,3300	0,001	0,0149
15.01.2026 17:36:46	75,150	-1,360	-13,5997	8,445E-4	0,0084
15.01.2026 17:36:46	75,200	-1,317	-13,1698	0,002	0,0170
15.01.2026 17:36:46	75,250	-1,293	-12,9289	5,588E-4	0,0056
15.01.2026 17:36:46	75,300	-1,264	-12,6353	0,002	0,0188
15.01.2026 17:36:46	75,350	-1,244	-12,4423	9,128E-4	0,0091
15.01.2026 17:36:46	75,400	-1,233	-12,3294	0,002	0,0185
15.01.2026 17:36:46	75,450	-1,210	-12,1029	7,749E-4	0,0077
15.01.2026 17:36:46	75,500	-1,188	-11,8791	0,002	0,0153
15.01.2026 17:36:46	75,550	-1,167	-11,6656	5,161E-4	0,0052
15.01.2026 17:36:46	75,600	-1,149	-11,4859	0,001	0,0147
15.01.2026 17:36:46	75,650	-1,136	-11,3619	8,286E-4	0,0083
15.01.2026 17:36:46	75,700	-1,118	-11,1827	0,002	0,0177
15.01.2026 17:36:46	75,750	-1,112	-11,1231	9,763E-4	0,0098
15.01.2026 17:36:46	75,800	-1,102	-11,0188	0,002	0,0206
15.01.2026 17:36:46	75,850	-1,085	-10,8466	9,910E-4	0,0099
15.01.2026 17:36:46	75,900	-1,078	-10,7793	0,001	0,0146
15.01.2026 17:36:46	75,950	-1,051	-10,5086	0,001	0,0108
15.01.2026 17:36:47	76,000	-1,038	-10,3773	0,002	0,0196
15.01.2026 17:36:47	76,050	-1,030	-10,3018	7,834E-4	0,0078
15.01.2026 17:36:47	76,100	-1,018	-10,1775	0,002	0,0203
15.01.2026 17:36:47	76,150	-1,008	-10,0767	0,001	0,0120
15.01.2026 17:36:47	76,200	-0,968	-9,6836	0,002	0,0186
15.01.2026 17:36:47	76,250	-0,912	-9,1162	0,001	0,0122
15.01.2026 17:36:47	76,300	-0,895	-8,9451	0,002	0,0165
15.01.2026 17:36:47	76,350	-0,861	-8,6143	7,444E-4	0,0074
15.01.2026 17:36:47	76,400	-0,838	-8,3797	0,002	0,0155
15.01.2026 17:36:47	76,450	-0,832	-8,3236	0,001	0,0133
15.01.2026 17:36:47	76,500	-0,822	-8,2201	0,002	0,0161
15.01.2026 17:36:47	76,550	-0,820	-8,2011	0,001	0,0109
15.01.2026 17:36:47	76,600	-0,821	-8,2142	0,001	0,0147
15.01.2026 17:36:47	76,650	-0,821	-8,2142	6,455E-4	0,0065
15.01.2026 17:36:47	76,700	-0,821	-8,2130	0,002	0,0160
15.01.2026 17:36:47	76,750	-0,821	-8,2104	0,001	0,0103
15.01.2026 17:36:47	76,800	-0,791	-7,9052	0,002	0,0182
15.01.2026 17:36:47	76,850	-0,656	-6,5550	7,761E-4	0,0078
15.01.2026 17:36:47	76,900	-0,618	-6,1812	0,002	0,0191
15.01.2026 17:36:47	76,950	-0,609	-6,0859	0,001	0,0110
15.01.2026 17:36:48	77,000	-0,577	-5,7742	0,002	0,0160
15.01.2026 17:36:48	77,050	-0,553	-5,5338	0,001	0,0110
15.01.2026 17:36:48	77,100	-0,531	-5,3089	0,001	0,0144
15.01.2026 17:36:48	77,150	-0,505	-5,0506	8,860E-4	0,0089
15.01.2026 17:36:48	77,200	-0,492	-4,9249	0,002	0,0195
15.01.2026 17:36:48	77,250	-0,483	-4,8290	0,001	0,0112
15.01.2026 17:36:48	77,300	-0,468	-4,6841	0,002	0,0164
15.01.2026 17:36:48	77,350	-0,450	-4,5031	0,001	0,0109
15.01.2026 17:36:48	77,400	-0,417	-4,1722	0,002	0,0210
15.01.2026 17:36:48	77,450	-0,391	-3,9067	9,958E-4	0,0100
15.01.2026 17:36:48	77,500	-0,375	-3,7486	0,002	0,0190
15.01.2026 17:36:48	77,550	-0,364	-3,6379	0,001	0,0120
15.01.2026 17:36:48	77,600	-0,323	-3,2289	0,002	0,0218
15.01.2026 17:36:48	77,650	-0,293	-2,9321	0,001	0,0123
15.01.2026 17:36:48	77,700	-0,282	-2,8207	0,002	0,0220
15.01.2026 17:36:48	77,750	-0,242	-2,4210	0,001	0,0106
15.01.2026 17:36:48	77,800	-0,204	-2,0438	0,002	0,0177
15.01.2026 17:36:48	77,850	-0,161	-1,6133	0,001	0,0114
15.01.2026 17:36:48	77,900	-0,148	-1,4781	0,002	0,0183
15.01.2026 17:36:48	77,950	-0,133	-1,3286	0,001	0,0103
15.01.2026 17:36:49	78,000	-0,130	-1,2984	0,002	0,0202
15.01.2026 17:36:49	78,050	-0,133	-1,3326	0,001	0,0136
15.01.2026 17:36:49	78,100	-0,134	-1,3354	0,002	0,0194
15.01.2026 17:36:49	78,150	-0,133	-1,3343	0,001	0,0118
15.01.2026 17:36:49	78,200	-0,133	-1,3345	0,002	0,0195
15.01.2026 17:36:49	78,250	-0,133	-1,3346	0,001	0,0102
15.01.2026 17:36:49	78,300	-0,131	-1,3130	0,002	0,0177
15.01.2026 17:36:49	78,350	-0,117	-1,1711	0,001	0,0118
15.01.2026 17:36:49	78,400	-0,110	-1,0993	0,002	0,0202
15.01.2026 17:36:49	78,450	-0,103	-1,0260	0,001	0,0108
15.01.2026 17:36:49	78,500	-0,077	-0,7701	0,002	0,0191
15.01.2026 17:36:49	78,550	-0,044	-0,4402	0,001	0,0130
15.01.2026 17:36:49	78,600	-0,019	-0,1860	0,002	0,0218
15.01.2026 17:36:49	78,650	-4,449E-4	-0,0044	0,001	0,0109
15.01.2026 17:36:49	78,700	0,004	0,0448	0,002	0,0210
15.01.2026 17:36:49	78,750	0,004	0,0440	0,001	0,0121
15.01.2026 17:36:49	78,800	0,004	0,0408	0,002	0,0168
15.01.2026 17:36:49	78,850	0,004	0,0420	9,836E-4	0,0098
15.01.2026 17:36:49	78,900	0,004	0,0409	0,002	0,0176
15.01.2026 17:36:49	78,950	0,004	0,0401	8,811E-4	0,0088
15.01.2026 17:36:50	79,000	0,004	0,0448	0,002	0,0204
15.01.2026 17:36:50	79,050	0,004	0,0441	0,001	0,0125
15.01.2026 17:36:50	79,100	0,004	0,0414	0,002	0,0172
15.01.2026 17:36:50	79,150	0,004	0,0442	0,001	0,0123
15.01.2026 17:36:50	79,200	0,004	0,0445	0,002	0,0207
15.01.2026 17:36:50	79,250	0,004	0,0428	0,001	0,0112
15.01.2026 17:36:50	79,300	0,004	0,0429	0,002	0,0188
15.01.2026 17:36:50	79,350	0,002	0,0249	0,001	0,0121
15.01.2026 17:36:50	79,400	-5,695E-4	-0,0057	0,002	0,0189
15.01.2026 17:36:50	79,450	-3,339E-4	-0,0033	0,001	0,0148
15.01.2026 17:36:50	79,500	-5,219E-4	-0,0052	0,002	0,0186
15.01.2026 17:36:50	79,550	-7,477E-4	-0,0075	8,958E-4	0,0090
15.01.2026 17:36:50	79,600	-5,353E-4	-0,0054	0,002	0,0183
15.01.2026 17:36:50	79,650	-3,778E-4	-0,0038	0,001	0,0124
15.01.2026 17:36:50	79,700	-4,425E-4	-0,0044	0,002	0,0194
15.01.2026 17:36:50	79,750	-5,389E-4	-0,0054	0,001	0,0102
15.01.2026 17:36:50	79,800	0,020	0,1977	0,002	0,0164
15.01.2026 17:36:50	79,850	0,048	0,4829	0,001	0,0114
15.01.2026 17:36:50	79,900	0,090	0,9009	0,002	0,0182
15.01.2026 17:36:50	79,950	0,142	1,4165	0,001	0,0117
15.01.2026 17:36:51	80,000	0,176	1,7640	0,002	0,0215
15.01.2026 17:36:51	80,050	0,205	2,0512	0,001	0,0100
15.01.2026 17:36:51	80,100	0,235	2,3478	0,002	0,0198
15.01.2026 17:36:51	80,150	0,275	2,7451	0,001	0,0123
15.01.2026 17:36:51	80,200	0,320	3,1977	0,002	0,0201
15.01.2026 17:36:51	80,250	0,352	3,5184	0,001	0,0116
15.01.2026 17:36:51	80,300	0,376	3,7621	0,002	0,0216
15.01.2026 17:36:51	80,350	0,395	3,9470	0,001	0,0140
15.01.2026 17:36:51	80,400	0,415	4,1486	0,002	0,0208
15.01.2026 17:36:51	80,450	0,447	4,4667	0,001	0,0134
15.01.2026 17:36:51	80,500	0,473	4,7328	0,002	0,0233
15.01.2026 17:36:51	80,550	0,503	5,0273	0,001	0,0118
15.01.2026 17:36:51	80,600	0,532	5,3232	0,002	0,0208
15.01.2026 17:36:51	80,650	0,564	5,6382	0,001	0,0122
15.01.2026 17:36:51	80,700	0,597	5,9721	0,002	0,0201
15.01.2026 17:36:51	80,750	0,653	6,5298	0,001	0,0133
15.01.2026 17:36:51	80,800	0,705	7,0505	0,002	0,0191
15.01.2026 17:36:51	80,850	0,730	7,2954	0,001	0,0113
15.01.2026 17:36:51	80,900	0,739	7,3919	0,002	0,0188
15.01.2026 17:36:51	80,950	0,749	7,4861	0,001	0,0123
15.01.2026 17:36:52	81,000	0,743	7,4274	0,002	0,0193
15.01.2026 17:36:52	81,050	0,741	7,4113	0,001	0,0149
15.01.2026 17:36:52	81,100	0,741	7,4088	0,002	0,0206
15.01.2026 17:36:52	81,150	0,741	7,4078	0,001	0,0116
15.01.2026 17:36:52	81,200	0,741	7,4095	0,002	0,0217
15.01.2026 17:36:52	81,250	0,741	7,4093	0,001	0,0136
15.01.2026 17:36:52	81,300	0,741	7,4080	0,002	0,0201
15.01.2026 17:36:52	81,350	0,741	7,4111	0,001	0,0130
15.01.2026 17:36:52	81,400	0,751	7,5112	0,002	0,0168
15.01.2026 17:36:52	81,450	0,764	7,6358	0,001	0,0136
15.01.2026 17:36:52	81,500	0,778	7,7801	0,002	0,0232
15.01.2026 17:36:52	81,550	0,802	8,0166	0,002	0,0152
15.01.2026 17:36:52	81,600	0,828	8,2796	0,002	0,0240
15.01.2026 17:36:52	81,650	0,853	8,5331	0,001	0,0138
15.01.2026 17:36:52	81,700	0,882	8,8245	0,002	0,0244
15.01.2026 17:36:52	81,750	0,924	9,2404	0,001	0,0147
15.01.2026 17:36:52	81,800	0,964	9,6423	0,002	0,0221
15.01.2026 17:36:52	81,850	0,998	9,9839	0,001	0,0135
15.01.2026 17:36:52	81,900	1,034	10,3428	0,002	0,0231
15.01.2026 17:36:52	81,950	1,050	10,5010	0,001	0,0112
15.01.2026 17:36:53	82,000	1,072	10,7239	0,002	0,0245
15.01.2026 17:36:53	82,050	1,100	10,9983	0,002	0,0168
15.01.2026 17:36:53	82,100	1,113	11,1334	0,002	0,0219
15.01.2026 17:36:53	82,150	1,125	11,2527	0,001	0,0115
15.01.2026 17:36:53	82,200	1,137	11,3688	0,002	0,0224
15.01.2026 17:36:53	82,250	1,153	11,5339	0,002	0,0157
15.01.2026 17:36:53	82,300	1,178	11,7760	0,002	0,0200
15.01.2026 17:36:53	82,350	1,197	11,9730	0,002	0,0155
15.01.2026 17:36:53	82,400	1,225	12,2488	0,002	0,0236
15.01.2026 17:36:53	82,450	1,233	12,3301	0,001	0,0128
15.01.2026 17:36:53	82,500	1,242	12,4212	0,002	0,0217
15.01.2026 17:36:53	82,550	1,264	12,6419	0,002	0,0160
15.01.2026 17:36:53	82,600	1,278	12,7753	0,002	0,0195
15.01.2026 17:36:53	82,650	1,293	12,9308	0,001	0,0150
15.01.2026 17:36:53	82,700	1,313	13,1306	0,002	0,0236
15.01.2026 17:36:53	82,750	1,327	13,2720	0,002	0,0161
15.01.2026 17:36:53	82,800	1,341	13,4117	0,002	0,0231
15.01.2026 17:36:53	82,850	1,361	13,6127	0,002	0,0164
15.01.2026 17:36:53	82,900	1,386	13,8564	0,002	0,0234
15.01.2026 17:36:53	82,950	1,409	14,0913	0,002	0,0156
15.01.2026 17:36:54	83,000	1,435	14,3526	0,002	0,0245
15.01.2026 17:36:54	83,050	1,463	14,6307	0,001	0,0135
15.01.2026 17:36:54	83,100	1,486	14,8569	0,002	0,0212
15.01.2026 17:36:54	83,150	1,508	15,0845	0,001	0,0134
15.01.2026 17:36:54	83,200	1,540	15,4036	0,002	0,0243
15.01.2026 17:36:54	83,250	1,565	15,6519	0,002	0,0168
15.01.2026 17:36:54	83,300	1,606	16,0569	0,003	0,0255
15.01.2026 17:36:54	83,350	1,654	16,5358	0,002	0,0179
15.01.2026 17:36:54	83,400	1,705	17,0514	0,003	0,0270
15.01.2026 17:36:54	83,450	1,765	17,6501	0,002	0,0169
15.01.2026 17:36:54	83,500	1,806	18,0600	0,003	0,0272
15.01.2026 17:36:54	83,550	1,820	18,2041	0,001	0,0145
15.01.2026 17:36:54	83,600	1,840	18,4018	0,003	0,0261
15.01.2026 17:36:54	83,650	1,858	18,5766	0,002	0,0177
15.01.2026 17:36:54	83,700	1,869	18,6938	0,002	0,0223
15.01.2026 17:36:54	83,750	1,870	18,7021	0,001	0,0137
15.01.2026 17:36:54	83,800	1,870	18,7012	0,002	0,0228
15.01.2026 17:36:54	83,850	1,870	18,7017	0,002	0,0163
15.01.2026 17:36:54	83,900	1,870	18,7012	0,003	0,0250
15.01.2026 17:36:54	83,950	1,870	18,7021	0,002	0,0185
15.01.2026 17:36:55	84,000	1,871	18,7076	0,002	0,0244
15.01.2026 17:36:55	84,050	1,876	18,7603	0,001	0,0146
15.01.2026 17:36:55	84,100	1,914	19,1442	0,002	0,0209
15.01.2026 17:36:55	84,150	1,967	19,6736	0,002	0,0164
15.01.2026 17:36:55	84,200	2,008	20,0772	0,003	0,0274
15.01.2026 17:36:55	84,250	2,045	20,4490	0,002	0,0157
15.01.2026 17:36:55	84,300	2,078	20,7767	0,002	0,0228
15.01.2026 17:36:55	84,350	2,107	21,0719	0,001	0,0143
15.01.2026 17:36:55	84,400	2,130	21,3030	0,002	0,0242
15.01.2026 17:36:55	84,450	2,143	21,4340	0,002	0,0172
15.01.2026 17:36:55	84,500	2,162	21,6155	0,002	0,0248
15.01.2026 17:36:55	84,550	2,201	22,0129	0,002	0,0172
15.01.2026 17:36:55	84,600	2,240	22,3959	0,002	0,0229
15.01.2026 17:36:55	84,650	2,277	22,7745	0,002	0,0152
15.01.2026 17:36:55	84,700	2,306	23,0647	0,003	0,0282
15.01.2026 17:36:55	84,750	2,329	23,2887	0,002	0,0189
15.01.2026 17:36:55	84,800	2,348	23,4785	0,003	0,0261
15.01.2026 17:36:55	84,850	2,368	23,6780	0,002	0,0168
15.01.2026 17:36:55	84,900	2,385	23,8473	0,003	0,0263
15.01.2026 17:36:55	84,950	2,401	24,0092	0,002	0,0171
15.01.2026 17:36:56	85,000	2,420	24,1957	0,002	0,0197
15.01.2026 17:36:56	85,050	2,434	24,3447	0,002	0,0166
15.01.2026 17:36:56	85,100	2,449	24,4877	0,003	0,0259
15.01.2026 17:36:56	85,150	2,465	24,6451	0,002	0,0203
15.01.2026 17:36:56	85,200	2,476	24,7626	0,003	0,0266
15.01.2026 17:36:56	85,250	2,494	24,9407	0,002	0,0179
15.01.2026 17:36:56	85,300	2,513	25,1275	0,003	0,0258
15.01.2026 17:36:56	85,350	2,513	25,1323	0,002	0,0164
15.01.2026 17:36:56	85,400	2,513	25,1303	0,002	0,0241
15.01.2026 17:36:56	85,450	2,513	25,1275	0,001	0,0146
15.01.2026 17:36:56	85,500	2,513	25,1295	0,003	0,0259
15.01.2026 17:36:56	85,550	2,512	25,1236	0,001	0,0125
15.01.2026 17:36:56	85,600	2,484	24,8384	0,003	0,0252
15.01.2026 17:36:56	85,650	2,480	24,8018	0,002	0,0171
15.01.2026 17:36:56	85,700	2,483	24,8289	0,002	0,0225
15.01.2026 17:36:56	85,750	2,509	25,0879	0,002	0,0161
15.01.2026 17:36:56	85,800	2,544	25,4404	0,003	0,0258
15.01.2026 17:36:56	85,850	2,570	25,6955	0,002	0,0214
15.01.2026 17:36:56	85,900	2,588	25,8786	0,003	0,0262
15.01.2026 17:36:56	85,950	2,614	26,1372	0,002	0,0181
15.01.2026 17:36:57	86,000	2,634	26,3435	0,002	0,0231
15.01.2026 17:36:57	86,050	2,650	26,4997	0,002	0,0156
15.01.2026 17:36:57	86,100	2,683	26,8330	0,003	0,0286
15.01.2026 17:36:57	86,150	2,699	26,9896	0,002	0,0192
15.01.2026 17:36:57	86,200	2,713	27,1263	0,003	0,0261
15.01.2026 17:36:57	86,250	2,733	27,3304	0,002	0,0180
15.01.2026 17:36:57	86,300	2,753	27,5336	0,003	0,0280
15.01.2026 17:36:57	86,350	2,776	27,7594	0,002	0,0181
15.01.2026 17:36:57	86,400	2,801	28,0149	0,002	0,0248
15.01.2026 17:36:57	86,450	2,833	28,3349	0,002	0,0203
15.01.2026 17:36:57	86,500	2,857	28,5651	0,003	0,0268
15.01.2026 17:36:57	86,550	2,870	28,6997	0,002	0,0189
15.01.2026 17:36:57	86,600	2,885	28,8545	0,003	0,0256
15.01.2026 17:36:57	86,650	2,898	28,9804	0,002	0,0190
15.01.2026 17:36:57	86,700	2,908	29,0767	0,003	0,0288
15.01.2026 17:36:57	86,750	2,924	29,2418	0,002	0,0192
15.01.2026 17:36:57	86,800	2,931	29,3121	0,003	0,0281
15.01.2026 17:36:57	86,850	2,938	29,3839	0,002	0,0185
15.01.2026 17:36:57	86,900	2,948	29,4809	0,003	0,0258
15.01.2026 17:36:57	86,950	2,954	29,5389	0,002	0,0215
15.01.2026 17:36:58	87,000	2,979	29,7884	0,003	0,0271
15.01.2026 17:36:58	87,050	3,021	30,2117	0,002	0,0203
15.01.2026 17:36:58	87,100	3,036	30,3607	0,003	0,0256
15.01.2026 17:36:58	87,150	3,065	30,6495	0,002	0,0196
15.01.2026 17:36:58	87,200	3,080	30,8042	0,003	0,0252
15.01.2026 17:36:58	87,250	3,113	31,1251	0,002	0,0205
15.01.2026 17:36:58	87,300	3,152	31,5214	0,003	0,0252
15.01.2026 17:36:58	87,350	3,195	31,9532	0,002	0,0176
15.01.2026 17:36:58	87,400	3,229	32,2936	0,003	0,0251
15.01.2026 17:36:58	87,450	3,231	32,3143	0,002	0,0181
15.01.2026 17:36:58	87,500	3,231	32,3075	0,003	0,0289
15.01.2026 17:36:58	87,550	3,230	32,3034	0,002	0,0178
15.01.2026 17:36:58	87,600	3,231	32,3064	0,003	0,0262
15.01.2026 17:36:58	87,650	3,233	32,3294	0,002	0,0193
15.01.2026 17:36:58	87,700	3,233	32,3305	0,003	0,0280
15.01.2026 17:36:58	87,750	3,235	32,3501	0,002	0,0190
15.01.2026 17:36:58	87,800	3,257	32,5677	0,003	0,0265
15.01.2026 17:36:58	87,850	3,293	32,9294	0,002	0,0195
15.01.2026 17:36:58	87,900	3,339	33,3872	0,003	0,0279
15.01.2026 17:36:58	87,950	3,386	33,8566	0,002	0,0188
15.01.2026 17:36:59	88,000	3,396	33,9638	0,003	0,0284
15.01.2026 17:36:59	88,050	3,423	34,2259	0,002	0,0210
15.01.2026 17:36:59	88,100	3,475	34,7497	0,003	0,0288
15.01.2026 17:36:59	88,150	3,522	35,2156	0,002	0,0181
15.01.2026 17:36:59	88,200	3,535	35,3548	0,003	0,0273
15.01.2026 17:36:59	88,250	3,563	35,6251	0,002	0,0220
15.01.2026 17:36:59	88,300	3,568	35,6784	0,003	0,0288
15.01.2026 17:36:59	88,350	3,596	35,9606	0,002	0,0198
15.01.2026 17:36:59	88,400	3,627	36,2723	0,003	0,0302
15.01.2026 17:36:59	88,450	3,649	36,4901	0,002	0,0220
15.01.2026 17:36:59	88,500	3,669	36,6939	0,003	0,0280
15.01.2026 17:36:59	88,550	3,689	36,8943	0,002	0,0228
15.01.2026 17:36:59	88,600	3,710	37,1000	0,003	0,0282
15.01.2026 17:36:59	88,650	3,734	37,3406	0,002	0,0212
15.01.2026 17:36:59	88,700	3,765	37,6486	0,003	0,0283
15.01.2026 17:36:59	88,750	3,795	37,9532	0,002	0,0194
15.01.2026 17:36:59	88,800	3,820	38,2042	0,003	0,0268
15.01.2026 17:36:59	88,850	3,856	38,5613	0,002	0,0207
15.01.2026 17:36:59	88,900	3,890	38,8973	0,003	0,0276
15.01.2026 17:36:59	88,950	3,914	39,1399	0,002	0,0195
15.01.2026 17:37:00	89,000	3,942	39,4240	0,003	0,0273
15.01.2026 17:37:00	89,050	3,965	39,6502	0,002	0,0198
15.01.2026 17:37:00	89,100	3,993	39,9338	0,003	0,0310
15.01.2026 17:37:00	89,150	4,023	40,2320	0,002	0,0237
15.01.2026 17:37:00	89,200	4,052	40,5248	0,003	0,0307
15.01.2026 17:37:00	89,250	4,078	40,7812	0,002	0,0213
15.01.2026 17:37:00	89,300	4,097	40,9678	0,003	0,0292
15.01.2026 17:37:00	89,350	4,109	41,0890	0,002	0,0182
15.01.2026 17:37:00	89,400	4,123	41,2328	0,003	0,0299
15.01.2026 17:37:00	89,450	4,124	41,2438	0,002	0,0229
15.01.2026 17:37:00	89,500	4,121	41,2051	0,003	0,0286
15.01.2026 17:37:00	89,550	4,121	41,2065	0,002	0,0222
15.01.2026 17:37:00	89,600	4,120	41,2030	0,003	0,0259
15.01.2026 17:37:00	89,650	4,121	41,2089	0,002	0,0227
15.01.2026 17:37:00	89,700	4,123	41,2328	0,003	0,0310
15.01.2026 17:37:00	89,750	4,128	41,2810	0,002	0,0204
15.01.2026 17:37:00	89,800	4,159	41,5922	0,003	0,0284
15.01.2026 17:37:00	89,850	4,182	41,8171	0,002	0,0218
15.01.2026 17:37:00	89,900	4,216	42,1646	0,003	0,0299
15.01.2026 17:37:00	89,950	4,250	42,4971	0,002	0,0212
15.01.2026 17:37:01	90,000	4,309	43,0914	0,003	0,0287
15.01.2026 17:37:01	90,050	4,351	43,5142	0,002	0,0235
15.01.2026 17:37:01	90,100	4,391	43,9150	0,003	0,0309
15.01.2026 17:37:01	90,150	4,434	44,3400	0,002	0,0235
15.01.2026 17:37:01	90,200	4,470	44,7040	0,003	0,0331
15.01.2026 17:37:01	90,250	4,489	44,8944	0,002	0,0218
15.01.2026 17:37:01	90,300	4,501	45,0061	0,003	0,0306
15.01.2026 17:37:01	90,350	4,520	45,2042	0,002	0,0214
15.01.2026 17:37:01	90,400	4,540	45,4014	0,003	0,0278
15.01.2026 17:37:01	90,450	4,559	45,5907	0,002	0,0213
15.01.2026 17:37:01	90,500	4,575	45,7488	0,003	0,0309
15.01.2026 17:37:01	90,550	4,590	45,9003	0,002	0,0238
15.01.2026 17:37:01	90,600	4,622	46,2235	0,003	0,0325
15.01.2026 17:37:01	90,650	4,645	46,4542	0,003	0,0253
15.01.2026 17:37:01	90,700	4,672	46,7247	0,003	0,0326
15.01.2026 17:37:01	90,750	4,695	46,9452	0,002	0,0248
15.01.2026 17:37:01	90,800	4,717	47,1731	0,003	0,0309
15.01.2026 17:37:01	90,850	4,736	47,3624	0,002	0,0218
15.01.2026 17:37:01	90,900	4,752	47,5246	0,003	0,0308
15.01.2026 17:37:01	90,950	4,778	47,7826	0,003	0,0251
15.01.2026 17:37:02	91,000	4,822	48,2239	0,003	0,0334
15.01.2026 17:37:02	91,050	4,856	48,5566	0,002	0,0242
15.01.2026 17:37:02	91,100	4,862	48,6188	0,003	0,0333
15.01.2026 17:37:02	91,150	4,887	48,8685	0,002	0,0243
15.01.2026 17:37:02	91,200	4,902	49,0233	0,003	0,0324
15.01.2026 17:37:02	91,250	4,925	49,2457	0,003	0,0251
15.01.2026 17:37:02	91,300	4,942	49,4205	0,003	0,0311
15.01.2026 17:37:02	91,350	4,973	49,7317	0,003	0,0256
15.01.2026 17:37:02	91,400	5,003	50,0335	0,003	0,0337
15.01.2026 17:37:02	91,450	5,052	50,5225	0,002	0,0240
15.01.2026 17:37:02	91,500	5,114	51,1448	0,003	0,0308
15.01.2026 17:37:02	91,550	5,157	51,5715	0,002	0,0237
15.01.2026 17:37:02	91,600	5,151	51,5124	0,003	0,0343
15.01.2026 17:37:02	91,650	5,150	51,5000	0,002	0,0244
15.01.2026 17:37:02	91,700	5,150	51,4987	0,003	0,0320
15.01.2026 17:37:02	91,750	5,150	51,4998	0,002	0,0244
15.01.2026 17:37:02	91,800	5,150	51,5004	0,003	0,0327
15.01.2026 17:37:02	91,850	5,150	51,4971	0,002	0,0214
15.01.2026 17:37:02	91,900	5,150	51,4989	0,003	0,0306
15.01.2026 17:37:02	91,950	5,150	51,5025	0,002	0,0246
15.01.2026 17:37:03	92,000	5,158	51,5759	0,003	0,0320
15.01.2026 17:37:03	92,050	5,185	51,8513	0,002	0,0241
15.01.2026 17:37:03	92,100	5,224	52,2433	0,003	0,0312
15.01.2026 17:37:03	92,150	5,258	52,5780	0,002	0,0238
15.01.2026 17:37:03	92,200	5,289	52,8876	0,003	0,0309
15.01.2026 17:37:03	92,250	5,309	53,0945	0,003	0,0255
15.01.2026 17:37:03	92,300	5,332	53,3249	0,003	0,0323
15.01.2026 17:37:03	92,350	5,361	53,6077	0,002	0,0246
15.01.2026 17:37:03	92,400	5,374	53,7415	0,003	0,0303
15.01.2026 17:37:03	92,450	5,391	53,9077	0,002	0,0245
15.01.2026 17:37:03	92,500	5,411	54,1121	0,003	0,0333
15.01.2026 17:37:03	92,550	5,420	54,2032	0,003	0,0260
15.01.2026 17:37:03	92,600	5,445	54,4468	0,003	0,0317
15.01.2026 17:37:03	92,650	5,474	54,7423	0,002	0,0243
15.01.2026 17:37:03	92,700	5,498	54,9809	0,004	0,0353
15.01.2026 17:37:03	92,750	5,510	55,1050	0,002	0,0236
15.01.2026 17:37:03	92,800	5,523	55,2302	0,003	0,0333
15.01.2026 17:37:03	92,850	5,549	55,4879	0,003	0,0300
15.01.2026 17:37:03	92,900	5,569	55,6894	0,003	0,0341
15.01.2026 17:37:03	92,950	5,601	56,0078	0,002	0,0231
15.01.2026 17:37:04	93,000	5,633	56,3347	0,003	0,0330
15.01.2026 17:37:04	93,050	5,651	56,5074	0,002	0,0244
15.01.2026 17:37:04	93,100	5,670	56,7033	0,003	0,0325
15.01.2026 17:37:04	93,150	5,690	56,8994	0,003	0,0265
15.01.2026 17:37:04	93,200	5,711	57,1114	0,003	0,0333
15.01.2026 17:37:04	93,250	5,729	57,2879	0,002	0,0239
15.01.2026 17:37:04	93,300	5,763	57,6255	0,003	0,0339
15.01.2026 17:37:04	93,350	5,794	57,9359	0,003	0,0269
15.01.2026 17:37:04	93,400	5,824	58,2380	0,004	0,0360
15.01.2026 17:37:04	93,450	5,841	58,4106	0,002	0,0243
15.01.2026 17:37:04	93,500	5,851	58,5138	0,003	0,0348
15.01.2026 17:37:04	93,550	5,884	58,8430	0,003	0,0250
15.01.2026 17:37:04	93,600	5,893	58,9327	0,004	0,0356
15.01.2026 17:37:04	93,650	5,920	59,1951	0,003	0,0272
15.01.2026 17:37:04	93,700	5,947	59,4736	0,003	0,0341
15.01.2026 17:37:04	93,750	5,975	59,7456	0,002	0,0248
15.01.2026 17:37:04	93,800	6,007	60,0666	0,004	0,0364
15.01.2026 17:37:04	93,850	6,054	60,5419	0,002	0,0245
15.01.2026 17:37:04	93,900	6,095	60,9478	0,003	0,0339
15.01.2026 17:37:04	93,950	6,130	61,2997	0,003	0,0265
15.01.2026 17:37:05	94,000	6,155	61,5505	0,004	0,0372
15.01.2026 17:37:05	94,050	6,194	61,9423	0,002	0,0245
15.01.2026 17:37:05	94,100	6,229	62,2893	0,003	0,0339
15.01.2026 17:37:05	94,150	6,244	62,4445	0,003	0,0261
15.01.2026 17:37:05	94,200	6,269	62,6854	0,003	0,0349
15.01.2026 17:37:05	94,250	6,291	62,9060	0,003	0,0280
15.01.2026 17:37:05	94,300	6,327	63,2743	0,003	0,0304
15.01.2026 17:37:05	94,350	6,384	63,8414	0,003	0,0262
15.01.2026 17:37:05	94,400	6,404	64,0379	0,003	0,0318
15.01.2026 17:37:05	94,450	6,446	64,4649	0,003	0,0269
15.01.2026 17:37:05	94,500	6,460	64,6034	0,003	0,0338
15.01.2026 17:37:05	94,550	6,489	64,8934	0,003	0,0284
15.01.2026 17:37:05	94,600	6,509	65,0938	0,004	0,0357
15.01.2026 17:37:05	94,650	6,535	65,3492	0,003	0,0268
15.01.2026 17:37:05	94,700	6,587	65,8681	0,004	0,0384
15.01.2026 17:37:05	94,750	6,621	66,2104	0,003	0,0261
15.01.2026 17:37:05	94,800	6,646	66,4599	0,004	0,0370
15.01.2026 17:37:05	94,850	6,679	66,7860	0,003	0,0274
15.01.2026 17:37:05	94,900	6,685	66,8469	0,003	0,0344
15.01.2026 17:37:05	94,950	6,685	66,8503	0,003	0,0298
15.01.2026 17:37:06	95,000	6,685	66,8475	0,004	0,0357
15.01.2026 17:37:06	95,050	6,685	66,8506	0,003	0,0303
15.01.2026 17:37:06	95,100	6,685	66,8478	0,004	0,0360
15.01.2026 17:37:06	95,150	6,685	66,8483	0,003	0,0275
15.01.2026 17:37:06	95,200	6,685	66,8497	0,004	0,0376
15.01.2026 17:37:06	95,250	6,706	67,0633	0,003	0,0296
15.01.2026 17:37:06	95,300	6,770	67,7042	0,004	0,0389
15.01.2026 17:37:06	95,350	6,832	68,3195	0,003	0,0309
15.01.2026 17:37:06	95,400	6,871	68,7095	0,004	0,0367
15.01.2026 17:37:06	95,450	6,897	68,9680	0,003	0,0274
15.01.2026 17:37:06	95,500	6,914	69,1383	0,004	0,0392
15.01.2026 17:37:06	95,550	6,934	69,3393	0,003	0,0295
15.01.2026 17:37:06	95,600	6,947	69,4700	0,004	0,0426
15.01.2026 17:37:06	95,650	6,964	69,6413	0,003	0,0284
15.01.2026 17:37:06	95,700	6,972	69,7242	0,004	0,0385
15.01.2026 17:37:06	95,750	6,976	69,7559	0,003	0,0293
15.01.2026 17:37:06	95,800	6,976	69,7556	0,004	0,0377
15.01.2026 17:37:06	95,850	6,976	69,7552	0,003	0,0287
15.01.2026 17:37:06	95,900	6,981	69,8117	0,004	0,0380
15.01.2026 17:37:06	95,950	6,998	69,9841	0,003	0,0272
15.01.2026 17:37:07	96,000	7,015	70,1453	0,004	0,0375
15.01.2026 17:37:07	96,050	7,022	70,2175	0,003	0,0265
15.01.2026 17:37:07	96,100	7,025	70,2545	0,004	0,0363
15.01.2026 17:37:07	96,150	7,029	70,2857	0,003	0,0284
15.01.2026 17:37:07	96,200	7,031	70,3125	0,004	0,0380
15.01.2026 17:37:07	96,250	7,032	70,3194	0,003	0,0300
15.01.2026 17:37:07	96,300	7,033	70,3264	0,004	0,0366
15.01.2026 17:37:07	96,350	7,033	70,3297	0,003	0,0313
15.01.2026 17:37:07	96,400	7,034	70,3356	0,004	0,0395
15.01.2026 17:37:07	96,450	7,033	70,3312	0,003	0,0296
15.01.2026 17:37:07	96,500	7,034	70,3367	0,004	0,0371
15.01.2026 17:37:07	96,550	7,033	70,3343	0,003	0,0296
15.01.2026 17:37:07	96,600	7,034	70,3373	0,004	0,0363
15.01.2026 17:37:07	96,650	7,033	70,3336	0,003	0,0276
15.01.2026 17:37:07	96,700	7,034	70,3410	0,004	0,0371
15.01.2026 17:37:07	96,750	7,034	70,3381	0,003	0,0303
15.01.2026 17:37:07	96,800	7,034	70,3409	0,004	0,0369
15.01.2026 17:37:07	96,850	7,034	70,3361	0,003	0,0276
15.01.2026 17:37:07	96,900	7,034	70,3434	0,004	0,0389
15.01.2026 17:37:07	96,950	7,034	70,3373	0,003	0,0273
15.01.2026 17:37:08	97,000	7,035	70,3462	0,004	0,0382
15.01.2026 17:37:08	97,050	7,034	70,3406	0,003	0,0301
15.01.2026 17:37:08	97,100	7,034	70,3445	0,004	0,0363
15.01.2026 17:37:08	97,150	7,034	70,3395	0,003	0,0273
15.01.2026 17:37:08	97,200	7,035	70,3464	0,004	0,0369
15.01.2026 17:37:08	97,250	7,035	70,3451	0,003	0,0315
15.01.2026 17:37:08	97,300	7,034	70,3450	0,003	0,0346
15.01.2026 17:37:08	97,350	7,034	70,3422	0,003	0,0286
15.01.2026 17:37:08	97,400	7,035	70,3515	0,004	0,0394
