Datum und Zeit Messreihe #1	Zeit (s) Messreihe #1	Spannung, Ch A (V) Messreihe #1	Stromsonde (PS-2184), Ch A (A) Messreihe #1	Spannung, Ch B (V) Messreihe #1	Stromsonde (PS-2184), Ch B (A) Messreihe #1
15.01.2026 15:06:00	0,000	-0,040	-0,3969	0,040	0,3980
15.01.2026 15:06:00	0,050	-0,040	-0,3978	0,039	0,3950
15.01.2026 15:06:00	0,100	-0,040	-0,3989	0,040	0,3966
15.01.2026 15:06:00	0,150	-0,040	-0,3966	0,040	0,3968
15.01.2026 15:06:00	0,200	-0,040	-0,3970	0,040	0,3970
15.01.2026 15:06:00	0,250	-0,039	-0,3939	0,040	0,3996
15.01.2026 15:06:00	0,300	-0,040	-0,3961	0,040	0,3992
15.01.2026 15:06:00	0,350	-0,040	-0,3976	0,040	0,3961
15.01.2026 15:06:00	0,400	-0,040	-0,3965	0,040	0,3970
15.01.2026 15:06:00	0,450	-0,040	-0,3992	0,039	0,3936
15.01.2026 15:06:00	0,500	-0,040	-0,4001	0,039	0,3944
15.01.2026 15:06:00	0,550	-0,040	-0,3971	0,040	0,3962
15.01.2026 15:06:00	0,600	-0,040	-0,3983	0,040	0,3974
15.01.2026 15:06:00	0,650	-0,040	-0,3975	0,040	0,3952
15.01.2026 15:06:00	0,700	-0,040	-0,3990	0,040	0,3957
15.01.2026 15:06:00	0,750	-0,039	-0,3936	0,040	0,3992
15.01.2026 15:06:00	0,800	-0,040	-0,3969	0,040	0,3978
15.01.2026 15:06:00	0,850	-0,040	-0,3951	0,040	0,3967
15.01.2026 15:06:00	0,900	-0,039	-0,3944	0,040	0,4006
15.01.2026 15:06:00	0,950	-0,040	-0,3971	0,039	0,3938
15.01.2026 15:06:01	1,000	-0,039	-0,3948	0,040	0,3991
15.01.2026 15:06:01	1,050	-0,040	-0,3954	0,040	0,3955
15.01.2026 15:06:01	1,100	-0,040	-0,3967	0,040	0,3969
15.01.2026 15:06:01	1,150	-0,039	-0,3947	0,040	0,3966
15.01.2026 15:06:01	1,200	-0,040	-0,3968	0,040	0,3971
15.01.2026 15:06:01	1,250	-0,039	-0,3937	0,040	0,3967
15.01.2026 15:06:01	1,300	-0,040	-0,3961	0,040	0,3974
15.01.2026 15:06:01	1,350	-0,039	-0,3943	0,040	0,3962
15.01.2026 15:06:01	1,400	-0,040	-0,3967	0,040	0,3960
15.01.2026 15:06:01	1,450	-0,039	-0,3926	0,040	0,3968
15.01.2026 15:06:01	1,500	-0,040	-0,3960	0,040	0,3968
15.01.2026 15:06:01	1,550	-0,039	-0,3932	0,040	0,3970
15.01.2026 15:06:01	1,600	-0,039	-0,3933	0,040	0,3984
15.01.2026 15:06:01	1,650	-0,039	-0,3925	0,040	0,3974
15.01.2026 15:06:01	1,700	-0,039	-0,3911	0,040	0,4009
15.01.2026 15:06:01	1,750	-0,039	-0,3940	0,040	0,3954
15.01.2026 15:06:01	1,800	-0,039	-0,3928	0,040	0,3986
15.01.2026 15:06:01	1,850	-0,039	-0,3928	0,040	0,3963
15.01.2026 15:06:01	1,900	-0,040	-0,3954	0,040	0,3970
15.01.2026 15:06:01	1,950	-0,040	-0,3963	0,039	0,3936
15.01.2026 15:06:02	2,000	-0,039	-0,3925	0,040	0,4009
15.01.2026 15:06:02	2,050	-0,039	-0,3934	0,040	0,3967
15.01.2026 15:06:02	2,100	-0,039	-0,3927	0,040	0,3983
15.01.2026 15:06:02	2,150	-0,040	-0,3964	0,039	0,3939
15.01.2026 15:06:02	2,200	-0,043	-0,4328	0,040	0,3979
15.01.2026 15:06:02	2,250	-0,051	-0,5054	0,040	0,3975
15.01.2026 15:06:02	2,300	-0,057	-0,5736	0,040	0,3982
15.01.2026 15:06:02	2,350	-0,061	-0,6059	0,040	0,3966
15.01.2026 15:06:02	2,400	-0,062	-0,6189	0,040	0,4003
15.01.2026 15:06:02	2,450	-0,063	-0,6298	0,039	0,3944
15.01.2026 15:06:02	2,500	-0,063	-0,6283	0,040	0,3993
15.01.2026 15:06:02	2,550	-0,063	-0,6319	0,039	0,3940
15.01.2026 15:06:02	2,600	-0,060	-0,5970	0,040	0,3968
15.01.2026 15:06:02	2,650	-0,057	-0,5689	0,040	0,3965
15.01.2026 15:06:02	2,700	-0,055	-0,5548	0,040	0,3986
15.01.2026 15:06:02	2,750	-0,053	-0,5306	0,039	0,3947
15.01.2026 15:06:02	2,800	-0,045	-0,4517	0,040	0,4000
15.01.2026 15:06:02	2,850	-0,036	-0,3589	0,040	0,3971
15.01.2026 15:06:02	2,900	-0,027	-0,2745	0,040	0,4014
15.01.2026 15:06:02	2,950	-0,019	-0,1863	0,040	0,3964
15.01.2026 15:06:03	3,000	-0,011	-0,1149	0,040	0,4013
15.01.2026 15:06:03	3,050	-0,001	-0,0111	0,040	0,3952
15.01.2026 15:06:03	3,100	0,011	0,1066	0,040	0,3952
15.01.2026 15:06:03	3,150	0,025	0,2468	0,039	0,3941
15.01.2026 15:06:03	3,200	0,038	0,3850	0,040	0,3960
15.01.2026 15:06:03	3,250	0,051	0,5090	0,040	0,3966
15.01.2026 15:06:03	3,300	0,063	0,6303	0,040	0,3952
15.01.2026 15:06:03	3,350	0,077	0,7669	0,039	0,3931
15.01.2026 15:06:03	3,400	0,085	0,8523	0,040	0,3960
15.01.2026 15:06:03	3,450	0,097	0,9745	0,039	0,3935
15.01.2026 15:06:03	3,500	0,111	1,1102	0,040	0,3972
15.01.2026 15:06:03	3,550	0,119	1,1935	0,039	0,3936
15.01.2026 15:06:03	3,600	0,124	1,2406	0,040	0,3966
15.01.2026 15:06:03	3,650	0,134	1,3360	0,040	0,3966
15.01.2026 15:06:03	3,700	0,139	1,3879	0,040	0,3971
15.01.2026 15:06:03	3,750	0,142	1,4219	0,039	0,3918
15.01.2026 15:06:03	3,800	0,147	1,4742	0,040	0,4000
15.01.2026 15:06:03	3,850	0,155	1,5483	0,039	0,3946
15.01.2026 15:06:03	3,900	0,165	1,6549	0,040	0,4024
15.01.2026 15:06:03	3,950	0,177	1,7686	0,039	0,3927
15.01.2026 15:06:04	4,000	0,188	1,8751	0,040	0,3962
15.01.2026 15:06:04	4,050	0,194	1,9358	0,039	0,3925
15.01.2026 15:06:04	4,100	0,202	2,0201	0,040	0,4009
15.01.2026 15:06:04	4,150	0,213	2,1335	0,039	0,3946
15.01.2026 15:06:04	4,200	0,226	2,2596	0,040	0,4007
15.01.2026 15:06:04	4,250	0,240	2,4001	0,039	0,3947
15.01.2026 15:06:04	4,300	0,254	2,5409	0,040	0,3990
15.01.2026 15:06:04	4,350	0,268	2,6798	0,040	0,3952
15.01.2026 15:06:04	4,400	0,279	2,7934	0,040	0,3968
15.01.2026 15:06:04	4,450	0,292	2,9200	0,040	0,3969
15.01.2026 15:06:04	4,500	0,306	3,0650	0,040	0,3992
15.01.2026 15:06:04	4,550	0,322	3,2197	0,039	0,3949
15.01.2026 15:06:04	4,600	0,331	3,3109	0,040	0,3962
15.01.2026 15:06:04	4,650	0,343	3,4257	0,039	0,3940
15.01.2026 15:06:04	4,700	0,349	3,4945	0,040	0,4007
15.01.2026 15:06:04	4,750	0,353	3,5269	0,039	0,3921
15.01.2026 15:06:04	4,800	0,360	3,6022	0,040	0,3963
15.01.2026 15:06:04	4,850	0,367	3,6683	0,039	0,3895
15.01.2026 15:06:04	4,900	0,374	3,7429	0,040	0,4011
15.01.2026 15:06:04	4,950	0,385	3,8487	0,039	0,3934
15.01.2026 15:06:05	5,000	0,397	3,9664	0,040	0,4009
15.01.2026 15:06:05	5,050	0,403	4,0279	0,039	0,3925
15.01.2026 15:06:05	5,100	0,408	4,0841	0,040	0,3951
15.01.2026 15:06:05	5,150	0,417	4,1723	0,039	0,3925
15.01.2026 15:06:05	5,200	0,424	4,2382	0,040	0,3969
15.01.2026 15:06:05	5,250	0,435	4,3459	0,039	0,3945
15.01.2026 15:06:05	5,300	0,447	4,4699	0,040	0,4006
15.01.2026 15:06:05	5,350	0,454	4,5434	0,040	0,3966
15.01.2026 15:06:05	5,400	0,458	4,5810	0,040	0,3969
15.01.2026 15:06:05	5,450	0,460	4,6048	0,040	0,3963
15.01.2026 15:06:05	5,500	0,461	4,6137	0,040	0,3988
15.01.2026 15:06:05	5,550	0,462	4,6216	0,040	0,3955
15.01.2026 15:06:05	5,600	0,466	4,6580	0,040	0,3983
15.01.2026 15:06:05	5,650	0,475	4,7545	0,040	0,3968
15.01.2026 15:06:05	5,700	0,494	4,9364	0,040	0,3977
15.01.2026 15:06:05	5,750	0,518	5,1790	0,039	0,3948
15.01.2026 15:06:05	5,800	0,534	5,3404	0,040	0,3983
15.01.2026 15:06:05	5,850	0,542	5,4224	0,040	0,3969
15.01.2026 15:06:05	5,900	0,546	5,4627	0,040	0,3990
15.01.2026 15:06:05	5,950	0,554	5,5357	0,039	0,3940
15.01.2026 15:06:06	6,000	0,565	5,6543	0,040	0,4016
15.01.2026 15:06:06	6,050	0,578	5,7836	0,040	0,3968
15.01.2026 15:06:06	6,100	0,591	5,9068	0,040	0,4015
15.01.2026 15:06:06	6,150	0,601	6,0052	0,040	0,3967
15.01.2026 15:06:06	6,200	0,611	6,1064	0,040	0,3994
15.01.2026 15:06:06	6,250	0,623	6,2336	0,039	0,3944
15.01.2026 15:06:06	6,300	0,639	6,3913	0,040	0,4015
15.01.2026 15:06:06	6,350	0,654	6,5427	0,039	0,3934
15.01.2026 15:06:06	6,400	0,670	6,6974	0,040	0,3998
15.01.2026 15:06:06	6,450	0,687	6,8659	0,039	0,3950
15.01.2026 15:06:06	6,500	0,702	7,0210	0,040	0,3987
15.01.2026 15:06:06	6,550	0,715	7,1498	0,039	0,3931
15.01.2026 15:06:06	6,600	0,729	7,2860	0,040	0,4016
15.01.2026 15:06:06	6,650	0,743	7,4332	0,040	0,3966
15.01.2026 15:06:06	6,700	0,759	7,5937	0,040	0,3998
15.01.2026 15:06:06	6,750	0,777	7,7668	0,039	0,3947
15.01.2026 15:06:06	6,800	0,797	7,9707	0,040	0,4006
15.01.2026 15:06:06	6,850	0,817	8,1698	0,040	0,3958
15.01.2026 15:06:06	6,900	0,838	8,3837	0,040	0,4004
15.01.2026 15:06:06	6,950	0,853	8,5251	0,039	0,3940
15.01.2026 15:06:07	7,000	0,865	8,6471	0,040	0,3985
15.01.2026 15:06:07	7,050	0,875	8,7458	0,040	0,3963
15.01.2026 15:06:07	7,100	0,880	8,7990	0,040	0,4001
15.01.2026 15:06:07	7,150	0,888	8,8801	0,040	0,3975
15.01.2026 15:06:07	7,200	0,895	8,9525	0,040	0,3999
15.01.2026 15:06:07	7,250	0,899	8,9939	0,039	0,3941
15.01.2026 15:06:07	7,300	0,902	9,0238	0,040	0,4027
15.01.2026 15:06:07	7,350	0,903	9,0344	0,039	0,3947
15.01.2026 15:06:07	7,400	0,905	9,0472	0,040	0,4002
15.01.2026 15:06:07	7,450	0,905	9,0499	0,039	0,3949
15.01.2026 15:06:07	7,500	0,906	9,0576	0,040	0,4030
15.01.2026 15:06:07	7,550	0,906	9,0566	0,040	0,3956
15.01.2026 15:06:07	7,600	0,910	9,1023	0,040	0,3995
15.01.2026 15:06:07	7,650	0,915	9,1542	0,039	0,3935
15.01.2026 15:06:07	7,700	0,918	9,1816	0,040	0,3981
15.01.2026 15:06:07	7,750	0,920	9,1971	0,040	0,3953
15.01.2026 15:06:07	7,800	0,921	9,2091	0,040	0,4019
15.01.2026 15:06:07	7,850	0,921	9,2120	0,040	0,3955
15.01.2026 15:06:07	7,900	0,921	9,2140	0,040	0,3994
15.01.2026 15:06:07	7,950	0,922	9,2212	0,039	0,3930
15.01.2026 15:06:08	8,000	0,930	9,2962	0,040	0,4004
15.01.2026 15:06:08	8,050	0,934	9,3416	0,039	0,3939
15.01.2026 15:06:08	8,100	0,937	9,3667	0,040	0,3956
15.01.2026 15:06:08	8,150	0,940	9,4026	0,039	0,3939
15.01.2026 15:06:08	8,200	0,948	9,4802	0,040	0,4001
15.01.2026 15:06:08	8,250	0,952	9,5220	0,040	0,3971
15.01.2026 15:06:08	8,300	0,955	9,5478	0,040	0,4021
15.01.2026 15:06:08	8,350	0,956	9,5650	0,040	0,3967
15.01.2026 15:06:08	8,400	0,964	9,6397	0,040	0,4002
15.01.2026 15:06:08	8,450	0,971	9,7142	0,039	0,3939
15.01.2026 15:06:08	8,500	0,983	9,8295	0,040	0,4002
15.01.2026 15:06:08	8,550	0,995	9,9526	0,040	0,3969
15.01.2026 15:06:08	8,600	1,002	10,0238	0,040	0,4009
15.01.2026 15:06:08	8,650	1,006	10,0560	0,040	0,3961
15.01.2026 15:06:08	8,700	1,008	10,0763	0,040	0,4013
15.01.2026 15:06:08	8,750	1,009	10,0932	0,039	0,3923
15.01.2026 15:06:08	8,800	1,017	10,1737	0,040	0,4001
15.01.2026 15:06:08	8,850	1,024	10,2436	0,040	0,3969
15.01.2026 15:06:08	8,900	1,035	10,3483	0,040	0,4009
15.01.2026 15:06:08	8,950	1,046	10,4587	0,039	0,3941
15.01.2026 15:06:09	9,000	1,054	10,5360	0,040	0,3975
15.01.2026 15:06:09	9,050	1,057	10,5736	0,039	0,3946
15.01.2026 15:06:09	9,100	1,062	10,6162	0,040	0,4008
15.01.2026 15:06:09	9,150	1,073	10,7253	0,039	0,3946
15.01.2026 15:06:09	9,200	1,085	10,8497	0,040	0,3993
15.01.2026 15:06:09	9,250	1,091	10,9066	0,039	0,3934
15.01.2026 15:06:09	9,300	1,094	10,9414	0,040	0,4016
15.01.2026 15:06:09	9,350	1,096	10,9554	0,040	0,3968
15.01.2026 15:06:09	9,400	1,097	10,9660	0,040	0,4017
15.01.2026 15:06:09	9,450	1,097	10,9670	0,040	0,3964
15.01.2026 15:06:09	9,500	1,097	10,9706	0,040	0,4001
15.01.2026 15:06:09	9,550	1,097	10,9669	0,039	0,3925
15.01.2026 15:06:09	9,600	1,097	10,9734	0,040	0,4006
15.01.2026 15:06:09	9,650	1,098	10,9782	0,040	0,4007
15.01.2026 15:06:09	9,700	1,098	10,9787	0,040	0,4020
15.01.2026 15:06:09	9,750	1,097	10,9717	0,039	0,3919
15.01.2026 15:06:09	9,800	1,099	10,9937	0,040	0,4004
15.01.2026 15:06:09	9,850	1,107	11,0663	0,040	0,3966
15.01.2026 15:06:09	9,900	1,111	11,1131	0,040	0,4024
15.01.2026 15:06:09	9,950	1,119	11,1851	0,039	0,3932
15.01.2026 15:06:10	10,000	1,133	11,3345	0,040	0,4018
15.01.2026 15:06:10	10,050	1,145	11,4538	0,040	0,3957
15.01.2026 15:06:10	10,100	1,164	11,6351	0,040	0,3995
15.01.2026 15:06:10	10,150	1,181	11,8081	0,039	0,3936
15.01.2026 15:06:10	10,200	1,199	11,9902	0,040	0,4015
15.01.2026 15:06:10	10,250	1,218	12,1790	0,039	0,3942
15.01.2026 15:06:10	10,300	1,236	12,3585	0,041	0,4055
15.01.2026 15:06:10	10,350	1,245	12,4516	0,039	0,3944
15.01.2026 15:06:10	10,400	1,251	12,5123	0,040	0,4004
15.01.2026 15:06:10	10,450	1,257	12,5652	0,039	0,3945
15.01.2026 15:06:10	10,500	1,270	12,7032	0,040	0,4006
15.01.2026 15:06:10	10,550	1,288	12,8849	0,040	0,3952
15.01.2026 15:06:10	10,600	1,302	13,0156	0,040	0,4018
15.01.2026 15:06:10	10,650	1,323	13,2289	0,040	0,3950
15.01.2026 15:06:10	10,700	1,343	13,4275	0,040	0,4002
15.01.2026 15:06:10	10,750	1,352	13,5241	0,039	0,3939
15.01.2026 15:06:10	10,800	1,364	13,6372	0,040	0,4045
15.01.2026 15:06:10	10,850	1,371	13,7133	0,039	0,3934
15.01.2026 15:06:10	10,900	1,384	13,8356	0,040	0,3999
15.01.2026 15:06:10	10,950	1,399	13,9926	0,039	0,3919
15.01.2026 15:06:11	11,000	1,415	14,1525	0,040	0,3999
15.01.2026 15:06:11	11,050	1,424	14,2402	0,040	0,3956
15.01.2026 15:06:11	11,100	1,429	14,2881	0,040	0,4014
15.01.2026 15:06:11	11,150	1,435	14,3463	0,039	0,3929
15.01.2026 15:06:11	11,200	1,451	14,5059	0,040	0,4016
15.01.2026 15:06:11	11,250	1,468	14,6795	0,039	0,3922
15.01.2026 15:06:11	11,300	1,482	14,8183	0,040	0,4007
15.01.2026 15:06:11	11,350	1,496	14,9568	0,040	0,3964
15.01.2026 15:06:11	11,400	1,509	15,0866	0,040	0,4009
15.01.2026 15:06:11	11,450	1,515	15,1528	0,040	0,3973
15.01.2026 15:06:11	11,500	1,519	15,1881	0,040	0,3990
15.01.2026 15:06:11	11,550	1,520	15,1998	0,039	0,3904
15.01.2026 15:06:11	11,600	1,522	15,2173	0,040	0,4004
15.01.2026 15:06:11	11,650	1,522	15,2244	0,039	0,3936
15.01.2026 15:06:11	11,700	1,535	15,3471	0,040	0,4031
15.01.2026 15:06:11	11,750	1,546	15,4636	0,039	0,3943
15.01.2026 15:06:11	11,800	1,554	15,5390	0,040	0,4000
15.01.2026 15:06:11	11,850	1,564	15,6353	0,040	0,3950
15.01.2026 15:06:11	11,900	1,569	15,6947	0,040	0,3982
15.01.2026 15:06:11	11,950	1,575	15,7521	0,040	0,3954
15.01.2026 15:06:12	12,000	1,584	15,8446	0,040	0,4003
15.01.2026 15:06:12	12,050	1,589	15,8891	0,039	0,3924
15.01.2026 15:06:12	12,100	1,592	15,9211	0,040	0,4004
15.01.2026 15:06:12	12,150	1,593	15,9330	0,039	0,3935
15.01.2026 15:06:12	12,200	1,595	15,9480	0,040	0,4046
15.01.2026 15:06:12	12,250	1,595	15,9461	0,039	0,3937
15.01.2026 15:06:12	12,300	1,596	15,9587	0,040	0,4012
15.01.2026 15:06:12	12,350	1,597	15,9651	0,039	0,3929
15.01.2026 15:06:12	12,400	1,603	16,0335	0,040	0,4004
15.01.2026 15:06:12	12,450	1,607	16,0738	0,039	0,3934
15.01.2026 15:06:12	12,500	1,617	16,1654	0,040	0,4012
15.01.2026 15:06:12	12,550	1,622	16,2198	0,039	0,3907
15.01.2026 15:06:12	12,600	1,631	16,3070	0,040	0,4027
15.01.2026 15:06:12	12,650	1,647	16,4683	0,040	0,3954
15.01.2026 15:06:12	12,700	1,664	16,6368	0,040	0,3995
15.01.2026 15:06:12	12,750	1,672	16,7248	0,039	0,3935
15.01.2026 15:06:12	12,800	1,678	16,7750	0,040	0,4004
15.01.2026 15:06:12	12,850	1,679	16,7930	0,039	0,3933
15.01.2026 15:06:12	12,900	1,682	16,8158	0,041	0,4057
15.01.2026 15:06:12	12,950	1,682	16,8213	0,039	0,3946
15.01.2026 15:06:13	13,000	1,690	16,9045	0,040	0,4023
15.01.2026 15:06:13	13,050	1,702	17,0216	0,040	0,3963
15.01.2026 15:06:13	13,100	1,710	17,1047	0,040	0,4017
15.01.2026 15:06:13	13,150	1,714	17,1395	0,040	0,3956
15.01.2026 15:06:13	13,200	1,716	17,1636	0,040	0,4003
15.01.2026 15:06:13	13,250	1,717	17,1734	0,040	0,3964
15.01.2026 15:06:13	13,300	1,718	17,1818	0,040	0,3999
15.01.2026 15:06:13	13,350	1,718	17,1830	0,039	0,3934
15.01.2026 15:06:13	13,400	1,721	17,2062	0,040	0,4014
15.01.2026 15:06:13	13,450	1,725	17,2518	0,039	0,3926
15.01.2026 15:06:13	13,500	1,731	17,3138	0,040	0,4045
15.01.2026 15:06:13	13,550	1,733	17,3346	0,040	0,3957
15.01.2026 15:06:13	13,600	1,735	17,3514	0,040	0,4008
15.01.2026 15:06:13	13,650	1,735	17,3544	0,040	0,3959
15.01.2026 15:06:13	13,700	1,736	17,3612	0,040	0,4020
15.01.2026 15:06:13	13,750	1,736	17,3564	0,039	0,3933
15.01.2026 15:06:13	13,800	1,737	17,3701	0,040	0,4015
15.01.2026 15:06:13	13,850	1,744	17,4372	0,039	0,3948
15.01.2026 15:06:13	13,900	1,753	17,5322	0,040	0,4031
15.01.2026 15:06:13	13,950	1,762	17,6189	0,039	0,3914
15.01.2026 15:06:14	14,000	1,770	17,7027	0,040	0,4019
15.01.2026 15:06:14	14,050	1,779	17,7898	0,039	0,3933
15.01.2026 15:06:14	14,100	1,785	17,8493	0,040	0,4039
15.01.2026 15:06:14	14,150	1,787	17,8655	0,039	0,3941
15.01.2026 15:06:14	14,200	1,789	17,8911	0,040	0,4003
15.01.2026 15:06:14	14,250	1,797	17,9681	0,039	0,3947
15.01.2026 15:06:14	14,300	1,803	18,0289	0,040	0,4009
15.01.2026 15:06:14	14,350	1,805	18,0512	0,040	0,3951
15.01.2026 15:06:14	14,400	1,807	18,0709	0,040	0,4010
15.01.2026 15:06:14	14,450	1,807	18,0725	0,039	0,3941
15.01.2026 15:06:14	14,500	1,811	18,1075	0,040	0,4033
15.01.2026 15:06:14	14,550	1,826	18,2614	0,040	0,3964
15.01.2026 15:06:14	14,600	1,844	18,4377	0,040	0,4035
15.01.2026 15:06:14	14,650	1,852	18,5237	0,039	0,3945
15.01.2026 15:06:14	14,700	1,859	18,5895	0,040	0,4042
15.01.2026 15:06:14	14,750	1,869	18,6897	0,039	0,3948
15.01.2026 15:06:14	14,800	1,883	18,8300	0,040	0,4030
15.01.2026 15:06:14	14,850	1,889	18,8921	0,039	0,3949
15.01.2026 15:06:14	14,900	1,897	18,9721	0,040	0,4028
15.01.2026 15:06:14	14,950	1,967	19,6713	0,039	0,3944
15.01.2026 15:06:15	15,000	2,047	20,4663	0,040	0,4016
15.01.2026 15:06:15	15,050	2,086	20,8643	0,040	0,3994
15.01.2026 15:06:15	15,100	2,107	21,0681	0,041	0,4072
15.01.2026 15:06:15	15,150	2,116	21,1592	0,040	0,3952
15.01.2026 15:06:15	15,200	2,122	21,2181	0,040	0,4024
15.01.2026 15:06:15	15,250	2,124	21,2378	0,039	0,3945
15.01.2026 15:06:15	15,300	2,126	21,2581	0,040	0,4017
15.01.2026 15:06:15	15,350	2,126	21,2625	0,040	0,3957
15.01.2026 15:06:15	15,400	2,125	21,2470	0,040	0,4026
15.01.2026 15:06:15	15,450	2,115	21,1454	0,039	0,3946
15.01.2026 15:06:15	15,500	2,104	21,0438	0,040	0,4013
15.01.2026 15:06:15	15,550	2,098	20,9847	0,039	0,3933
15.01.2026 15:06:15	15,600	2,097	20,9680	0,040	0,4040
15.01.2026 15:06:15	15,650	2,095	20,9477	0,040	0,3951
15.01.2026 15:06:15	15,700	2,098	20,9762	0,041	0,4052
15.01.2026 15:06:15	15,750	2,123	21,2256	0,039	0,3945
15.01.2026 15:06:15	15,800	2,172	21,7175	0,040	0,4026
15.01.2026 15:06:15	15,850	2,209	22,0890	0,040	0,3958
15.01.2026 15:06:15	15,900	2,240	22,4015	0,040	0,4016
15.01.2026 15:06:15	15,950	2,254	22,5438	0,039	0,3941
15.01.2026 15:06:16	16,000	2,255	22,5476	0,040	0,4029
15.01.2026 15:06:16	16,050	2,255	22,5469	0,040	0,3954
15.01.2026 15:06:16	16,100	2,267	22,6725	0,040	0,4014
15.01.2026 15:06:16	16,150	2,296	22,9644	0,040	0,3969
15.01.2026 15:06:16	16,200	2,326	23,2618	0,040	0,4049
15.01.2026 15:06:16	16,250	2,342	23,4249	0,040	0,3959
15.01.2026 15:06:16	16,300	2,358	23,5813	0,041	0,4051
15.01.2026 15:06:16	16,350	2,380	23,8036	0,040	0,3973
15.01.2026 15:06:16	16,400	2,412	24,1180	0,040	0,4021
15.01.2026 15:06:16	16,450	2,431	24,3136	0,040	0,3974
15.01.2026 15:06:16	16,500	2,448	24,4817	0,040	0,4026
15.01.2026 15:06:16	16,550	2,458	24,5775	0,040	0,3969
15.01.2026 15:06:16	16,600	2,470	24,7006	0,040	0,4046
15.01.2026 15:06:16	16,650	2,478	24,7819	0,040	0,3966
15.01.2026 15:06:16	16,700	2,492	24,9237	0,041	0,4065
15.01.2026 15:06:16	16,750	2,505	25,0470	0,040	0,3952
15.01.2026 15:06:16	16,800	2,513	25,1286	0,040	0,4031
15.01.2026 15:06:16	16,850	2,516	25,1637	0,040	0,3955
15.01.2026 15:06:16	16,900	2,525	25,2482	0,040	0,4046
15.01.2026 15:06:16	16,950	2,539	25,3859	0,040	0,3955
15.01.2026 15:06:17	17,000	2,558	25,5772	0,040	0,4044
15.01.2026 15:06:17	17,050	2,575	25,7476	0,039	0,3948
15.01.2026 15:06:17	17,100	2,591	25,9097	0,040	0,4040
15.01.2026 15:06:17	17,150	2,600	25,9957	0,040	0,3958
15.01.2026 15:06:17	17,200	2,606	26,0624	0,040	0,4026
15.01.2026 15:06:17	17,250	2,616	26,1557	0,040	0,3955
15.01.2026 15:06:17	17,300	2,626	26,2618	0,040	0,4035
15.01.2026 15:06:17	17,350	2,650	26,5007	0,040	0,3960
15.01.2026 15:06:17	17,400	2,676	26,7626	0,040	0,4041
15.01.2026 15:06:17	17,450	2,695	26,9542	0,040	0,4000
15.01.2026 15:06:17	17,500	2,706	27,0566	0,040	0,4032
15.01.2026 15:06:17	17,550	2,710	27,1034	0,040	0,3974
15.01.2026 15:06:17	17,600	2,713	27,1336	0,040	0,4024
15.01.2026 15:06:17	17,650	2,714	27,1428	0,040	0,3973
15.01.2026 15:06:17	17,700	2,716	27,1627	0,040	0,4026
15.01.2026 15:06:17	17,750	2,724	27,2372	0,040	0,3985
15.01.2026 15:06:17	17,800	2,730	27,2976	0,040	0,4030
15.01.2026 15:06:17	17,850	2,739	27,3873	0,040	0,3976
15.01.2026 15:06:17	17,900	2,746	27,4594	0,040	0,4039
15.01.2026 15:06:17	17,950	2,749	27,4879	0,040	0,3981
15.01.2026 15:06:18	18,000	2,754	27,5420	0,040	0,4038
15.01.2026 15:06:18	18,050	2,762	27,6201	0,039	0,3949
15.01.2026 15:06:18	18,100	2,775	27,7517	0,040	0,4017
15.01.2026 15:06:18	18,150	2,792	27,9174	0,040	0,3956
15.01.2026 15:06:18	18,200	2,808	28,0793	0,040	0,4034
15.01.2026 15:06:18	18,250	2,815	28,1537	0,039	0,3950
15.01.2026 15:06:18	18,300	2,820	28,2030	0,040	0,4033
15.01.2026 15:06:18	18,350	2,828	28,2786	0,040	0,3957
15.01.2026 15:06:18	18,400	2,844	28,4427	0,040	0,4028
15.01.2026 15:06:18	18,450	2,861	28,6093	0,040	0,4018
15.01.2026 15:06:18	18,500	2,872	28,7201	0,040	0,4031
15.01.2026 15:06:18	18,550	2,883	28,8328	0,040	0,3977
15.01.2026 15:06:18	18,600	2,896	28,9635	0,040	0,4012
15.01.2026 15:06:18	18,650	2,914	29,1365	0,040	0,3992
15.01.2026 15:06:18	18,700	2,931	29,3138	0,040	0,4005
15.01.2026 15:06:18	18,750	2,941	29,4090	0,040	0,3953
15.01.2026 15:06:18	18,800	2,946	29,4562	0,040	0,4013
15.01.2026 15:06:18	18,850	2,947	29,4709	0,039	0,3943
15.01.2026 15:06:18	18,900	2,949	29,4940	0,041	0,4052
15.01.2026 15:06:18	18,950	2,957	29,5719	0,040	0,3976
15.01.2026 15:06:19	19,000	2,978	29,7758	0,040	0,4049
15.01.2026 15:06:19	19,050	2,999	29,9859	0,040	0,3999
15.01.2026 15:06:19	19,100	3,019	30,1890	0,040	0,4040
15.01.2026 15:06:19	19,150	3,029	30,2924	0,040	0,3979
15.01.2026 15:06:19	19,200	3,035	30,3523	0,040	0,4028
15.01.2026 15:06:19	19,250	3,038	30,3834	0,040	0,4027
15.01.2026 15:06:19	19,300	3,047	30,4742	0,040	0,4039
15.01.2026 15:06:19	19,350	3,063	30,6285	0,040	0,3990
15.01.2026 15:06:19	19,400	3,079	30,7950	0,041	0,4052
15.01.2026 15:06:19	19,450	3,097	30,9740	0,040	0,3984
15.01.2026 15:06:19	19,500	3,116	31,1617	0,040	0,4035
15.01.2026 15:06:19	19,550	3,137	31,3711	0,040	0,3980
15.01.2026 15:06:19	19,600	3,159	31,5907	0,040	0,4043
15.01.2026 15:06:19	19,650	3,178	31,7765	0,040	0,3992
15.01.2026 15:06:19	19,700	3,193	31,9286	0,040	0,4041
15.01.2026 15:06:19	19,750	3,208	32,0815	0,040	0,3956
15.01.2026 15:06:19	19,800	3,223	32,2326	0,040	0,4025
15.01.2026 15:06:19	19,850	3,232	32,3208	0,040	0,3973
15.01.2026 15:06:19	19,900	3,261	32,6075	0,040	0,4047
15.01.2026 15:06:19	19,950	3,292	32,9241	0,040	0,3991
15.01.2026 15:06:20	20,000	3,310	33,1043	0,041	0,4078
15.01.2026 15:06:20	20,050	3,318	33,1788	0,040	0,3979
15.01.2026 15:06:20	20,100	3,323	33,2298	0,040	0,4047
15.01.2026 15:06:20	20,150	3,325	33,2477	0,040	0,3994
15.01.2026 15:06:20	20,200	3,328	33,2762	0,041	0,4056
15.01.2026 15:06:20	20,250	3,336	33,3642	0,040	0,4005
15.01.2026 15:06:20	20,300	3,351	33,5082	0,040	0,4033
15.01.2026 15:06:20	20,350	3,370	33,7028	0,040	0,4004
15.01.2026 15:06:20	20,400	3,385	33,8525	0,041	0,4075
15.01.2026 15:06:20	20,450	3,393	33,9287	0,040	0,3979
15.01.2026 15:06:20	20,500	3,409	34,0853	0,040	0,4025
15.01.2026 15:06:20	20,550	3,430	34,2968	0,040	0,3987
15.01.2026 15:06:20	20,600	3,450	34,4986	0,040	0,4027
15.01.2026 15:06:20	20,650	3,462	34,6186	0,040	0,3998
15.01.2026 15:06:20	20,700	3,475	34,7526	0,041	0,4059
15.01.2026 15:06:20	20,750	3,482	34,8163	0,040	0,3991
15.01.2026 15:06:20	20,800	3,486	34,8570	0,041	0,4052
15.01.2026 15:06:20	20,850	3,487	34,8662	0,040	0,3972
15.01.2026 15:06:20	20,900	3,488	34,8815	0,040	0,4034
15.01.2026 15:06:20	20,950	3,488	34,8818	0,040	0,3998
15.01.2026 15:06:21	21,000	3,489	34,8909	0,041	0,4051
15.01.2026 15:06:21	21,050	3,489	34,8855	0,040	0,3994
15.01.2026 15:06:21	21,100	3,489	34,8925	0,040	0,4041
15.01.2026 15:06:21	21,150	3,489	34,8865	0,040	0,3987
15.01.2026 15:06:21	21,200	3,489	34,8943	0,040	0,4045
15.01.2026 15:06:21	21,250	3,490	34,8997	0,040	0,3999
15.01.2026 15:06:21	21,300	3,501	35,0075	0,040	0,4016
15.01.2026 15:06:21	21,350	3,527	35,2712	0,040	0,3985
15.01.2026 15:06:21	21,400	3,561	35,6055	0,040	0,4045
15.01.2026 15:06:21	21,450	3,586	35,8553	0,040	0,4009
15.01.2026 15:06:21	21,500	3,621	36,2135	0,040	0,4035
15.01.2026 15:06:21	21,550	3,653	36,5318	0,040	0,4031
15.01.2026 15:06:21	21,600	3,670	36,7010	0,040	0,4025
15.01.2026 15:06:21	21,650	3,678	36,7804	0,040	0,3982
15.01.2026 15:06:21	21,700	3,689	36,8861	0,040	0,4043
15.01.2026 15:06:21	21,750	3,704	37,0365	0,040	0,3986
15.01.2026 15:06:21	21,800	3,720	37,1957	0,040	0,4046
15.01.2026 15:06:21	21,850	3,736	37,3588	0,040	0,4013
15.01.2026 15:06:21	21,900	3,754	37,5368	0,040	0,4012
15.01.2026 15:06:21	21,950	3,765	37,6492	0,040	0,3971
15.01.2026 15:06:22	22,000	3,778	37,7810	0,041	0,4051
15.01.2026 15:06:22	22,050	3,788	37,8791	0,040	0,3984
15.01.2026 15:06:22	22,100	3,805	38,0466	0,040	0,4049
15.01.2026 15:06:22	22,150	3,818	38,1778	0,040	0,3989
15.01.2026 15:06:22	22,200	3,837	38,3707	0,040	0,4031
15.01.2026 15:06:22	22,250	3,859	38,5889	0,040	0,4003
15.01.2026 15:06:22	22,300	3,874	38,7398	0,040	0,4047
15.01.2026 15:06:22	22,350	3,887	38,8697	0,040	0,3985
15.01.2026 15:06:22	22,400	3,896	38,9551	0,040	0,4034
15.01.2026 15:06:22	22,450	3,899	38,9898	0,040	0,4008
15.01.2026 15:06:22	22,500	3,906	39,0553	0,040	0,4035
15.01.2026 15:06:22	22,550	3,913	39,1307	0,040	0,3991
15.01.2026 15:06:22	22,600	3,924	39,2423	0,040	0,4027
15.01.2026 15:06:22	22,650	3,936	39,3579	0,040	0,4015
15.01.2026 15:06:22	22,700	3,948	39,4793	0,040	0,4021
15.01.2026 15:06:22	22,750	3,960	39,5992	0,040	0,3985
15.01.2026 15:06:22	22,800	3,969	39,6866	0,041	0,4054
15.01.2026 15:06:22	22,850	3,978	39,7847	0,040	0,3985
15.01.2026 15:06:22	22,900	3,994	39,9387	0,040	0,4033
15.01.2026 15:06:22	22,950	4,010	40,1033	0,040	0,4031
15.01.2026 15:06:23	23,000	4,031	40,3102	0,040	0,4015
15.01.2026 15:06:23	23,050	4,054	40,5434	0,040	0,3996
15.01.2026 15:06:23	23,100	4,076	40,7593	0,041	0,4051
15.01.2026 15:06:23	23,150	4,088	40,8776	0,040	0,4027
15.01.2026 15:06:23	23,200	4,094	40,9419	0,040	0,4017
15.01.2026 15:06:23	23,250	4,097	40,9732	0,040	0,3988
15.01.2026 15:06:23	23,300	4,106	41,0588	0,040	0,4016
15.01.2026 15:06:23	23,350	4,125	41,2459	0,040	0,3980
15.01.2026 15:06:23	23,400	4,155	41,5502	0,040	0,4043
15.01.2026 15:06:23	23,450	4,172	41,7180	0,040	0,3983
15.01.2026 15:06:23	23,500	4,181	41,8143	0,040	0,4035
15.01.2026 15:06:23	23,550	4,185	41,8539	0,040	0,4000
15.01.2026 15:06:23	23,600	4,188	41,8814	0,040	0,4021
15.01.2026 15:06:23	23,650	4,191	41,9126	0,041	0,4052
15.01.2026 15:06:23	23,700	4,201	42,0070	0,040	0,4023
15.01.2026 15:06:23	23,750	4,213	42,1267	0,040	0,4025
15.01.2026 15:06:23	23,800	4,226	42,2577	0,041	0,4051
15.01.2026 15:06:23	23,850	4,235	42,3514	0,040	0,4027
15.01.2026 15:06:23	23,900	4,244	42,4358	0,040	0,4047
15.01.2026 15:06:23	23,950	4,253	42,5270	0,040	0,4014
15.01.2026 15:06:24	24,000	4,258	42,5836	0,040	0,4015
15.01.2026 15:06:24	24,050	4,266	42,6645	0,040	0,4018
15.01.2026 15:06:24	24,100	4,275	42,7470	0,040	0,4048
15.01.2026 15:06:24	24,150	4,285	42,8495	0,040	0,4043
15.01.2026 15:06:24	24,200	4,300	42,9968	0,041	0,4056
15.01.2026 15:06:24	24,250	4,311	43,1051	0,040	0,4032
15.01.2026 15:06:24	24,300	4,324	43,2423	0,040	0,4042
15.01.2026 15:06:24	24,350	4,337	43,3740	0,040	0,4029
15.01.2026 15:06:24	24,400	4,346	43,4559	0,040	0,4011
15.01.2026 15:06:24	24,450	4,349	43,4922	0,040	0,4004
15.01.2026 15:06:24	24,500	4,352	43,5200	0,040	0,4040
15.01.2026 15:06:24	24,550	4,359	43,5881	0,040	0,4036
15.01.2026 15:06:24	24,600	4,373	43,7313	0,041	0,4053
15.01.2026 15:06:24	24,650	4,382	43,8158	0,040	0,4025
15.01.2026 15:06:24	24,700	4,391	43,9144	0,040	0,4043
15.01.2026 15:06:24	24,750	4,402	44,0151	0,040	0,4026
15.01.2026 15:06:24	24,800	4,414	44,1388	0,040	0,4047
15.01.2026 15:06:24	24,850	4,420	44,1999	0,040	0,4022
15.01.2026 15:06:24	24,900	4,433	44,3289	0,041	0,4051
15.01.2026 15:06:24	24,950	4,447	44,4680	0,040	0,4034
15.01.2026 15:06:25	25,000	4,455	44,5477	0,040	0,4045
15.01.2026 15:06:25	25,050	4,461	44,6138	0,040	0,4040
15.01.2026 15:06:25	25,100	4,471	44,7121	0,040	0,4032
15.01.2026 15:06:25	25,150	4,476	44,7558	0,040	0,4024
15.01.2026 15:06:25	25,200	4,486	44,8581	0,040	0,4039
15.01.2026 15:06:25	25,250	4,499	44,9872	0,040	0,4015
15.01.2026 15:06:25	25,300	4,509	45,0850	0,040	0,4048
15.01.2026 15:06:25	25,350	4,517	45,1736	0,040	0,4021
15.01.2026 15:06:25	25,400	4,526	45,2590	0,040	0,4022
15.01.2026 15:06:25	25,450	4,530	45,3007	0,041	0,4056
15.01.2026 15:06:25	25,500	4,533	45,3283	0,041	0,4054
15.01.2026 15:06:25	25,550	4,534	45,3369	0,040	0,4034
15.01.2026 15:06:25	25,600	4,535	45,3457	0,040	0,4041
15.01.2026 15:06:25	25,650	4,535	45,3456	0,040	0,4046
15.01.2026 15:06:25	25,700	4,541	45,4110	0,040	0,4032
15.01.2026 15:06:25	25,750	4,549	45,4865	0,040	0,4019
15.01.2026 15:06:25	25,800	4,566	45,6565	0,040	0,4042
15.01.2026 15:06:25	25,850	4,577	45,7692	0,040	0,4016
15.01.2026 15:06:25	25,900	4,583	45,8335	0,040	0,4049
15.01.2026 15:06:25	25,950	4,590	45,9020	0,040	0,4039
15.01.2026 15:06:26	26,000	4,599	45,9858	0,040	0,4024
15.01.2026 15:06:26	26,050	4,605	46,0464	0,040	0,3995
15.01.2026 15:06:26	26,100	4,617	46,1706	0,040	0,4040
15.01.2026 15:06:26	26,150	4,629	46,2908	0,040	0,4050
15.01.2026 15:06:26	26,200	4,636	46,3611	0,040	0,4036
15.01.2026 15:06:26	26,250	4,643	46,4297	0,040	0,4022
15.01.2026 15:06:26	26,300	4,653	46,5285	0,040	0,3994
15.01.2026 15:06:26	26,350	4,664	46,6435	0,041	0,4053
15.01.2026 15:06:26	26,400	4,672	46,7153	0,040	0,4032
15.01.2026 15:06:26	26,450	4,675	46,7466	0,040	0,4044
15.01.2026 15:06:26	26,500	4,677	46,7686	0,041	0,4056
15.01.2026 15:06:26	26,550	4,678	46,7775	0,040	0,4040
15.01.2026 15:06:26	26,600	4,686	46,8559	0,040	0,4042
15.01.2026 15:06:26	26,650	4,696	46,9560	0,041	0,4069
15.01.2026 15:06:26	26,700	4,705	47,0494	0,040	0,3995
15.01.2026 15:06:26	26,750	4,710	47,1004	0,041	0,4051
15.01.2026 15:06:26	26,800	4,714	47,1361	0,040	0,4024
15.01.2026 15:06:26	26,850	4,715	47,1523	0,040	0,4043
15.01.2026 15:06:26	26,900	4,717	47,1672	0,041	0,4059
15.01.2026 15:06:26	26,950	4,717	47,1653	0,040	0,4026
15.01.2026 15:06:27	27,000	4,719	47,1881	0,040	0,4024
15.01.2026 15:06:27	27,050	4,725	47,2489	0,040	0,4012
15.01.2026 15:06:27	27,100	4,731	47,3116	0,040	0,4041
15.01.2026 15:06:27	27,150	4,746	47,4608	0,041	0,4067
15.01.2026 15:06:27	27,200	4,761	47,6051	0,040	0,4032
15.01.2026 15:06:27	27,250	4,773	47,7327	0,040	0,4035
15.01.2026 15:06:27	27,300	4,781	47,8097	0,040	0,4023
15.01.2026 15:06:27	27,350	4,785	47,8497	0,041	0,4086
15.01.2026 15:06:27	27,400	4,787	47,8670	0,040	0,4024
15.01.2026 15:06:27	27,450	4,788	47,8755	0,041	0,4063
15.01.2026 15:06:27	27,500	4,788	47,8808	0,040	0,4013
15.01.2026 15:06:27	27,550	4,788	47,8809	0,040	0,4046
15.01.2026 15:06:27	27,600	4,788	47,8845	0,040	0,4019
15.01.2026 15:06:27	27,650	4,788	47,8818	0,040	0,4046
15.01.2026 15:06:27	27,700	4,789	47,8853	0,040	0,4025
15.01.2026 15:06:27	27,750	4,789	47,8854	0,041	0,4060
15.01.2026 15:06:27	27,800	4,789	47,8864	0,040	0,4034
15.01.2026 15:06:27	27,850	4,793	47,9318	0,041	0,4064
15.01.2026 15:06:27	27,900	4,807	48,0723	0,040	0,4025
15.01.2026 15:06:27	27,950	4,824	48,2441	0,040	0,4047
15.01.2026 15:06:28	28,000	4,856	48,5632	0,041	0,4074
15.01.2026 15:06:28	28,050	4,890	48,8978	0,041	0,4081
15.01.2026 15:06:28	28,100	4,921	49,2069	0,040	0,4049
15.01.2026 15:06:28	28,150	4,944	49,4405	0,041	0,4101
15.01.2026 15:06:28	28,200	4,963	49,6310	0,040	0,4009
15.01.2026 15:06:28	28,250	4,983	49,8336	0,041	0,4085
15.01.2026 15:06:28	28,300	5,001	50,0097	0,040	0,4039
15.01.2026 15:06:28	28,350	5,012	50,1151	0,041	0,4053
15.01.2026 15:06:28	28,400	5,026	50,2589	0,040	0,4045
15.01.2026 15:06:28	28,450	5,044	50,4402	0,040	0,4036
15.01.2026 15:06:28	28,500	5,066	50,6614	0,041	0,4086
15.01.2026 15:06:28	28,550	5,083	50,8276	0,041	0,4076
15.01.2026 15:06:28	28,600	5,098	50,9750	0,040	0,4028
15.01.2026 15:06:28	28,650	5,111	51,1146	0,041	0,4054
15.01.2026 15:06:28	28,700	5,124	51,2355	0,040	0,4004
15.01.2026 15:06:28	28,750	5,140	51,4044	0,041	0,4068
15.01.2026 15:06:28	28,800	5,157	51,5672	0,040	0,4025
15.01.2026 15:06:28	28,850	5,171	51,7107	0,041	0,4069
15.01.2026 15:06:28	28,900	5,195	51,9459	0,040	0,4027
15.01.2026 15:06:28	28,950	5,220	52,2035	0,040	0,4036
15.01.2026 15:06:29	29,000	5,238	52,3787	0,040	0,4026
15.01.2026 15:06:29	29,050	5,253	52,5285	0,041	0,4056
15.01.2026 15:06:29	29,100	5,269	52,6947	0,040	0,4008
15.01.2026 15:06:29	29,150	5,283	52,8312	0,040	0,4049
15.01.2026 15:06:29	29,200	5,304	53,0392	0,041	0,4060
15.01.2026 15:06:29	29,250	5,327	53,2652	0,041	0,4061
15.01.2026 15:06:29	29,300	5,347	53,4672	0,040	0,4013
15.01.2026 15:06:29	29,350	5,366	53,6608	0,041	0,4073
15.01.2026 15:06:29	29,400	5,384	53,8440	0,040	0,4032
15.01.2026 15:06:29	29,450	5,401	54,0070	0,041	0,4076
15.01.2026 15:06:29	29,500	5,411	54,1128	0,040	0,4036
15.01.2026 15:06:29	29,550	5,430	54,2997	0,041	0,4074
15.01.2026 15:06:29	29,600	5,450	54,4980	0,040	0,4034
15.01.2026 15:06:29	29,650	5,462	54,6165	0,041	0,4089
15.01.2026 15:06:29	29,700	5,480	54,7986	0,040	0,4030
15.01.2026 15:06:29	29,750	5,506	55,0613	0,041	0,4071
15.01.2026 15:06:29	29,800	5,533	55,3308	0,040	0,4044
15.01.2026 15:06:29	29,850	5,548	55,4784	0,041	0,4088
15.01.2026 15:06:29	29,900	5,555	55,5534	0,040	0,4026
15.01.2026 15:06:29	29,950	5,559	55,5893	0,040	0,4048
15.01.2026 15:06:30	30,000	5,566	55,6610	0,040	0,4018
15.01.2026 15:06:30	30,050	5,574	55,7389	0,041	0,4077
15.01.2026 15:06:30	30,100	5,584	55,8379	0,040	0,4029
15.01.2026 15:06:30	30,150	5,599	55,9941	0,041	0,4060
15.01.2026 15:06:30	30,200	5,623	56,2314	0,040	0,4048
15.01.2026 15:06:30	30,250	5,647	56,4656	0,041	0,4059
15.01.2026 15:06:30	30,300	5,660	56,6047	0,040	0,4015
15.01.2026 15:06:30	30,350	5,685	56,8532	0,041	0,4076
15.01.2026 15:06:30	30,400	5,705	57,0531	0,040	0,4006
15.01.2026 15:06:30	30,450	5,716	57,1568	0,041	0,4073
15.01.2026 15:06:30	30,500	5,721	57,2101	0,040	0,4048
15.01.2026 15:06:30	30,550	5,723	57,2345	0,041	0,4063
15.01.2026 15:06:30	30,600	5,725	57,2517	0,040	0,4046
15.01.2026 15:06:30	30,650	5,726	57,2566	0,041	0,4061
15.01.2026 15:06:30	30,700	5,726	57,2602	0,040	0,4014
15.01.2026 15:06:30	30,750	5,727	57,2672	0,041	0,4084
15.01.2026 15:06:30	30,800	5,727	57,2667	0,040	0,4035
15.01.2026 15:06:30	30,850	5,727	57,2684	0,041	0,4084
15.01.2026 15:06:30	30,900	5,726	57,2647	0,040	0,4015
15.01.2026 15:06:30	30,950	5,731	57,3142	0,041	0,4103
15.01.2026 15:06:31	31,000	5,763	57,6261	0,041	0,4055
15.01.2026 15:06:31	31,050	5,791	57,9103	0,041	0,4120
15.01.2026 15:06:31	31,100	5,819	58,1897	0,041	0,4059
15.01.2026 15:06:31	31,150	5,846	58,4575	0,041	0,4117
15.01.2026 15:06:31	31,200	5,859	58,5866	0,040	0,4042
15.01.2026 15:06:31	31,250	5,866	58,6606	0,041	0,4078
15.01.2026 15:06:31	31,300	5,871	58,7055	0,040	0,4033
15.01.2026 15:06:31	31,350	5,887	58,8725	0,041	0,4109
15.01.2026 15:06:31	31,400	5,920	59,2025	0,040	0,4041
15.01.2026 15:06:31	31,450	5,962	59,6210	0,041	0,4077
15.01.2026 15:06:31	31,500	6,003	60,0275	0,040	0,4039
15.01.2026 15:06:31	31,550	6,029	60,2875	0,041	0,4089
15.01.2026 15:06:31	31,600	6,048	60,4841	0,040	0,4033
15.01.2026 15:06:31	31,650	6,060	60,6018	0,041	0,4098
15.01.2026 15:06:31	31,700	6,066	60,6632	0,041	0,4057
15.01.2026 15:06:31	31,750	6,071	60,7131	0,041	0,4093
15.01.2026 15:06:31	31,800	6,084	60,8442	0,040	0,4031
15.01.2026 15:06:31	31,850	6,105	61,0458	0,041	0,4074
15.01.2026 15:06:31	31,900	6,132	61,3164	0,041	0,4051
15.01.2026 15:06:31	31,950	6,170	61,6955	0,041	0,4102
15.01.2026 15:06:32	32,000	6,193	61,9323	0,041	0,4077
15.01.2026 15:06:32	32,050	6,208	62,0829	0,041	0,4109
15.01.2026 15:06:32	32,100	6,222	62,2151	0,041	0,4067
15.01.2026 15:06:32	32,150	6,229	62,2870	0,041	0,4106
15.01.2026 15:06:32	32,200	6,232	62,3214	0,040	0,4044
15.01.2026 15:06:32	32,250	6,234	62,3426	0,041	0,4099
15.01.2026 15:06:32	32,300	6,238	62,3839	0,041	0,4062
15.01.2026 15:06:32	32,350	6,247	62,4716	0,041	0,4094
15.01.2026 15:06:32	32,400	6,258	62,5824	0,040	0,4023
15.01.2026 15:06:32	32,450	6,271	62,7097	0,041	0,4100
15.01.2026 15:06:32	32,500	6,291	62,9133	0,040	0,4032
15.01.2026 15:06:32	32,550	6,310	63,0971	0,041	0,4111
15.01.2026 15:06:32	32,600	6,324	63,2430	0,040	0,4050
15.01.2026 15:06:32	32,650	6,335	63,3466	0,041	0,4076
15.01.2026 15:06:32	32,700	6,340	63,3966	0,040	0,4028
15.01.2026 15:06:32	32,750	6,348	63,4844	0,041	0,4077
15.01.2026 15:06:32	32,800	6,357	63,5743	0,040	0,4046
15.01.2026 15:06:32	32,850	6,369	63,6945	0,041	0,4077
15.01.2026 15:06:32	32,900	6,384	63,8377	0,040	0,4026
15.01.2026 15:06:32	32,950	6,401	64,0057	0,041	0,4087
15.01.2026 15:06:33	33,000	6,418	64,1787	0,040	0,4035
15.01.2026 15:06:33	33,050	6,436	64,3630	0,041	0,4091
15.01.2026 15:06:33	33,100	6,453	64,5349	0,041	0,4065
15.01.2026 15:06:33	33,150	6,464	64,6371	0,041	0,4114
15.01.2026 15:06:33	33,200	6,475	64,7509	0,041	0,4058
15.01.2026 15:06:33	33,250	6,484	64,8375	0,041	0,4085
15.01.2026 15:06:33	33,300	6,495	64,9503	0,040	0,4039
15.01.2026 15:06:33	33,350	6,509	65,0927	0,041	0,4130
15.01.2026 15:06:33	33,400	6,521	65,2144	0,040	0,4031
15.01.2026 15:06:33	33,450	6,534	65,3367	0,041	0,4083
15.01.2026 15:06:33	33,500	6,540	65,3988	0,041	0,4079
15.01.2026 15:06:33	33,550	6,547	65,4712	0,041	0,4117
15.01.2026 15:06:33	33,600	6,555	65,5513	0,040	0,4035
15.01.2026 15:06:33	33,650	6,562	65,6248	0,041	0,4103
15.01.2026 15:06:33	33,700	6,579	65,7907	0,041	0,4067
15.01.2026 15:06:33	33,750	6,602	66,0188	0,041	0,4088
15.01.2026 15:06:33	33,800	6,624	66,2441	0,040	0,4001
15.01.2026 15:06:33	33,850	6,639	66,3942	0,041	0,4075
15.01.2026 15:06:33	33,900	6,646	66,4615	0,040	0,4020
15.01.2026 15:06:33	33,950	6,651	66,5079	0,041	0,4124
15.01.2026 15:06:34	34,000	6,652	66,5243	0,040	0,4050
15.01.2026 15:06:34	34,050	6,654	66,5361	0,041	0,4093
15.01.2026 15:06:34	34,100	6,654	66,5371	0,040	0,4035
15.01.2026 15:06:34	34,150	6,654	66,5435	0,041	0,4085
15.01.2026 15:06:34	34,200	6,654	66,5419	0,040	0,4020
15.01.2026 15:06:34	34,250	6,655	66,5488	0,041	0,4099
15.01.2026 15:06:34	34,300	6,655	66,5457	0,040	0,4020
15.01.2026 15:06:34	34,350	6,655	66,5514	0,041	0,4097
15.01.2026 15:06:34	34,400	6,655	66,5524	0,041	0,4053
15.01.2026 15:06:34	34,450	6,657	66,5658	0,041	0,4109
15.01.2026 15:06:34	34,500	6,665	66,6526	0,040	0,4031
15.01.2026 15:06:34	34,550	6,686	66,8589	0,041	0,4083
15.01.2026 15:06:34	34,600	6,706	67,0556	0,040	0,4046
15.01.2026 15:06:34	34,650	6,717	67,1694	0,041	0,4115
15.01.2026 15:06:34	34,700	6,722	67,2191	0,040	0,4043
15.01.2026 15:06:34	34,750	6,725	67,2522	0,041	0,4106
15.01.2026 15:06:34	34,800	6,726	67,2621	0,040	0,4034
15.01.2026 15:06:34	34,850	6,727	67,2745	0,041	0,4101
15.01.2026 15:06:34	34,900	6,727	67,2727	0,040	0,4033
15.01.2026 15:06:34	34,950	6,728	67,2836	0,041	0,4121
15.01.2026 15:06:35	35,000	6,728	67,2796	0,041	0,4051
15.01.2026 15:06:35	35,050	6,729	67,2862	0,041	0,4132
15.01.2026 15:06:35	35,100	6,728	67,2821	0,041	0,4055
15.01.2026 15:06:35	35,150	6,729	67,2852	0,041	0,4106
15.01.2026 15:06:35	35,200	6,728	67,2811	0,040	0,4046
15.01.2026 15:06:35	35,250	6,729	67,2872	0,041	0,4099
15.01.2026 15:06:35	35,300	6,728	67,2831	0,040	0,4035
15.01.2026 15:06:35	35,350	6,728	67,2844	0,041	0,4074
15.01.2026 15:06:35	35,400	6,728	67,2833	0,040	0,4031
15.01.2026 15:06:35	35,450	6,729	67,2882	0,041	0,4103
15.01.2026 15:06:35	35,500	6,728	67,2830	0,040	0,4026
15.01.2026 15:06:35	35,550	6,729	67,2866	0,041	0,4082
15.01.2026 15:06:35	35,600	6,728	67,2826	0,040	0,4017
15.01.2026 15:06:35	35,650	6,729	67,2865	0,041	0,4073
15.01.2026 15:06:35	35,700	6,729	67,2853	0,040	0,4025
15.01.2026 15:06:35	35,750	6,729	67,2908	0,041	0,4107
15.01.2026 15:06:35	35,800	6,728	67,2832	0,040	0,4005
15.01.2026 15:06:35	35,850	6,729	67,2930	0,041	0,4107
15.01.2026 15:06:35	35,900	6,727	67,2692	0,040	0,4044
15.01.2026 15:06:35	35,950	6,709	67,0869	0,041	0,4096
15.01.2026 15:06:36	36,000	6,688	66,8820	0,041	0,4064
15.01.2026 15:06:36	36,050	6,674	66,7383	0,041	0,4127
15.01.2026 15:06:36	36,100	6,666	66,6562	0,040	0,4035
15.01.2026 15:06:36	36,150	6,661	66,6109	0,041	0,4097
15.01.2026 15:06:36	36,200	6,650	66,5031	0,040	0,4007
15.01.2026 15:06:36	36,250	6,638	66,3808	0,041	0,4106
15.01.2026 15:06:36	36,300	6,629	66,2943	0,040	0,4033
15.01.2026 15:06:36	36,350	6,623	66,2289	0,041	0,4115
15.01.2026 15:06:36	36,400	6,608	66,0836	0,040	0,4037
15.01.2026 15:06:36	36,450	6,592	65,9190	0,041	0,4084
15.01.2026 15:06:36	36,500	6,565	65,6493	0,040	0,4042
15.01.2026 15:06:36	36,550	6,545	65,4528	0,041	0,4094
15.01.2026 15:06:36	36,600	6,529	65,2919	0,040	0,4021
15.01.2026 15:06:36	36,650	6,519	65,1857	0,041	0,4083
15.01.2026 15:06:36	36,700	6,501	65,0050	0,040	0,4015
15.01.2026 15:06:36	36,750	6,484	64,8434	0,041	0,4086
15.01.2026 15:06:36	36,800	6,472	64,7156	0,040	0,4036
15.01.2026 15:06:36	36,850	6,466	64,6552	0,041	0,4079
15.01.2026 15:06:36	36,900	6,462	64,6160	0,040	0,4013
15.01.2026 15:06:36	36,950	6,460	64,6009	0,041	0,4096
15.01.2026 15:06:37	37,000	6,449	64,4890	0,040	0,4012
15.01.2026 15:06:37	37,050	6,433	64,3268	0,041	0,4070
15.01.2026 15:06:37	37,100	6,418	64,1847	0,040	0,4020
15.01.2026 15:06:37	37,150	6,407	64,0742	0,041	0,4101
15.01.2026 15:06:37	37,200	6,388	63,8850	0,040	0,4006
15.01.2026 15:06:37	37,250	6,370	63,7015	0,041	0,4083
15.01.2026 15:06:37	37,300	6,351	63,5126	0,040	0,4007
15.01.2026 15:06:37	37,350	6,338	63,3773	0,041	0,4089
15.01.2026 15:06:37	37,400	6,323	63,2338	0,040	0,4038
15.01.2026 15:06:37	37,450	6,306	63,0599	0,041	0,4078
15.01.2026 15:06:37	37,500	6,278	62,7840	0,040	0,4038
15.01.2026 15:06:37	37,550	6,257	62,5749	0,041	0,4114
15.01.2026 15:06:37	37,600	6,235	62,3464	0,040	0,4025
15.01.2026 15:06:37	37,650	6,214	62,1357	0,041	0,4107
15.01.2026 15:06:37	37,700	6,192	61,9247	0,040	0,4023
15.01.2026 15:06:37	37,750	6,175	61,7486	0,041	0,4098
15.01.2026 15:06:37	37,800	6,147	61,4662	0,040	0,4015
15.01.2026 15:06:37	37,850	6,111	61,1055	0,041	0,4100
15.01.2026 15:06:37	37,900	6,078	60,7813	0,040	0,4044
15.01.2026 15:06:37	37,950	6,050	60,4971	0,041	0,4088
15.01.2026 15:06:38	38,000	6,020	60,2045	0,040	0,4043
15.01.2026 15:06:38	38,050	5,998	59,9761	0,041	0,4089
15.01.2026 15:06:38	38,100	5,972	59,7152	0,040	0,4004
15.01.2026 15:06:38	38,150	5,946	59,4589	0,041	0,4080
15.01.2026 15:06:38	38,200	5,931	59,3071	0,040	0,4040
15.01.2026 15:06:38	38,250	5,921	59,2077	0,041	0,4106
15.01.2026 15:06:38	38,300	5,909	59,0923	0,040	0,4042
15.01.2026 15:06:38	38,350	5,904	59,0379	0,041	0,4113
15.01.2026 15:06:38	38,400	5,899	58,9928	0,040	0,4039
15.01.2026 15:06:38	38,450	5,891	58,9077	0,041	0,4116
15.01.2026 15:06:38	38,500	5,881	58,8132	0,040	0,4033
15.01.2026 15:06:38	38,550	5,871	58,7103	0,041	0,4092
15.01.2026 15:06:38	38,600	5,858	58,5781	0,040	0,4029
15.01.2026 15:06:38	38,650	5,851	58,5064	0,041	0,4118
15.01.2026 15:06:38	38,700	5,846	58,4601	0,040	0,4040
15.01.2026 15:06:38	38,750	5,844	58,4385	0,041	0,4111
15.01.2026 15:06:38	38,800	5,834	58,3362	0,040	0,4043
15.01.2026 15:06:38	38,850	5,820	58,1983	0,041	0,4093
15.01.2026 15:06:38	38,900	5,805	58,0458	0,040	0,4027
15.01.2026 15:06:38	38,950	5,794	57,9443	0,041	0,4103
15.01.2026 15:06:39	39,000	5,782	57,8175	0,040	0,4006
15.01.2026 15:06:39	39,050	5,773	57,7348	0,041	0,4087
15.01.2026 15:06:39	39,100	5,759	57,5905	0,040	0,4022
15.01.2026 15:06:39	39,150	5,747	57,4661	0,041	0,4074
15.01.2026 15:06:39	39,200	5,740	57,3955	0,040	0,4001
15.01.2026 15:06:39	39,250	5,737	57,3697	0,041	0,4096
15.01.2026 15:06:39	39,300	5,735	57,3475	0,040	0,4026
15.01.2026 15:06:39	39,350	5,735	57,3465	0,041	0,4132
15.01.2026 15:06:39	39,400	5,733	57,3311	0,040	0,3999
15.01.2026 15:06:39	39,450	5,734	57,3365	0,041	0,4111
15.01.2026 15:06:39	39,500	5,728	57,2834	0,040	0,4015
15.01.2026 15:06:39	39,550	5,722	57,2174	0,041	0,4078
15.01.2026 15:06:39	39,600	5,718	57,1797	0,040	0,4024
15.01.2026 15:06:39	39,650	5,717	57,1663	0,041	0,4100
15.01.2026 15:06:39	39,700	5,715	57,1525	0,040	0,4031
15.01.2026 15:06:39	39,750	5,715	57,1541	0,041	0,4101
15.01.2026 15:06:39	39,800	5,715	57,1476	0,040	0,4026
15.01.2026 15:06:39	39,850	5,715	57,1499	0,041	0,4093
15.01.2026 15:06:39	39,900	5,714	57,1446	0,040	0,4029
15.01.2026 15:06:39	39,950	5,715	57,1515	0,041	0,4104
15.01.2026 15:06:40	40,000	5,715	57,1460	0,040	0,4040
15.01.2026 15:06:40	40,050	5,712	57,1166	0,041	0,4113
15.01.2026 15:06:40	40,100	5,704	57,0410	0,040	0,4030
15.01.2026 15:06:40	40,150	5,701	57,0086	0,041	0,4100
15.01.2026 15:06:40	40,200	5,698	56,9826	0,040	0,4045
15.01.2026 15:06:40	40,250	5,689	56,8938	0,041	0,4113
15.01.2026 15:06:40	40,300	5,672	56,7185	0,040	0,4030
15.01.2026 15:06:40	40,350	5,658	56,5761	0,041	0,4103
15.01.2026 15:06:40	40,400	5,644	56,4395	0,040	0,4019
15.01.2026 15:06:40	40,450	5,634	56,3448	0,041	0,4093
15.01.2026 15:06:40	40,500	5,629	56,2898	0,040	0,4030
15.01.2026 15:06:40	40,550	5,627	56,2651	0,041	0,4093
15.01.2026 15:06:40	40,600	5,617	56,1709	0,040	0,4030
15.01.2026 15:06:40	40,650	5,604	56,0371	0,041	0,4092
15.01.2026 15:06:40	40,700	5,591	55,9101	0,040	0,4015
15.01.2026 15:06:40	40,750	5,581	55,8124	0,041	0,4103
15.01.2026 15:06:40	40,800	5,575	55,7487	0,040	0,4030
15.01.2026 15:06:40	40,850	5,566	55,6615	0,041	0,4105
15.01.2026 15:06:40	40,900	5,556	55,5565	0,041	0,4052
15.01.2026 15:06:40	40,950	5,531	55,3134	0,041	0,4103
15.01.2026 15:06:41	41,000	5,499	54,9935	0,040	0,4003
15.01.2026 15:06:41	41,050	5,482	54,8173	0,041	0,4132
15.01.2026 15:06:41	41,100	5,471	54,7125	0,040	0,4029
15.01.2026 15:06:41	41,150	5,467	54,6725	0,041	0,4110
15.01.2026 15:06:41	41,200	5,464	54,6443	0,040	0,4027
15.01.2026 15:06:41	41,250	5,464	54,6391	0,041	0,4107
15.01.2026 15:06:41	41,300	5,462	54,6209	0,040	0,4016
15.01.2026 15:06:41	41,350	5,462	54,6209	0,041	0,4103
15.01.2026 15:06:41	41,400	5,461	54,6107	0,040	0,4011
15.01.2026 15:06:41	41,450	5,462	54,6161	0,041	0,4120
15.01.2026 15:06:41	41,500	5,461	54,6074	0,040	0,4034
15.01.2026 15:06:41	41,550	5,460	54,5977	0,041	0,4086
15.01.2026 15:06:41	41,600	5,452	54,5218	0,040	0,4046
15.01.2026 15:06:41	41,650	5,448	54,4792	0,041	0,4098
15.01.2026 15:06:41	41,700	5,440	54,4031	0,040	0,4021
15.01.2026 15:06:41	41,750	5,434	54,3432	0,041	0,4139
15.01.2026 15:06:41	41,800	5,429	54,2937	0,040	0,4035
15.01.2026 15:06:41	41,850	5,427	54,2679	0,041	0,4087
15.01.2026 15:06:41	41,900	5,418	54,1820	0,040	0,4035
15.01.2026 15:06:41	41,950	5,413	54,1312	0,041	0,4118
15.01.2026 15:06:42	42,000	5,407	54,0715	0,040	0,4026
15.01.2026 15:06:42	42,050	5,399	53,9938	0,041	0,4092
15.01.2026 15:06:42	42,100	5,394	53,9368	0,040	0,4029
15.01.2026 15:06:42	42,150	5,391	53,9073	0,041	0,4114
15.01.2026 15:06:42	42,200	5,381	53,8123	0,040	0,4034
15.01.2026 15:06:42	42,250	5,370	53,7043	0,041	0,4099
15.01.2026 15:06:42	42,300	5,358	53,5773	0,040	0,4047
15.01.2026 15:06:42	42,350	5,347	53,4682	0,041	0,4104
15.01.2026 15:06:42	42,400	5,335	53,3484	0,040	0,4023
15.01.2026 15:06:42	42,450	5,327	53,2651	0,041	0,4114
15.01.2026 15:06:42	42,500	5,316	53,1594	0,040	0,4030
15.01.2026 15:06:42	42,550	5,297	52,9680	0,041	0,4097
15.01.2026 15:06:42	42,600	5,271	52,7131	0,040	0,4036
15.01.2026 15:06:42	42,650	5,254	52,5435	0,041	0,4098
15.01.2026 15:06:42	42,700	5,241	52,4072	0,040	0,4043
15.01.2026 15:06:42	42,750	5,232	52,3169	0,041	0,4117
15.01.2026 15:06:42	42,800	5,213	52,1294	0,040	0,4031
15.01.2026 15:06:42	42,850	5,184	51,8362	0,041	0,4087
15.01.2026 15:06:42	42,900	5,150	51,5015	0,040	0,4041
15.01.2026 15:06:42	42,950	5,112	51,1174	0,041	0,4095
15.01.2026 15:06:43	43,000	5,075	50,7550	0,040	0,4015
15.01.2026 15:06:43	43,050	5,050	50,5017	0,041	0,4065
15.01.2026 15:06:43	43,100	5,023	50,2290	0,040	0,4022
15.01.2026 15:06:43	43,150	4,996	49,9612	0,041	0,4090
15.01.2026 15:06:43	43,200	4,972	49,7223	0,040	0,4000
15.01.2026 15:06:43	43,250	4,948	49,4846	0,041	0,4116
15.01.2026 15:06:43	43,300	4,918	49,1789	0,040	0,4003
15.01.2026 15:06:43	43,350	4,893	48,9341	0,041	0,4072
15.01.2026 15:06:43	43,400	4,880	48,7950	0,040	0,4012
15.01.2026 15:06:43	43,450	4,873	48,7282	0,041	0,4069
15.01.2026 15:06:43	43,500	4,861	48,6105	0,040	0,3990
15.01.2026 15:06:43	43,550	4,848	48,4822	0,041	0,4089
15.01.2026 15:06:43	43,600	4,839	48,3851	0,040	0,4006
15.01.2026 15:06:43	43,650	4,834	48,3449	0,041	0,4061
15.01.2026 15:06:43	43,700	4,830	48,2993	0,040	0,3994
15.01.2026 15:06:43	43,750	4,820	48,1960	0,041	0,4077
15.01.2026 15:06:43	43,800	4,801	48,0132	0,040	0,4019
15.01.2026 15:06:43	43,850	4,789	47,8944	0,041	0,4118
15.01.2026 15:06:43	43,900	4,780	47,8024	0,040	0,4017
15.01.2026 15:06:43	43,950	4,770	47,6996	0,041	0,4067
15.01.2026 15:06:44	44,000	4,764	47,6405	0,040	0,4041
15.01.2026 15:06:44	44,050	4,758	47,5765	0,041	0,4062
15.01.2026 15:06:44	44,100	4,749	47,4888	0,040	0,4043
15.01.2026 15:06:44	44,150	4,743	47,4258	0,041	0,4100
15.01.2026 15:06:44	44,200	4,733	47,3291	0,040	0,4001
15.01.2026 15:06:44	44,250	4,728	47,2836	0,041	0,4113
15.01.2026 15:06:44	44,300	4,715	47,1501	0,040	0,4019
15.01.2026 15:06:44	44,350	4,694	46,9384	0,041	0,4084
15.01.2026 15:06:44	44,400	4,681	46,8090	0,040	0,4049
15.01.2026 15:06:44	44,450	4,669	46,6886	0,041	0,4107
15.01.2026 15:06:44	44,500	4,658	46,5781	0,040	0,4031
15.01.2026 15:06:44	44,550	4,640	46,3998	0,041	0,4082
15.01.2026 15:06:44	44,600	4,624	46,2411	0,040	0,4017
15.01.2026 15:06:44	44,650	4,611	46,1090	0,041	0,4083
15.01.2026 15:06:44	44,700	4,603	46,0307	0,040	0,4005
15.01.2026 15:06:44	44,750	4,600	46,0026	0,041	0,4083
15.01.2026 15:06:44	44,800	4,592	45,9216	0,040	0,4004
15.01.2026 15:06:44	44,850	4,586	45,8582	0,041	0,4078
15.01.2026 15:06:44	44,900	4,581	45,8127	0,040	0,4014
15.01.2026 15:06:44	44,950	4,574	45,7368	0,041	0,4088
15.01.2026 15:06:45	45,000	4,566	45,6637	0,040	0,4015
15.01.2026 15:06:45	45,050	4,563	45,6310	0,041	0,4109
15.01.2026 15:06:45	45,100	4,554	45,5354	0,040	0,4047
15.01.2026 15:06:45	45,150	4,542	45,4194	0,041	0,4063
15.01.2026 15:06:45	45,200	4,526	45,2570	0,040	0,4014
15.01.2026 15:06:45	45,250	4,516	45,1607	0,041	0,4055
15.01.2026 15:06:45	45,300	4,508	45,0776	0,040	0,4013
15.01.2026 15:06:45	45,350	4,498	44,9840	0,041	0,4060
15.01.2026 15:06:45	45,400	4,493	44,9286	0,040	0,4001
15.01.2026 15:06:45	45,450	4,488	44,8751	0,041	0,4096
15.01.2026 15:06:45	45,500	4,478	44,7832	0,040	0,4017
15.01.2026 15:06:45	45,550	4,473	44,7320	0,041	0,4083
15.01.2026 15:06:45	45,600	4,463	44,6296	0,040	0,4013
15.01.2026 15:06:45	45,650	4,455	44,5482	0,041	0,4087
15.01.2026 15:06:45	45,700	4,444	44,4383	0,040	0,3997
15.01.2026 15:06:45	45,750	4,436	44,3601	0,041	0,4074
15.01.2026 15:06:45	45,800	4,426	44,2572	0,040	0,4019
15.01.2026 15:06:45	45,850	4,421	44,2091	0,041	0,4075
15.01.2026 15:06:45	45,900	4,411	44,1111	0,040	0,3988
15.01.2026 15:06:45	45,950	4,401	44,0128	0,041	0,4073
15.01.2026 15:06:46	46,000	4,390	43,9001	0,040	0,4004
15.01.2026 15:06:46	46,050	4,381	43,8131	0,041	0,4101
15.01.2026 15:06:46	46,100	4,366	43,6563	0,040	0,4032
15.01.2026 15:06:46	46,150	4,349	43,4935	0,041	0,4093
15.01.2026 15:06:46	46,200	4,335	43,3534	0,040	0,4018
15.01.2026 15:06:46	46,250	4,322	43,2236	0,041	0,4089
15.01.2026 15:06:46	46,300	4,308	43,0767	0,040	0,4005
15.01.2026 15:06:46	46,350	4,296	42,9575	0,041	0,4103
15.01.2026 15:06:46	46,400	4,279	42,7880	0,040	0,4022
15.01.2026 15:06:46	46,450	4,262	42,6172	0,041	0,4083
15.01.2026 15:06:46	46,500	4,248	42,4849	0,040	0,4023
15.01.2026 15:06:46	46,550	4,242	42,4247	0,041	0,4086
15.01.2026 15:06:46	46,600	4,232	42,3160	0,040	0,4002
15.01.2026 15:06:46	46,650	4,224	42,2448	0,041	0,4097
15.01.2026 15:06:46	46,700	4,212	42,1187	0,040	0,4037
15.01.2026 15:06:46	46,750	4,198	41,9768	0,041	0,4067
15.01.2026 15:06:46	46,800	4,189	41,8863	0,040	0,4020
15.01.2026 15:06:46	46,850	4,178	41,7821	0,041	0,4090
15.01.2026 15:06:46	46,900	4,170	41,6974	0,040	0,4020
15.01.2026 15:06:46	46,950	4,160	41,5952	0,041	0,4078
15.01.2026 15:06:47	47,000	4,152	41,5187	0,040	0,4031
15.01.2026 15:06:47	47,050	4,149	41,4884	0,041	0,4093
15.01.2026 15:06:47	47,100	4,146	41,4614	0,040	0,4015
15.01.2026 15:06:47	47,150	4,146	41,4605	0,041	0,4096
15.01.2026 15:06:47	47,200	4,145	41,4516	0,040	0,4043
15.01.2026 15:06:47	47,250	4,146	41,4638	0,041	0,4106
15.01.2026 15:06:47	47,300	4,147	41,4680	0,040	0,4038
15.01.2026 15:06:47	47,350	4,147	41,4732	0,041	0,4089
15.01.2026 15:06:47	47,400	4,147	41,4693	0,040	0,4029
15.01.2026 15:06:47	47,450	4,148	41,4771	0,041	0,4102
15.01.2026 15:06:47	47,500	4,147	41,4678	0,040	0,4009
15.01.2026 15:06:47	47,550	4,148	41,4757	0,041	0,4100
15.01.2026 15:06:47	47,600	4,147	41,4653	0,040	0,4030
15.01.2026 15:06:47	47,650	4,147	41,4662	0,041	0,4084
15.01.2026 15:06:47	47,700	4,146	41,4629	0,041	0,4071
15.01.2026 15:06:47	47,750	4,146	41,4621	0,041	0,4086
15.01.2026 15:06:47	47,800	4,146	41,4566	0,040	0,4019
15.01.2026 15:06:47	47,850	4,146	41,4601	0,041	0,4069
15.01.2026 15:06:47	47,900	4,145	41,4540	0,040	0,4036
15.01.2026 15:06:47	47,950	4,145	41,4518	0,041	0,4059
15.01.2026 15:06:48	48,000	4,144	41,4357	0,041	0,4074
15.01.2026 15:06:48	48,050	4,136	41,3649	0,041	0,4104
15.01.2026 15:06:48	48,100	4,127	41,2655	0,040	0,4024
15.01.2026 15:06:48	48,150	4,111	41,1061	0,041	0,4099
15.01.2026 15:06:48	48,200	4,094	40,9358	0,040	0,4029
15.01.2026 15:06:48	48,250	4,073	40,7268	0,041	0,4074
15.01.2026 15:06:48	48,300	4,046	40,4637	0,040	0,4008
15.01.2026 15:06:48	48,350	4,026	40,2602	0,041	0,4078
15.01.2026 15:06:48	48,400	4,007	40,0723	0,040	0,4014
15.01.2026 15:06:48	48,450	3,996	39,9647	0,041	0,4069
15.01.2026 15:06:48	48,500	3,986	39,8638	0,040	0,4035
15.01.2026 15:06:48	48,550	3,970	39,6977	0,041	0,4098
15.01.2026 15:06:48	48,600	3,954	39,5352	0,040	0,4044
15.01.2026 15:06:48	48,650	3,942	39,4211	0,041	0,4071
15.01.2026 15:06:48	48,700	3,929	39,2911	0,040	0,4034
15.01.2026 15:06:48	48,750	3,922	39,2150	0,041	0,4070
15.01.2026 15:06:48	48,800	3,911	39,1114	0,040	0,4003
15.01.2026 15:06:48	48,850	3,896	38,9563	0,041	0,4083
15.01.2026 15:06:48	48,900	3,876	38,7601	0,040	0,4035
15.01.2026 15:06:48	48,950	3,860	38,6003	0,041	0,4090
15.01.2026 15:06:49	49,000	3,851	38,5060	0,041	0,4051
15.01.2026 15:06:49	49,050	3,846	38,4648	0,041	0,4102
15.01.2026 15:06:49	49,100	3,843	38,4322	0,040	0,4036
15.01.2026 15:06:49	49,150	3,842	38,4211	0,041	0,4054
15.01.2026 15:06:49	49,200	3,838	38,3834	0,040	0,4022
15.01.2026 15:06:49	49,250	3,826	38,2581	0,041	0,4085
15.01.2026 15:06:49	49,300	3,811	38,1091	0,040	0,4035
15.01.2026 15:06:49	49,350	3,782	37,8171	0,041	0,4076
15.01.2026 15:06:49	49,400	3,757	37,5685	0,040	0,4027
15.01.2026 15:06:49	49,450	3,745	37,4538	0,041	0,4083
15.01.2026 15:06:49	49,500	3,733	37,3331	0,040	0,4022
15.01.2026 15:06:49	49,550	3,724	37,2444	0,041	0,4103
15.01.2026 15:06:49	49,600	3,711	37,1087	0,040	0,4043
15.01.2026 15:06:49	49,650	3,690	36,8984	0,041	0,4077
15.01.2026 15:06:49	49,700	3,675	36,7476	0,040	0,4031
15.01.2026 15:06:49	49,750	3,662	36,6155	0,041	0,4068
15.01.2026 15:06:49	49,800	3,645	36,4490	0,040	0,4049
15.01.2026 15:06:49	49,850	3,635	36,3477	0,041	0,4102
15.01.2026 15:06:49	49,900	3,620	36,2018	0,040	0,4002
15.01.2026 15:06:49	49,950	3,606	36,0563	0,041	0,4056
15.01.2026 15:06:50	50,000	3,589	35,8919	0,041	0,4058
15.01.2026 15:06:50	50,050	3,572	35,7211	0,041	0,4060
15.01.2026 15:06:50	50,100	3,558	35,5761	0,040	0,4039
15.01.2026 15:06:50	50,150	3,546	35,4609	0,041	0,4075
15.01.2026 15:06:50	50,200	3,533	35,3259	0,040	0,4030
15.01.2026 15:06:50	50,250	3,525	35,2492	0,041	0,4072
15.01.2026 15:06:50	50,300	3,519	35,1919	0,040	0,4034
15.01.2026 15:06:50	50,350	3,510	35,1029	0,041	0,4076
15.01.2026 15:06:50	50,400	3,504	35,0404	0,040	0,4032
15.01.2026 15:06:50	50,450	3,499	34,9887	0,041	0,4074
15.01.2026 15:06:50	50,500	3,490	34,8956	0,041	0,4061
15.01.2026 15:06:50	50,550	3,485	34,8528	0,041	0,4084
15.01.2026 15:06:50	50,600	3,483	34,8259	0,040	0,4043
15.01.2026 15:06:50	50,650	3,480	34,8044	0,041	0,4083
15.01.2026 15:06:50	50,700	3,472	34,7232	0,040	0,4015
15.01.2026 15:06:50	50,750	3,465	34,6530	0,041	0,4056
15.01.2026 15:06:50	50,800	3,455	34,5514	0,041	0,4059
15.01.2026 15:06:50	50,850	3,446	34,4605	0,041	0,4087
15.01.2026 15:06:50	50,900	3,436	34,3601	0,040	0,4013
15.01.2026 15:06:50	50,950	3,432	34,3159	0,041	0,4065
15.01.2026 15:06:51	51,000	3,429	34,2852	0,040	0,4033
15.01.2026 15:06:51	51,050	3,422	34,2223	0,041	0,4102
15.01.2026 15:06:51	51,100	3,415	34,1496	0,040	0,4030
15.01.2026 15:06:51	51,150	3,411	34,1117	0,041	0,4057
15.01.2026 15:06:51	51,200	3,399	33,9911	0,040	0,4047
15.01.2026 15:06:51	51,250	3,387	33,8684	0,041	0,4081
15.01.2026 15:06:51	51,300	3,380	33,7960	0,041	0,4059
15.01.2026 15:06:51	51,350	3,376	33,7595	0,041	0,4058
15.01.2026 15:06:51	51,400	3,367	33,6736	0,040	0,4039
15.01.2026 15:06:51	51,450	3,362	33,6168	0,041	0,4094
15.01.2026 15:06:51	51,500	3,355	33,5513	0,040	0,4036
15.01.2026 15:06:51	51,550	3,347	33,4670	0,041	0,4078
15.01.2026 15:06:51	51,600	3,341	33,4141	0,040	0,4044
15.01.2026 15:06:51	51,650	3,339	33,3943	0,041	0,4062
15.01.2026 15:06:51	51,700	3,337	33,3659	0,040	0,4026
15.01.2026 15:06:51	51,750	3,329	33,2911	0,041	0,4064
15.01.2026 15:06:51	51,800	3,323	33,2348	0,040	0,4030
15.01.2026 15:06:51	51,850	3,318	33,1848	0,041	0,4051
15.01.2026 15:06:51	51,900	3,304	33,0366	0,040	0,4046
15.01.2026 15:06:51	51,950	3,292	32,9200	0,041	0,4076
15.01.2026 15:06:52	52,000	3,279	32,7877	0,040	0,4034
15.01.2026 15:06:52	52,050	3,272	32,7228	0,040	0,4043
15.01.2026 15:06:52	52,100	3,263	32,6312	0,041	0,4061
15.01.2026 15:06:52	52,150	3,256	32,5568	0,041	0,4073
15.01.2026 15:06:52	52,200	3,246	32,4591	0,041	0,4052
15.01.2026 15:06:52	52,250	3,238	32,3822	0,041	0,4095
15.01.2026 15:06:52	52,300	3,233	32,3279	0,041	0,4050
15.01.2026 15:06:52	52,350	3,224	32,2442	0,041	0,4065
15.01.2026 15:06:52	52,400	3,216	32,1600	0,040	0,4025
15.01.2026 15:06:52	52,450	3,206	32,0640	0,041	0,4067
15.01.2026 15:06:52	52,500	3,199	31,9904	0,040	0,4039
15.01.2026 15:06:52	52,550	3,189	31,8949	0,041	0,4075
15.01.2026 15:06:52	52,600	3,178	31,7819	0,041	0,4062
15.01.2026 15:06:52	52,650	3,168	31,6823	0,041	0,4079
15.01.2026 15:06:52	52,700	3,157	31,5715	0,040	0,4019
15.01.2026 15:06:52	52,750	3,144	31,4418	0,040	0,4046
15.01.2026 15:06:52	52,800	3,131	31,3056	0,040	0,4024
15.01.2026 15:06:52	52,850	3,116	31,1587	0,041	0,4073
15.01.2026 15:06:52	52,900	3,096	30,9618	0,040	0,4020
15.01.2026 15:06:52	52,950	3,083	30,8270	0,041	0,4061
15.01.2026 15:06:53	53,000	3,071	30,7139	0,040	0,4043
15.01.2026 15:06:53	53,050	3,058	30,5783	0,041	0,4062
15.01.2026 15:06:53	53,100	3,044	30,4416	0,040	0,4039
15.01.2026 15:06:53	53,150	3,032	30,3158	0,041	0,4091
15.01.2026 15:06:53	53,200	3,022	30,2244	0,040	0,4047
15.01.2026 15:06:53	53,250	3,019	30,1880	0,041	0,4057
15.01.2026 15:06:53	53,300	3,016	30,1602	0,041	0,4059
15.01.2026 15:06:53	53,350	3,014	30,1396	0,040	0,4043
15.01.2026 15:06:53	53,400	3,006	30,0628	0,040	0,4035
15.01.2026 15:06:53	53,450	3,002	30,0171	0,041	0,4076
15.01.2026 15:06:53	53,500	2,998	29,9846	0,041	0,4061
15.01.2026 15:06:53	53,550	2,995	29,9496	0,041	0,4059
15.01.2026 15:06:53	53,600	2,987	29,8656	0,040	0,4012
15.01.2026 15:06:53	53,650	2,982	29,8242	0,040	0,4046
15.01.2026 15:06:53	53,700	2,980	29,7989	0,040	0,4037
15.01.2026 15:06:53	53,750	2,978	29,7764	0,041	0,4070
15.01.2026 15:06:53	53,800	2,968	29,6848	0,040	0,4042
15.01.2026 15:06:53	53,850	2,964	29,6409	0,041	0,4053
15.01.2026 15:06:53	53,900	2,961	29,6127	0,040	0,4041
15.01.2026 15:06:53	53,950	2,961	29,6083	0,041	0,4050
15.01.2026 15:06:54	54,000	2,956	29,5628	0,040	0,4050
15.01.2026 15:06:54	54,050	2,944	29,4415	0,040	0,4050
15.01.2026 15:06:54	54,100	2,933	29,3337	0,040	0,4027
15.01.2026 15:06:54	54,150	2,927	29,2718	0,041	0,4063
15.01.2026 15:06:54	54,200	2,917	29,1681	0,040	0,4028
15.01.2026 15:06:54	54,250	2,912	29,1153	0,040	0,4049
15.01.2026 15:06:54	54,300	2,905	29,0538	0,040	0,4041
15.01.2026 15:06:54	54,350	2,897	28,9690	0,041	0,4052
15.01.2026 15:06:54	54,400	2,889	28,8884	0,041	0,4053
15.01.2026 15:06:54	54,450	2,873	28,7326	0,041	0,4070
15.01.2026 15:06:54	54,500	2,862	28,6237	0,041	0,4073
15.01.2026 15:06:54	54,550	2,855	28,5487	0,041	0,4081
15.01.2026 15:06:54	54,600	2,844	28,4405	0,040	0,4031
15.01.2026 15:06:54	54,650	2,835	28,3478	0,041	0,4062
15.01.2026 15:06:54	54,700	2,818	28,1754	0,040	0,4030
15.01.2026 15:06:54	54,750	2,809	28,0860	0,041	0,4067
15.01.2026 15:06:54	54,800	2,803	28,0262	0,041	0,4050
15.01.2026 15:06:54	54,850	2,790	27,9002	0,040	0,4050
15.01.2026 15:06:54	54,900	2,771	27,7058	0,041	0,4071
15.01.2026 15:06:54	54,950	2,756	27,5633	0,041	0,4068
15.01.2026 15:06:55	55,000	2,741	27,4130	0,040	0,4023
15.01.2026 15:06:55	55,050	2,733	27,3316	0,041	0,4063
15.01.2026 15:06:55	55,100	2,721	27,2138	0,040	0,4016
15.01.2026 15:06:55	55,150	2,710	27,0952	0,041	0,4062
15.01.2026 15:06:55	55,200	2,694	26,9388	0,040	0,4020
15.01.2026 15:06:55	55,250	2,678	26,7796	0,041	0,4054
15.01.2026 15:06:55	55,300	2,656	26,5648	0,041	0,4061
15.01.2026 15:06:55	55,350	2,639	26,3866	0,041	0,4063
15.01.2026 15:06:55	55,400	2,625	26,2548	0,040	0,4031
15.01.2026 15:06:55	55,450	2,614	26,1401	0,041	0,4062
15.01.2026 15:06:55	55,500	2,607	26,0739	0,040	0,4039
15.01.2026 15:06:55	55,550	2,601	26,0143	0,041	0,4071
15.01.2026 15:06:55	55,600	2,582	25,8175	0,040	0,4047
15.01.2026 15:06:55	55,650	2,565	25,6511	0,040	0,4037
15.01.2026 15:06:55	55,700	2,556	25,5577	0,040	0,4016
15.01.2026 15:06:55	55,750	2,550	25,4964	0,040	0,4038
15.01.2026 15:06:55	55,800	2,535	25,3517	0,040	0,4049
15.01.2026 15:06:55	55,850	2,521	25,2078	0,040	0,4043
15.01.2026 15:06:55	55,900	2,501	25,0093	0,040	0,4050
15.01.2026 15:06:55	55,950	2,484	24,8389	0,041	0,4075
15.01.2026 15:06:56	56,000	2,465	24,6472	0,041	0,4056
15.01.2026 15:06:56	56,050	2,448	24,4753	0,041	0,4058
15.01.2026 15:06:56	56,100	2,435	24,3520	0,041	0,4059
15.01.2026 15:06:56	56,150	2,430	24,2952	0,040	0,4046
15.01.2026 15:06:56	56,200	2,426	24,2618	0,040	0,4047
15.01.2026 15:06:56	56,250	2,421	24,2094	0,041	0,4050
15.01.2026 15:06:56	56,300	2,408	24,0787	0,040	0,4049
15.01.2026 15:06:56	56,350	2,398	23,9808	0,040	0,4038
15.01.2026 15:06:56	56,400	2,392	23,9248	0,040	0,4038
15.01.2026 15:06:56	56,450	2,390	23,9034	0,040	0,4034
15.01.2026 15:06:56	56,500	2,389	23,8867	0,041	0,4054
15.01.2026 15:06:56	56,550	2,386	23,8577	0,041	0,4062
15.01.2026 15:06:56	56,600	2,367	23,6721	0,040	0,4040
15.01.2026 15:06:56	56,650	2,344	23,4441	0,041	0,4052
15.01.2026 15:06:56	56,700	2,330	23,2966	0,040	0,4014
15.01.2026 15:06:56	56,750	2,323	23,2341	0,041	0,4062
15.01.2026 15:06:56	56,800	2,314	23,1421	0,041	0,4055
15.01.2026 15:06:56	56,850	2,307	23,0690	0,040	0,4033
15.01.2026 15:06:56	56,900	2,303	23,0259	0,040	0,4041
15.01.2026 15:06:56	56,950	2,296	22,9632	0,041	0,4065
15.01.2026 15:06:57	57,000	2,284	22,8434	0,040	0,4021
15.01.2026 15:06:57	57,050	2,272	22,7226	0,041	0,4063
15.01.2026 15:06:57	57,100	2,259	22,5862	0,040	0,4042
15.01.2026 15:06:57	57,150	2,252	22,5232	0,041	0,4078
15.01.2026 15:06:57	57,200	2,248	22,4804	0,041	0,4067
15.01.2026 15:06:57	57,250	2,242	22,4230	0,041	0,4069
15.01.2026 15:06:57	57,300	2,239	22,3861	0,040	0,4044
15.01.2026 15:06:57	57,350	2,242	22,4177	0,041	0,4070
15.01.2026 15:06:57	57,400	2,243	22,4255	0,041	0,4063
15.01.2026 15:06:57	57,450	2,244	22,4360	0,041	0,4066
15.01.2026 15:06:57	57,500	2,243	22,4315	0,040	0,4034
15.01.2026 15:06:57	57,550	2,244	22,4384	0,041	0,4052
15.01.2026 15:06:57	57,600	2,243	22,4326	0,040	0,4028
15.01.2026 15:06:57	57,650	2,244	22,4378	0,040	0,4048
15.01.2026 15:06:57	57,700	2,243	22,4340	0,040	0,4043
15.01.2026 15:06:57	57,750	2,244	22,4411	0,041	0,4072
15.01.2026 15:06:57	57,800	2,243	22,4320	0,040	0,4033
15.01.2026 15:06:57	57,850	2,244	22,4386	0,041	0,4074
15.01.2026 15:06:57	57,900	2,243	22,4348	0,041	0,4066
15.01.2026 15:06:57	57,950	2,244	22,4393	0,041	0,4070
15.01.2026 15:06:58	58,000	2,243	22,4344	0,040	0,4048
15.01.2026 15:06:58	58,050	2,242	22,4175	0,040	0,4050
15.01.2026 15:06:58	58,100	2,235	22,3453	0,041	0,4087
15.01.2026 15:06:58	58,150	2,231	22,3083	0,040	0,4048
15.01.2026 15:06:58	58,200	2,226	22,2594	0,041	0,4073
15.01.2026 15:06:58	58,250	2,213	22,1334	0,041	0,4062
15.01.2026 15:06:58	58,300	2,190	21,9047	0,040	0,4042
15.01.2026 15:06:58	58,350	2,124	21,2399	0,041	0,4060
15.01.2026 15:06:58	58,400	2,062	20,6162	0,040	0,4045
15.01.2026 15:06:58	58,450	2,030	20,2982	0,040	0,4049
15.01.2026 15:06:58	58,500	2,016	20,1556	0,041	0,4055
15.01.2026 15:06:58	58,550	2,019	20,1949	0,041	0,4051
15.01.2026 15:06:58	58,600	2,024	20,2439	0,041	0,4056
15.01.2026 15:06:58	58,650	2,027	20,2734	0,040	0,4049
15.01.2026 15:06:58	58,700	2,027	20,2708	0,040	0,4042
15.01.2026 15:06:58	58,750	2,018	20,1795	0,041	0,4071
15.01.2026 15:06:58	58,800	1,998	19,9813	0,041	0,4077
15.01.2026 15:06:58	58,850	1,980	19,7998	0,041	0,4053
15.01.2026 15:06:58	58,900	1,969	19,6923	0,041	0,4055
15.01.2026 15:06:58	58,950	1,960	19,5975	0,041	0,4051
15.01.2026 15:06:59	59,000	1,941	19,4107	0,041	0,4068
15.01.2026 15:06:59	59,050	1,920	19,2039	0,040	0,4037
15.01.2026 15:06:59	59,100	1,904	19,0411	0,040	0,4034
15.01.2026 15:06:59	59,150	1,892	18,9203	0,040	0,4049
15.01.2026 15:06:59	59,200	1,879	18,7887	0,040	0,4032
15.01.2026 15:06:59	59,250	1,859	18,5922	0,041	0,4062
15.01.2026 15:06:59	59,300	1,830	18,3033	0,040	0,4026
15.01.2026 15:06:59	59,350	1,807	18,0718	0,041	0,4062
15.01.2026 15:06:59	59,400	1,792	17,9153	0,041	0,4051
15.01.2026 15:06:59	59,450	1,779	17,7856	0,041	0,4051
15.01.2026 15:06:59	59,500	1,771	17,7100	0,041	0,4055
15.01.2026 15:06:59	59,550	1,768	17,6791	0,040	0,4045
15.01.2026 15:06:59	59,600	1,765	17,6478	0,040	0,4032
15.01.2026 15:06:59	59,650	1,758	17,5774	0,041	0,4053
15.01.2026 15:06:59	59,700	1,749	17,4864	0,040	0,4043
15.01.2026 15:06:59	59,750	1,736	17,3649	0,040	0,4032
15.01.2026 15:06:59	59,800	1,723	17,2253	0,040	0,4031
15.01.2026 15:06:59	59,850	1,695	16,9479	0,041	0,4061
15.01.2026 15:06:59	59,900	1,637	16,3664	0,041	0,4054
15.01.2026 15:06:59	59,950	1,587	15,8685	0,040	0,4002
15.01.2026 15:07:00	60,000	1,560	15,6033	0,041	0,4063
15.01.2026 15:07:00	60,050	1,548	15,4757	0,041	0,4064
15.01.2026 15:07:00	60,100	1,539	15,3932	0,041	0,4054
15.01.2026 15:07:00	60,150	1,526	15,2629	0,040	0,4043
15.01.2026 15:07:00	60,200	1,508	15,0762	0,041	0,4051
15.01.2026 15:07:00	60,250	1,501	15,0141	0,040	0,4045
15.01.2026 15:07:00	60,300	1,507	15,0742	0,040	0,4039
15.01.2026 15:07:00	60,350	1,512	15,1159	0,041	0,4067
15.01.2026 15:07:00	60,400	1,513	15,1276	0,040	0,4047
15.01.2026 15:07:00	60,450	1,514	15,1377	0,040	0,4029
15.01.2026 15:07:00	60,500	1,514	15,1397	0,041	0,4056
15.01.2026 15:07:00	60,550	1,514	15,1450	0,040	0,4048
15.01.2026 15:07:00	60,600	1,514	15,1418	0,041	0,4060
15.01.2026 15:07:00	60,650	1,509	15,0856	0,041	0,4061
15.01.2026 15:07:00	60,700	1,495	14,9503	0,041	0,4067
15.01.2026 15:07:00	60,750	1,487	14,8744	0,040	0,4047
15.01.2026 15:07:00	60,800	1,477	14,7661	0,040	0,4037
15.01.2026 15:07:00	60,850	1,463	14,6254	0,040	0,4038
15.01.2026 15:07:00	60,900	1,446	14,4617	0,040	0,4017
15.01.2026 15:07:00	60,950	1,426	14,2556	0,040	0,4038
15.01.2026 15:07:01	61,000	1,408	14,0789	0,041	0,4069
15.01.2026 15:07:01	61,050	1,398	13,9778	0,041	0,4057
15.01.2026 15:07:01	61,100	1,383	13,8345	0,041	0,4060
15.01.2026 15:07:01	61,150	1,369	13,6862	0,040	0,4040
15.01.2026 15:07:01	61,200	1,347	13,4669	0,041	0,4055
15.01.2026 15:07:01	61,250	1,325	13,2519	0,041	0,4061
15.01.2026 15:07:01	61,300	1,308	13,0753	0,041	0,4072
15.01.2026 15:07:01	61,350	1,294	12,9379	0,041	0,4058
15.01.2026 15:07:01	61,400	1,270	12,7001	0,040	0,4042
15.01.2026 15:07:01	61,450	1,244	12,4404	0,041	0,4067
15.01.2026 15:07:01	61,500	1,229	12,2862	0,041	0,4081
15.01.2026 15:07:01	61,550	1,216	12,1619	0,040	0,4031
15.01.2026 15:07:01	61,600	1,200	12,0023	0,040	0,4045
15.01.2026 15:07:01	61,650	1,189	11,8860	0,040	0,4046
15.01.2026 15:07:01	61,700	1,168	11,6814	0,040	0,4043
15.01.2026 15:07:01	61,750	1,142	11,4164	0,040	0,4014
15.01.2026 15:07:01	61,800	1,124	11,2386	0,041	0,4069
15.01.2026 15:07:01	61,850	1,108	11,0789	0,041	0,4056
15.01.2026 15:07:01	61,900	1,085	10,8509	0,040	0,4034
15.01.2026 15:07:01	61,950	1,052	10,5206	0,041	0,4054
15.01.2026 15:07:02	62,000	1,018	10,1826	0,040	0,4041
15.01.2026 15:07:02	62,050	0,988	9,8788	0,040	0,4010
15.01.2026 15:07:02	62,100	0,968	9,6772	0,040	0,4024
15.01.2026 15:07:02	62,150	0,952	9,5184	0,040	0,4026
15.01.2026 15:07:02	62,200	0,940	9,3985	0,041	0,4053
15.01.2026 15:07:02	62,250	0,928	9,2835	0,041	0,4077
15.01.2026 15:07:02	62,300	0,920	9,1957	0,041	0,4056
15.01.2026 15:07:02	62,350	0,905	9,0515	0,040	0,4041
15.01.2026 15:07:02	62,400	0,885	8,8503	0,041	0,4068
15.01.2026 15:07:02	62,450	0,874	8,7355	0,041	0,4052
15.01.2026 15:07:02	62,500	0,866	8,6648	0,040	0,4036
15.01.2026 15:07:02	62,550	0,857	8,5720	0,040	0,4046
15.01.2026 15:07:02	62,600	0,847	8,4718	0,040	0,3976
15.01.2026 15:07:02	62,650	0,832	8,3155	0,040	0,4024
15.01.2026 15:07:02	62,700	0,810	8,0981	0,040	0,4045
15.01.2026 15:07:02	62,750	0,792	7,9196	0,040	0,4033
15.01.2026 15:07:02	62,800	0,781	7,8089	0,040	0,4035
15.01.2026 15:07:02	62,850	0,769	7,6941	0,040	0,4047
15.01.2026 15:07:02	62,900	0,758	7,5773	0,041	0,4054
15.01.2026 15:07:02	62,950	0,737	7,3717	0,040	0,4024
15.01.2026 15:07:03	63,000	0,699	6,9851	0,041	0,4056
15.01.2026 15:07:03	63,050	0,659	6,5877	0,040	0,3994
15.01.2026 15:07:03	63,100	0,632	6,3244	0,040	0,4030
15.01.2026 15:07:03	63,150	0,614	6,1414	0,041	0,4052
15.01.2026 15:07:03	63,200	0,595	5,9503	0,040	0,4038
15.01.2026 15:07:03	63,250	0,573	5,7313	0,040	0,4041
15.01.2026 15:07:03	63,300	0,551	5,5086	0,040	0,4031
15.01.2026 15:07:03	63,350	0,539	5,3937	0,041	0,4059
15.01.2026 15:07:03	63,400	0,531	5,3089	0,041	0,4051
15.01.2026 15:07:03	63,450	0,520	5,2041	0,040	0,4007
15.01.2026 15:07:03	63,500	0,513	5,1310	0,040	0,4030
15.01.2026 15:07:03	63,550	0,499	4,9919	0,040	0,4046
15.01.2026 15:07:03	63,600	0,477	4,7709	0,040	0,4014
15.01.2026 15:07:03	63,650	0,456	4,5578	0,040	0,4036
15.01.2026 15:07:03	63,700	0,438	4,3828	0,040	0,4003
15.01.2026 15:07:03	63,750	0,430	4,3018	0,040	0,4006
15.01.2026 15:07:03	63,800	0,425	4,2530	0,040	0,4046
15.01.2026 15:07:03	63,850	0,417	4,1723	0,041	0,4071
15.01.2026 15:07:03	63,900	0,408	4,0773	0,041	0,4064
15.01.2026 15:07:03	63,950	0,398	3,9772	0,040	0,4023
15.01.2026 15:07:04	64,000	0,389	3,8940	0,040	0,4027
15.01.2026 15:07:04	64,050	0,377	3,7701	0,041	0,4051
15.01.2026 15:07:04	64,100	0,363	3,6267	0,041	0,4052
15.01.2026 15:07:04	64,150	0,346	3,4590	0,040	0,4021
15.01.2026 15:07:04	64,200	0,324	3,2423	0,041	0,4060
15.01.2026 15:07:04	64,250	0,303	3,0292	0,040	0,4021
15.01.2026 15:07:04	64,300	0,285	2,8455	0,041	0,4052
15.01.2026 15:07:04	64,350	0,273	2,7305	0,040	0,4031
15.01.2026 15:07:04	64,400	0,258	2,5803	0,041	0,4057
15.01.2026 15:07:04	64,450	0,243	2,4346	0,041	0,4060
15.01.2026 15:07:04	64,500	0,231	2,3108	0,041	0,4052
15.01.2026 15:07:04	64,550	0,221	2,2059	0,040	0,4022
15.01.2026 15:07:04	64,600	0,215	2,1484	0,040	0,4043
15.01.2026 15:07:04	64,650	0,212	2,1247	0,040	0,4039
15.01.2026 15:07:04	64,700	0,210	2,0995	0,040	0,4035
15.01.2026 15:07:04	64,750	0,203	2,0331	0,040	0,4022
15.01.2026 15:07:04	64,800	0,197	1,9725	0,040	0,4014
15.01.2026 15:07:04	64,850	0,195	1,9528	0,040	0,4038
15.01.2026 15:07:04	64,900	0,190	1,9037	0,041	0,4054
15.01.2026 15:07:04	64,950	0,182	1,8210	0,040	0,4030
15.01.2026 15:07:05	65,000	0,167	1,6667	0,040	0,4029
15.01.2026 15:07:05	65,050	0,153	1,5305	0,040	0,4015
15.01.2026 15:07:05	65,100	0,146	1,4575	0,040	0,4033
15.01.2026 15:07:05	65,150	0,143	1,4268	0,040	0,4030
15.01.2026 15:07:05	65,200	0,140	1,4047	0,040	0,4037
15.01.2026 15:07:05	65,250	0,140	1,4025	0,041	0,4056
15.01.2026 15:07:05	65,300	0,139	1,3926	0,040	0,4022
15.01.2026 15:07:05	65,350	0,135	1,3460	0,040	0,4016
15.01.2026 15:07:05	65,400	0,128	1,2796	0,040	0,4029
15.01.2026 15:07:05	65,450	0,125	1,2520	0,040	0,3999
15.01.2026 15:07:05	65,500	0,123	1,2325	0,040	0,4033
15.01.2026 15:07:05	65,550	0,117	1,1727	0,040	0,4037
15.01.2026 15:07:05	65,600	0,107	1,0672	0,040	0,4028
15.01.2026 15:07:05	65,650	0,097	0,9711	0,040	0,4022
15.01.2026 15:07:05	65,700	0,092	0,9153	0,040	0,4026
15.01.2026 15:07:05	65,750	0,088	0,8848	0,040	0,4049
15.01.2026 15:07:05	65,800	0,078	0,7788	0,040	0,4028
15.01.2026 15:07:05	65,850	0,066	0,6617	0,040	0,4045
15.01.2026 15:07:05	65,900	0,059	0,5861	0,040	0,4021
15.01.2026 15:07:05	65,950	0,056	0,5559	0,040	0,4007
15.01.2026 15:07:06	66,000	0,051	0,5134	0,040	0,4043
15.01.2026 15:07:06	66,050	0,040	0,3951	0,040	0,3993
15.01.2026 15:07:06	66,100	0,029	0,2858	0,040	0,4035
15.01.2026 15:07:06	66,150	0,021	0,2145	0,040	0,4045
15.01.2026 15:07:06	66,200	0,012	0,1155	0,040	0,4007
15.01.2026 15:07:06	66,250	0,007	0,0696	0,041	0,4050
15.01.2026 15:07:06	66,300	-4,437E-4	-0,0044	0,041	0,4077
15.01.2026 15:07:06	66,350	-0,014	-0,1409	0,040	0,4037
15.01.2026 15:07:06	66,400	-0,023	-0,2271	0,041	0,4072
15.01.2026 15:07:06	66,450	-0,027	-0,2694	0,041	0,4097
15.01.2026 15:07:06	66,500	-0,034	-0,3430	0,040	0,4020
15.01.2026 15:07:06	66,550	-0,040	-0,3953	0,040	0,4025
15.01.2026 15:07:06	66,600	-0,046	-0,4552	0,041	0,4051
15.01.2026 15:07:06	66,650	-0,057	-0,5725	0,040	0,4039
15.01.2026 15:07:06	66,700	-0,066	-0,6554	0,041	0,4054
15.01.2026 15:07:06	66,750	-0,070	-0,6970	0,041	0,4059
15.01.2026 15:07:06	66,800	-0,072	-0,7207	0,040	0,4048
15.01.2026 15:07:06	66,850	-0,073	-0,7329	0,040	0,4022
15.01.2026 15:07:06	66,900	-0,073	-0,7348	0,041	0,4066
15.01.2026 15:07:06	66,950	-0,074	-0,7400	0,040	0,4029
15.01.2026 15:07:07	67,000	-0,074	-0,7410	0,040	0,4027
15.01.2026 15:07:07	67,050	-0,074	-0,7417	0,040	0,4047
15.01.2026 15:07:07	67,100	-0,074	-0,7434	0,040	0,4036
15.01.2026 15:07:07	67,150	-0,074	-0,7441	0,040	0,4025
15.01.2026 15:07:07	67,200	-0,074	-0,7407	0,041	0,4069
15.01.2026 15:07:07	67,250	-0,074	-0,7410	0,041	0,4065
15.01.2026 15:07:07	67,300	-0,074	-0,7409	0,041	0,4061
15.01.2026 15:07:07	67,350	-0,074	-0,7402	0,040	0,4046
15.01.2026 15:07:07	67,400	-0,073	-0,7332	0,040	0,4041
15.01.2026 15:07:07	67,450	-0,073	-0,7274	0,040	0,4043
15.01.2026 15:07:07	67,500	-0,070	-0,7001	0,040	0,4040
15.01.2026 15:07:07	67,550	-0,068	-0,6792	0,041	0,4064
15.01.2026 15:07:07	67,600	-0,067	-0,6699	0,041	0,4053
15.01.2026 15:07:07	67,650	-0,067	-0,6668	0,040	0,4048
15.01.2026 15:07:07	67,700	-0,066	-0,6644	0,040	0,4035
15.01.2026 15:07:07	67,750	-0,066	-0,6622	0,041	0,4057
15.01.2026 15:07:07	67,800	-0,066	-0,6584	0,041	0,4064
15.01.2026 15:07:07	67,850	-0,066	-0,6583	0,041	0,4081
15.01.2026 15:07:07	67,900	-0,066	-0,6578	0,041	0,4087
15.01.2026 15:07:07	67,950	-0,066	-0,6618	0,041	0,4057
15.01.2026 15:07:08	68,000	-0,066	-0,6608	0,040	0,4048
15.01.2026 15:07:08	68,050	-0,066	-0,6600	0,041	0,4067
15.01.2026 15:07:08	68,100	-0,066	-0,6602	0,041	0,4066
15.01.2026 15:07:08	68,150	-0,066	-0,6619	0,041	0,4056
15.01.2026 15:07:08	68,200	-0,066	-0,6626	0,040	0,4043
15.01.2026 15:07:08	68,250	-0,066	-0,6614	0,041	0,4060
15.01.2026 15:07:08	68,300	-0,066	-0,6613	0,041	0,4060
15.01.2026 15:07:08	68,350	-0,066	-0,6621	0,041	0,4064
15.01.2026 15:07:08	68,400	-0,066	-0,6615	0,040	0,4046
15.01.2026 15:07:08	68,450	-0,066	-0,6632	0,040	0,4045
15.01.2026 15:07:08	68,500	-0,066	-0,6601	0,041	0,4065
15.01.2026 15:07:08	68,550	-0,066	-0,6620	0,041	0,4059
15.01.2026 15:07:08	68,600	-0,066	-0,6617	0,041	0,4061
15.01.2026 15:07:08	68,650	-0,066	-0,6615	0,041	0,4072
15.01.2026 15:07:08	68,700	-0,066	-0,6632	0,040	0,4037
15.01.2026 15:07:08	68,750	-0,066	-0,6629	0,041	0,4056
15.01.2026 15:07:08	68,800	-0,031	-0,3079	0,041	0,4057
15.01.2026 15:07:08	68,850	0,077	0,7669	0,040	0,4026
15.01.2026 15:07:08	68,900	0,073	0,7349	0,040	0,4041
15.01.2026 15:07:08	68,950	0,072	0,7165	0,040	0,4026
15.01.2026 15:07:09	69,000	0,071	0,7054	0,040	0,3990
15.01.2026 15:07:09	69,050	0,071	0,7062	0,040	0,4043
15.01.2026 15:07:09	69,100	0,071	0,7062	0,041	0,4065
15.01.2026 15:07:09	69,150	0,070	0,7048	0,041	0,4055
15.01.2026 15:07:09	69,200	0,070	0,7032	0,041	0,4050
15.01.2026 15:07:09	69,250	0,070	0,7016	0,040	0,4030
15.01.2026 15:07:09	69,300	0,070	0,7022	0,040	0,4044
15.01.2026 15:07:09	69,350	0,070	0,7027	0,040	0,4045
15.01.2026 15:07:09	69,400	0,070	0,6990	0,040	0,4018
15.01.2026 15:07:09	69,450	0,070	0,7023	0,040	0,4044
15.01.2026 15:07:09	69,500	0,070	0,7011	0,040	0,4031
15.01.2026 15:07:09	69,550	0,070	0,7012	0,040	0,4033
15.01.2026 15:07:09	69,600	0,068	0,6770	0,040	0,4037
15.01.2026 15:07:09	69,650	0,056	0,5637	0,041	0,4066
15.01.2026 15:07:09	69,700	0,043	0,4276	0,040	0,4027
15.01.2026 15:07:09	69,750	0,018	0,1836	0,041	0,4063
15.01.2026 15:07:09	69,800	-0,002	-0,0160	0,041	0,4057
15.01.2026 15:07:09	69,850	-0,018	-0,1760	0,041	0,4077
15.01.2026 15:07:09	69,900	-0,032	-0,3152	0,041	0,4071
15.01.2026 15:07:09	69,950	-0,042	-0,4176	0,040	0,4035
15.01.2026 15:07:10	70,000	-0,053	-0,5257	0,040	0,4014
15.01.2026 15:07:10	70,050	-0,058	-0,5844	0,041	0,4065
15.01.2026 15:07:10	70,100	-0,061	-0,6108	0,040	0,4033
15.01.2026 15:07:10	70,150	-0,067	-0,6733	0,041	0,4058
15.01.2026 15:07:10	70,200	-0,085	-0,8492	0,041	0,4067
15.01.2026 15:07:10	70,250	-0,116	-1,1611	0,041	0,4064
15.01.2026 15:07:10	70,300	-0,145	-1,4499	0,041	0,4055
15.01.2026 15:07:10	70,350	-0,170	-1,6998	0,041	0,4065
15.01.2026 15:07:10	70,400	-0,200	-2,0037	0,040	0,4046
15.01.2026 15:07:10	70,450	-0,231	-2,3141	0,040	0,4045
15.01.2026 15:07:10	70,500	-0,258	-2,5842	0,041	0,4056
15.01.2026 15:07:10	70,550	-0,282	-2,8239	0,040	0,4043
15.01.2026 15:07:10	70,600	-0,297	-2,9706	0,040	0,4039
15.01.2026 15:07:10	70,650	-0,321	-3,2147	0,041	0,4059
15.01.2026 15:07:10	70,700	-0,345	-3,4513	0,040	0,4043
15.01.2026 15:07:10	70,750	-0,359	-3,5949	0,041	0,4051
15.01.2026 15:07:10	70,800	-0,375	-3,7491	0,041	0,4050
15.01.2026 15:07:10	70,850	-0,402	-4,0196	0,040	0,4044
15.01.2026 15:07:10	70,900	-0,426	-4,2552	0,041	0,4051
15.01.2026 15:07:10	70,950	-0,446	-4,4582	0,040	0,4028
15.01.2026 15:07:11	71,000	-0,456	-4,5626	0,040	0,4028
15.01.2026 15:07:11	71,050	-0,462	-4,6231	0,040	0,4020
15.01.2026 15:07:11	71,100	-0,464	-4,6406	0,041	0,4072
15.01.2026 15:07:11	71,150	-0,466	-4,6596	0,041	0,4082
15.01.2026 15:07:11	71,200	-0,466	-4,6637	0,041	0,4051
15.01.2026 15:07:11	71,250	-0,467	-4,6718	0,041	0,4060
15.01.2026 15:07:11	71,300	-0,467	-4,6694	0,041	0,4059
15.01.2026 15:07:11	71,350	-0,469	-4,6899	0,040	0,4048
15.01.2026 15:07:11	71,400	-0,476	-4,7580	0,041	0,4060
15.01.2026 15:07:11	71,450	-0,482	-4,8160	0,040	0,4032
15.01.2026 15:07:11	71,500	-0,484	-4,8352	0,040	0,4045
15.01.2026 15:07:11	71,550	-0,485	-4,8545	0,040	0,4038
15.01.2026 15:07:11	71,600	-0,486	-4,8558	0,041	0,4053
15.01.2026 15:07:11	71,650	-0,487	-4,8664	0,040	0,4044
15.01.2026 15:07:11	71,700	-0,487	-4,8706	0,041	0,4051
15.01.2026 15:07:11	71,750	-0,495	-4,9465	0,040	0,4044
15.01.2026 15:07:11	71,800	-0,503	-5,0256	0,041	0,4056
15.01.2026 15:07:11	71,850	-0,512	-5,1208	0,041	0,4069
15.01.2026 15:07:11	71,900	-0,519	-5,1885	0,040	0,4044
15.01.2026 15:07:11	71,950	-0,529	-5,2907	0,040	0,4045
15.01.2026 15:07:12	72,000	-0,534	-5,3410	0,040	0,4014
15.01.2026 15:07:12	72,050	-0,541	-5,4078	0,040	0,4045
15.01.2026 15:07:12	72,100	-0,551	-5,5100	0,040	0,4047
15.01.2026 15:07:12	72,150	-0,564	-5,6367	0,040	0,4037
15.01.2026 15:07:12	72,200	-0,576	-5,7581	0,040	0,4046
15.01.2026 15:07:12	72,250	-0,590	-5,9030	0,041	0,4052
15.01.2026 15:07:12	72,300	-0,608	-6,0751	0,041	0,4051
15.01.2026 15:07:12	72,350	-0,631	-6,3073	0,041	0,4068
15.01.2026 15:07:12	72,400	-0,657	-6,5702	0,041	0,4079
15.01.2026 15:07:12	72,450	-0,684	-6,8416	0,041	0,4078
15.01.2026 15:07:12	72,500	-0,708	-7,0782	0,041	0,4071
15.01.2026 15:07:12	72,550	-0,734	-7,3443	0,041	0,4055
15.01.2026 15:07:12	72,600	-0,758	-7,5829	0,041	0,4081
15.01.2026 15:07:12	72,650	-0,780	-7,7995	0,040	0,4029
15.01.2026 15:07:12	72,700	-0,792	-7,9225	0,041	0,4057
15.01.2026 15:07:12	72,750	-0,806	-8,0618	0,040	0,4050
15.01.2026 15:07:12	72,800	-0,819	-8,1935	0,040	0,4015
15.01.2026 15:07:12	72,850	-0,830	-8,2981	0,041	0,4067
15.01.2026 15:07:12	72,900	-0,841	-8,4146	0,040	0,4030
15.01.2026 15:07:12	72,950	-0,853	-8,5294	0,041	0,4051
15.01.2026 15:07:13	73,000	-0,863	-8,6280	0,041	0,4055
15.01.2026 15:07:13	73,050	-0,874	-8,7357	0,040	0,4046
15.01.2026 15:07:13	73,100	-0,882	-8,8221	0,040	0,4027
15.01.2026 15:07:13	73,150	-0,891	-8,9103	0,040	0,4015
15.01.2026 15:07:13	73,200	-0,900	-8,9990	0,040	0,4041
15.01.2026 15:07:13	73,250	-0,905	-9,0536	0,041	0,4071
15.01.2026 15:07:13	73,300	-0,908	-9,0788	0,040	0,4048
15.01.2026 15:07:13	73,350	-0,910	-9,1005	0,040	0,4048
15.01.2026 15:07:13	73,400	-0,913	-9,1286	0,040	0,4020
15.01.2026 15:07:13	73,450	-0,922	-9,2175	0,040	0,4030
15.01.2026 15:07:13	73,500	-0,934	-9,3426	0,040	0,4031
15.01.2026 15:07:13	73,550	-0,953	-9,5261	0,040	0,4049
15.01.2026 15:07:13	73,600	-0,973	-9,7266	0,040	0,4021
15.01.2026 15:07:13	73,650	-0,985	-9,8513	0,040	0,4047
15.01.2026 15:07:13	73,700	-0,992	-9,9228	0,040	0,4021
15.01.2026 15:07:13	73,750	-1,003	-10,0281	0,040	0,4045
15.01.2026 15:07:13	73,800	-1,008	-10,0778	0,040	0,4027
15.01.2026 15:07:13	73,850	-1,011	-10,1138	0,040	0,4015
15.01.2026 15:07:13	73,900	-1,013	-10,1257	0,040	0,4024
15.01.2026 15:07:13	73,950	-1,015	-10,1496	0,040	0,4035
15.01.2026 15:07:14	74,000	-1,026	-10,2571	0,040	0,4043
15.01.2026 15:07:14	74,050	-1,038	-10,3804	0,040	0,4034
15.01.2026 15:07:14	74,100	-1,043	-10,4337	0,040	0,4021
15.01.2026 15:07:14	74,150	-1,047	-10,4675	0,041	0,4052
15.01.2026 15:07:14	74,200	-1,048	-10,4765	0,040	0,4034
15.01.2026 15:07:14	74,250	-1,051	-10,5140	0,041	0,4054
15.01.2026 15:07:14	74,300	-1,059	-10,5873	0,040	0,4021
15.01.2026 15:07:14	74,350	-1,063	-10,6297	0,041	0,4068
15.01.2026 15:07:14	74,400	-1,065	-10,6478	0,040	0,4018
15.01.2026 15:07:14	74,450	-1,066	-10,6617	0,041	0,4062
15.01.2026 15:07:14	74,500	-1,069	-10,6885	0,040	0,4028
15.01.2026 15:07:14	74,550	-1,078	-10,7767	0,041	0,4051
15.01.2026 15:07:14	74,600	-1,087	-10,8726	0,040	0,4047
15.01.2026 15:07:14	74,650	-1,096	-10,9561	0,041	0,4061
15.01.2026 15:07:14	74,700	-1,099	-10,9912	0,040	0,4033
15.01.2026 15:07:14	74,750	-1,104	-11,0408	0,040	0,4049
15.01.2026 15:07:14	74,800	-1,118	-11,1788	0,040	0,4033
15.01.2026 15:07:14	74,850	-1,128	-11,2809	0,041	0,4051
15.01.2026 15:07:14	74,900	-1,137	-11,3715	0,040	0,4032
15.01.2026 15:07:14	74,950	-1,153	-11,5290	0,040	0,4038
15.01.2026 15:07:15	75,000	-1,174	-11,7439	0,040	0,4023
15.01.2026 15:07:15	75,050	-1,203	-12,0346	0,041	0,4055
15.01.2026 15:07:15	75,100	-1,233	-12,3288	0,040	0,4042
15.01.2026 15:07:15	75,150	-1,263	-12,6308	0,041	0,4064
15.01.2026 15:07:15	75,200	-1,279	-12,7946	0,040	0,4037
15.01.2026 15:07:15	75,250	-1,288	-12,8804	0,041	0,4056
15.01.2026 15:07:15	75,300	-1,292	-12,9215	0,040	0,4042
15.01.2026 15:07:15	75,350	-1,295	-12,9480	0,041	0,4067
15.01.2026 15:07:15	75,400	-1,295	-12,9544	0,040	0,4041
15.01.2026 15:07:15	75,450	-1,296	-12,9630	0,041	0,4070
15.01.2026 15:07:15	75,500	-1,303	-13,0264	0,041	0,4052
15.01.2026 15:07:15	75,550	-1,343	-13,4313	0,041	0,4060
15.01.2026 15:07:15	75,600	-1,379	-13,7933	0,040	0,4047
15.01.2026 15:07:15	75,650	-1,400	-14,0035	0,041	0,4055
15.01.2026 15:07:15	75,700	-1,410	-14,1040	0,040	0,4019
15.01.2026 15:07:15	75,750	-1,416	-14,1600	0,041	0,4053
15.01.2026 15:07:15	75,800	-1,419	-14,1861	0,041	0,4065
15.01.2026 15:07:15	75,850	-1,434	-14,3380	0,040	0,4041
15.01.2026 15:07:15	75,900	-1,458	-14,5771	0,040	0,4024
15.01.2026 15:07:15	75,950	-1,475	-14,7477	0,040	0,4044
15.01.2026 15:07:16	76,000	-1,483	-14,8278	0,040	0,4029
15.01.2026 15:07:16	76,050	-1,487	-14,8727	0,041	0,4074
15.01.2026 15:07:16	76,100	-1,490	-14,8959	0,040	0,4025
15.01.2026 15:07:16	76,150	-1,500	-14,9964	0,040	0,4041
15.01.2026 15:07:16	76,200	-1,516	-15,1625	0,040	0,3991
15.01.2026 15:07:16	76,250	-1,533	-15,3271	0,040	0,4011
15.01.2026 15:07:16	76,300	-1,550	-15,5022	0,040	0,3994
15.01.2026 15:07:16	76,350	-1,572	-15,7159	0,040	0,4034
15.01.2026 15:07:16	76,400	-1,597	-15,9684	0,040	0,4027
15.01.2026 15:07:16	76,450	-1,622	-16,2162	0,040	0,4045
15.01.2026 15:07:16	76,500	-1,639	-16,3874	0,041	0,4052
15.01.2026 15:07:16	76,550	-1,655	-16,5459	0,040	0,4018
15.01.2026 15:07:16	76,600	-1,662	-16,6153	0,040	0,4027
15.01.2026 15:07:16	76,650	-1,666	-16,6582	0,040	0,4047
15.01.2026 15:07:16	76,700	-1,667	-16,6714	0,040	0,4035
15.01.2026 15:07:16	76,750	-1,669	-16,6873	0,041	0,4058
15.01.2026 15:07:16	76,800	-1,669	-16,6895	0,040	0,4033
15.01.2026 15:07:16	76,850	-1,671	-16,7143	0,040	0,4048
15.01.2026 15:07:16	76,900	-1,686	-16,8573	0,040	0,4041
15.01.2026 15:07:16	76,950	-1,708	-17,0831	0,041	0,4071
15.01.2026 15:07:17	77,000	-1,724	-17,2449	0,040	0,4026
15.01.2026 15:07:17	77,050	-1,733	-17,3350	0,040	0,4020
15.01.2026 15:07:17	77,100	-1,737	-17,3709	0,040	0,4014
15.01.2026 15:07:17	77,150	-1,740	-17,3972	0,040	0,4047
15.01.2026 15:07:17	77,200	-1,740	-17,4031	0,040	0,4028
15.01.2026 15:07:17	77,250	-1,741	-17,4128	0,041	0,4061
15.01.2026 15:07:17	77,300	-1,742	-17,4176	0,040	0,4030
15.01.2026 15:07:17	77,350	-1,755	-17,5485	0,040	0,4029
15.01.2026 15:07:17	77,400	-1,782	-17,8236	0,040	0,4042
15.01.2026 15:07:17	77,450	-1,814	-18,1367	0,040	0,4038
15.01.2026 15:07:17	77,500	-1,841	-18,4106	0,040	0,4028
15.01.2026 15:07:17	77,550	-1,866	-18,6592	0,041	0,4051
15.01.2026 15:07:17	77,600	-1,884	-18,8420	0,040	0,4025
15.01.2026 15:07:17	77,650	-1,901	-19,0087	0,040	0,4032
15.01.2026 15:07:17	77,700	-1,909	-19,0892	0,040	0,4046
15.01.2026 15:07:17	77,750	-1,914	-19,1417	0,040	0,4045
15.01.2026 15:07:17	77,800	-1,916	-19,1580	0,040	0,4027
15.01.2026 15:07:17	77,850	-1,918	-19,1753	0,040	0,4041
15.01.2026 15:07:17	77,900	-1,918	-19,1792	0,040	0,3996
15.01.2026 15:07:17	77,950	-1,919	-19,1853	0,040	0,4045
15.01.2026 15:07:18	78,000	-1,918	-19,1826	0,040	0,4018
15.01.2026 15:07:18	78,050	-1,919	-19,1890	0,040	0,4042
15.01.2026 15:07:18	78,100	-1,918	-19,1822	0,040	0,4046
15.01.2026 15:07:18	78,150	-1,919	-19,1893	0,041	0,4059
15.01.2026 15:07:18	78,200	-1,918	-19,1839	0,040	0,4048
15.01.2026 15:07:18	78,250	-1,923	-19,2339	0,040	0,4002
15.01.2026 15:07:18	78,300	-1,930	-19,3002	0,040	0,4037
15.01.2026 15:07:18	78,350	-1,942	-19,4187	0,040	0,4046
15.01.2026 15:07:18	78,400	-1,958	-19,5827	0,040	0,4008
15.01.2026 15:07:18	78,450	-1,981	-19,8106	0,040	0,4040
15.01.2026 15:07:18	78,500	-2,002	-20,0241	0,040	0,4045
15.01.2026 15:07:18	78,550	-2,024	-20,2438	0,041	0,4065
15.01.2026 15:07:18	78,600	-2,048	-20,4847	0,040	0,4026
15.01.2026 15:07:18	78,650	-2,063	-20,6350	0,041	0,4056
15.01.2026 15:07:18	78,700	-2,070	-20,7049	0,040	0,4013
15.01.2026 15:07:18	78,750	-2,074	-20,7450	0,040	0,4043
15.01.2026 15:07:18	78,800	-2,076	-20,7590	0,040	0,4028
15.01.2026 15:07:18	78,850	-2,077	-20,7749	0,040	0,4032
15.01.2026 15:07:18	78,900	-2,077	-20,7742	0,040	0,4029
15.01.2026 15:07:18	78,950	-2,088	-20,8824	0,040	0,4019
15.01.2026 15:07:19	79,000	-2,116	-21,1594	0,040	0,4037
15.01.2026 15:07:19	79,050	-2,133	-21,3347	0,040	0,4039
15.01.2026 15:07:19	79,100	-2,141	-21,4104	0,040	0,4039
15.01.2026 15:07:19	79,150	-2,147	-21,4661	0,040	0,4049
15.01.2026 15:07:19	79,200	-2,166	-21,6578	0,040	0,4025
15.01.2026 15:07:19	79,250	-2,209	-22,0889	0,040	0,4024
15.01.2026 15:07:19	79,300	-2,263	-22,6253	0,040	0,4025
15.01.2026 15:07:19	79,350	-2,303	-23,0290	0,040	0,4036
15.01.2026 15:07:19	79,400	-2,324	-23,2382	0,040	0,3997
15.01.2026 15:07:19	79,450	-2,335	-23,3484	0,040	0,4037
15.01.2026 15:07:19	79,500	-2,340	-23,4017	0,040	0,4008
15.01.2026 15:07:19	79,550	-2,343	-23,4340	0,040	0,4038
15.01.2026 15:07:19	79,600	-2,344	-23,4443	0,040	0,4027
15.01.2026 15:07:19	79,650	-2,346	-23,4572	0,041	0,4060
15.01.2026 15:07:19	79,700	-2,349	-23,4938	0,040	0,4008
15.01.2026 15:07:19	79,750	-2,391	-23,9136	0,040	0,4046
15.01.2026 15:07:19	79,800	-2,454	-24,5411	0,040	0,3993
15.01.2026 15:07:19	79,850	-2,498	-24,9792	0,040	0,4028
15.01.2026 15:07:19	79,900	-2,519	-25,1926	0,040	0,3998
15.01.2026 15:07:19	79,950	-2,530	-25,3049	0,040	0,4032
15.01.2026 15:07:20	80,000	-2,536	-25,3576	0,040	0,4015
15.01.2026 15:07:20	80,050	-2,539	-25,3924	0,040	0,4041
15.01.2026 15:07:20	80,100	-2,542	-25,4194	0,040	0,4045
15.01.2026 15:07:20	80,150	-2,553	-25,5346	0,041	0,4057
15.01.2026 15:07:20	80,200	-2,572	-25,7205	0,040	0,4038
15.01.2026 15:07:20	80,250	-2,593	-25,9286	0,041	0,4051
15.01.2026 15:07:20	80,300	-2,606	-26,0579	0,040	0,4017
15.01.2026 15:07:20	80,350	-2,620	-26,2005	0,041	0,4050
15.01.2026 15:07:20	80,400	-2,633	-26,3344	0,040	0,4008
15.01.2026 15:07:20	80,450	-2,643	-26,4313	0,040	0,4020
15.01.2026 15:07:20	80,500	-2,656	-26,5615	0,040	0,4019
15.01.2026 15:07:20	80,550	-2,670	-26,7035	0,041	0,4056
15.01.2026 15:07:20	80,600	-2,682	-26,8210	0,040	0,4021
15.01.2026 15:07:20	80,650	-2,702	-27,0178	0,040	0,4046
15.01.2026 15:07:20	80,700	-2,726	-27,2578	0,040	0,4027
15.01.2026 15:07:20	80,750	-2,745	-27,4518	0,040	0,4014
15.01.2026 15:07:20	80,800	-2,767	-27,6702	0,040	0,4013
15.01.2026 15:07:20	80,850	-2,794	-27,9368	0,040	0,4045
15.01.2026 15:07:20	80,900	-2,811	-28,1057	0,040	0,4025
15.01.2026 15:07:20	80,950	-2,820	-28,1992	0,040	0,4043
15.01.2026 15:07:21	81,000	-2,824	-28,2403	0,040	0,4025
15.01.2026 15:07:21	81,050	-2,827	-28,2702	0,040	0,4038
15.01.2026 15:07:21	81,100	-2,831	-28,3094	0,040	0,4016
15.01.2026 15:07:21	81,150	-2,839	-28,3877	0,040	0,4037
15.01.2026 15:07:21	81,200	-2,845	-28,4465	0,040	0,4020
15.01.2026 15:07:21	81,250	-2,857	-28,5725	0,041	0,4056
15.01.2026 15:07:21	81,300	-2,876	-28,7634	0,040	0,4004
15.01.2026 15:07:21	81,350	-2,904	-29,0371	0,040	0,4033
15.01.2026 15:07:21	81,400	-2,929	-29,2920	0,040	0,4003
15.01.2026 15:07:21	81,450	-2,954	-29,5423	0,041	0,4054
15.01.2026 15:07:21	81,500	-2,982	-29,8234	0,040	0,4035
15.01.2026 15:07:21	81,550	-3,004	-30,0440	0,040	0,4040
15.01.2026 15:07:21	81,600	-3,015	-30,1496	0,040	0,4017
15.01.2026 15:07:21	81,650	-3,021	-30,2060	0,041	0,4063
15.01.2026 15:07:21	81,700	-3,023	-30,2336	0,040	0,4003
15.01.2026 15:07:21	81,750	-3,025	-30,2503	0,040	0,4043
15.01.2026 15:07:21	81,800	-3,025	-30,2523	0,040	0,4014
15.01.2026 15:07:21	81,850	-3,026	-30,2602	0,040	0,4035
15.01.2026 15:07:21	81,900	-3,026	-30,2576	0,040	0,4016
15.01.2026 15:07:21	81,950	-3,026	-30,2648	0,040	0,4031
15.01.2026 15:07:22	82,000	-3,026	-30,2647	0,040	0,4001
15.01.2026 15:07:22	82,050	-3,027	-30,2680	0,040	0,4046
15.01.2026 15:07:22	82,100	-3,026	-30,2639	0,040	0,4016
15.01.2026 15:07:22	82,150	-3,027	-30,2681	0,040	0,4039
15.01.2026 15:07:22	82,200	-3,029	-30,2904	0,040	0,4031
15.01.2026 15:07:22	82,250	-3,049	-30,4874	0,040	0,4049
15.01.2026 15:07:22	82,300	-3,075	-30,7491	0,040	0,4020
15.01.2026 15:07:22	82,350	-3,103	-31,0315	0,040	0,4037
15.01.2026 15:07:22	82,400	-3,127	-31,2671	0,040	0,4046
15.01.2026 15:07:22	82,450	-3,151	-31,5106	0,040	0,4032
15.01.2026 15:07:22	82,500	-3,181	-31,8093	0,040	0,4041
15.01.2026 15:07:22	82,550	-3,210	-32,0963	0,040	0,4013
15.01.2026 15:07:22	82,600	-3,231	-32,3119	0,040	0,4029
15.01.2026 15:07:22	82,650	-3,246	-32,4558	0,040	0,4047
15.01.2026 15:07:22	82,700	-3,262	-32,6233	0,041	0,4063
15.01.2026 15:07:22	82,750	-3,288	-32,8820	0,040	0,3995
15.01.2026 15:07:22	82,800	-3,300	-33,0027	0,040	0,4033
15.01.2026 15:07:22	82,850	-3,308	-33,0755	0,040	0,4003
15.01.2026 15:07:22	82,900	-3,310	-33,1000	0,040	0,4032
15.01.2026 15:07:22	82,950	-3,324	-33,2353	0,040	0,4017
15.01.2026 15:07:23	83,000	-3,366	-33,6580	0,040	0,4016
15.01.2026 15:07:23	83,050	-3,438	-34,3816	0,040	0,4030
15.01.2026 15:07:23	83,100	-3,529	-35,2871	0,040	0,4025
15.01.2026 15:07:23	83,150	-3,611	-36,1108	0,040	0,4038
15.01.2026 15:07:23	83,200	-3,656	-36,5586	0,040	0,4016
15.01.2026 15:07:23	83,250	-3,684	-36,8389	0,040	0,4010
15.01.2026 15:07:23	83,300	-3,704	-37,0379	0,040	0,3989
15.01.2026 15:07:23	83,350	-3,715	-37,1514	0,040	0,4015
15.01.2026 15:07:23	83,400	-3,727	-37,2687	0,040	0,3993
15.01.2026 15:07:23	83,450	-3,737	-37,3692	0,040	0,4019
15.01.2026 15:07:23	83,500	-3,754	-37,5439	0,040	0,4027
15.01.2026 15:07:23	83,550	-3,781	-37,8106	0,040	0,4018
15.01.2026 15:07:23	83,600	-3,807	-38,0656	0,040	0,4018
15.01.2026 15:07:23	83,650	-3,832	-38,3185	0,040	0,4019
15.01.2026 15:07:23	83,700	-3,857	-38,5702	0,040	0,3997
15.01.2026 15:07:23	83,750	-3,878	-38,7791	0,040	0,4019
15.01.2026 15:07:23	83,800	-3,891	-38,9127	0,040	0,3992
15.01.2026 15:07:23	83,850	-3,899	-38,9851	0,040	0,4004
15.01.2026 15:07:23	83,900	-3,902	-39,0170	0,040	0,3987
15.01.2026 15:07:23	83,950	-3,906	-39,0568	0,040	0,4017
15.01.2026 15:07:24	84,000	-3,914	-39,1358	0,040	0,4020
15.01.2026 15:07:24	84,050	-3,926	-39,2617	0,040	0,4017
15.01.2026 15:07:24	84,100	-3,947	-39,4689	0,040	0,4039
15.01.2026 15:07:24	84,150	-3,974	-39,7387	0,040	0,3998
15.01.2026 15:07:24	84,200	-3,993	-39,9299	0,040	0,4011
15.01.2026 15:07:24	84,250	-4,009	-40,0935	0,040	0,4010
15.01.2026 15:07:24	84,300	-4,020	-40,2033	0,040	0,4012
15.01.2026 15:07:24	84,350	-4,035	-40,3518	0,040	0,4009
15.01.2026 15:07:24	84,400	-4,061	-40,6093	0,040	0,4027
15.01.2026 15:07:24	84,450	-4,112	-41,1216	0,040	0,4015
15.01.2026 15:07:24	84,500	-4,151	-41,5136	0,040	0,4009
15.01.2026 15:07:24	84,550	-4,172	-41,7212	0,040	0,4019
15.01.2026 15:07:24	84,600	-4,180	-41,8003	0,040	0,4003
15.01.2026 15:07:24	84,650	-4,174	-41,7415	0,040	0,4016
15.01.2026 15:07:24	84,700	-4,165	-41,6496	0,040	0,4012
15.01.2026 15:07:24	84,750	-4,161	-41,6133	0,040	0,4023
15.01.2026 15:07:24	84,800	-4,164	-41,6440	0,040	0,4021
15.01.2026 15:07:24	84,850	-4,170	-41,7019	0,040	0,4017
15.01.2026 15:07:24	84,900	-4,172	-41,7205	0,040	0,4042
15.01.2026 15:07:24	84,950	-4,174	-41,7386	0,040	0,4050
15.01.2026 15:07:25	85,000	-4,175	-41,7532	0,040	0,4011
15.01.2026 15:07:25	85,050	-4,185	-41,8472	0,040	0,4024
15.01.2026 15:07:25	85,100	-4,204	-42,0434	0,040	0,3987
15.01.2026 15:07:25	85,150	-4,240	-42,3961	0,040	0,4000
15.01.2026 15:07:25	85,200	-4,279	-42,7870	0,040	0,4017
15.01.2026 15:07:25	85,250	-4,325	-43,2546	0,040	0,3983
15.01.2026 15:07:25	85,300	-4,365	-43,6506	0,040	0,4013
15.01.2026 15:07:25	85,350	-4,391	-43,9065	0,041	0,4062
15.01.2026 15:07:25	85,400	-4,414	-44,1425	0,040	0,3998
15.01.2026 15:07:25	85,450	-4,430	-44,3007	0,040	0,4013
15.01.2026 15:07:25	85,500	-4,438	-44,3808	0,040	0,3976
15.01.2026 15:07:25	85,550	-4,440	-44,3962	0,040	0,4013
15.01.2026 15:07:25	85,600	-4,434	-44,3371	0,040	0,4006
15.01.2026 15:07:25	85,650	-4,431	-44,3142	0,040	0,3993
15.01.2026 15:07:25	85,700	-4,430	-44,2983	0,040	0,3983
15.01.2026 15:07:25	85,750	-4,429	-44,2945	0,040	0,4009
15.01.2026 15:07:25	85,800	-4,426	-44,2572	0,040	0,4014
15.01.2026 15:07:25	85,850	-4,435	-44,3485	0,040	0,4041
15.01.2026 15:07:25	85,900	-4,470	-44,6952	0,040	0,4023
15.01.2026 15:07:25	85,950	-4,503	-45,0273	0,040	0,4025
15.01.2026 15:07:26	86,000	-4,520	-45,1986	0,040	0,4004
15.01.2026 15:07:26	86,050	-4,536	-45,3579	0,040	0,4011
15.01.2026 15:07:26	86,100	-4,547	-45,4744	0,040	0,3997
15.01.2026 15:07:26	86,150	-4,572	-45,7202	0,040	0,4012
15.01.2026 15:07:26	86,200	-4,603	-46,0318	0,040	0,4016
15.01.2026 15:07:26	86,250	-4,624	-46,2366	0,040	0,4040
15.01.2026 15:07:26	86,300	-4,634	-46,3351	0,040	0,4023
15.01.2026 15:07:26	86,350	-4,640	-46,3961	0,040	0,4011
15.01.2026 15:07:26	86,400	-4,642	-46,4190	0,040	0,4011
15.01.2026 15:07:26	86,450	-4,644	-46,4396	0,040	0,4025
15.01.2026 15:07:26	86,500	-4,644	-46,4426	0,040	0,4011
15.01.2026 15:07:26	86,550	-4,645	-46,4529	0,040	0,4012
15.01.2026 15:07:26	86,600	-4,645	-46,4517	0,040	0,3999
15.01.2026 15:07:26	86,650	-4,650	-46,5013	0,040	0,4036
15.01.2026 15:07:26	86,700	-4,656	-46,5647	0,040	0,4011
15.01.2026 15:07:26	86,750	-4,660	-46,5997	0,040	0,4014
15.01.2026 15:07:26	86,800	-4,661	-46,6116	0,040	0,3985
15.01.2026 15:07:26	86,850	-4,662	-46,6206	0,040	0,4016
15.01.2026 15:07:26	86,900	-4,673	-46,7285	0,040	0,3999
15.01.2026 15:07:26	86,950	-4,706	-47,0631	0,040	0,3980
15.01.2026 15:07:27	87,000	-4,746	-47,4560	0,040	0,3987
15.01.2026 15:07:27	87,050	-4,775	-47,7520	0,040	0,4033
15.01.2026 15:07:27	87,100	-4,792	-47,9162	0,040	0,4001
15.01.2026 15:07:27	87,150	-4,808	-48,0764	0,041	0,4052
15.01.2026 15:07:27	87,200	-4,827	-48,2664	0,040	0,4002
15.01.2026 15:07:27	87,250	-4,846	-48,4579	0,040	0,4026
15.01.2026 15:07:27	87,300	-4,863	-48,6334	0,040	0,4020
15.01.2026 15:07:27	87,350	-4,881	-48,8103	0,040	0,4025
15.01.2026 15:07:27	87,400	-4,901	-49,0073	0,040	0,3976
15.01.2026 15:07:27	87,450	-4,922	-49,2232	0,040	0,3999
15.01.2026 15:07:27	87,500	-4,936	-49,3604	0,040	0,4014
15.01.2026 15:07:27	87,550	-4,944	-49,4396	0,040	0,3979
15.01.2026 15:07:27	87,600	-4,951	-49,5064	0,040	0,3972
15.01.2026 15:07:27	87,650	-4,973	-49,7308	0,040	0,4011
15.01.2026 15:07:27	87,700	-5,002	-50,0197	0,040	0,4001
15.01.2026 15:07:27	87,750	-5,027	-50,2715	0,040	0,4034
15.01.2026 15:07:27	87,800	-5,043	-50,4284	0,040	0,4019
15.01.2026 15:07:27	87,850	-5,058	-50,5831	0,040	0,4004
15.01.2026 15:07:27	87,900	-5,069	-50,6937	0,040	0,3992
15.01.2026 15:07:27	87,950	-5,089	-50,8870	0,040	0,4030
15.01.2026 15:07:28	88,000	-5,109	-51,0886	0,040	0,3991
15.01.2026 15:07:28	88,050	-5,121	-51,2094	0,040	0,3996
15.01.2026 15:07:28	88,100	-5,133	-51,3290	0,040	0,4022
15.01.2026 15:07:28	88,150	-5,141	-51,4102	0,040	0,4013
15.01.2026 15:07:28	88,200	-5,144	-51,4413	0,040	0,4040
15.01.2026 15:07:28	88,250	-5,150	-51,5008	0,040	0,4024
15.01.2026 15:07:28	88,300	-5,163	-51,6331	0,040	0,4006
15.01.2026 15:07:28	88,350	-5,174	-51,7442	0,040	0,3995
15.01.2026 15:07:28	88,400	-5,179	-51,7907	0,040	0,4018
15.01.2026 15:07:28	88,450	-5,182	-51,8229	0,040	0,4022
15.01.2026 15:07:28	88,500	-5,184	-51,8361	0,040	0,4018
15.01.2026 15:07:28	88,550	-5,185	-51,8479	0,040	0,4018
15.01.2026 15:07:28	88,600	-5,185	-51,8486	0,040	0,4022
15.01.2026 15:07:28	88,650	-5,185	-51,8544	0,040	0,4021
15.01.2026 15:07:28	88,700	-5,186	-51,8558	0,040	0,3970
15.01.2026 15:07:28	88,750	-5,186	-51,8577	0,040	0,4000
15.01.2026 15:07:28	88,800	-5,186	-51,8555	0,040	0,4017
15.01.2026 15:07:28	88,850	-5,186	-51,8638	0,040	0,3969
15.01.2026 15:07:28	88,900	-5,186	-51,8592	0,040	0,3988
15.01.2026 15:07:28	88,950	-5,190	-51,9049	0,040	0,3992
15.01.2026 15:07:29	89,000	-5,209	-52,0921	0,040	0,3998
15.01.2026 15:07:29	89,050	-5,239	-52,3908	0,040	0,4013
15.01.2026 15:07:29	89,100	-5,268	-52,6768	0,040	0,4003
15.01.2026 15:07:29	89,150	-5,293	-52,9258	0,040	0,4000
15.01.2026 15:07:29	89,200	-5,313	-53,1300	0,040	0,3978
15.01.2026 15:07:29	89,250	-5,337	-53,3719	0,040	0,4029
15.01.2026 15:07:29	89,300	-5,371	-53,7111	0,040	0,3960
15.01.2026 15:07:29	89,350	-5,421	-54,2136	0,040	0,4033
15.01.2026 15:07:29	89,400	-5,476	-54,7556	0,040	0,4017
15.01.2026 15:07:29	89,450	-5,534	-55,3398	0,040	0,3970
15.01.2026 15:07:29	89,500	-5,640	-56,3957	0,040	0,4018
15.01.2026 15:07:29	89,550	-5,784	-57,8379	0,040	0,3973
15.01.2026 15:07:29	89,600	-5,871	-58,7127	0,040	0,4004
15.01.2026 15:07:29	89,650	-5,910	-59,1044	0,040	0,3986
15.01.2026 15:07:29	89,700	-5,915	-59,1543	0,040	0,3958
15.01.2026 15:07:29	89,750	-5,907	-59,0677	0,040	0,4005
15.01.2026 15:07:29	89,800	-5,899	-58,9878	0,040	0,4005
15.01.2026 15:07:29	89,850	-5,895	-58,9507	0,040	0,3992
15.01.2026 15:07:29	89,900	-5,893	-58,9297	0,040	0,3986
15.01.2026 15:07:29	89,950	-5,892	-58,9236	0,040	0,3998
15.01.2026 15:07:30	90,000	-5,892	-58,9176	0,040	0,3990
15.01.2026 15:07:30	90,050	-5,892	-58,9185	0,040	0,3997
15.01.2026 15:07:30	90,100	-5,892	-58,9234	0,040	0,3983
15.01.2026 15:07:30	90,150	-5,892	-58,9228	0,040	0,4023
15.01.2026 15:07:30	90,200	-5,892	-58,9230	0,040	0,4004
15.01.2026 15:07:30	90,250	-5,893	-58,9326	0,040	0,4008
15.01.2026 15:07:30	90,300	-5,902	-59,0165	0,040	0,4002
15.01.2026 15:07:30	90,350	-5,915	-59,1489	0,040	0,3965
15.01.2026 15:07:30	90,400	-5,931	-59,3097	0,040	0,4001
15.01.2026 15:07:30	90,450	-5,948	-59,4770	0,040	0,3981
15.01.2026 15:07:30	90,500	-5,956	-59,5598	0,040	0,3997
15.01.2026 15:07:30	90,550	-5,967	-59,6703	0,040	0,4007
15.01.2026 15:07:30	90,600	-5,978	-59,7836	0,040	0,4020
15.01.2026 15:07:30	90,650	-6,001	-60,0067	0,040	0,3980
15.01.2026 15:07:30	90,700	-6,031	-60,3146	0,040	0,3997
15.01.2026 15:07:30	90,750	-6,065	-60,6527	0,040	0,3999
15.01.2026 15:07:30	90,800	-6,087	-60,8653	0,040	0,4021
15.01.2026 15:07:30	90,850	-6,098	-60,9802	0,040	0,3980
15.01.2026 15:07:30	90,900	-6,104	-61,0356	0,040	0,3979
15.01.2026 15:07:30	90,950	-6,112	-61,1211	0,040	0,3996
15.01.2026 15:07:31	91,000	-6,120	-61,2028	0,040	0,3972
15.01.2026 15:07:31	91,050	-6,111	-61,1121	0,040	0,3983
15.01.2026 15:07:31	91,100	-6,092	-60,9238	0,040	0,4011
15.01.2026 15:07:31	91,150	-6,084	-60,8351	0,040	0,3981
15.01.2026 15:07:31	91,200	-6,078	-60,7834	0,040	0,4022
15.01.2026 15:07:31	91,250	-6,077	-60,7668	0,040	0,3978
15.01.2026 15:07:31	91,300	-6,075	-60,7521	0,040	0,3992
15.01.2026 15:07:31	91,350	-6,075	-60,7469	0,040	0,3999
15.01.2026 15:07:31	91,400	-6,074	-60,7425	0,040	0,4000
15.01.2026 15:07:31	91,450	-6,074	-60,7427	0,040	0,3997
15.01.2026 15:07:31	91,500	-6,074	-60,7390	0,040	0,4025
15.01.2026 15:07:31	91,550	-6,077	-60,7738	0,040	0,4021
15.01.2026 15:07:31	91,600	-6,087	-60,8677	0,040	0,4025
15.01.2026 15:07:31	91,650	-6,103	-61,0348	0,040	0,4001
15.01.2026 15:07:31	91,700	-6,116	-61,1592	0,040	0,4032
15.01.2026 15:07:31	91,750	-6,131	-61,3084	0,040	0,3972
15.01.2026 15:07:31	91,800	-6,146	-61,4636	0,040	0,4019
15.01.2026 15:07:31	91,850	-6,159	-61,5930	0,040	0,4001
15.01.2026 15:07:31	91,900	-6,172	-61,7227	0,040	0,3993
15.01.2026 15:07:31	91,950	-6,187	-61,8712	0,040	0,4002
15.01.2026 15:07:32	92,000	-6,206	-62,0624	0,040	0,3993
15.01.2026 15:07:32	92,050	-6,222	-62,2154	0,040	0,3989
15.01.2026 15:07:32	92,100	-6,234	-62,3361	0,040	0,4012
15.01.2026 15:07:32	92,150	-6,245	-62,4476	0,040	0,3965
15.01.2026 15:07:32	92,200	-6,256	-62,5571	0,040	0,3992
15.01.2026 15:07:32	92,250	-6,268	-62,6782	0,040	0,3986
15.01.2026 15:07:32	92,300	-6,279	-62,7899	0,040	0,4018
15.01.2026 15:07:32	92,350	-6,285	-62,8539	0,040	0,4016
15.01.2026 15:07:32	92,400	-6,289	-62,8918	0,040	0,4020
15.01.2026 15:07:32	92,450	-6,298	-62,9830	0,040	0,3995
15.01.2026 15:07:32	92,500	-6,304	-63,0431	0,040	0,4010
15.01.2026 15:07:32	92,550	-6,308	-63,0811	0,040	0,3960
15.01.2026 15:07:32	92,600	-6,315	-63,1549	0,040	0,4031
15.01.2026 15:07:32	92,650	-6,324	-63,2384	0,040	0,4022
15.01.2026 15:07:32	92,700	-6,335	-63,3511	0,040	0,4007
15.01.2026 15:07:32	92,750	-6,343	-63,4301	0,040	0,3998
15.01.2026 15:07:32	92,800	-6,353	-63,5348	0,040	0,4018
15.01.2026 15:07:32	92,850	-6,363	-63,6275	0,040	0,3973
15.01.2026 15:07:32	92,900	-6,376	-63,7595	0,040	0,3987
15.01.2026 15:07:32	92,950	-6,390	-63,9041	0,040	0,4007
15.01.2026 15:07:33	93,000	-6,407	-64,0666	0,040	0,3977
15.01.2026 15:07:33	93,050	-6,423	-64,2282	0,040	0,4008
15.01.2026 15:07:33	93,100	-6,438	-64,3841	0,040	0,4019
15.01.2026 15:07:33	93,150	-6,449	-64,4872	0,040	0,3987
15.01.2026 15:07:33	93,200	-6,463	-64,6345	0,040	0,4007
15.01.2026 15:07:33	93,250	-6,482	-64,8189	0,040	0,3996
15.01.2026 15:07:33	93,300	-6,500	-64,9993	0,040	0,3973
15.01.2026 15:07:33	93,350	-6,515	-65,1546	0,040	0,3988
15.01.2026 15:07:33	93,400	-6,533	-65,3267	0,040	0,3979
15.01.2026 15:07:33	93,450	-6,549	-65,4877	0,040	0,3971
15.01.2026 15:07:33	93,500	-6,557	-65,5732	0,040	0,3997
15.01.2026 15:07:33	93,550	-6,568	-65,6763	0,040	0,3993
15.01.2026 15:07:33	93,600	-6,579	-65,7874	0,040	0,4000
15.01.2026 15:07:33	93,650	-6,594	-65,9399	0,040	0,3992
15.01.2026 15:07:33	93,700	-6,607	-66,0736	0,040	0,4050
15.01.2026 15:07:33	93,750	-6,623	-66,2305	0,040	0,3976
15.01.2026 15:07:33	93,800	-6,639	-66,3934	0,040	0,4002
15.01.2026 15:07:33	93,850	-6,653	-66,5343	0,040	0,4004
15.01.2026 15:07:33	93,900	-6,664	-66,6425	0,040	0,4033
15.01.2026 15:07:33	93,950	-6,671	-66,7138	0,040	0,3957
15.01.2026 15:07:34	94,000	-6,676	-66,7631	0,040	0,4004
15.01.2026 15:07:34	94,050	-6,684	-66,8434	0,040	0,4019
15.01.2026 15:07:34	94,100	-6,690	-66,8956	0,040	0,4017
15.01.2026 15:07:34	94,150	-6,692	-66,9197	0,040	0,3972
15.01.2026 15:07:34	94,200	-6,695	-66,9462	0,040	0,4015
15.01.2026 15:07:34	94,250	-6,711	-67,1090	0,040	0,3989
15.01.2026 15:07:34	94,300	-6,730	-67,3011	0,040	0,4011
15.01.2026 15:07:34	94,350	-6,741	-67,4094	0,040	0,3977
15.01.2026 15:07:34	94,400	-6,746	-67,4608	0,040	0,4031
15.01.2026 15:07:34	94,450	-6,749	-67,4929	0,040	0,3988
15.01.2026 15:07:34	94,500	-6,751	-67,5062	0,040	0,4008
15.01.2026 15:07:34	94,550	-6,751	-67,5132	0,040	0,3995
15.01.2026 15:07:34	94,600	-6,752	-67,5176	0,040	0,4013
15.01.2026 15:07:34	94,650	-6,752	-67,5221	0,040	0,3979
15.01.2026 15:07:34	94,700	-6,751	-67,5132	0,040	0,4017
15.01.2026 15:07:34	94,750	-6,749	-67,4875	0,040	0,3990
15.01.2026 15:07:34	94,800	-6,731	-67,3060	0,040	0,4007
15.01.2026 15:07:34	94,850	-6,697	-66,9734	0,040	0,4002
15.01.2026 15:07:34	94,900	-6,671	-66,7084	0,040	0,4005
15.01.2026 15:07:34	94,950	-6,656	-66,5591	0,040	0,4003
15.01.2026 15:07:35	95,000	-6,649	-66,4857	0,040	0,4016
15.01.2026 15:07:35	95,050	-6,645	-66,4472	0,040	0,3991
15.01.2026 15:07:35	95,100	-6,643	-66,4294	0,040	0,4015
15.01.2026 15:07:35	95,150	-6,637	-66,3713	0,040	0,3956
15.01.2026 15:07:35	95,200	-6,628	-66,2786	0,040	0,4015
15.01.2026 15:07:35	95,250	-6,607	-66,0736	0,040	0,3983
15.01.2026 15:07:35	95,300	-6,586	-65,8563	0,040	0,4000
15.01.2026 15:07:35	95,350	-6,563	-65,6257	0,040	0,3966
15.01.2026 15:07:35	95,400	-6,548	-65,4779	0,040	0,3994
15.01.2026 15:07:35	95,450	-6,540	-65,4042	0,040	0,3987
15.01.2026 15:07:35	95,500	-6,532	-65,3180	0,040	0,4007
15.01.2026 15:07:35	95,550	-6,523	-65,2326	0,040	0,3959
15.01.2026 15:07:35	95,600	-6,519	-65,1865	0,040	0,4010
15.01.2026 15:07:35	95,650	-6,511	-65,1106	0,040	0,3984
15.01.2026 15:07:35	95,700	-6,503	-65,0299	0,040	0,4022
15.01.2026 15:07:35	95,750	-6,492	-64,9242	0,040	0,3981
15.01.2026 15:07:35	95,800	-6,478	-64,7784	0,040	0,4015
15.01.2026 15:07:35	95,850	-6,461	-64,6081	0,040	0,4003
15.01.2026 15:07:35	95,900	-6,446	-64,4562	0,040	0,4014
15.01.2026 15:07:35	95,950	-6,434	-64,3416	0,040	0,3990
15.01.2026 15:07:36	96,000	-6,429	-64,2855	0,040	0,4015
15.01.2026 15:07:36	96,050	-6,421	-64,2064	0,040	0,3976
15.01.2026 15:07:36	96,100	-6,411	-64,1075	0,040	0,4046
15.01.2026 15:07:36	96,150	-6,396	-63,9565	0,040	0,4015
15.01.2026 15:07:36	96,200	-6,383	-63,8269	0,040	0,4024
15.01.2026 15:07:36	96,250	-6,371	-63,7095	0,040	0,3987
15.01.2026 15:07:36	96,300	-6,361	-63,6119	0,040	0,4006
15.01.2026 15:07:36	96,350	-6,356	-63,5567	0,040	0,3987
15.01.2026 15:07:36	96,400	-6,344	-63,4357	0,040	0,4013
15.01.2026 15:07:36	96,450	-6,319	-63,1906	0,040	0,3991
15.01.2026 15:07:36	96,500	-6,298	-62,9839	0,041	0,4051
15.01.2026 15:07:36	96,550	-6,288	-62,8844	0,040	0,3988
15.01.2026 15:07:36	96,600	-6,279	-62,7882	0,040	0,4015
15.01.2026 15:07:36	96,650	-6,269	-62,6918	0,040	0,4002
15.01.2026 15:07:36	96,700	-6,264	-62,6442	0,040	0,4014
15.01.2026 15:07:36	96,750	-6,261	-62,6106	0,040	0,4010
15.01.2026 15:07:36	96,800	-6,253	-62,5333	0,040	0,4038
15.01.2026 15:07:36	96,850	-6,247	-62,4742	0,040	0,3962
15.01.2026 15:07:36	96,900	-6,238	-62,3813	0,040	0,4026
15.01.2026 15:07:36	96,950	-6,231	-62,3080	0,040	0,3964
15.01.2026 15:07:37	97,000	-6,228	-62,2769	0,040	0,4021
15.01.2026 15:07:37	97,050	-6,216	-62,1580	0,040	0,3971
15.01.2026 15:07:37	97,100	-6,193	-61,9315	0,040	0,4002
15.01.2026 15:07:37	97,150	-6,180	-61,8044	0,040	0,4003
15.01.2026 15:07:37	97,200	-6,174	-61,7447	0,040	0,4026
15.01.2026 15:07:37	97,250	-6,171	-61,7121	0,040	0,3976
15.01.2026 15:07:37	97,300	-6,170	-61,6974	0,040	0,4025
15.01.2026 15:07:37	97,350	-6,169	-61,6861	0,040	0,3987
15.01.2026 15:07:37	97,400	-6,168	-61,6823	0,040	0,4029
15.01.2026 15:07:37	97,450	-6,168	-61,6766	0,040	0,3997
15.01.2026 15:07:37	97,500	-6,168	-61,6781	0,040	0,4023
15.01.2026 15:07:37	97,550	-6,166	-61,6637	0,040	0,3988
15.01.2026 15:07:37	97,600	-6,157	-61,5692	0,040	0,4034
15.01.2026 15:07:37	97,650	-6,136	-61,3641	0,040	0,3960
15.01.2026 15:07:37	97,700	-6,110	-61,1035	0,040	0,4025
15.01.2026 15:07:37	97,750	-6,089	-60,8923	0,040	0,3956
15.01.2026 15:07:37	97,800	-6,072	-60,7232	0,041	0,4075
15.01.2026 15:07:37	97,850	-6,054	-60,5403	0,040	0,3976
15.01.2026 15:07:37	97,900	-6,036	-60,3606	0,040	0,4018
15.01.2026 15:07:37	97,950	-6,017	-60,1729	0,040	0,3988
15.01.2026 15:07:38	98,000	-6,003	-60,0321	0,040	0,4038
15.01.2026 15:07:38	98,050	-5,996	-59,9576	0,040	0,3987
15.01.2026 15:07:38	98,100	-5,988	-59,8789	0,040	0,4024
15.01.2026 15:07:38	98,150	-5,974	-59,7418	0,040	0,3971
15.01.2026 15:07:38	98,200	-5,957	-59,5674	0,040	0,4029
15.01.2026 15:07:38	98,250	-5,944	-59,4410	0,040	0,4005
15.01.2026 15:07:38	98,300	-5,932	-59,3178	0,040	0,4026
15.01.2026 15:07:38	98,350	-5,924	-59,2396	0,040	0,3997
15.01.2026 15:07:38	98,400	-5,914	-59,1424	0,040	0,4036
15.01.2026 15:07:38	98,450	-5,904	-59,0421	0,040	0,3990
15.01.2026 15:07:38	98,500	-5,891	-58,9066	0,040	0,4046
15.01.2026 15:07:38	98,550	-5,877	-58,7676	0,040	0,3987
15.01.2026 15:07:38	98,600	-5,869	-58,6898	0,040	0,4024
15.01.2026 15:07:38	98,650	-5,856	-58,5618	0,040	0,3982
15.01.2026 15:07:38	98,700	-5,842	-58,4213	0,040	0,4008
15.01.2026 15:07:38	98,750	-5,826	-58,2582	0,040	0,3986
15.01.2026 15:07:38	98,800	-5,807	-58,0668	0,040	0,4037
15.01.2026 15:07:38	98,850	-5,789	-57,8886	0,040	0,4017
15.01.2026 15:07:38	98,900	-5,781	-57,8057	0,040	0,4023
15.01.2026 15:07:38	98,950	-5,770	-57,6956	0,040	0,3975
15.01.2026 15:07:39	99,000	-5,761	-57,6093	0,040	0,4026
15.01.2026 15:07:39	99,050	-5,747	-57,4686	0,040	0,3988
15.01.2026 15:07:39	99,100	-5,725	-57,2498	0,041	0,4056
15.01.2026 15:07:39	99,150	-5,704	-57,0440	0,040	0,3971
15.01.2026 15:07:39	99,200	-5,692	-56,9197	0,041	0,4052
15.01.2026 15:07:39	99,250	-5,686	-56,8567	0,040	0,3983
15.01.2026 15:07:39	99,300	-5,683	-56,8291	0,040	0,4015
15.01.2026 15:07:39	99,350	-5,680	-56,8048	0,040	0,4011
15.01.2026 15:07:39	99,400	-5,680	-56,7965	0,040	0,4047
15.01.2026 15:07:39	99,450	-5,672	-56,7199	0,040	0,3990
15.01.2026 15:07:39	99,500	-5,667	-56,6684	0,040	0,4020
15.01.2026 15:07:39	99,550	-5,663	-56,6270	0,040	0,4002
15.01.2026 15:07:39	99,600	-5,653	-56,5316	0,041	0,4070
15.01.2026 15:07:39	99,650	-5,640	-56,4001	0,040	0,4013
15.01.2026 15:07:39	99,700	-5,628	-56,2847	0,041	0,4059
15.01.2026 15:07:39	99,750	-5,615	-56,1534	0,040	0,3993
15.01.2026 15:07:39	99,800	-5,602	-56,0202	0,040	0,4045
15.01.2026 15:07:39	99,850	-5,587	-55,8746	0,040	0,4024
15.01.2026 15:07:39	99,900	-5,580	-55,7950	0,040	0,4025
15.01.2026 15:07:39	99,950	-5,573	-55,7302	0,040	0,4009
15.01.2026 15:07:40	100,000	-5,562	-55,6161	0,040	0,4047
15.01.2026 15:07:40	100,050	-5,548	-55,4759	0,040	0,4003
15.01.2026 15:07:40	100,100	-5,534	-55,3418	0,040	0,4034
15.01.2026 15:07:40	100,150	-5,521	-55,2148	0,040	0,3995
15.01.2026 15:07:40	100,200	-5,510	-55,1026	0,041	0,4056
15.01.2026 15:07:40	100,250	-5,504	-55,0365	0,040	0,4023
15.01.2026 15:07:40	100,300	-5,498	-54,9789	0,040	0,4039
15.01.2026 15:07:40	100,350	-5,488	-54,8845	0,040	0,4015
15.01.2026 15:07:40	100,400	-5,479	-54,7889	0,040	0,4024
15.01.2026 15:07:40	100,450	-5,466	-54,6623	0,040	0,3986
15.01.2026 15:07:40	100,500	-5,453	-54,5304	0,040	0,4046
15.01.2026 15:07:40	100,550	-5,431	-54,3118	0,040	0,4019
15.01.2026 15:07:40	100,600	-5,411	-54,1134	0,041	0,4071
15.01.2026 15:07:40	100,650	-5,394	-53,9398	0,040	0,3986
15.01.2026 15:07:40	100,700	-5,377	-53,7681	0,041	0,4056
15.01.2026 15:07:40	100,750	-5,359	-53,5893	0,040	0,3990
15.01.2026 15:07:40	100,800	-5,344	-53,4361	0,041	0,4057
15.01.2026 15:07:40	100,850	-5,327	-53,2653	0,040	0,3999
15.01.2026 15:07:40	100,900	-5,310	-53,0967	0,041	0,4061
15.01.2026 15:07:40	100,950	-5,287	-52,8740	0,040	0,3980
15.01.2026 15:07:41	101,000	-5,264	-52,6368	0,041	0,4053
15.01.2026 15:07:41	101,050	-5,242	-52,4233	0,040	0,4002
15.01.2026 15:07:41	101,100	-5,216	-52,1601	0,040	0,4041
15.01.2026 15:07:41	101,150	-5,192	-51,9217	0,040	0,4011
15.01.2026 15:07:41	101,200	-5,174	-51,7440	0,040	0,4042
15.01.2026 15:07:41	101,250	-5,156	-51,5627	0,040	0,3990
15.01.2026 15:07:41	101,300	-5,134	-51,3415	0,041	0,4063
15.01.2026 15:07:41	101,350	-5,105	-51,0544	0,040	0,4002
15.01.2026 15:07:41	101,400	-5,078	-50,7779	0,040	0,4044
15.01.2026 15:07:41	101,450	-5,062	-50,6181	0,040	0,3994
15.01.2026 15:07:41	101,500	-5,055	-50,5460	0,040	0,4043
15.01.2026 15:07:41	101,550	-5,050	-50,4999	0,040	0,3998
15.01.2026 15:07:41	101,600	-5,048	-50,4847	0,041	0,4054
15.01.2026 15:07:41	101,650	-5,047	-50,4683	0,040	0,4021
15.01.2026 15:07:41	101,700	-5,046	-50,4583	0,041	0,4054
15.01.2026 15:07:41	101,750	-5,038	-50,3796	0,040	0,3989
15.01.2026 15:07:41	101,800	-5,034	-50,3362	0,040	0,4042
15.01.2026 15:07:41	101,850	-5,031	-50,3059	0,040	0,3992
15.01.2026 15:07:41	101,900	-5,030	-50,2986	0,040	0,4034
15.01.2026 15:07:41	101,950	-5,028	-50,2841	0,040	0,3998
15.01.2026 15:07:42	102,000	-5,028	-50,2841	0,041	0,4063
15.01.2026 15:07:42	102,050	-5,028	-50,2774	0,040	0,4013
15.01.2026 15:07:42	102,100	-5,028	-50,2780	0,041	0,4078
15.01.2026 15:07:42	102,150	-5,027	-50,2736	0,040	0,4026
15.01.2026 15:07:42	102,200	-5,028	-50,2775	0,041	0,4081
15.01.2026 15:07:42	102,250	-5,028	-50,2754	0,040	0,4011
15.01.2026 15:07:42	102,300	-5,028	-50,2824	0,040	0,4040
15.01.2026 15:07:42	102,350	-5,028	-50,2766	0,040	0,4006
15.01.2026 15:07:42	102,400	-5,028	-50,2787	0,041	0,4071
15.01.2026 15:07:42	102,450	-5,027	-50,2721	0,040	0,3999
15.01.2026 15:07:42	102,500	-5,019	-50,1942	0,041	0,4081
15.01.2026 15:07:42	102,550	-5,002	-50,0174	0,040	0,3991
15.01.2026 15:07:42	102,600	-4,980	-49,8036	0,041	0,4054
15.01.2026 15:07:42	102,650	-4,961	-49,6072	0,040	0,3994
15.01.2026 15:07:42	102,700	-4,945	-49,4535	0,040	0,4049
15.01.2026 15:07:42	102,750	-4,925	-49,2525	0,040	0,4017
15.01.2026 15:07:42	102,800	-4,913	-49,1322	0,040	0,4045
15.01.2026 15:07:42	102,850	-4,896	-48,9571	0,040	0,3979
15.01.2026 15:07:42	102,900	-4,882	-48,8206	0,040	0,4039
15.01.2026 15:07:42	102,950	-4,873	-48,7294	0,040	0,3986
15.01.2026 15:07:43	103,000	-4,860	-48,6029	0,041	0,4066
15.01.2026 15:07:43	103,050	-4,843	-48,4321	0,040	0,3983
15.01.2026 15:07:43	103,100	-4,823	-48,2348	0,041	0,4063
15.01.2026 15:07:43	103,150	-4,804	-48,0377	0,040	0,4009
15.01.2026 15:07:43	103,200	-4,790	-47,8986	0,041	0,4061
15.01.2026 15:07:43	103,250	-4,775	-47,7549	0,040	0,3998
15.01.2026 15:07:43	103,300	-4,765	-47,6482	0,041	0,4075
15.01.2026 15:07:43	103,350	-4,749	-47,4852	0,040	0,4011
15.01.2026 15:07:43	103,400	-4,716	-47,1645	0,041	0,4062
15.01.2026 15:07:43	103,450	-4,683	-46,8329	0,040	0,3972
15.01.2026 15:07:43	103,500	-4,660	-46,5961	0,041	0,4076
15.01.2026 15:07:43	103,550	-4,646	-46,4631	0,040	0,3993
15.01.2026 15:07:43	103,600	-4,640	-46,4011	0,041	0,4062
15.01.2026 15:07:43	103,650	-4,636	-46,3639	0,040	0,4000
15.01.2026 15:07:43	103,700	-4,635	-46,3518	0,041	0,4059
15.01.2026 15:07:43	103,750	-4,629	-46,2915	0,040	0,3999
15.01.2026 15:07:43	103,800	-4,619	-46,1866	0,041	0,4076
15.01.2026 15:07:43	103,850	-4,602	-46,0182	0,040	0,4005
15.01.2026 15:07:43	103,900	-4,590	-45,9044	0,041	0,4093
15.01.2026 15:07:43	103,950	-4,584	-45,8355	0,040	0,3990
15.01.2026 15:07:44	104,000	-4,574	-45,7356	0,041	0,4071
15.01.2026 15:07:44	104,050	-4,567	-45,6679	0,040	0,3976
15.01.2026 15:07:44	104,100	-4,562	-45,6209	0,041	0,4080
15.01.2026 15:07:44	104,150	-4,553	-45,5294	0,040	0,3977
15.01.2026 15:07:44	104,200	-4,547	-45,4736	0,041	0,4077
15.01.2026 15:07:44	104,250	-4,537	-45,3713	0,040	0,4011
15.01.2026 15:07:44	104,300	-4,524	-45,2414	0,041	0,4069
15.01.2026 15:07:44	104,350	-4,515	-45,1500	0,040	0,3981
15.01.2026 15:07:44	104,400	-4,507	-45,0735	0,040	0,4019
15.01.2026 15:07:44	104,450	-4,497	-44,9742	0,040	0,4009
15.01.2026 15:07:44	104,500	-4,493	-44,9296	0,041	0,4085
15.01.2026 15:07:44	104,550	-4,486	-44,8557	0,040	0,4008
15.01.2026 15:07:44	104,600	-4,471	-44,7135	0,041	0,4054
15.01.2026 15:07:44	104,650	-4,459	-44,5892	0,040	0,4015
15.01.2026 15:07:44	104,700	-4,445	-44,4477	0,041	0,4092
15.01.2026 15:07:44	104,750	-4,426	-44,2609	0,040	0,4025
15.01.2026 15:07:44	104,800	-4,407	-44,0700	0,040	0,4029
15.01.2026 15:07:44	104,850	-4,393	-43,9293	0,040	0,4014
15.01.2026 15:07:44	104,900	-4,387	-43,8657	0,041	0,4097
15.01.2026 15:07:44	104,950	-4,381	-43,8129	0,040	0,3995
15.01.2026 15:07:45	105,000	-4,373	-43,7287	0,041	0,4056
15.01.2026 15:07:45	105,050	-4,367	-43,6664	0,040	0,4031
15.01.2026 15:07:45	105,100	-4,358	-43,5814	0,041	0,4082
15.01.2026 15:07:45	105,150	-4,351	-43,5116	0,040	0,3962
15.01.2026 15:07:45	105,200	-4,342	-43,4169	0,041	0,4064
15.01.2026 15:07:45	105,250	-4,329	-43,2920	0,040	0,4012
15.01.2026 15:07:45	105,300	-4,313	-43,1326	0,041	0,4078
15.01.2026 15:07:45	105,350	-4,294	-42,9433	0,040	0,3993
15.01.2026 15:07:45	105,400	-4,283	-42,8341	0,041	0,4084
15.01.2026 15:07:45	105,450	-4,275	-42,7470	0,040	0,4029
15.01.2026 15:07:45	105,500	-4,263	-42,6341	0,041	0,4076
15.01.2026 15:07:45	105,550	-4,250	-42,4985	0,040	0,3977
15.01.2026 15:07:45	105,600	-4,234	-42,3423	0,041	0,4097
15.01.2026 15:07:45	105,650	-4,210	-42,0986	0,040	0,3989
15.01.2026 15:07:45	105,700	-4,188	-41,8808	0,041	0,4073
15.01.2026 15:07:45	105,750	-4,170	-41,6970	0,040	0,4035
15.01.2026 15:07:45	105,800	-4,147	-41,4691	0,041	0,4086
15.01.2026 15:07:45	105,850	-4,126	-41,2588	0,040	0,4008
15.01.2026 15:07:45	105,900	-4,105	-41,0521	0,041	0,4087
15.01.2026 15:07:45	105,950	-4,084	-40,8398	0,040	0,4024
15.01.2026 15:07:46	106,000	-4,064	-40,6393	0,041	0,4084
15.01.2026 15:07:46	106,050	-4,036	-40,3634	0,040	0,4015
15.01.2026 15:07:46	106,100	-4,003	-40,0268	0,041	0,4080
15.01.2026 15:07:46	106,150	-3,975	-39,7516	0,040	0,3991
15.01.2026 15:07:46	106,200	-3,948	-39,4815	0,041	0,4083
15.01.2026 15:07:46	106,250	-3,915	-39,1459	0,040	0,4015
15.01.2026 15:07:46	106,300	-3,896	-38,9572	0,041	0,4105
15.01.2026 15:07:46	106,350	-3,886	-38,8567	0,040	0,4026
15.01.2026 15:07:46	106,400	-3,876	-38,7646	0,041	0,4086
15.01.2026 15:07:46	106,450	-3,867	-38,6728	0,040	0,4030
15.01.2026 15:07:46	106,500	-3,863	-38,6317	0,041	0,4093
15.01.2026 15:07:46	106,550	-3,854	-38,5446	0,040	0,4016
15.01.2026 15:07:46	106,600	-3,848	-38,4815	0,041	0,4096
15.01.2026 15:07:46	106,650	-3,835	-38,3466	0,040	0,4011
15.01.2026 15:07:46	106,700	-3,820	-38,1979	0,041	0,4090
15.01.2026 15:07:46	106,750	-3,811	-38,1141	0,040	0,4025
15.01.2026 15:07:46	106,800	-3,804	-38,0357	0,041	0,4118
15.01.2026 15:07:46	106,850	-3,794	-37,9433	0,040	0,4031
15.01.2026 15:07:46	106,900	-3,788	-37,8777	0,041	0,4074
15.01.2026 15:07:46	106,950	-3,778	-37,7765	0,040	0,4005
15.01.2026 15:07:47	107,000	-3,773	-37,7318	0,041	0,4074
15.01.2026 15:07:47	107,050	-3,770	-37,7005	0,040	0,4006
15.01.2026 15:07:47	107,100	-3,768	-37,6787	0,041	0,4079
15.01.2026 15:07:47	107,150	-3,758	-37,5814	0,040	0,4036
15.01.2026 15:07:47	107,200	-3,741	-37,4069	0,041	0,4075
15.01.2026 15:07:47	107,250	-3,712	-37,1239	0,040	0,4023
15.01.2026 15:07:47	107,300	-3,696	-36,9554	0,041	0,4099
15.01.2026 15:07:47	107,350	-3,686	-36,8623	0,040	0,4040
15.01.2026 15:07:47	107,400	-3,683	-36,8257	0,041	0,4096
15.01.2026 15:07:47	107,450	-3,680	-36,7993	0,040	0,3999
15.01.2026 15:07:47	107,500	-3,675	-36,7479	0,041	0,4065
15.01.2026 15:07:47	107,550	-3,666	-36,6638	0,040	0,4001
15.01.2026 15:07:47	107,600	-3,662	-36,6220	0,041	0,4091
15.01.2026 15:07:47	107,650	-3,649	-36,4948	0,040	0,4036
15.01.2026 15:07:47	107,700	-3,637	-36,3701	0,041	0,4091
15.01.2026 15:07:47	107,750	-3,624	-36,2365	0,040	0,4019
15.01.2026 15:07:47	107,800	-3,610	-36,0969	0,041	0,4118
15.01.2026 15:07:47	107,850	-3,598	-35,9811	0,040	0,4016
15.01.2026 15:07:47	107,900	-3,593	-35,9307	0,041	0,4084
15.01.2026 15:07:47	107,950	-3,589	-35,8941	0,040	0,4035
15.01.2026 15:07:48	108,000	-3,588	-35,8824	0,041	0,4114
15.01.2026 15:07:48	108,050	-3,587	-35,8689	0,040	0,4050
15.01.2026 15:07:48	108,100	-3,588	-35,8758	0,041	0,4076
15.01.2026 15:07:48	108,150	-3,587	-35,8672	0,040	0,4043
15.01.2026 15:07:48	108,200	-3,587	-35,8720	0,041	0,4107
15.01.2026 15:07:48	108,250	-3,587	-35,8673	0,040	0,4025
15.01.2026 15:07:48	108,300	-3,587	-35,8697	0,041	0,4117
15.01.2026 15:07:48	108,350	-3,587	-35,8661	0,040	0,4014
15.01.2026 15:07:48	108,400	-3,587	-35,8706	0,041	0,4092
15.01.2026 15:07:48	108,450	-3,586	-35,8635	0,040	0,4024
15.01.2026 15:07:48	108,500	-3,587	-35,8688	0,041	0,4104
15.01.2026 15:07:48	108,550	-3,587	-35,8667	0,040	0,4008
15.01.2026 15:07:48	108,600	-3,587	-35,8715	0,041	0,4093
15.01.2026 15:07:48	108,650	-3,583	-35,8303	0,040	0,4047
15.01.2026 15:07:48	108,700	-3,576	-35,7566	0,041	0,4094
15.01.2026 15:07:48	108,750	-3,558	-35,5773	0,040	0,4021
15.01.2026 15:07:48	108,800	-3,532	-35,3248	0,041	0,4123
15.01.2026 15:07:48	108,850	-3,509	-35,0890	0,040	0,4001
15.01.2026 15:07:48	108,900	-3,488	-34,8787	0,041	0,4110
15.01.2026 15:07:48	108,950	-3,474	-34,7429	0,040	0,4028
15.01.2026 15:07:49	109,000	-3,468	-34,6826	0,041	0,4108
15.01.2026 15:07:49	109,050	-3,464	-34,6382	0,040	0,4021
15.01.2026 15:07:49	109,100	-3,451	-34,5087	0,041	0,4099
15.01.2026 15:07:49	109,150	-3,433	-34,3318	0,040	0,4031
15.01.2026 15:07:49	109,200	-3,422	-34,2166	0,041	0,4085
15.01.2026 15:07:49	109,250	-3,413	-34,1342	0,040	0,4003
15.01.2026 15:07:49	109,300	-3,403	-34,0313	0,041	0,4103
15.01.2026 15:07:49	109,350	-3,394	-33,9391	0,040	0,4030
15.01.2026 15:07:49	109,400	-3,380	-33,7968	0,041	0,4104
15.01.2026 15:07:49	109,450	-3,367	-33,6661	0,040	0,4040
15.01.2026 15:07:49	109,500	-3,359	-33,5912	0,041	0,4110
15.01.2026 15:07:49	109,550	-3,348	-33,4816	0,040	0,4037
15.01.2026 15:07:49	109,600	-3,338	-33,3773	0,041	0,4129
15.01.2026 15:07:49	109,650	-3,327	-33,2664	0,040	0,4014
15.01.2026 15:07:49	109,700	-3,312	-33,1194	0,041	0,4097
15.01.2026 15:07:49	109,750	-3,293	-32,9299	0,041	0,4061
15.01.2026 15:07:49	109,800	-3,280	-32,7952	0,041	0,4103
15.01.2026 15:07:49	109,850	-3,272	-32,7192	0,040	0,4024
15.01.2026 15:07:49	109,900	-3,264	-32,6430	0,041	0,4098
15.01.2026 15:07:49	109,950	-3,248	-32,4826	0,040	0,4032
15.01.2026 15:07:50	110,000	-3,239	-32,3867	0,041	0,4147
15.01.2026 15:07:50	110,050	-3,233	-32,3348	0,040	0,4032
15.01.2026 15:07:50	110,100	-3,228	-32,2836	0,041	0,4103
15.01.2026 15:07:50	110,150	-3,213	-32,1321	0,040	0,4017
15.01.2026 15:07:50	110,200	-3,194	-31,9372	0,041	0,4101
15.01.2026 15:07:50	110,250	-3,168	-31,6847	0,040	0,4044
15.01.2026 15:07:50	110,300	-3,154	-31,5391	0,041	0,4110
15.01.2026 15:07:50	110,350	-3,139	-31,3912	0,040	0,4020
15.01.2026 15:07:50	110,400	-3,130	-31,3009	0,041	0,4120
15.01.2026 15:07:50	110,450	-3,125	-31,2488	0,040	0,4047
15.01.2026 15:07:50	110,500	-3,123	-31,2323	0,041	0,4102
15.01.2026 15:07:50	110,550	-3,121	-31,2139	0,040	0,4025
15.01.2026 15:07:50	110,600	-3,118	-31,1843	0,041	0,4119
15.01.2026 15:07:50	110,650	-3,111	-31,1100	0,040	0,4039
15.01.2026 15:07:50	110,700	-3,108	-31,0760	0,041	0,4130
15.01.2026 15:07:50	110,750	-3,106	-31,0553	0,040	0,4005
15.01.2026 15:07:50	110,800	-3,105	-31,0478	0,041	0,4103
15.01.2026 15:07:50	110,850	-3,105	-31,0509	0,040	0,4035
15.01.2026 15:07:50	110,900	-3,124	-31,2408	0,041	0,4104
15.01.2026 15:07:50	110,950	-3,148	-31,4848	0,040	0,4027
15.01.2026 15:07:51	111,000	-3,162	-31,6166	0,041	0,4127
15.01.2026 15:07:51	111,050	-3,168	-31,6757	0,040	0,4036
15.01.2026 15:07:51	111,100	-3,171	-31,7129	0,041	0,4128
15.01.2026 15:07:51	111,150	-3,172	-31,7224	0,041	0,4054
15.01.2026 15:07:51	111,200	-3,174	-31,7402	0,041	0,4098
15.01.2026 15:07:51	111,250	-3,172	-31,7209	0,040	0,4037
15.01.2026 15:07:51	111,300	-3,166	-31,6564	0,041	0,4100
15.01.2026 15:07:51	111,350	-3,160	-31,6029	0,040	0,4022
15.01.2026 15:07:51	111,400	-3,153	-31,5259	0,041	0,4092
15.01.2026 15:07:51	111,450	-3,126	-31,2624	0,040	0,4032
15.01.2026 15:07:51	111,500	-3,092	-30,9172	0,041	0,4099
15.01.2026 15:07:51	111,550	-3,054	-30,5438	0,041	0,4051
15.01.2026 15:07:51	111,600	-3,034	-30,3400	0,041	0,4114
15.01.2026 15:07:51	111,650	-3,023	-30,2321	0,040	0,4022
15.01.2026 15:07:51	111,700	-3,018	-30,1825	0,041	0,4093
15.01.2026 15:07:51	111,750	-3,015	-30,1494	0,040	0,4032
15.01.2026 15:07:51	111,800	-3,014	-30,1436	0,041	0,4081
15.01.2026 15:07:51	111,850	-3,013	-30,1276	0,040	0,4040
15.01.2026 15:07:51	111,900	-3,013	-30,1306	0,041	0,4107
15.01.2026 15:07:51	111,950	-3,011	-30,1101	0,040	0,4045
15.01.2026 15:07:52	112,000	-3,004	-30,0395	0,041	0,4116
15.01.2026 15:07:52	112,050	-2,993	-29,9267	0,040	0,4049
15.01.2026 15:07:52	112,100	-2,985	-29,8530	0,041	0,4123
15.01.2026 15:07:52	112,150	-2,981	-29,8070	0,041	0,4060
15.01.2026 15:07:52	112,200	-2,979	-29,7905	0,041	0,4119
15.01.2026 15:07:52	112,250	-2,977	-29,7736	0,040	0,4033
15.01.2026 15:07:52	112,300	-2,962	-29,6200	0,041	0,4132
15.01.2026 15:07:52	112,350	-2,927	-29,2739	0,040	0,4044
15.01.2026 15:07:52	112,400	-2,908	-29,0795	0,041	0,4090
15.01.2026 15:07:52	112,450	-2,897	-28,9731	0,040	0,4011
15.01.2026 15:07:52	112,500	-2,892	-28,9242	0,041	0,4111
15.01.2026 15:07:52	112,550	-2,889	-28,8909	0,041	0,4051
15.01.2026 15:07:52	112,600	-2,888	-28,8842	0,041	0,4117
15.01.2026 15:07:52	112,650	-2,887	-28,8733	0,040	0,4019
15.01.2026 15:07:52	112,700	-2,887	-28,8745	0,041	0,4111
15.01.2026 15:07:52	112,750	-2,887	-28,8675	0,040	0,4024
15.01.2026 15:07:52	112,800	-2,887	-28,8741	0,041	0,4079
15.01.2026 15:07:52	112,850	-2,887	-28,8655	0,040	0,4032
15.01.2026 15:07:52	112,900	-2,887	-28,8721	0,041	0,4091
15.01.2026 15:07:52	112,950	-2,886	-28,8637	0,040	0,4045
15.01.2026 15:07:53	113,000	-2,887	-28,8720	0,041	0,4097
15.01.2026 15:07:53	113,050	-2,886	-28,8645	0,040	0,4032
15.01.2026 15:07:53	113,100	-2,887	-28,8695	0,041	0,4107
15.01.2026 15:07:53	113,150	-2,880	-28,8007	0,041	0,4062
15.01.2026 15:07:53	113,200	-2,862	-28,6237	0,041	0,4094
15.01.2026 15:07:53	113,250	-2,838	-28,3790	0,040	0,4043
15.01.2026 15:07:53	113,300	-2,813	-28,1341	0,041	0,4115
15.01.2026 15:07:53	113,350	-2,796	-27,9563	0,040	0,4024
15.01.2026 15:07:53	113,400	-2,787	-27,8741	0,041	0,4103
15.01.2026 15:07:53	113,450	-2,782	-27,8246	0,040	0,4036
15.01.2026 15:07:53	113,500	-2,781	-27,8077	0,041	0,4123
15.01.2026 15:07:53	113,550	-2,779	-27,7903	0,040	0,4050
15.01.2026 15:07:53	113,600	-2,779	-27,7927	0,041	0,4087
15.01.2026 15:07:53	113,650	-2,778	-27,7807	0,040	0,4044
15.01.2026 15:07:53	113,700	-2,774	-27,7425	0,041	0,4114
15.01.2026 15:07:53	113,750	-2,760	-27,5989	0,041	0,4086
15.01.2026 15:07:53	113,800	-2,751	-27,5101	0,041	0,4112
15.01.2026 15:07:53	113,850	-2,738	-27,3843	0,041	0,4051
15.01.2026 15:07:53	113,900	-2,732	-27,3206	0,041	0,4119
15.01.2026 15:07:53	113,950	-2,728	-27,2781	0,040	0,4027
15.01.2026 15:07:54	114,000	-2,720	-27,1955	0,041	0,4100
15.01.2026 15:07:54	114,050	-2,713	-27,1279	0,040	0,4036
15.01.2026 15:07:54	114,100	-2,710	-27,0989	0,041	0,4130
15.01.2026 15:07:54	114,150	-2,704	-27,0358	0,041	0,4052
15.01.2026 15:07:54	114,200	-2,696	-26,9638	0,041	0,4118
15.01.2026 15:07:54	114,250	-2,692	-26,9212	0,040	0,4037
15.01.2026 15:07:54	114,300	-2,691	-26,9073	0,041	0,4138
15.01.2026 15:07:54	114,350	-2,686	-26,8629	0,041	0,4063
15.01.2026 15:07:54	114,400	-2,679	-26,7910	0,041	0,4119
15.01.2026 15:07:54	114,450	-2,675	-26,7481	0,040	0,4029
15.01.2026 15:07:54	114,500	-2,667	-26,6695	0,041	0,4100
15.01.2026 15:07:54	114,550	-2,659	-26,5904	0,040	0,4038
15.01.2026 15:07:54	114,600	-2,649	-26,4936	0,041	0,4091
15.01.2026 15:07:54	114,650	-2,642	-26,4206	0,040	0,4041
15.01.2026 15:07:54	114,700	-2,635	-26,3532	0,041	0,4099
15.01.2026 15:07:54	114,750	-2,626	-26,2579	0,041	0,4076
15.01.2026 15:07:54	114,800	-2,622	-26,2215	0,041	0,4098
15.01.2026 15:07:54	114,850	-2,614	-26,1377	0,040	0,4043
15.01.2026 15:07:54	114,900	-2,607	-26,0703	0,041	0,4116
15.01.2026 15:07:54	114,950	-2,597	-25,9699	0,041	0,4057
15.01.2026 15:07:55	115,000	-2,585	-25,8470	0,041	0,4106
15.01.2026 15:07:55	115,050	-2,572	-25,7233	0,040	0,4029
15.01.2026 15:07:55	115,100	-2,560	-25,6036	0,041	0,4119
15.01.2026 15:07:55	115,150	-2,553	-25,5276	0,041	0,4079
15.01.2026 15:07:55	115,200	-2,550	-25,4963	0,041	0,4119
15.01.2026 15:07:55	115,250	-2,540	-25,4048	0,041	0,4093
15.01.2026 15:07:55	115,300	-2,535	-25,3501	0,041	0,4119
15.01.2026 15:07:55	115,350	-2,527	-25,2730	0,041	0,4092
15.01.2026 15:07:55	115,400	-2,519	-25,1949	0,041	0,4126
15.01.2026 15:07:55	115,450	-2,511	-25,1148	0,041	0,4114
15.01.2026 15:07:55	115,500	-2,503	-25,0288	0,041	0,4131
15.01.2026 15:07:55	115,550	-2,492	-24,9181	0,040	0,4045
15.01.2026 15:07:55	115,600	-2,479	-24,7900	0,041	0,4099
15.01.2026 15:07:55	115,650	-2,467	-24,6738	0,041	0,4066
15.01.2026 15:07:55	115,700	-2,456	-24,5642	0,041	0,4105
15.01.2026 15:07:55	115,750	-2,447	-24,4744	0,041	0,4060
15.01.2026 15:07:55	115,800	-2,441	-24,4081	0,041	0,4109
15.01.2026 15:07:55	115,850	-2,431	-24,3074	0,041	0,4072
15.01.2026 15:07:55	115,900	-2,421	-24,2107	0,041	0,4129
15.01.2026 15:07:55	115,950	-2,412	-24,1199	0,041	0,4070
15.01.2026 15:07:56	116,000	-2,405	-24,0497	0,041	0,4090
15.01.2026 15:07:56	116,050	-2,395	-23,9484	0,041	0,4057
15.01.2026 15:07:56	116,100	-2,388	-23,8762	0,041	0,4096
15.01.2026 15:07:56	116,150	-2,377	-23,7738	0,041	0,4053
15.01.2026 15:07:56	116,200	-2,372	-23,7248	0,041	0,4088
15.01.2026 15:07:56	116,250	-2,362	-23,6207	0,041	0,4053
15.01.2026 15:07:56	116,300	-2,357	-23,5664	0,041	0,4105
15.01.2026 15:07:56	116,350	-2,351	-23,5112	0,041	0,4089
15.01.2026 15:07:56	116,400	-2,343	-23,4312	0,041	0,4117
15.01.2026 15:07:56	116,450	-2,337	-23,3696	0,041	0,4062
15.01.2026 15:07:56	116,500	-2,335	-23,3469	0,041	0,4118
15.01.2026 15:07:56	116,550	-2,332	-23,3227	0,041	0,4061
15.01.2026 15:07:56	116,600	-2,325	-23,2464	0,041	0,4132
15.01.2026 15:07:56	116,650	-2,318	-23,1837	0,041	0,4064
15.01.2026 15:07:56	116,700	-2,312	-23,1214	0,041	0,4119
15.01.2026 15:07:56	116,750	-2,306	-23,0560	0,041	0,4079
15.01.2026 15:07:56	116,800	-2,302	-23,0208	0,041	0,4115
15.01.2026 15:07:56	116,850	-2,299	-22,9892	0,041	0,4050
15.01.2026 15:07:56	116,900	-2,297	-22,9735	0,041	0,4121
15.01.2026 15:07:56	116,950	-2,290	-22,9008	0,041	0,4052
15.01.2026 15:07:57	117,000	-2,285	-22,8473	0,041	0,4078
15.01.2026 15:07:57	117,050	-2,281	-22,8068	0,040	0,4049
15.01.2026 15:07:57	117,100	-2,285	-22,8452	0,041	0,4104
15.01.2026 15:07:57	117,150	-2,301	-23,0100	0,041	0,4080
15.01.2026 15:07:57	117,200	-2,317	-23,1652	0,041	0,4119
15.01.2026 15:07:57	117,250	-2,323	-23,2337	0,041	0,4070
15.01.2026 15:07:57	117,300	-2,328	-23,2773	0,041	0,4108
15.01.2026 15:07:57	117,350	-2,329	-23,2900	0,041	0,4067
15.01.2026 15:07:57	117,400	-2,331	-23,3052	0,041	0,4101
15.01.2026 15:07:57	117,450	-2,330	-23,3045	0,041	0,4074
15.01.2026 15:07:57	117,500	-2,331	-23,3119	0,041	0,4111
15.01.2026 15:07:57	117,550	-2,331	-23,3074	0,041	0,4074
15.01.2026 15:07:57	117,600	-2,331	-23,3136	0,041	0,4121
15.01.2026 15:07:57	117,650	-2,331	-23,3112	0,040	0,4049
15.01.2026 15:07:57	117,700	-2,331	-23,3149	0,041	0,4114
15.01.2026 15:07:57	117,750	-2,331	-23,3092	0,041	0,4074
15.01.2026 15:07:57	117,800	-2,331	-23,3065	0,041	0,4128
15.01.2026 15:07:57	117,850	-2,319	-23,1852	0,041	0,4071
15.01.2026 15:07:57	117,900	-2,301	-23,0135	0,041	0,4125
15.01.2026 15:07:57	117,950	-2,285	-22,8529	0,041	0,4075
15.01.2026 15:07:58	118,000	-2,266	-22,6606	0,041	0,4095
15.01.2026 15:07:58	118,050	-2,251	-22,5093	0,041	0,4063
15.01.2026 15:07:58	118,100	-2,231	-22,3066	0,041	0,4110
15.01.2026 15:07:58	118,150	-2,192	-21,9190	0,041	0,4083
15.01.2026 15:07:58	118,200	-2,164	-21,6439	0,041	0,4086
15.01.2026 15:07:58	118,250	-2,149	-21,4928	0,041	0,4100
15.01.2026 15:07:58	118,300	-2,143	-21,4250	0,041	0,4142
15.01.2026 15:07:58	118,350	-2,139	-21,3856	0,041	0,4077
15.01.2026 15:07:58	118,400	-2,137	-21,3704	0,041	0,4110
15.01.2026 15:07:58	118,450	-2,135	-21,3519	0,041	0,4124
15.01.2026 15:07:58	118,500	-2,132	-21,3162	0,041	0,4115
15.01.2026 15:07:58	118,550	-2,124	-21,2432	0,041	0,4070
15.01.2026 15:07:58	118,600	-2,121	-21,2087	0,041	0,4117
15.01.2026 15:07:58	118,650	-2,111	-21,1140	0,041	0,4069
15.01.2026 15:07:58	118,700	-2,097	-20,9664	0,041	0,4122
15.01.2026 15:07:58	118,750	-2,080	-20,8042	0,041	0,4118
15.01.2026 15:07:58	118,800	-2,071	-20,7112	0,041	0,4113
15.01.2026 15:07:58	118,850	-2,059	-20,5928	0,041	0,4062
15.01.2026 15:07:58	118,900	-2,050	-20,4998	0,041	0,4099
15.01.2026 15:07:58	118,950	-2,036	-20,3596	0,041	0,4076
15.01.2026 15:07:59	119,000	-2,021	-20,2092	0,041	0,4140
15.01.2026 15:07:59	119,050	-2,007	-20,0697	0,041	0,4079
15.01.2026 15:07:59	119,100	-2,000	-20,0047	0,041	0,4090
15.01.2026 15:07:59	119,150	-1,994	-19,9436	0,041	0,4095
15.01.2026 15:07:59	119,200	-1,986	-19,8553	0,041	0,4093
15.01.2026 15:07:59	119,250	-1,978	-19,7824	0,041	0,4104
15.01.2026 15:07:59	119,300	-1,969	-19,6878	0,041	0,4110
15.01.2026 15:07:59	119,350	-1,963	-19,6285	0,041	0,4084
15.01.2026 15:07:59	119,400	-1,957	-19,5749	0,041	0,4128
15.01.2026 15:07:59	119,450	-1,949	-19,4852	0,041	0,4093
15.01.2026 15:07:59	119,500	-1,941	-19,4099	0,041	0,4122
15.01.2026 15:07:59	119,550	-1,931	-19,3108	0,041	0,4105
15.01.2026 15:07:59	119,600	-1,920	-19,2038	0,041	0,4125
15.01.2026 15:07:59	119,650	-1,904	-19,0444	0,041	0,4127
15.01.2026 15:07:59	119,700	-1,896	-18,9599	0,041	0,4118
15.01.2026 15:07:59	119,750	-1,890	-18,9039	0,041	0,4094
15.01.2026 15:07:59	119,800	-1,882	-18,8160	0,041	0,4107
15.01.2026 15:07:59	119,850	-1,870	-18,7023	0,041	0,4101
15.01.2026 15:07:59	119,900	-1,858	-18,5790	0,041	0,4093
15.01.2026 15:07:59	119,950	-1,836	-18,3609	0,041	0,4095
15.01.2026 15:08:00	120,000	-1,811	-18,1109	0,041	0,4113
15.01.2026 15:08:00	120,050	-1,795	-17,9543	0,041	0,4083
15.01.2026 15:08:00	120,100	-1,784	-17,8418	0,042	0,4152
15.01.2026 15:08:00	120,150	-1,773	-17,7273	0,041	0,4126
15.01.2026 15:08:00	120,200	-1,764	-17,6359	0,041	0,4087
15.01.2026 15:08:00	120,250	-1,747	-17,4674	0,041	0,4085
15.01.2026 15:08:00	120,300	-1,731	-17,3101	0,041	0,4094
15.01.2026 15:08:00	120,350	-1,718	-17,1845	0,041	0,4094
15.01.2026 15:08:00	120,400	-1,706	-17,0623	0,041	0,4099
15.01.2026 15:08:00	120,450	-1,694	-16,9388	0,041	0,4091
15.01.2026 15:08:00	120,500	-1,682	-16,8213	0,041	0,4099
15.01.2026 15:08:00	120,550	-1,668	-16,6792	0,041	0,4084
15.01.2026 15:08:00	120,600	-1,654	-16,5360	0,041	0,4110
15.01.2026 15:08:00	120,650	-1,643	-16,4306	0,041	0,4096
15.01.2026 15:08:00	120,700	-1,632	-16,3220	0,041	0,4079
15.01.2026 15:08:00	120,750	-1,622	-16,2205	0,041	0,4114
15.01.2026 15:08:00	120,800	-1,610	-16,1049	0,041	0,4111
15.01.2026 15:08:00	120,850	-1,597	-15,9730	0,041	0,4120
15.01.2026 15:08:00	120,900	-1,588	-15,8813	0,041	0,4085
15.01.2026 15:08:00	120,950	-1,577	-15,7653	0,041	0,4130
15.01.2026 15:08:01	121,000	-1,571	-15,7055	0,041	0,4108
15.01.2026 15:08:01	121,050	-1,560	-15,6018	0,041	0,4089
15.01.2026 15:08:01	121,100	-1,552	-15,5179	0,041	0,4090
15.01.2026 15:08:01	121,150	-1,538	-15,3805	0,041	0,4105
15.01.2026 15:08:01	121,200	-1,525	-15,2548	0,041	0,4122
15.01.2026 15:08:01	121,250	-1,513	-15,1349	0,041	0,4096
15.01.2026 15:08:01	121,300	-1,505	-15,0472	0,041	0,4072
15.01.2026 15:08:01	121,350	-1,494	-14,9415	0,041	0,4104
15.01.2026 15:08:01	121,400	-1,484	-14,8407	0,041	0,4105
15.01.2026 15:08:01	121,450	-1,469	-14,6856	0,041	0,4118
15.01.2026 15:08:01	121,500	-1,453	-14,5348	0,041	0,4105
15.01.2026 15:08:01	121,550	-1,439	-14,3907	0,041	0,4114
15.01.2026 15:08:01	121,600	-1,432	-14,3193	0,041	0,4077
15.01.2026 15:08:01	121,650	-1,427	-14,2738	0,041	0,4117
15.01.2026 15:08:01	121,700	-1,420	-14,1961	0,041	0,4106
15.01.2026 15:08:01	121,750	-1,410	-14,1040	0,041	0,4126
15.01.2026 15:08:01	121,800	-1,400	-13,9983	0,041	0,4080
15.01.2026 15:08:01	121,850	-1,387	-13,8711	0,041	0,4101
15.01.2026 15:08:01	121,900	-1,379	-13,7886	0,041	0,4095
15.01.2026 15:08:01	121,950	-1,374	-13,7401	0,041	0,4146
15.01.2026 15:08:02	122,000	-1,372	-13,7238	0,041	0,4100
15.01.2026 15:08:02	122,050	-1,366	-13,6569	0,041	0,4115
15.01.2026 15:08:02	122,100	-1,359	-13,5905	0,041	0,4114
15.01.2026 15:08:02	122,150	-1,354	-13,5407	0,041	0,4105
15.01.2026 15:08:02	122,200	-1,345	-13,4479	0,041	0,4079
15.01.2026 15:08:02	122,250	-1,333	-13,3293	0,041	0,4133
15.01.2026 15:08:02	122,300	-1,325	-13,2522	0,041	0,4111
15.01.2026 15:08:02	122,350	-1,320	-13,1974	0,041	0,4122
15.01.2026 15:08:02	122,400	-1,311	-13,1097	0,041	0,4092
15.01.2026 15:08:02	122,450	-1,305	-13,0484	0,041	0,4114
15.01.2026 15:08:02	122,500	-1,301	-13,0106	0,041	0,4091
15.01.2026 15:08:02	122,550	-1,292	-12,9226	0,041	0,4109
15.01.2026 15:08:02	122,600	-1,284	-12,8407	0,041	0,4063
15.01.2026 15:08:02	122,650	-1,274	-12,7409	0,041	0,4098
15.01.2026 15:08:02	122,700	-1,268	-12,6815	0,041	0,4128
15.01.2026 15:08:02	122,750	-1,266	-12,6572	0,041	0,4132
15.01.2026 15:08:02	122,800	-1,263	-12,6300	0,041	0,4091
15.01.2026 15:08:02	122,850	-1,257	-12,5705	0,041	0,4110
15.01.2026 15:08:02	122,900	-1,252	-12,5153	0,041	0,4098
15.01.2026 15:08:02	122,950	-1,244	-12,4420	0,041	0,4114
15.01.2026 15:08:03	123,000	-1,236	-12,3645	0,041	0,4088
15.01.2026 15:08:03	123,050	-1,232	-12,3230	0,041	0,4110
15.01.2026 15:08:03	123,100	-1,229	-12,2946	0,041	0,4099
15.01.2026 15:08:03	123,150	-1,222	-12,2156	0,041	0,4115
15.01.2026 15:08:03	123,200	-1,216	-12,1602	0,041	0,4082
15.01.2026 15:08:03	123,250	-1,213	-12,1331	0,041	0,4137
15.01.2026 15:08:03	123,300	-1,212	-12,1219	0,041	0,4099
15.01.2026 15:08:03	123,350	-1,210	-12,1049	0,041	0,4096
15.01.2026 15:08:03	123,400	-1,203	-12,0289	0,041	0,4088
15.01.2026 15:08:03	123,450	-1,198	-11,9784	0,041	0,4109
15.01.2026 15:08:03	123,500	-1,195	-11,9524	0,041	0,4105
15.01.2026 15:08:03	123,550	-1,190	-11,8987	0,041	0,4131
15.01.2026 15:08:03	123,600	-1,183	-11,8263	0,041	0,4082
15.01.2026 15:08:03	123,650	-1,187	-11,8704	0,041	0,4105
15.01.2026 15:08:03	123,700	-1,211	-12,1111	0,041	0,4097
15.01.2026 15:08:03	123,750	-1,239	-12,3938	0,041	0,4096
15.01.2026 15:08:03	123,800	-1,260	-12,5958	0,041	0,4086
15.01.2026 15:08:03	123,850	-1,270	-12,6990	0,042	0,4150
15.01.2026 15:08:03	123,900	-1,276	-12,7576	0,041	0,4063
15.01.2026 15:08:03	123,950	-1,278	-12,7825	0,041	0,4135
15.01.2026 15:08:04	124,000	-1,279	-12,7924	0,041	0,4081
15.01.2026 15:08:04	124,050	-1,276	-12,7601	0,042	0,4154
15.01.2026 15:08:04	124,100	-1,272	-12,7197	0,041	0,4101
15.01.2026 15:08:04	124,150	-1,269	-12,6945	0,042	0,4154
15.01.2026 15:08:04	124,200	-1,268	-12,6818	0,041	0,4084
15.01.2026 15:08:04	124,250	-1,267	-12,6712	0,041	0,4146
15.01.2026 15:08:04	124,300	-1,265	-12,6530	0,041	0,4099
15.01.2026 15:08:04	124,350	-1,252	-12,5200	0,041	0,4137
15.01.2026 15:08:04	124,400	-1,189	-11,8888	0,041	0,4092
15.01.2026 15:08:04	124,450	-1,127	-11,2723	0,041	0,4140
15.01.2026 15:08:04	124,500	-1,084	-10,8397	0,041	0,4117
15.01.2026 15:08:04	124,550	-1,054	-10,5373	0,041	0,4142
15.01.2026 15:08:04	124,600	-1,031	-10,3137	0,041	0,4115
15.01.2026 15:08:04	124,650	-1,016	-10,1590	0,041	0,4127
15.01.2026 15:08:04	124,700	-1,003	-10,0284	0,041	0,4116
15.01.2026 15:08:04	124,750	-0,993	-9,9290	0,041	0,4129
15.01.2026 15:08:04	124,800	-0,983	-9,8291	0,041	0,4116
15.01.2026 15:08:04	124,850	-0,969	-9,6870	0,041	0,4136
15.01.2026 15:08:04	124,900	-0,943	-9,4331	0,041	0,4097
15.01.2026 15:08:04	124,950	-0,920	-9,1986	0,041	0,4134
15.01.2026 15:08:05	125,000	-0,907	-9,0665	0,041	0,4113
15.01.2026 15:08:05	125,050	-0,901	-9,0057	0,042	0,4156
15.01.2026 15:08:05	125,100	-0,893	-8,9317	0,041	0,4086
15.01.2026 15:08:05	125,150	-0,885	-8,8545	0,041	0,4136
15.01.2026 15:08:05	125,200	-0,876	-8,7594	0,041	0,4058
15.01.2026 15:08:05	125,250	-0,860	-8,5988	0,041	0,4132
15.01.2026 15:08:05	125,300	-0,846	-8,4642	0,041	0,4076
15.01.2026 15:08:05	125,350	-0,834	-8,3383	0,041	0,4112
15.01.2026 15:08:05	125,400	-0,820	-8,2015	0,041	0,4109
15.01.2026 15:08:05	125,450	-0,811	-8,1100	0,041	0,4127
15.01.2026 15:08:05	125,500	-0,799	-7,9904	0,041	0,4127
15.01.2026 15:08:05	125,550	-0,787	-7,8732	0,041	0,4149
15.01.2026 15:08:05	125,600	-0,776	-7,7592	0,041	0,4081
15.01.2026 15:08:05	125,650	-0,761	-7,6123	0,041	0,4141
15.01.2026 15:08:05	125,700	-0,748	-7,4780	0,041	0,4122
15.01.2026 15:08:05	125,750	-0,742	-7,4170	0,042	0,4155
15.01.2026 15:08:05	125,800	-0,732	-7,3237	0,041	0,4091
15.01.2026 15:08:05	125,850	-0,725	-7,2479	0,041	0,4149
15.01.2026 15:08:05	125,900	-0,715	-7,1505	0,041	0,4071
15.01.2026 15:08:05	125,950	-0,704	-7,0419	0,041	0,4145
15.01.2026 15:08:06	126,000	-0,692	-6,9202	0,041	0,4099
15.01.2026 15:08:06	126,050	-0,680	-6,7965	0,041	0,4144
15.01.2026 15:08:06	126,100	-0,672	-6,7195	0,041	0,4102
15.01.2026 15:08:06	126,150	-0,669	-6,6875	0,041	0,4143
15.01.2026 15:08:06	126,200	-0,666	-6,6621	0,041	0,4107
15.01.2026 15:08:06	126,250	-0,661	-6,6117	0,042	0,4153
15.01.2026 15:08:06	126,300	-0,651	-6,5053	0,041	0,4079
15.01.2026 15:08:06	126,350	-0,636	-6,3577	0,041	0,4135
15.01.2026 15:08:06	126,400	-0,624	-6,2357	0,041	0,4098
15.01.2026 15:08:06	126,450	-0,618	-6,1786	0,041	0,4138
15.01.2026 15:08:06	126,500	-0,606	-6,0566	0,041	0,4081
15.01.2026 15:08:06	126,550	-0,589	-5,8905	0,041	0,4111
15.01.2026 15:08:06	126,600	-0,574	-5,7355	0,041	0,4096
15.01.2026 15:08:06	126,650	-0,567	-5,6673	0,041	0,4137
15.01.2026 15:08:06	126,700	-0,559	-5,5911	0,041	0,4120
15.01.2026 15:08:06	126,750	-0,551	-5,5069	0,042	0,4153
15.01.2026 15:08:06	126,800	-0,546	-5,4578	0,041	0,4093
15.01.2026 15:08:06	126,850	-0,543	-5,4326	0,041	0,4143
15.01.2026 15:08:06	126,900	-0,536	-5,3583	0,041	0,4100
15.01.2026 15:08:06	126,950	-0,530	-5,3043	0,042	0,4173
15.01.2026 15:08:07	127,000	-0,527	-5,2727	0,041	0,4090
15.01.2026 15:08:07	127,050	-0,525	-5,2550	0,042	0,4157
15.01.2026 15:08:07	127,100	-0,524	-5,2445	0,041	0,4075
15.01.2026 15:08:07	127,150	-0,520	-5,2016	0,042	0,4174
15.01.2026 15:08:07	127,200	-0,513	-5,1306	0,041	0,4079
15.01.2026 15:08:07	127,250	-0,510	-5,0963	0,041	0,4148
15.01.2026 15:08:07	127,300	-0,503	-5,0263	0,041	0,4092
15.01.2026 15:08:07	127,350	-0,497	-4,9657	0,041	0,4122
15.01.2026 15:08:07	127,400	-0,492	-4,9230	0,041	0,4075
15.01.2026 15:08:07	127,450	-0,490	-4,9037	0,042	0,4162
15.01.2026 15:08:07	127,500	-0,485	-4,8484	0,041	0,4117
15.01.2026 15:08:07	127,550	-0,478	-4,7833	0,042	0,4170
15.01.2026 15:08:07	127,600	-0,474	-4,7417	0,041	0,4094
15.01.2026 15:08:07	127,650	-0,473	-4,7264	0,042	0,4152
15.01.2026 15:08:07	127,700	-0,465	-4,6504	0,041	0,4097
15.01.2026 15:08:07	127,750	-0,460	-4,5951	0,041	0,4136
15.01.2026 15:08:07	127,800	-0,456	-4,5591	0,041	0,4076
15.01.2026 15:08:07	127,850	-0,454	-4,5371	0,042	0,4154
15.01.2026 15:08:07	127,900	-0,446	-4,4588	0,041	0,4078
15.01.2026 15:08:07	127,950	-0,441	-4,4125	0,041	0,4144
15.01.2026 15:08:08	128,000	-0,438	-4,3773	0,041	0,4108
15.01.2026 15:08:08	128,050	-0,437	-4,3693	0,042	0,4169
15.01.2026 15:08:08	128,100	-0,432	-4,3183	0,041	0,4094
15.01.2026 15:08:08	128,150	-0,425	-4,2515	0,042	0,4161
15.01.2026 15:08:08	128,200	-0,421	-4,2117	0,041	0,4094
15.01.2026 15:08:08	128,250	-0,420	-4,2018	0,041	0,4137
15.01.2026 15:08:08	128,300	-0,415	-4,1545	0,041	0,4067
15.01.2026 15:08:08	128,350	-0,408	-4,0827	0,042	0,4162
15.01.2026 15:08:08	128,400	-0,404	-4,0416	0,041	0,4091
15.01.2026 15:08:08	128,450	-0,402	-4,0234	0,042	0,4176
15.01.2026 15:08:08	128,500	-0,401	-4,0063	0,041	0,4102
15.01.2026 15:08:08	128,550	-0,399	-3,9888	0,042	0,4159
15.01.2026 15:08:08	128,600	-0,391	-3,9063	0,041	0,4120
15.01.2026 15:08:08	128,650	-0,387	-3,8720	0,041	0,4125
15.01.2026 15:08:08	128,700	-0,380	-3,8023	0,041	0,4086
15.01.2026 15:08:08	128,750	-0,373	-3,7264	0,042	0,4169
15.01.2026 15:08:08	128,800	-0,369	-3,6853	0,041	0,4080
15.01.2026 15:08:08	128,850	-0,367	-3,6705	0,042	0,4158
15.01.2026 15:08:08	128,900	-0,366	-3,6574	0,041	0,4108
15.01.2026 15:08:08	128,950	-0,365	-3,6525	0,042	0,4176
15.01.2026 15:08:09	129,000	-0,359	-3,5921	0,041	0,4067
15.01.2026 15:08:09	129,050	-0,354	-3,5350	0,042	0,4169
15.01.2026 15:08:09	129,100	-0,350	-3,5018	0,041	0,4080
15.01.2026 15:08:09	129,150	-0,349	-3,4915	0,042	0,4157
15.01.2026 15:08:09	129,200	-0,346	-3,4595	0,041	0,4081
15.01.2026 15:08:09	129,250	-0,338	-3,3841	0,042	0,4189
15.01.2026 15:08:09	129,300	-0,334	-3,3356	0,041	0,4123
15.01.2026 15:08:09	129,350	-0,331	-3,3059	0,042	0,4165
15.01.2026 15:08:09	129,400	-0,322	-3,2197	0,041	0,4086
15.01.2026 15:08:09	129,450	-0,317	-3,1709	0,042	0,4180
15.01.2026 15:08:09	129,500	-0,314	-3,1398	0,041	0,4128
15.01.2026 15:08:09	129,550	-0,314	-3,1381	0,042	0,4167
15.01.2026 15:08:09	129,600	-0,313	-3,1255	0,041	0,4084
15.01.2026 15:08:09	129,650	-0,313	-3,1273	0,042	0,4171
15.01.2026 15:08:09	129,700	-0,313	-3,1257	0,041	0,4096
15.01.2026 15:08:09	129,750	-0,309	-3,0925	0,041	0,4149
15.01.2026 15:08:09	129,800	-0,301	-3,0132	0,041	0,4100
15.01.2026 15:08:09	129,850	-0,299	-2,9859	0,041	0,4136
15.01.2026 15:08:09	129,900	-0,292	-2,9190	0,041	0,4080
15.01.2026 15:08:09	129,950	-0,285	-2,8486	0,042	0,4156
15.01.2026 15:08:10	130,000	-0,276	-2,7580	0,041	0,4086
15.01.2026 15:08:10	130,050	-0,269	-2,6859	0,042	0,4174
15.01.2026 15:08:10	130,100	-0,264	-2,6422	0,041	0,4084
15.01.2026 15:08:10	130,150	-0,263	-2,6258	0,042	0,4180
15.01.2026 15:08:10	130,200	-0,261	-2,6107	0,041	0,4070
15.01.2026 15:08:10	130,250	-0,261	-2,6079	0,042	0,4158
15.01.2026 15:08:10	130,300	-0,259	-2,5861	0,041	0,4060
15.01.2026 15:08:10	130,350	-0,251	-2,5148	0,042	0,4178
15.01.2026 15:08:10	130,400	-0,246	-2,4643	0,041	0,4106
15.01.2026 15:08:10	130,450	-0,244	-2,4430	0,042	0,4177
15.01.2026 15:08:10	130,500	-0,236	-2,3566	0,041	0,4094
15.01.2026 15:08:10	130,550	-0,229	-2,2869	0,042	0,4169
15.01.2026 15:08:10	130,600	-0,218	-2,1828	0,041	0,4072
15.01.2026 15:08:10	130,650	-0,213	-2,1320	0,042	0,4180
15.01.2026 15:08:10	130,700	-0,210	-2,1019	0,041	0,4079
15.01.2026 15:08:10	130,750	-0,207	-2,0749	0,042	0,4172
15.01.2026 15:08:10	130,800	-0,200	-2,0033	0,041	0,4112
15.01.2026 15:08:10	130,850	-0,196	-1,9565	0,042	0,4166
15.01.2026 15:08:10	130,900	-0,190	-1,9008	0,041	0,4128
15.01.2026 15:08:10	130,950	-0,182	-1,8196	0,042	0,4174
15.01.2026 15:08:11	131,000	-0,177	-1,7694	0,041	0,4082
15.01.2026 15:08:11	131,050	-0,170	-1,6994	0,042	0,4185
15.01.2026 15:08:11	131,100	-0,162	-1,6159	0,041	0,4120
15.01.2026 15:08:11	131,150	-0,159	-1,5862	0,042	0,4168
15.01.2026 15:08:11	131,200	-0,156	-1,5611	0,041	0,4105
15.01.2026 15:08:11	131,250	-0,156	-1,5597	0,042	0,4171
15.01.2026 15:08:11	131,300	-0,149	-1,4888	0,041	0,4122
15.01.2026 15:08:11	131,350	-0,144	-1,4352	0,042	0,4194
15.01.2026 15:08:11	131,400	-0,140	-1,3993	0,041	0,4135
15.01.2026 15:08:11	131,450	-0,139	-1,3874	0,042	0,4211
15.01.2026 15:08:11	131,500	-0,136	-1,3638	0,041	0,4114
15.01.2026 15:08:11	131,550	-0,130	-1,2953	0,042	0,4192
15.01.2026 15:08:11	131,600	-0,124	-1,2442	0,041	0,4064
15.01.2026 15:08:11	131,650	-0,121	-1,2052	0,042	0,4158
15.01.2026 15:08:11	131,700	-0,111	-1,1124	0,041	0,4084
15.01.2026 15:08:11	131,750	-0,107	-1,0685	0,042	0,4179
15.01.2026 15:08:11	131,800	-0,104	-1,0387	0,041	0,4081
15.01.2026 15:08:11	131,850	-0,095	-0,9474	0,042	0,4192
15.01.2026 15:08:11	131,900	-0,082	-0,8212	0,041	0,4095
15.01.2026 15:08:11	131,950	-0,076	-0,7566	0,042	0,4171
15.01.2026 15:08:12	132,000	-0,072	-0,7202	0,041	0,4079
15.01.2026 15:08:12	132,050	-0,070	-0,7044	0,042	0,4184
15.01.2026 15:08:12	132,100	-0,069	-0,6889	0,041	0,4118
15.01.2026 15:08:12	132,150	-0,069	-0,6910	0,042	0,4171
15.01.2026 15:08:12	132,200	-0,068	-0,6815	0,041	0,4096
15.01.2026 15:08:12	132,250	-0,068	-0,6794	0,042	0,4166
15.01.2026 15:08:12	132,300	-0,067	-0,6712	0,041	0,4101
15.01.2026 15:08:12	132,350	-0,067	-0,6726	0,042	0,4176
15.01.2026 15:08:12	132,400	-0,067	-0,6658	0,041	0,4092
15.01.2026 15:08:12	132,450	-0,067	-0,6720	0,042	0,4179
15.01.2026 15:08:12	132,500	-0,064	-0,6356	0,041	0,4105
15.01.2026 15:08:12	132,550	-0,057	-0,5719	0,042	0,4168
15.01.2026 15:08:12	132,600	-0,053	-0,5262	0,041	0,4132
15.01.2026 15:08:12	132,650	-0,052	-0,5169	0,042	0,4168
15.01.2026 15:08:12	132,700	-0,050	-0,5020	0,041	0,4099
15.01.2026 15:08:12	132,750	-0,050	-0,4993	0,042	0,4194
15.01.2026 15:08:12	132,800	-0,049	-0,4900	0,041	0,4137
15.01.2026 15:08:12	132,850	-0,056	-0,5615	0,042	0,4186
15.01.2026 15:08:12	132,900	-0,077	-0,7683	0,041	0,4102
15.01.2026 15:08:12	132,950	-0,090	-0,8960	0,042	0,4181
15.01.2026 15:08:13	133,000	-0,095	-0,9547	0,041	0,4093
15.01.2026 15:08:13	133,050	-0,099	-0,9915	0,042	0,4162
15.01.2026 15:08:13	133,100	-0,100	-0,9967	0,041	0,4095
15.01.2026 15:08:13	133,150	-0,095	-0,9472	0,042	0,4196
15.01.2026 15:08:13	133,200	-0,089	-0,8934	0,041	0,4118
15.01.2026 15:08:13	133,250	-0,087	-0,8736	0,042	0,4175
15.01.2026 15:08:13	133,300	-0,085	-0,8519	0,041	0,4119
15.01.2026 15:08:13	133,350	-0,085	-0,8537	0,042	0,4159
15.01.2026 15:08:13	133,400	-0,084	-0,8443	0,041	0,4091
15.01.2026 15:08:13	133,450	-0,084	-0,8450	0,042	0,4180
15.01.2026 15:08:13	133,500	-0,084	-0,8375	0,041	0,4111
15.01.2026 15:08:13	133,550	-0,084	-0,8427	0,042	0,4170
15.01.2026 15:08:13	133,600	-0,079	-0,7857	0,041	0,4112
15.01.2026 15:08:13	133,650	-0,074	-0,7360	0,042	0,4153
15.01.2026 15:08:13	133,700	-0,058	-0,5849	0,041	0,4141
15.01.2026 15:08:13	133,750	-0,029	-0,2866	0,042	0,4203
15.01.2026 15:08:13	133,800	-0,005	-0,0499	0,041	0,4107
15.01.2026 15:08:13	133,850	0,006	0,0616	0,042	0,4176
15.01.2026 15:08:13	133,900	0,012	0,1239	0,041	0,4094
15.01.2026 15:08:13	133,950	0,015	0,1490	0,042	0,4171
15.01.2026 15:08:14	134,000	0,017	0,1666	0,041	0,4066
15.01.2026 15:08:14	134,050	0,017	0,1727	0,042	0,4170
15.01.2026 15:08:14	134,100	0,018	0,1809	0,041	0,4080
15.01.2026 15:08:14	134,150	0,018	0,1802	0,042	0,4183
15.01.2026 15:08:14	134,200	0,018	0,1845	0,041	0,4077
15.01.2026 15:08:14	134,250	0,018	0,1824	0,042	0,4182
15.01.2026 15:08:14	134,300	0,018	0,1838	0,041	0,4063
15.01.2026 15:08:14	134,350	0,018	0,1824	0,042	0,4176
15.01.2026 15:08:14	134,400	0,018	0,1850	0,041	0,4070
15.01.2026 15:08:14	134,450	0,018	0,1819	0,042	0,4160
15.01.2026 15:08:14	134,500	0,019	0,1865	0,041	0,4090
15.01.2026 15:08:14	134,550	0,018	0,1809	0,042	0,4152
15.01.2026 15:08:14	134,600	0,019	0,1871	0,041	0,4096
15.01.2026 15:08:14	134,650	0,018	0,1809	0,042	0,4162
15.01.2026 15:08:14	134,700	0,019	0,1881	0,041	0,4086
15.01.2026 15:08:14	134,750	0,018	0,1821	0,042	0,4159
15.01.2026 15:08:14	134,800	0,019	0,1866	0,041	0,4079
15.01.2026 15:08:14	134,850	0,018	0,1796	0,041	0,4136
15.01.2026 15:08:14	134,900	0,019	0,1880	0,041	0,4095
15.01.2026 15:08:14	134,950	0,018	0,1799	0,041	0,4132
15.01.2026 15:08:15	135,000	0,019	0,1865	0,041	0,4074
15.01.2026 15:08:15	135,050	0,018	0,1837	0,042	0,4181
15.01.2026 15:08:15	135,100	0,019	0,1872	0,041	0,4086
15.01.2026 15:08:15	135,150	0,018	0,1819	0,042	0,4165
15.01.2026 15:08:15	135,200	0,019	0,1869	0,041	0,4080
15.01.2026 15:08:15	135,250	0,018	0,1819	0,042	0,4171
15.01.2026 15:08:15	135,300	0,019	0,1885	0,041	0,4105
15.01.2026 15:08:15	135,350	0,018	0,1826	0,042	0,4172
15.01.2026 15:08:15	135,400	0,019	0,1868	0,041	0,4091
15.01.2026 15:08:15	135,450	0,018	0,1825	0,042	0,4155
15.01.2026 15:08:15	135,500	0,019	0,1873	0,041	0,4091
15.01.2026 15:08:15	135,550	0,018	0,1822	0,041	0,4148
15.01.2026 15:08:15	135,600	0,019	0,1897	0,041	0,4092
15.01.2026 15:08:15	135,650	0,018	0,1826	0,041	0,4146
15.01.2026 15:08:15	135,700	0,019	0,1875	0,041	0,4079
15.01.2026 15:08:15	135,750	0,018	0,1802	0,041	0,4128
15.01.2026 15:08:15	135,800	0,019	0,1880	0,041	0,4086
15.01.2026 15:08:15	135,850	0,018	0,1821	0,041	0,4142
15.01.2026 15:08:15	135,900	0,014	0,1436	0,041	0,4102
15.01.2026 15:08:15	135,950	-0,016	-0,1612	0,042	0,4174
15.01.2026 15:08:16	136,000	-0,017	-0,1681	0,041	0,4098
15.01.2026 15:08:16	136,050	-0,015	-0,1531	0,042	0,4186
15.01.2026 15:08:16	136,100	-0,016	-0,1552	0,041	0,4112
15.01.2026 15:08:16	136,150	-0,014	-0,1443	0,042	0,4223
15.01.2026 15:08:16	136,200	-0,015	-0,1540	0,041	0,4113
15.01.2026 15:08:16	136,250	-0,015	-0,1478	0,042	0,4179
15.01.2026 15:08:16	136,300	-0,015	-0,1515	0,041	0,4127
15.01.2026 15:08:16	136,350	-0,014	-0,1448	0,042	0,4206
15.01.2026 15:08:16	136,400	-0,015	-0,1528	0,041	0,4113
15.01.2026 15:08:16	136,450	-0,012	-0,1161	0,041	0,4143
15.01.2026 15:08:16	136,500	-0,005	-0,0502	0,041	0,4135
15.01.2026 15:08:16	136,550	-0,001	-0,0131	0,042	0,4181
15.01.2026 15:08:16	136,600	-3,668E-4	-0,0037	0,041	0,4105
15.01.2026 15:08:16	136,650	9,784E-4	0,0098	0,042	0,4173
15.01.2026 15:08:16	136,700	7,489E-4	0,0075	0,041	0,4095
15.01.2026 15:08:16	136,750	0,006	0,0629	0,042	0,4180
15.01.2026 15:08:16	136,800	0,025	0,2512	0,041	0,4072
15.01.2026 15:08:16	136,850	0,055	0,5549	0,042	0,4159
15.01.2026 15:08:16	136,900	0,082	0,8240	0,041	0,4075
15.01.2026 15:08:16	136,950	0,104	1,0441	0,041	0,4129
15.01.2026 15:08:17	137,000	0,124	1,2354	0,041	0,4094
15.01.2026 15:08:17	137,050	0,142	1,4181	0,042	0,4159
15.01.2026 15:08:17	137,100	0,157	1,5674	0,041	0,4067
15.01.2026 15:08:17	137,150	0,166	1,6626	0,042	0,4172
15.01.2026 15:08:17	137,200	0,170	1,6980	0,041	0,4086
15.01.2026 15:08:17	137,250	0,173	1,7261	0,042	0,4160
15.01.2026 15:08:17	137,300	0,173	1,7316	0,041	0,4096
15.01.2026 15:08:17	137,350	0,174	1,7418	0,042	0,4168
15.01.2026 15:08:17	137,400	0,174	1,7387	0,041	0,4081
15.01.2026 15:08:17	137,450	0,175	1,7504	0,042	0,4174
15.01.2026 15:08:17	137,500	0,177	1,7672	0,041	0,4126
15.01.2026 15:08:17	137,550	0,185	1,8502	0,041	0,4148
15.01.2026 15:08:17	137,600	0,197	1,9681	0,041	0,4099
15.01.2026 15:08:17	137,650	0,213	2,1284	0,042	0,4183
15.01.2026 15:08:17	137,700	0,227	2,2741	0,041	0,4087
15.01.2026 15:08:17	137,750	0,242	2,4216	0,042	0,4181
15.01.2026 15:08:17	137,800	0,256	2,5564	0,041	0,4101
15.01.2026 15:08:17	137,850	0,268	2,6836	0,041	0,4145
15.01.2026 15:08:17	137,900	0,281	2,8084	0,041	0,4096
15.01.2026 15:08:17	137,950	0,298	2,9763	0,042	0,4193
15.01.2026 15:08:18	138,000	0,309	3,0863	0,041	0,4110
15.01.2026 15:08:18	138,050	0,322	3,2209	0,042	0,4167
15.01.2026 15:08:18	138,100	0,335	3,3527	0,041	0,4097
15.01.2026 15:08:18	138,150	0,352	3,5242	0,041	0,4137
15.01.2026 15:08:18	138,200	0,368	3,6802	0,041	0,4105
15.01.2026 15:08:18	138,250	0,375	3,7514	0,042	0,4179
15.01.2026 15:08:18	138,300	0,377	3,7650	0,041	0,4102
15.01.2026 15:08:18	138,350	0,377	3,7732	0,042	0,4171
15.01.2026 15:08:18	138,400	0,377	3,7686	0,041	0,4119
15.01.2026 15:08:18	138,450	0,377	3,7685	0,041	0,4142
15.01.2026 15:08:18	138,500	0,376	3,7641	0,041	0,4103
15.01.2026 15:08:18	138,550	0,377	3,7703	0,042	0,4182
15.01.2026 15:08:18	138,600	0,377	3,7669	0,041	0,4144
15.01.2026 15:08:18	138,650	0,377	3,7675	0,042	0,4180
15.01.2026 15:08:18	138,700	0,376	3,7591	0,041	0,4087
15.01.2026 15:08:18	138,750	0,378	3,7779	0,042	0,4167
15.01.2026 15:08:18	138,800	0,381	3,8137	0,041	0,4086
15.01.2026 15:08:18	138,850	0,394	3,9381	0,042	0,4165
15.01.2026 15:08:18	138,900	0,408	4,0847	0,041	0,4085
15.01.2026 15:08:18	138,950	0,431	4,3102	0,042	0,4179
15.01.2026 15:08:19	139,000	0,456	4,5645	0,041	0,4102
15.01.2026 15:08:19	139,050	0,488	4,8797	0,041	0,4138
15.01.2026 15:08:19	139,100	0,518	5,1788	0,041	0,4105
15.01.2026 15:08:19	139,150	0,553	5,5344	0,042	0,4170
15.01.2026 15:08:19	139,200	0,574	5,7437	0,041	0,4114
15.01.2026 15:08:19	139,250	0,593	5,9277	0,042	0,4159
15.01.2026 15:08:19	139,300	0,617	6,1747	0,041	0,4117
15.01.2026 15:08:19	139,350	0,634	6,3441	0,042	0,4181
15.01.2026 15:08:19	139,400	0,649	6,4935	0,041	0,4100
15.01.2026 15:08:19	139,450	0,666	6,6576	0,042	0,4167
15.01.2026 15:08:19	139,500	0,675	6,7465	0,041	0,4104
15.01.2026 15:08:19	139,550	0,680	6,7986	0,042	0,4175
15.01.2026 15:08:19	139,600	0,682	6,8199	0,041	0,4145
15.01.2026 15:08:19	139,650	0,684	6,8375	0,042	0,4192
15.01.2026 15:08:19	139,700	0,684	6,8379	0,041	0,4136
15.01.2026 15:08:19	139,750	0,684	6,8427	0,041	0,4150
15.01.2026 15:08:19	139,800	0,684	6,8422	0,041	0,4098
15.01.2026 15:08:19	139,850	0,685	6,8497	0,042	0,4155
15.01.2026 15:08:19	139,900	0,684	6,8432	0,041	0,4074
15.01.2026 15:08:19	139,950	0,686	6,8563	0,042	0,4181
15.01.2026 15:08:20	140,000	0,691	6,9053	0,041	0,4065
15.01.2026 15:08:20	140,050	0,698	6,9813	0,042	0,4152
15.01.2026 15:08:20	140,100	0,701	7,0125	0,041	0,4104
15.01.2026 15:08:20	140,150	0,704	7,0376	0,042	0,4182
15.01.2026 15:08:20	140,200	0,704	7,0393	0,041	0,4121
15.01.2026 15:08:20	140,250	0,705	7,0483	0,042	0,4162
15.01.2026 15:08:20	140,300	0,704	7,0436	0,041	0,4092
15.01.2026 15:08:20	140,350	0,705	7,0516	0,042	0,4159
15.01.2026 15:08:20	140,400	0,705	7,0499	0,041	0,4141
15.01.2026 15:08:20	140,450	0,705	7,0550	0,042	0,4179
15.01.2026 15:08:20	140,500	0,713	7,1296	0,041	0,4087
15.01.2026 15:08:20	140,550	0,745	7,4462	0,042	0,4201
15.01.2026 15:08:20	140,600	0,791	7,9118	0,041	0,4128
15.01.2026 15:08:20	140,650	0,840	8,4017	0,042	0,4157
15.01.2026 15:08:20	140,700	0,877	8,7706	0,041	0,4143
15.01.2026 15:08:20	140,750	0,897	8,9719	0,042	0,4167
15.01.2026 15:08:20	140,800	0,913	9,1299	0,041	0,4146
15.01.2026 15:08:20	140,850	0,923	9,2332	0,041	0,4150
15.01.2026 15:08:20	140,900	0,939	9,3931	0,041	0,4140
15.01.2026 15:08:20	140,950	0,955	9,5495	0,042	0,4150
15.01.2026 15:08:21	141,000	0,979	9,7874	0,041	0,4108
15.01.2026 15:08:21	141,050	1,015	10,1548	0,042	0,4179
15.01.2026 15:08:21	141,100	1,049	10,4850	0,041	0,4142
15.01.2026 15:08:21	141,150	1,069	10,6919	0,042	0,4188
15.01.2026 15:08:21	141,200	1,079	10,7889	0,041	0,4120
15.01.2026 15:08:21	141,250	1,091	10,9147	0,042	0,4191
15.01.2026 15:08:21	141,300	1,101	11,0071	0,041	0,4121
15.01.2026 15:08:21	141,350	1,115	11,1539	0,042	0,4160
15.01.2026 15:08:21	141,400	1,130	11,2972	0,041	0,4141
15.01.2026 15:08:21	141,450	1,142	11,4188	0,042	0,4202
15.01.2026 15:08:21	141,500	1,151	11,5132	0,041	0,4138
15.01.2026 15:08:21	141,550	1,163	11,6320	0,042	0,4162
15.01.2026 15:08:21	141,600	1,172	11,7174	0,041	0,4145
15.01.2026 15:08:21	141,650	1,183	11,8321	0,042	0,4192
15.01.2026 15:08:21	141,700	1,189	11,8912	0,042	0,4154
15.01.2026 15:08:21	141,750	1,193	11,9289	0,042	0,4219
15.01.2026 15:08:21	141,800	1,193	11,9335	0,041	0,4123
15.01.2026 15:08:21	141,850	1,195	11,9468	0,042	0,4179
15.01.2026 15:08:21	141,900	1,195	11,9466	0,042	0,4157
15.01.2026 15:08:21	141,950	1,195	11,9534	0,042	0,4197
15.01.2026 15:08:22	142,000	1,195	11,9454	0,041	0,4110
15.01.2026 15:08:22	142,050	1,196	11,9560	0,042	0,4211
15.01.2026 15:08:22	142,100	1,199	11,9886	0,041	0,4130
15.01.2026 15:08:22	142,150	1,218	12,1835	0,042	0,4189
15.01.2026 15:08:22	142,200	1,233	12,3311	0,041	0,4146
15.01.2026 15:08:22	142,250	1,241	12,4114	0,042	0,4175
15.01.2026 15:08:22	142,300	1,246	12,4591	0,041	0,4136
15.01.2026 15:08:22	142,350	1,258	12,5848	0,041	0,4143
15.01.2026 15:08:22	142,400	1,271	12,7113	0,041	0,4145
15.01.2026 15:08:22	142,450	1,278	12,7770	0,042	0,4160
15.01.2026 15:08:22	142,500	1,283	12,8305	0,041	0,4142
15.01.2026 15:08:22	142,550	1,292	12,9167	0,042	0,4192
15.01.2026 15:08:22	142,600	1,296	12,9609	0,041	0,4127
15.01.2026 15:08:22	142,650	1,306	13,0578	0,042	0,4186
15.01.2026 15:08:22	142,700	1,312	13,1217	0,041	0,4118
15.01.2026 15:08:22	142,750	1,316	13,1585	0,042	0,4157
15.01.2026 15:08:22	142,800	1,317	13,1699	0,041	0,4103
15.01.2026 15:08:22	142,850	1,319	13,1857	0,042	0,4184
15.01.2026 15:08:22	142,900	1,318	13,1823	0,041	0,4140
15.01.2026 15:08:22	142,950	1,319	13,1944	0,042	0,4211
15.01.2026 15:08:23	143,000	1,319	13,1897	0,041	0,4120
15.01.2026 15:08:23	143,050	1,333	13,3323	0,042	0,4170
15.01.2026 15:08:23	143,100	1,352	13,5195	0,041	0,4140
15.01.2026 15:08:23	143,150	1,368	13,6763	0,042	0,4196
15.01.2026 15:08:23	143,200	1,382	13,8168	0,041	0,4148
15.01.2026 15:08:23	143,250	1,395	13,9485	0,042	0,4177
15.01.2026 15:08:23	143,300	1,401	14,0077	0,041	0,4141
15.01.2026 15:08:23	143,350	1,404	14,0442	0,042	0,4169
15.01.2026 15:08:23	143,400	1,406	14,0576	0,041	0,4147
15.01.2026 15:08:23	143,450	1,407	14,0687	0,041	0,4147
15.01.2026 15:08:23	143,500	1,407	14,0693	0,041	0,4130
15.01.2026 15:08:23	143,550	1,408	14,0775	0,042	0,4169
15.01.2026 15:08:23	143,600	1,412	14,1213	0,041	0,4120
15.01.2026 15:08:23	143,650	1,446	14,4593	0,042	0,4206
15.01.2026 15:08:23	143,700	1,479	14,7887	0,042	0,4154
15.01.2026 15:08:23	143,750	1,497	14,9669	0,042	0,4157
15.01.2026 15:08:23	143,800	1,505	15,0521	0,041	0,4141
15.01.2026 15:08:23	143,850	1,510	15,1021	0,042	0,4179
15.01.2026 15:08:23	143,900	1,512	15,1201	0,041	0,4144
15.01.2026 15:08:23	143,950	1,515	15,1490	0,042	0,4195
15.01.2026 15:08:24	144,000	1,527	15,2686	0,041	0,4116
15.01.2026 15:08:24	144,050	1,539	15,3917	0,042	0,4196
15.01.2026 15:08:24	144,100	1,544	15,4368	0,041	0,4095
15.01.2026 15:08:24	144,150	1,547	15,4730	0,042	0,4161
15.01.2026 15:08:24	144,200	1,546	15,4588	0,042	0,4161
15.01.2026 15:08:24	144,250	1,567	15,6651	0,042	0,4169
15.01.2026 15:08:24	144,300	1,607	16,0681	0,042	0,4157
15.01.2026 15:08:24	144,350	1,632	16,3152	0,042	0,4165
15.01.2026 15:08:24	144,400	1,642	16,4232	0,042	0,4169
15.01.2026 15:08:24	144,450	1,646	16,4606	0,042	0,4185
15.01.2026 15:08:24	144,500	1,648	16,4840	0,041	0,4125
15.01.2026 15:08:24	144,550	1,660	16,6032	0,042	0,4181
15.01.2026 15:08:24	144,600	1,671	16,7088	0,041	0,4120
15.01.2026 15:08:24	144,650	1,675	16,7508	0,042	0,4188
15.01.2026 15:08:24	144,700	1,675	16,7548	0,042	0,4158
15.01.2026 15:08:24	144,750	1,678	16,7763	0,042	0,4186
15.01.2026 15:08:24	144,800	1,695	16,9467	0,041	0,4132
15.01.2026 15:08:24	144,850	1,720	17,1992	0,042	0,4173
15.01.2026 15:08:24	144,900	1,732	17,3249	0,041	0,4141
15.01.2026 15:08:24	144,950	1,739	17,3914	0,042	0,4155
15.01.2026 15:08:25	145,000	1,742	17,4213	0,042	0,4165
15.01.2026 15:08:25	145,050	1,744	17,4427	0,042	0,4176
15.01.2026 15:08:25	145,100	1,747	17,4684	0,041	0,4134
15.01.2026 15:08:25	145,150	1,757	17,5699	0,042	0,4183
15.01.2026 15:08:25	145,200	1,761	17,6145	0,041	0,4150
15.01.2026 15:08:25	145,250	1,764	17,6422	0,042	0,4170
15.01.2026 15:08:25	145,300	1,766	17,6586	0,042	0,4172
15.01.2026 15:08:25	145,350	1,786	17,8633	0,042	0,4168
15.01.2026 15:08:25	145,400	1,818	18,1800	0,042	0,4174
15.01.2026 15:08:25	145,450	1,835	18,3534	0,042	0,4176
15.01.2026 15:08:25	145,500	1,844	18,4352	0,042	0,4169
15.01.2026 15:08:25	145,550	1,848	18,4809	0,042	0,4183
15.01.2026 15:08:25	145,600	1,851	18,5114	0,042	0,4176
15.01.2026 15:08:25	145,650	1,872	18,7203	0,042	0,4211
15.01.2026 15:08:25	145,700	1,896	18,9619	0,042	0,4163
15.01.2026 15:08:25	145,750	1,910	19,0976	0,042	0,4191
15.01.2026 15:08:25	145,800	1,916	19,1606	0,042	0,4170
15.01.2026 15:08:25	145,850	1,920	19,1987	0,042	0,4208
15.01.2026 15:08:25	145,900	1,921	19,2098	0,042	0,4173
15.01.2026 15:08:25	145,950	1,927	19,2671	0,042	0,4187
15.01.2026 15:08:26	146,000	1,933	19,3347	0,041	0,4144
15.01.2026 15:08:26	146,050	1,938	19,3779	0,042	0,4189
15.01.2026 15:08:26	146,100	1,939	19,3892	0,042	0,4171
15.01.2026 15:08:26	146,150	1,941	19,4110	0,042	0,4199
15.01.2026 15:08:26	146,200	1,964	19,6390	0,042	0,4157
15.01.2026 15:08:26	146,250	1,996	19,9601	0,042	0,4164
15.01.2026 15:08:26	146,300	2,012	20,1237	0,042	0,4164
15.01.2026 15:08:26	146,350	2,021	20,2146	0,042	0,4199
15.01.2026 15:08:26	146,400	2,025	20,2508	0,042	0,4177
15.01.2026 15:08:26	146,450	2,028	20,2804	0,042	0,4223
15.01.2026 15:08:26	146,500	2,029	20,2933	0,042	0,4169
15.01.2026 15:08:26	146,550	2,051	20,5063	0,042	0,4186
15.01.2026 15:08:26	146,600	2,076	20,7562	0,041	0,4141
15.01.2026 15:08:26	146,650	2,089	20,8945	0,042	0,4195
15.01.2026 15:08:26	146,700	2,095	20,9541	0,042	0,4173
15.01.2026 15:08:26	146,750	2,099	20,9893	0,042	0,4190
15.01.2026 15:08:26	146,800	2,100	21,0023	0,042	0,4179
15.01.2026 15:08:26	146,850	2,101	21,0129	0,042	0,4178
15.01.2026 15:08:26	146,900	2,102	21,0167	0,042	0,4169
15.01.2026 15:08:26	146,950	2,103	21,0261	0,042	0,4191
15.01.2026 15:08:27	147,000	2,102	21,0216	0,042	0,4162
15.01.2026 15:08:27	147,050	2,103	21,0273	0,042	0,4187
15.01.2026 15:08:27	147,100	2,102	21,0169	0,041	0,4123
15.01.2026 15:08:27	147,150	2,102	21,0248	0,042	0,4193
15.01.2026 15:08:27	147,200	2,104	21,0381	0,042	0,4165
15.01.2026 15:08:27	147,250	2,117	21,1672	0,042	0,4172
15.01.2026 15:08:27	147,300	2,127	21,2694	0,042	0,4190
15.01.2026 15:08:27	147,350	2,132	21,3234	0,042	0,4185
15.01.2026 15:08:27	147,400	2,134	21,3415	0,041	0,4139
15.01.2026 15:08:27	147,450	2,136	21,3623	0,042	0,4188
15.01.2026 15:08:27	147,500	2,136	21,3645	0,042	0,4172
15.01.2026 15:08:27	147,550	2,137	21,3721	0,042	0,4185
15.01.2026 15:08:27	147,600	2,137	21,3674	0,042	0,4164
15.01.2026 15:08:27	147,650	2,138	21,3824	0,042	0,4186
15.01.2026 15:08:27	147,700	2,155	21,5526	0,042	0,4169
15.01.2026 15:08:27	147,750	2,188	21,8794	0,042	0,4164
15.01.2026 15:08:27	147,800	2,207	22,0655	0,041	0,4146
15.01.2026 15:08:27	147,850	2,217	22,1664	0,042	0,4176
15.01.2026 15:08:27	147,900	2,221	22,2090	0,042	0,4170
15.01.2026 15:08:27	147,950	2,224	22,2388	0,042	0,4191
15.01.2026 15:08:28	148,000	2,225	22,2466	0,042	0,4175
15.01.2026 15:08:28	148,050	2,234	22,3352	0,042	0,4184
15.01.2026 15:08:28	148,100	2,247	22,4720	0,042	0,4169
15.01.2026 15:08:28	148,150	2,255	22,5530	0,042	0,4208
15.01.2026 15:08:28	148,200	2,258	22,5833	0,042	0,4165
15.01.2026 15:08:28	148,250	2,261	22,6081	0,042	0,4189
15.01.2026 15:08:28	148,300	2,264	22,6354	0,042	0,4181
15.01.2026 15:08:28	148,350	2,291	22,9071	0,042	0,4190
15.01.2026 15:08:28	148,400	2,321	23,2102	0,042	0,4166
15.01.2026 15:08:28	148,450	2,337	23,3707	0,042	0,4166
15.01.2026 15:08:28	148,500	2,345	23,4459	0,042	0,4173
15.01.2026 15:08:28	148,550	2,349	23,4894	0,042	0,4183
15.01.2026 15:08:28	148,600	2,354	23,5395	0,041	0,4146
15.01.2026 15:08:28	148,650	2,382	23,8173	0,042	0,4178
15.01.2026 15:08:28	148,700	2,411	24,1078	0,042	0,4178
15.01.2026 15:08:28	148,750	2,426	24,2605	0,042	0,4164
15.01.2026 15:08:28	148,800	2,433	24,3349	0,042	0,4199
15.01.2026 15:08:28	148,850	2,438	24,3763	0,042	0,4192
15.01.2026 15:08:28	148,900	2,439	24,3928	0,042	0,4189
15.01.2026 15:08:28	148,950	2,447	24,4719	0,042	0,4199
15.01.2026 15:08:29	149,000	2,462	24,6197	0,042	0,4172
15.01.2026 15:08:29	149,050	2,471	24,7052	0,042	0,4184
15.01.2026 15:08:29	149,100	2,474	24,7437	0,042	0,4203
15.01.2026 15:08:29	149,150	2,476	24,7626	0,042	0,4155
15.01.2026 15:08:29	149,200	2,477	24,7707	0,042	0,4166
15.01.2026 15:08:29	149,250	2,481	24,8068	0,042	0,4195
15.01.2026 15:08:29	149,300	2,512	25,1200	0,042	0,4178
15.01.2026 15:08:29	149,350	2,548	25,4848	0,042	0,4188
15.01.2026 15:08:29	149,400	2,567	25,6712	0,042	0,4178
15.01.2026 15:08:29	149,450	2,576	25,7643	0,042	0,4182
15.01.2026 15:08:29	149,500	2,581	25,8070	0,042	0,4181
15.01.2026 15:08:29	149,550	2,584	25,8353	0,042	0,4188
15.01.2026 15:08:29	149,600	2,592	25,9196	0,042	0,4186
15.01.2026 15:08:29	149,650	2,646	26,4575	0,042	0,4187
15.01.2026 15:08:29	149,700	2,720	27,2002	0,042	0,4163
15.01.2026 15:08:29	149,750	2,763	27,6265	0,042	0,4171
15.01.2026 15:08:29	149,800	2,779	27,7893	0,042	0,4179
15.01.2026 15:08:29	149,850	2,788	27,8796	0,042	0,4201
15.01.2026 15:08:29	149,900	2,792	27,9180	0,042	0,4183
15.01.2026 15:08:29	149,950	2,799	27,9867	0,042	0,4213
15.01.2026 15:08:30	150,000	2,844	28,4373	0,042	0,4191
15.01.2026 15:08:30	150,050	2,930	29,2973	0,042	0,4199
15.01.2026 15:08:30	150,100	2,993	29,9310	0,042	0,4174
15.01.2026 15:08:30	150,150	3,021	30,2066	0,042	0,4198
15.01.2026 15:08:30	150,200	3,034	30,3363	0,042	0,4188
15.01.2026 15:08:30	150,250	3,042	30,4202	0,042	0,4201
15.01.2026 15:08:30	150,300	3,053	30,5254	0,042	0,4188
15.01.2026 15:08:30	150,350	3,062	30,6173	0,042	0,4190
15.01.2026 15:08:30	150,400	3,076	30,7562	0,042	0,4194
15.01.2026 15:08:30	150,450	3,096	30,9643	0,042	0,4191
15.01.2026 15:08:30	150,500	3,115	31,1488	0,042	0,4166
15.01.2026 15:08:30	150,550	3,126	31,2636	0,042	0,4177
15.01.2026 15:08:30	150,600	3,132	31,3189	0,042	0,4196
15.01.2026 15:08:30	150,650	3,135	31,3467	0,042	0,4178
15.01.2026 15:08:30	150,700	3,136	31,3586	0,042	0,4181
15.01.2026 15:08:30	150,750	3,137	31,3703	0,042	0,4180
15.01.2026 15:08:30	150,800	3,137	31,3721	0,042	0,4180
15.01.2026 15:08:30	150,850	3,138	31,3771	0,042	0,4166
15.01.2026 15:08:30	150,900	3,138	31,3767	0,042	0,4176
15.01.2026 15:08:30	150,950	3,138	31,3839	0,042	0,4186
15.01.2026 15:08:31	151,000	3,139	31,3858	0,042	0,4178
15.01.2026 15:08:31	151,050	3,141	31,4076	0,042	0,4207
15.01.2026 15:08:31	151,100	3,153	31,5261	0,042	0,4177
15.01.2026 15:08:31	151,150	3,172	31,7192	0,041	0,4146
15.01.2026 15:08:31	151,200	3,182	31,8245	0,042	0,4195
15.01.2026 15:08:31	151,250	3,189	31,8852	0,042	0,4225
15.01.2026 15:08:31	151,300	3,190	31,9038	0,042	0,4187
15.01.2026 15:08:31	151,350	3,193	31,9318	0,042	0,4177
15.01.2026 15:08:31	151,400	3,211	32,1084	0,042	0,4198
15.01.2026 15:08:31	151,450	3,240	32,4013	0,042	0,4191
15.01.2026 15:08:31	151,500	3,261	32,6060	0,042	0,4185
15.01.2026 15:08:31	151,550	3,271	32,7146	0,042	0,4190
15.01.2026 15:08:31	151,600	3,276	32,7618	0,042	0,4180
15.01.2026 15:08:31	151,650	3,285	32,8507	0,042	0,4189
15.01.2026 15:08:31	151,700	3,316	33,1573	0,042	0,4165
15.01.2026 15:08:31	151,750	3,344	33,4376	0,042	0,4187
15.01.2026 15:08:31	151,800	3,357	33,5706	0,042	0,4183
15.01.2026 15:08:31	151,850	3,364	33,6408	0,042	0,4169
15.01.2026 15:08:31	151,900	3,375	33,7514	0,042	0,4185
15.01.2026 15:08:31	151,950	3,409	34,0874	0,042	0,4180
15.01.2026 15:08:32	152,000	3,435	34,3452	0,042	0,4193
15.01.2026 15:08:32	152,050	3,447	34,4739	0,042	0,4184
15.01.2026 15:08:32	152,100	3,453	34,5345	0,042	0,4184
15.01.2026 15:08:32	152,150	3,459	34,5876	0,042	0,4210
15.01.2026 15:08:32	152,200	3,480	34,7983	0,042	0,4198
15.01.2026 15:08:32	152,250	3,507	35,0695	0,042	0,4183
15.01.2026 15:08:32	152,300	3,525	35,2519	0,042	0,4188
15.01.2026 15:08:32	152,350	3,528	35,2761	0,042	0,4191
15.01.2026 15:08:32	152,400	3,523	35,2311	0,042	0,4204
15.01.2026 15:08:32	152,450	3,521	35,2126	0,042	0,4197
15.01.2026 15:08:32	152,500	3,531	35,3062	0,042	0,4164
15.01.2026 15:08:32	152,550	3,569	35,6929	0,042	0,4184
15.01.2026 15:08:32	152,600	3,614	36,1421	0,042	0,4195
15.01.2026 15:08:32	152,650	3,639	36,3888	0,042	0,4192
15.01.2026 15:08:32	152,700	3,648	36,4831	0,042	0,4208
15.01.2026 15:08:32	152,750	3,654	36,5419	0,042	0,4232
15.01.2026 15:08:32	152,800	3,656	36,5591	0,042	0,4183
15.01.2026 15:08:32	152,850	3,664	36,6384	0,042	0,4212
15.01.2026 15:08:32	152,900	3,697	36,9664	0,042	0,4200
15.01.2026 15:08:32	152,950	3,746	37,4571	0,042	0,4202
15.01.2026 15:08:33	153,000	3,772	37,7169	0,042	0,4177
15.01.2026 15:08:33	153,050	3,779	37,7918	0,042	0,4200
15.01.2026 15:08:33	153,100	3,782	37,8175	0,042	0,4191
15.01.2026 15:08:33	153,150	3,784	37,8437	0,042	0,4192
15.01.2026 15:08:33	153,200	3,802	38,0210	0,042	0,4178
15.01.2026 15:08:33	153,250	3,849	38,4944	0,042	0,4192
15.01.2026 15:08:33	153,300	3,896	38,9551	0,042	0,4199
15.01.2026 15:08:33	153,350	3,920	39,1966	0,042	0,4206
15.01.2026 15:08:33	153,400	3,925	39,2525	0,042	0,4191
15.01.2026 15:08:33	153,450	3,928	39,2822	0,042	0,4191
15.01.2026 15:08:33	153,500	3,933	39,3305	0,042	0,4207
15.01.2026 15:08:33	153,550	3,969	39,6878	0,042	0,4199
15.01.2026 15:08:33	153,600	4,018	40,1780	0,042	0,4192
15.01.2026 15:08:33	153,650	4,046	40,4577	0,042	0,4222
15.01.2026 15:08:33	153,700	4,058	40,5810	0,042	0,4187
15.01.2026 15:08:33	153,750	4,065	40,6478	0,042	0,4184
15.01.2026 15:08:33	153,800	4,068	40,6845	0,042	0,4217
15.01.2026 15:08:33	153,850	4,086	40,8613	0,042	0,4181
15.01.2026 15:08:33	153,900	4,135	41,3473	0,042	0,4207
15.01.2026 15:08:33	153,950	4,174	41,7444	0,042	0,4206
15.01.2026 15:08:34	154,000	4,182	41,8168	0,042	0,4208
15.01.2026 15:08:34	154,050	4,181	41,8118	0,042	0,4206
15.01.2026 15:08:34	154,100	4,187	41,8707	0,042	0,4210
15.01.2026 15:08:34	154,150	4,213	42,1263	0,042	0,4175
15.01.2026 15:08:34	154,200	4,260	42,6049	0,042	0,4227
15.01.2026 15:08:34	154,250	4,300	43,0015	0,042	0,4191
15.01.2026 15:08:34	154,300	4,315	43,1549	0,042	0,4204
15.01.2026 15:08:34	154,350	4,321	43,2111	0,042	0,4191
15.01.2026 15:08:34	154,400	4,329	43,2917	0,042	0,4244
15.01.2026 15:08:34	154,450	4,351	43,5148	0,042	0,4212
15.01.2026 15:08:34	154,500	4,388	43,8803	0,042	0,4217
15.01.2026 15:08:34	154,550	4,410	44,1007	0,042	0,4191
15.01.2026 15:08:34	154,600	4,418	44,1761	0,042	0,4217
15.01.2026 15:08:34	154,650	4,404	44,0389	0,042	0,4183
15.01.2026 15:08:34	154,700	4,385	43,8527	0,042	0,4207
15.01.2026 15:08:34	154,750	4,384	43,8351	0,042	0,4202
15.01.2026 15:08:34	154,800	4,411	44,1144	0,042	0,4185
15.01.2026 15:08:34	154,850	4,454	44,5410	0,042	0,4209
15.01.2026 15:08:34	154,900	4,478	44,7767	0,042	0,4195
15.01.2026 15:08:34	154,950	4,483	44,8339	0,042	0,4192
15.01.2026 15:08:35	155,000	4,485	44,8457	0,042	0,4191
15.01.2026 15:08:35	155,050	4,488	44,8824	0,042	0,4223
15.01.2026 15:08:35	155,100	4,502	45,0234	0,042	0,4187
15.01.2026 15:08:35	155,150	4,540	45,3964	0,042	0,4209
15.01.2026 15:08:35	155,200	4,567	45,6730	0,042	0,4219
15.01.2026 15:08:35	155,250	4,575	45,7454	0,042	0,4188
15.01.2026 15:08:35	155,300	4,576	45,7557	0,042	0,4233
15.01.2026 15:08:35	155,350	4,578	45,7798	0,042	0,4213
15.01.2026 15:08:35	155,400	4,595	45,9526	0,042	0,4188
15.01.2026 15:08:35	155,450	4,644	46,4395	0,042	0,4185
15.01.2026 15:08:35	155,500	4,689	46,8858	0,042	0,4240
15.01.2026 15:08:35	155,550	4,705	47,0504	0,042	0,4187
15.01.2026 15:08:35	155,600	4,712	47,1220	0,042	0,4206
15.01.2026 15:08:35	155,650	4,716	47,1623	0,042	0,4192
15.01.2026 15:08:35	155,700	4,722	47,2154	0,042	0,4224
15.01.2026 15:08:35	155,750	4,739	47,3890	0,042	0,4194
15.01.2026 15:08:35	155,800	4,764	47,6411	0,042	0,4196
15.01.2026 15:08:35	155,850	4,776	47,7551	0,042	0,4180
15.01.2026 15:08:35	155,900	4,768	47,6798	0,042	0,4219
15.01.2026 15:08:35	155,950	4,763	47,6291	0,042	0,4199
15.01.2026 15:08:36	156,000	4,765	47,6519	0,042	0,4196
15.01.2026 15:08:36	156,050	4,781	47,8083	0,042	0,4202
15.01.2026 15:08:36	156,100	4,811	48,1140	0,042	0,4236
15.01.2026 15:08:36	156,150	4,829	48,2891	0,042	0,4192
15.01.2026 15:08:36	156,200	4,838	48,3757	0,043	0,4254
15.01.2026 15:08:36	156,250	4,837	48,3713	0,042	0,4178
15.01.2026 15:08:36	156,300	4,831	48,3123	0,042	0,4197
15.01.2026 15:08:36	156,350	4,871	48,7074	0,042	0,4203
15.01.2026 15:08:36	156,400	4,935	49,3539	0,042	0,4226
15.01.2026 15:08:36	156,450	4,972	49,7188	0,042	0,4198
15.01.2026 15:08:36	156,500	4,990	49,8955	0,042	0,4215
15.01.2026 15:08:36	156,550	4,999	49,9861	0,042	0,4196
15.01.2026 15:08:36	156,600	5,007	50,0749	0,042	0,4214
15.01.2026 15:08:36	156,650	5,061	50,6094	0,042	0,4209
15.01.2026 15:08:36	156,700	5,113	51,1291	0,042	0,4221
15.01.2026 15:08:36	156,750	5,133	51,3324	0,042	0,4213
15.01.2026 15:08:36	156,800	5,143	51,4284	0,042	0,4222
15.01.2026 15:08:36	156,850	5,156	51,5615	0,042	0,4224
15.01.2026 15:08:36	156,900	5,194	51,9373	0,042	0,4218
15.01.2026 15:08:36	156,950	5,244	52,4362	0,042	0,4238
15.01.2026 15:08:37	157,000	5,270	52,6975	0,042	0,4236
15.01.2026 15:08:37	157,050	5,283	52,8335	0,042	0,4225
15.01.2026 15:08:37	157,100	5,290	52,8985	0,042	0,4211
15.01.2026 15:08:37	157,150	5,305	53,0545	0,042	0,4209
15.01.2026 15:08:37	157,200	5,351	53,5079	0,042	0,4231
15.01.2026 15:08:37	157,250	5,387	53,8667	0,042	0,4183
15.01.2026 15:08:37	157,300	5,405	54,0453	0,042	0,4235
15.01.2026 15:08:37	157,350	5,414	54,1379	0,042	0,4193
15.01.2026 15:08:37	157,400	5,423	54,2262	0,042	0,4236
15.01.2026 15:08:37	157,450	5,465	54,6507	0,042	0,4224
15.01.2026 15:08:37	157,500	5,519	55,1862	0,042	0,4249
15.01.2026 15:08:37	157,550	5,545	55,4508	0,042	0,4241
15.01.2026 15:08:37	157,600	5,556	55,5645	0,042	0,4246
15.01.2026 15:08:37	157,650	5,563	55,6306	0,042	0,4237
15.01.2026 15:08:37	157,700	5,574	55,7426	0,042	0,4247
15.01.2026 15:08:37	157,750	5,595	55,9458	0,042	0,4229
15.01.2026 15:08:37	157,800	5,609	56,0885	0,042	0,4245
15.01.2026 15:08:37	157,850	5,616	56,1591	0,042	0,4190
15.01.2026 15:08:37	157,900	5,620	56,1955	0,042	0,4237
15.01.2026 15:08:37	157,950	5,622	56,2172	0,042	0,4231
15.01.2026 15:08:38	158,000	5,623	56,2273	0,042	0,4217
15.01.2026 15:08:38	158,050	5,644	56,4398	0,042	0,4209
15.01.2026 15:08:38	158,100	5,684	56,8360	0,042	0,4246
15.01.2026 15:08:38	158,150	5,708	57,0799	0,042	0,4210
15.01.2026 15:08:38	158,200	5,715	57,1466	0,042	0,4223
15.01.2026 15:08:38	158,250	5,715	57,1508	0,042	0,4210
15.01.2026 15:08:38	158,300	5,715	57,1522	0,043	0,4257
15.01.2026 15:08:38	158,350	5,717	57,1729	0,042	0,4210
15.01.2026 15:08:38	158,400	5,736	57,3603	0,042	0,4236
15.01.2026 15:08:38	158,450	5,778	57,7818	0,042	0,4228
15.01.2026 15:08:38	158,500	5,804	58,0383	0,043	0,4257
15.01.2026 15:08:38	158,550	5,816	58,1606	0,042	0,4221
15.01.2026 15:08:38	158,600	5,822	58,2183	0,042	0,4249
15.01.2026 15:08:38	158,650	5,825	58,2459	0,042	0,4219
15.01.2026 15:08:38	158,700	5,829	58,2855	0,042	0,4244
15.01.2026 15:08:38	158,750	5,862	58,6178	0,042	0,4216
15.01.2026 15:08:38	158,800	5,896	58,9591	0,042	0,4236
15.01.2026 15:08:38	158,850	5,910	59,0971	0,042	0,4221
15.01.2026 15:08:38	158,900	5,913	59,1325	0,043	0,4257
15.01.2026 15:08:38	158,950	5,914	59,1351	0,042	0,4239
15.01.2026 15:08:39	159,000	5,925	59,2510	0,042	0,4248
15.01.2026 15:08:39	159,050	5,979	59,7899	0,042	0,4213
15.01.2026 15:08:39	159,100	6,019	60,1864	0,043	0,4267
15.01.2026 15:08:39	159,150	6,039	60,3861	0,042	0,4219
15.01.2026 15:08:39	159,200	6,047	60,4680	0,042	0,4243
15.01.2026 15:08:39	159,250	6,045	60,4497	0,042	0,4203
15.01.2026 15:08:39	159,300	6,063	60,6333	0,043	0,4255
15.01.2026 15:08:39	159,350	6,108	61,0774	0,042	0,4230
15.01.2026 15:08:39	159,400	6,146	61,4565	0,042	0,4250
15.01.2026 15:08:39	159,450	6,166	61,6563	0,042	0,4228
15.01.2026 15:08:39	159,500	6,168	61,6750	0,043	0,4279
15.01.2026 15:08:39	159,550	6,168	61,6774	0,042	0,4218
15.01.2026 15:08:39	159,600	6,207	62,0700	0,043	0,4268
15.01.2026 15:08:39	159,650	6,248	62,4755	0,042	0,4221
15.01.2026 15:08:39	159,700	6,271	62,7145	0,043	0,4261
15.01.2026 15:08:39	159,750	6,283	62,8320	0,042	0,4231
15.01.2026 15:08:39	159,800	6,289	62,8938	0,043	0,4271
15.01.2026 15:08:39	159,850	6,303	63,0348	0,042	0,4217
15.01.2026 15:08:39	159,900	6,345	63,4534	0,043	0,4260
15.01.2026 15:08:39	159,950	6,388	63,8840	0,042	0,4244
15.01.2026 15:08:40	160,000	6,415	64,1468	0,043	0,4271
15.01.2026 15:08:40	160,050	6,428	64,2803	0,042	0,4245
15.01.2026 15:08:40	160,100	6,435	64,3459	0,043	0,4283
15.01.2026 15:08:40	160,150	6,443	64,4348	0,042	0,4212
15.01.2026 15:08:40	160,200	6,467	64,6744	0,043	0,4277
15.01.2026 15:08:40	160,250	6,488	64,8793	0,042	0,4232
15.01.2026 15:08:40	160,300	6,502	65,0156	0,043	0,4292
15.01.2026 15:08:40	160,350	6,508	65,0821	0,042	0,4241
15.01.2026 15:08:40	160,400	6,509	65,0899	0,043	0,4298
15.01.2026 15:08:40	160,450	6,516	65,1590	0,042	0,4238
15.01.2026 15:08:40	160,500	6,548	65,4836	0,043	0,4265
15.01.2026 15:08:40	160,550	6,567	65,6742	0,042	0,4228
15.01.2026 15:08:40	160,600	6,577	65,7708	0,043	0,4271
15.01.2026 15:08:40	160,650	6,582	65,8230	0,043	0,4253
15.01.2026 15:08:40	160,700	6,585	65,8468	0,043	0,4262
15.01.2026 15:08:40	160,750	6,601	66,0072	0,042	0,4242
15.01.2026 15:08:40	160,800	6,629	66,2929	0,043	0,4276
15.01.2026 15:08:40	160,850	6,645	66,4505	0,042	0,4222
15.01.2026 15:08:40	160,900	6,653	66,5320	0,043	0,4264
15.01.2026 15:08:40	160,950	6,657	66,5730	0,042	0,4220
15.01.2026 15:08:41	161,000	6,660	66,5963	0,043	0,4275
15.01.2026 15:08:41	161,050	6,661	66,6066	0,042	0,4208
15.01.2026 15:08:41	161,100	6,670	66,6994	0,043	0,4279
15.01.2026 15:08:41	161,150	6,702	67,0202	0,042	0,4232
15.01.2026 15:08:41	161,200	6,738	67,3830	0,043	0,4267
15.01.2026 15:08:41	161,250	6,763	67,6264	0,042	0,4222
15.01.2026 15:08:41	161,300	6,775	67,7504	0,043	0,4259
15.01.2026 15:08:41	161,350	6,778	67,7776	0,042	0,4249
15.01.2026 15:08:41	161,400	6,802	68,0208	0,043	0,4268
15.01.2026 15:08:41	161,450	6,839	68,3934	0,042	0,4234
15.01.2026 15:08:41	161,500	6,859	68,5917	0,043	0,4271
15.01.2026 15:08:41	161,550	6,869	68,6884	0,042	0,4247
15.01.2026 15:08:41	161,600	6,874	68,7415	0,043	0,4321
15.01.2026 15:08:41	161,650	6,876	68,7635	0,042	0,4248
15.01.2026 15:08:41	161,700	6,878	68,7798	0,043	0,4305
15.01.2026 15:08:41	161,750	6,878	68,7798	0,042	0,4207
15.01.2026 15:08:41	161,800	6,879	68,7870	0,043	0,4256
15.01.2026 15:08:41	161,850	6,879	68,7923	0,042	0,4243
15.01.2026 15:08:41	161,900	6,879	68,7939	0,043	0,4272
15.01.2026 15:08:41	161,950	6,880	68,7950	0,042	0,4230
15.01.2026 15:08:42	162,000	6,880	68,7976	0,043	0,4297
15.01.2026 15:08:42	162,050	6,880	68,7966	0,042	0,4248
15.01.2026 15:08:42	162,100	6,880	68,7971	0,043	0,4280
15.01.2026 15:08:42	162,150	6,880	68,7971	0,042	0,4235
15.01.2026 15:08:42	162,200	6,880	68,7973	0,043	0,4267
15.01.2026 15:08:42	162,250	6,880	68,7996	0,043	0,4253
15.01.2026 15:08:42	162,300	6,880	68,7996	0,043	0,4291
15.01.2026 15:08:42	162,350	6,880	68,7988	0,042	0,4230
15.01.2026 15:08:42	162,400	6,880	68,8028	0,043	0,4299
15.01.2026 15:08:42	162,450	6,880	68,8003	0,042	0,4248
15.01.2026 15:08:42	162,500	6,880	68,8032	0,043	0,4287
15.01.2026 15:08:42	162,550	6,880	68,7998	0,042	0,4221
15.01.2026 15:08:42	162,600	6,880	68,8039	0,043	0,4296
15.01.2026 15:08:42	162,650	6,880	68,8033	0,043	0,4253
15.01.2026 15:08:42	162,700	6,880	68,8017	0,043	0,4266
15.01.2026 15:08:42	162,750	6,880	68,8013	0,042	0,4239
15.01.2026 15:08:42	162,800	6,880	68,8046	0,043	0,4280
15.01.2026 15:08:42	162,850	6,880	68,8018	0,042	0,4222
15.01.2026 15:08:42	162,900	6,880	68,8028	0,042	0,4249
15.01.2026 15:08:42	162,950	6,880	68,8030	0,042	0,4222
15.01.2026 15:08:43	163,000	6,881	68,8089	0,043	0,4298
15.01.2026 15:08:43	163,050	6,880	68,8023	0,042	0,4211
15.01.2026 15:08:43	163,100	6,881	68,8083	0,043	0,4290
15.01.2026 15:08:43	163,150	6,880	68,8042	0,042	0,4227
15.01.2026 15:08:43	163,200	6,881	68,8085	0,043	0,4282
15.01.2026 15:08:43	163,250	6,881	68,8065	0,042	0,4223
15.01.2026 15:08:43	163,300	6,881	68,8103	0,043	0,4289
15.01.2026 15:08:43	163,350	6,881	68,8102	0,043	0,4264
15.01.2026 15:08:43	163,400	6,881	68,8086	0,043	0,4263
15.01.2026 15:08:43	163,450	6,881	68,8061	0,042	0,4214
15.01.2026 15:08:43	163,500	6,881	68,8110	0,043	0,4286
15.01.2026 15:08:43	163,550	6,881	68,8071	0,042	0,4230
15.01.2026 15:08:43	163,600	6,881	68,8118	0,043	0,4279
