Datum und Zeit Messreihe #1	Zeit (s) Messreihe #1	Spannung, Ch A (V) Messreihe #1	Stromsonde (PS-2184), Ch A (A) Messreihe #1	Spannung, Ch B (V) Messreihe #1	Stromsonde (PS-2184), Ch B (A) Messreihe #1
15.01.2026 14:34:41	0,000	-0,075	-0,7529	5,747E-4	0,0057
15.01.2026 14:34:41	0,050	-0,075	-0,7526	1,890E-4	0,0019
15.01.2026 14:34:41	0,100	-0,075	-0,7516	5,637E-4	0,0056
15.01.2026 14:34:41	0,150	-0,075	-0,7505	5,356E-4	0,0054
15.01.2026 14:34:41	0,200	-0,075	-0,7515	6,370E-4	0,0064
15.01.2026 14:34:41	0,250	-0,075	-0,7516	2,549E-4	0,0025
15.01.2026 14:34:41	0,300	-0,075	-0,7514	7,542E-4	0,0075
15.01.2026 14:34:41	0,350	-0,075	-0,7516	3,574E-4	0,0036
15.01.2026 14:34:41	0,400	-0,075	-0,7531	6,272E-4	0,0063
15.01.2026 14:34:41	0,450	-0,075	-0,7518	3,013E-4	0,0030
15.01.2026 14:34:41	0,500	-0,075	-0,7516	7,200E-4	0,0072
15.01.2026 14:34:41	0,550	-0,075	-0,7543	8,765E-5	8,7646E-4
15.01.2026 14:34:41	0,600	-0,075	-0,7513	6,455E-4	0,0065
15.01.2026 14:34:41	0,650	-0,075	-0,7532	1,841E-4	0,0018
15.01.2026 14:34:41	0,700	-0,075	-0,7521	6,443E-4	0,0064
15.01.2026 14:34:41	0,750	-0,075	-0,7514	3,367E-4	0,0034
15.01.2026 14:34:41	0,800	-0,075	-0,7493	8,616E-4	0,0086
15.01.2026 14:34:41	0,850	-0,075	-0,7517	4,099E-4	0,0041
15.01.2026 14:34:41	0,900	-0,075	-0,7503	8,091E-4	0,0081
15.01.2026 14:34:41	0,950	-0,075	-0,7535	1,572E-4	0,0016
15.01.2026 14:34:42	1,000	-0,075	-0,7480	0,001	0,0105
15.01.2026 14:34:42	1,050	-0,075	-0,7520	3,245E-4	0,0032
15.01.2026 14:34:42	1,100	-0,075	-0,7547	4,063E-4	0,0041
15.01.2026 14:34:42	1,150	-0,075	-0,7515	4,929E-4	0,0049
15.01.2026 14:34:42	1,200	-0,075	-0,7517	7,493E-4	0,0075
15.01.2026 14:34:42	1,250	-0,075	-0,7510	4,917E-4	0,0049
15.01.2026 14:34:42	1,300	-0,075	-0,7513	7,114E-4	0,0071
15.01.2026 14:34:42	1,350	-0,075	-0,7524	2,573E-4	0,0026
15.01.2026 14:34:42	1,400	-0,075	-0,7510	8,311E-4	0,0083
15.01.2026 14:34:42	1,450	-0,075	-0,7536	1,853E-4	0,0019
15.01.2026 14:34:42	1,500	-0,075	-0,7522	6,235E-4	0,0062
15.01.2026 14:34:42	1,550	-0,075	-0,7511	4,429E-4	0,0044
15.01.2026 14:34:42	1,600	-0,075	-0,7519	7,236E-4	0,0072
15.01.2026 14:34:42	1,650	-0,075	-0,7526	2,427E-4	0,0024
15.01.2026 14:34:42	1,700	-0,075	-0,7500	9,128E-4	0,0091
15.01.2026 14:34:42	1,750	-0,075	-0,7495	6,602E-4	0,0066
15.01.2026 14:34:42	1,800	-0,075	-0,7509	7,676E-4	0,0077
15.01.2026 14:34:42	1,850	-0,075	-0,7500	5,039E-4	0,0050
15.01.2026 14:34:42	1,900	-0,075	-0,7504	8,384E-4	0,0084
15.01.2026 14:34:42	1,950	-0,075	-0,7486	7,297E-4	0,0073
15.01.2026 14:34:43	2,000	-0,075	-0,7514	8,237E-4	0,0082
15.01.2026 14:34:43	2,050	-0,075	-0,7515	3,879E-4	0,0039
15.01.2026 14:34:43	2,100	-0,075	-0,7516	6,980E-4	0,0070
15.01.2026 14:34:43	2,150	-0,075	-0,7544	9,131E-5	9,1309E-4
15.01.2026 14:34:43	2,200	-0,075	-0,7494	9,507E-4	0,0095
15.01.2026 14:34:43	2,250	-0,075	-0,7510	3,574E-4	0,0036
15.01.2026 14:34:43	2,300	-0,075	-0,7508	7,590E-4	0,0076
15.01.2026 14:34:43	2,350	-0,075	-0,7502	5,039E-4	0,0050
15.01.2026 14:34:43	2,400	-0,075	-0,7513	7,102E-4	0,0071
15.01.2026 14:34:43	2,450	-0,075	-0,7532	1,951E-4	0,0020
15.01.2026 14:34:43	2,500	-0,075	-0,7473	0,001	0,0111
15.01.2026 14:34:43	2,550	-0,075	-0,7534	2,122E-4	0,0021
15.01.2026 14:34:43	2,600	-0,075	-0,7529	5,588E-4	0,0056
15.01.2026 14:34:43	2,650	-0,075	-0,7533	1,951E-4	0,0020
15.01.2026 14:34:43	2,700	-0,075	-0,7526	6,345E-4	0,0063
15.01.2026 14:34:43	2,750	-0,075	-0,7492	6,858E-4	0,0069
15.01.2026 14:34:43	2,800	-0,075	-0,7518	7,859E-4	0,0079
15.01.2026 14:34:43	2,850	-0,075	-0,7541	2,256E-4	0,0023
15.01.2026 14:34:43	2,900	-0,075	-0,7530	6,333E-4	0,0063
15.01.2026 14:34:43	2,950	-0,075	-0,7534	1,169E-4	0,0012
15.01.2026 14:34:44	3,000	-0,075	-0,7495	0,001	0,0104
15.01.2026 14:34:44	3,050	-0,075	-0,7520	2,756E-4	0,0028
15.01.2026 14:34:44	3,100	-0,075	-0,7536	5,564E-4	0,0056
15.01.2026 14:34:44	3,150	-0,075	-0,7523	2,244E-4	0,0022
15.01.2026 14:34:44	3,200	-0,072	-0,7209	6,541E-4	0,0065
15.01.2026 14:34:44	3,250	-0,063	-0,6314	6,492E-4	0,0065
15.01.2026 14:34:44	3,300	-0,049	-0,4856	0,001	0,0140
15.01.2026 14:34:44	3,350	-0,023	-0,2312	0,002	0,0175
15.01.2026 14:34:44	3,400	0,012	0,1183	0,003	0,0281
15.01.2026 14:34:44	3,450	0,051	0,5090	0,004	0,0374
15.01.2026 14:34:44	3,500	0,088	0,8797	0,006	0,0594
15.01.2026 14:34:44	3,550	0,115	1,1513	0,008	0,0797
15.01.2026 14:34:44	3,600	0,137	1,3666	0,012	0,1189
15.01.2026 14:34:44	3,650	0,160	1,6041	0,017	0,1747
15.01.2026 14:34:44	3,700	0,185	1,8486	0,025	0,2521
15.01.2026 14:34:44	3,750	0,207	2,0716	0,033	0,3275
15.01.2026 14:34:44	3,800	0,228	2,2799	0,043	0,4280
15.01.2026 14:34:44	3,850	0,246	2,4597	0,054	0,5382
15.01.2026 14:34:44	3,900	0,258	2,5783	0,069	0,6867
15.01.2026 14:34:44	3,950	0,265	2,6502	0,085	0,8538
15.01.2026 14:34:45	4,000	0,271	2,7101	0,106	1,0621
15.01.2026 14:34:45	4,050	0,277	2,7709	0,130	1,2967
15.01.2026 14:34:45	4,100	0,284	2,8408	0,157	1,5730
15.01.2026 14:34:45	4,150	0,293	2,9293	0,188	1,8779
15.01.2026 14:34:45	4,200	0,304	3,0441	0,222	2,2190
15.01.2026 14:34:45	4,250	0,319	3,1900	0,258	2,5750
15.01.2026 14:34:45	4,300	0,337	3,3684	0,295	2,9541
15.01.2026 14:34:45	4,350	0,363	3,6304	0,333	3,3317
15.01.2026 14:34:45	4,400	0,403	4,0310	0,370	3,6968
15.01.2026 14:34:45	4,450	0,453	4,5317	0,403	4,0255
15.01.2026 14:34:45	4,500	0,504	5,0416	0,430	4,2997
15.01.2026 14:34:45	4,550	0,555	5,5499	0,452	4,5170
15.01.2026 14:34:45	4,600	0,601	6,0121	0,469	4,6895
15.01.2026 14:34:45	4,650	0,636	6,3611	0,480	4,8003
15.01.2026 14:34:45	4,700	0,660	6,5970	0,488	4,8769
15.01.2026 14:34:45	4,750	0,675	6,7504	0,492	4,9183
15.01.2026 14:34:45	4,800	0,685	6,8473	0,495	4,9527
15.01.2026 14:34:45	4,850	0,693	6,9264	0,497	4,9676
15.01.2026 14:34:45	4,900	0,703	7,0338	0,499	4,9907
15.01.2026 14:34:45	4,950	0,720	7,1998	0,502	5,0220
15.01.2026 14:34:46	5,000	0,741	7,4111	0,507	5,0670
15.01.2026 14:34:46	5,050	0,766	7,6552	0,511	5,1116
15.01.2026 14:34:46	5,100	0,793	7,9262	0,517	5,1671
15.01.2026 14:34:46	5,150	0,820	8,2027	0,522	5,2153
15.01.2026 14:34:46	5,200	0,847	8,4652	0,527	5,2655
15.01.2026 14:34:46	5,250	0,869	8,6879	0,530	5,2978
15.01.2026 14:34:46	5,300	0,887	8,8742	0,533	5,3337
15.01.2026 14:34:46	5,350	0,903	9,0275	0,535	5,3535
15.01.2026 14:34:46	5,400	0,915	9,1463	0,538	5,3757
15.01.2026 14:34:46	5,450	0,927	9,2727	0,539	5,3921
15.01.2026 14:34:46	5,500	0,943	9,4306	0,542	5,4176
15.01.2026 14:34:46	5,550	0,963	9,6259	0,544	5,4386
15.01.2026 14:34:46	5,600	0,984	9,8350	0,547	5,4707
15.01.2026 14:34:46	5,650	1,006	10,0635	0,550	5,4958
15.01.2026 14:34:46	5,700	1,033	10,3343	0,553	5,5330
15.01.2026 14:34:46	5,750	1,062	10,6220	0,556	5,5635
15.01.2026 14:34:46	5,800	1,091	10,9143	0,560	5,6036
15.01.2026 14:34:46	5,850	1,122	11,2195	0,563	5,6314
15.01.2026 14:34:46	5,900	1,148	11,4751	0,567	5,6670
15.01.2026 14:34:46	5,950	1,162	11,6204	0,568	5,6810
15.01.2026 14:34:47	6,000	1,166	11,6640	0,570	5,6964
15.01.2026 14:34:47	6,050	1,163	11,6336	0,569	5,6901
15.01.2026 14:34:47	6,100	1,159	11,5890	0,570	5,6963
15.01.2026 14:34:47	6,150	1,155	11,5540	0,569	5,6907
15.01.2026 14:34:47	6,200	1,155	11,5496	0,570	5,6954
15.01.2026 14:34:47	6,250	1,169	11,6872	0,569	5,6943
15.01.2026 14:34:47	6,300	1,196	11,9573	0,572	5,7166
15.01.2026 14:34:47	6,350	1,239	12,3902	0,575	5,7512
15.01.2026 14:34:47	6,400	1,296	12,9624	0,581	5,8099
15.01.2026 14:34:47	6,450	1,355	13,5537	0,586	5,8590
15.01.2026 14:34:47	6,500	1,403	14,0254	0,591	5,9083
15.01.2026 14:34:47	6,550	1,435	14,3451	0,593	5,9318
15.01.2026 14:34:47	6,600	1,454	14,5380	0,596	5,9560
15.01.2026 14:34:47	6,650	1,464	14,6436	0,596	5,9588
15.01.2026 14:34:47	6,700	1,481	14,8133	0,598	5,9782
15.01.2026 14:34:47	6,750	1,508	15,0815	0,599	5,9893
15.01.2026 14:34:47	6,800	1,542	15,4233	0,602	6,0187
15.01.2026 14:34:47	6,850	1,578	15,7771	0,604	6,0427
15.01.2026 14:34:47	6,900	1,614	16,1407	0,607	6,0728
15.01.2026 14:34:47	6,950	1,655	16,5543	0,610	6,0974
15.01.2026 14:34:48	7,000	1,696	16,9553	0,613	6,1333
15.01.2026 14:34:48	7,050	1,727	17,2743	0,615	6,1491
15.01.2026 14:34:48	7,100	1,754	17,5389	0,617	6,1710
15.01.2026 14:34:48	7,150	1,783	17,8315	0,618	6,1834
15.01.2026 14:34:48	7,200	1,819	18,1907	0,621	6,2120
15.01.2026 14:34:48	7,250	1,850	18,4951	0,622	6,2236
15.01.2026 14:34:48	7,300	1,876	18,7584	0,625	6,2460
15.01.2026 14:34:48	7,350	1,915	19,1513	0,626	6,2643
15.01.2026 14:34:48	7,400	1,960	19,6044	0,629	6,2928
15.01.2026 14:34:48	7,450	1,991	19,9063	0,631	6,3051
15.01.2026 14:34:48	7,500	2,003	20,0307	0,632	6,3219
15.01.2026 14:34:48	7,550	2,005	20,0458	0,632	6,3192
15.01.2026 14:34:48	7,600	2,003	20,0287	0,632	6,3249
15.01.2026 14:34:48	7,650	2,001	20,0082	0,632	6,3205
15.01.2026 14:34:48	7,700	2,001	20,0105	0,632	6,3239
15.01.2026 14:34:48	7,750	2,018	20,1789	0,632	6,3248
15.01.2026 14:34:48	7,800	2,069	20,6870	0,635	6,3527
15.01.2026 14:34:48	7,850	2,157	21,5654	0,639	6,3915
15.01.2026 14:34:48	7,900	2,246	22,4641	0,644	6,4409
15.01.2026 14:34:48	7,950	2,318	23,1790	0,647	6,4736
15.01.2026 14:34:49	8,000	2,384	23,8357	0,651	6,5068
15.01.2026 14:34:49	8,050	2,452	24,5193	0,653	6,5320
15.01.2026 14:34:49	8,100	2,514	25,1438	0,657	6,5699
15.01.2026 14:34:49	8,150	2,571	25,7105	0,659	6,5864
15.01.2026 14:34:49	8,200	2,627	26,2721	0,661	6,6118
15.01.2026 14:34:49	8,250	2,669	26,6862	0,663	6,6285
15.01.2026 14:34:49	8,300	2,696	26,9647	0,664	6,6429
15.01.2026 14:34:49	8,350	2,729	27,2926	0,665	6,6516
15.01.2026 14:34:49	8,400	2,768	27,6816	0,667	6,6709
15.01.2026 14:34:49	8,450	2,797	27,9744	0,668	6,6765
15.01.2026 14:34:49	8,500	2,812	28,1219	0,669	6,6921
15.01.2026 14:34:49	8,550	2,816	28,1626	0,669	6,6858
15.01.2026 14:34:49	8,600	2,817	28,1691	0,669	6,6878
15.01.2026 14:34:49	8,650	2,817	28,1679	0,669	6,6852
15.01.2026 14:34:49	8,700	2,817	28,1701	0,669	6,6942
15.01.2026 14:34:49	8,750	2,817	28,1662	0,669	6,6869
15.01.2026 14:34:49	8,800	2,817	28,1682	0,669	6,6919
15.01.2026 14:34:49	8,850	2,817	28,1665	0,669	6,6862
15.01.2026 14:34:49	8,900	2,817	28,1687	0,669	6,6895
15.01.2026 14:34:49	8,950	2,818	28,1820	0,669	6,6891
15.01.2026 14:34:50	9,000	2,829	28,2903	0,670	6,6953
15.01.2026 14:34:50	9,050	2,849	28,4938	0,670	6,6994
15.01.2026 14:34:50	9,100	2,870	28,6975	0,671	6,7077
15.01.2026 14:34:50	9,150	2,888	28,8792	0,671	6,7099
15.01.2026 14:34:50	9,200	2,910	29,1044	0,672	6,7191
15.01.2026 14:34:50	9,250	2,929	29,2880	0,672	6,7246
15.01.2026 14:34:50	9,300	2,938	29,3764	0,673	6,7311
15.01.2026 14:34:50	9,350	2,941	29,4137	0,673	6,7332
15.01.2026 14:34:50	9,400	2,942	29,4179	0,673	6,7345
15.01.2026 14:34:50	9,450	2,942	29,4185	0,673	6,7311
15.01.2026 14:34:50	9,500	2,946	29,4572	0,674	6,7370
15.01.2026 14:34:50	9,550	2,953	29,5332	0,674	6,7358
15.01.2026 14:34:50	9,600	2,959	29,5862	0,674	6,7426
15.01.2026 14:34:50	9,650	2,961	29,6132	0,674	6,7386
15.01.2026 14:34:50	9,700	2,963	29,6318	0,674	6,7425
15.01.2026 14:34:50	9,750	2,971	29,7101	0,674	6,7423
15.01.2026 14:34:50	9,800	2,983	29,8289	0,675	6,7495
15.01.2026 14:34:50	9,850	2,993	29,9299	0,675	6,7482
15.01.2026 14:34:50	9,900	3,005	30,0469	0,675	6,7543
15.01.2026 14:34:50	9,950	3,021	30,2108	0,676	6,7581
15.01.2026 14:34:51	10,000	3,043	30,4273	0,677	6,7692
15.01.2026 14:34:51	10,050	3,064	30,6437	0,676	6,7640
15.01.2026 14:34:51	10,100	3,096	30,9607	0,679	6,7884
15.01.2026 14:34:51	10,150	3,134	31,3440	0,679	6,7922
15.01.2026 14:34:51	10,200	3,173	31,7307	0,681	6,8101
15.01.2026 14:34:51	10,250	3,212	32,1201	0,681	6,8148
15.01.2026 14:34:51	10,300	3,252	32,5198	0,683	6,8335
15.01.2026 14:34:51	10,350	3,286	32,8630	0,684	6,8400
15.01.2026 14:34:51	10,400	3,324	33,2365	0,686	6,8552
15.01.2026 14:34:51	10,450	3,376	33,7640	0,687	6,8664
15.01.2026 14:34:51	10,500	3,445	34,4500	0,689	6,8894
15.01.2026 14:34:51	10,550	3,525	35,2518	0,691	6,9067
15.01.2026 14:34:51	10,600	3,584	35,8382	0,693	6,9302
15.01.2026 14:34:51	10,650	3,620	36,2038	0,693	6,9327
15.01.2026 14:34:51	10,700	3,653	36,5252	0,695	6,9478
15.01.2026 14:34:51	10,750	3,687	36,8688	0,695	6,9483
15.01.2026 14:34:51	10,800	3,726	37,2640	0,697	6,9676
15.01.2026 14:34:51	10,850	3,766	37,6589	0,697	6,9700
15.01.2026 14:34:51	10,900	3,795	37,9519	0,698	6,9827
15.01.2026 14:34:51	10,950	3,811	38,1129	0,698	6,9822
15.01.2026 14:34:52	11,000	3,834	38,3398	0,699	6,9943
15.01.2026 14:34:52	11,050	3,862	38,6198	0,699	6,9935
15.01.2026 14:34:52	11,100	3,886	38,8600	0,700	7,0043
15.01.2026 14:34:52	11,150	3,910	39,0989	0,700	7,0042
15.01.2026 14:34:52	11,200	3,929	39,2857	0,702	7,0153
15.01.2026 14:34:52	11,250	3,936	39,3639	0,701	7,0133
15.01.2026 14:34:52	11,300	3,933	39,3296	0,702	7,0184
15.01.2026 14:34:52	11,350	3,929	39,2882	0,701	7,0123
15.01.2026 14:34:52	11,400	3,927	39,2733	0,702	7,0189
15.01.2026 14:34:52	11,450	3,926	39,2606	0,701	7,0108
15.01.2026 14:34:52	11,500	3,926	39,2592	0,702	7,0156
15.01.2026 14:34:52	11,550	3,926	39,2553	0,701	7,0107
15.01.2026 14:34:52	11,600	3,929	39,2942	0,702	7,0180
15.01.2026 14:34:52	11,650	3,952	39,5220	0,701	7,0117
15.01.2026 14:34:52	11,700	4,004	40,0404	0,703	7,0306
15.01.2026 14:34:52	11,750	4,068	40,6815	0,704	7,0386
15.01.2026 14:34:52	11,800	4,135	41,3495	0,706	7,0579
15.01.2026 14:34:52	11,850	4,193	41,9315	0,707	7,0654
15.01.2026 14:34:52	11,900	4,238	42,3826	0,708	7,0791
15.01.2026 14:34:52	11,950	4,283	42,8319	0,708	7,0835
15.01.2026 14:34:53	12,000	4,340	43,3973	0,710	7,1029
15.01.2026 14:34:53	12,050	4,394	43,9362	0,711	7,1058
15.01.2026 14:34:53	12,100	4,433	44,3325	0,712	7,1210
15.01.2026 14:34:53	12,150	4,465	44,6480	0,712	7,1194
15.01.2026 14:34:53	12,200	4,498	44,9836	0,713	7,1343
15.01.2026 14:34:53	12,250	4,526	45,2554	0,713	7,1290
15.01.2026 14:34:53	12,300	4,549	45,4919	0,714	7,1416
15.01.2026 14:34:53	12,350	4,573	45,7336	0,714	7,1410
15.01.2026 14:34:53	12,400	4,597	45,9750	0,715	7,1521
15.01.2026 14:34:53	12,450	4,623	46,2299	0,715	7,1478
15.01.2026 14:34:53	12,500	4,646	46,4565	0,716	7,1580
15.01.2026 14:34:53	12,550	4,670	46,6991	0,716	7,1592
15.01.2026 14:34:53	12,600	4,701	47,0082	0,717	7,1692
15.01.2026 14:34:53	12,650	4,732	47,3242	0,717	7,1674
15.01.2026 14:34:53	12,700	4,757	47,5651	0,718	7,1765
15.01.2026 14:34:53	12,750	4,782	47,8192	0,717	7,1744
15.01.2026 14:34:53	12,800	4,812	48,1150	0,719	7,1853
15.01.2026 14:34:53	12,850	4,840	48,3989	0,719	7,1864
15.01.2026 14:34:53	12,900	4,871	48,7085	0,720	7,1998
15.01.2026 14:34:53	12,950	4,901	49,0058	0,719	7,1941
15.01.2026 14:34:54	13,000	4,926	49,2626	0,721	7,2078
15.01.2026 14:34:54	13,050	4,950	49,5000	0,721	7,2051
15.01.2026 14:34:54	13,100	4,983	49,8293	0,722	7,2177
15.01.2026 14:34:54	13,150	5,016	50,1645	0,721	7,2103
15.01.2026 14:34:54	13,200	5,039	50,3855	0,723	7,2253
15.01.2026 14:34:54	13,250	5,052	50,5186	0,722	7,2174
15.01.2026 14:34:54	13,300	5,064	50,6391	0,723	7,2304
15.01.2026 14:34:54	13,350	5,069	50,6920	0,722	7,2235
15.01.2026 14:34:54	13,400	5,072	50,7155	0,723	7,2276
15.01.2026 14:34:54	13,450	5,073	50,7268	0,722	7,2232
15.01.2026 14:34:54	13,500	5,073	50,7339	0,723	7,2294
15.01.2026 14:34:54	13,550	5,074	50,7352	0,722	7,2235
15.01.2026 14:34:54	13,600	5,074	50,7374	0,723	7,2274
15.01.2026 14:34:54	13,650	5,074	50,7367	0,722	7,2222
15.01.2026 14:34:54	13,700	5,075	50,7526	0,723	7,2319
15.01.2026 14:34:54	13,750	5,092	50,9211	0,723	7,2263
15.01.2026 14:34:54	13,800	5,126	51,2618	0,724	7,2376
15.01.2026 14:34:54	13,850	5,172	51,7218	0,724	7,2396
15.01.2026 14:34:54	13,900	5,230	52,3033	0,726	7,2553
15.01.2026 14:34:54	13,950	5,279	52,7938	0,725	7,2530
15.01.2026 14:34:55	14,000	5,323	53,2282	0,726	7,2649
15.01.2026 14:34:55	14,050	5,359	53,5945	0,726	7,2640
15.01.2026 14:34:55	14,100	5,381	53,8104	0,727	7,2741
15.01.2026 14:34:55	14,150	5,393	53,9309	0,727	7,2705
15.01.2026 14:34:55	14,200	5,430	54,3002	0,728	7,2821
15.01.2026 14:34:55	14,250	5,496	54,9563	0,728	7,2846
15.01.2026 14:34:55	14,300	5,577	55,7740	0,730	7,3015
15.01.2026 14:34:55	14,350	5,647	56,4685	0,731	7,3068
15.01.2026 14:34:55	14,400	5,688	56,8834	0,732	7,3175
15.01.2026 14:34:55	14,450	5,715	57,1542	0,732	7,3156
15.01.2026 14:34:55	14,500	5,741	57,4079	0,732	7,3228
15.01.2026 14:34:55	14,550	5,771	57,7144	0,732	7,3213
15.01.2026 14:34:55	14,600	5,800	57,9972	0,733	7,3330
15.01.2026 14:34:55	14,650	5,826	58,2645	0,733	7,3305
15.01.2026 14:34:55	14,700	5,859	58,5945	0,734	7,3371
15.01.2026 14:34:55	14,750	5,897	58,9681	0,734	7,3372
15.01.2026 14:34:55	14,800	5,922	59,2245	0,735	7,3482
15.01.2026 14:34:55	14,850	5,934	59,3396	0,734	7,3421
15.01.2026 14:34:55	14,900	5,940	59,3960	0,735	7,3494
15.01.2026 14:34:55	14,950	5,941	59,4101	0,734	7,3433
15.01.2026 14:34:56	15,000	5,942	59,4151	0,735	7,3494
15.01.2026 14:34:56	15,050	5,941	59,4130	0,734	7,3423
15.01.2026 14:34:56	15,100	5,942	59,4190	0,735	7,3501
15.01.2026 14:34:56	15,150	5,942	59,4155	0,734	7,3420
15.01.2026 14:34:56	15,200	5,942	59,4223	0,735	7,3485
15.01.2026 14:34:56	15,250	5,943	59,4253	0,734	7,3446
15.01.2026 14:34:56	15,300	5,943	59,4260	0,735	7,3469
15.01.2026 14:34:56	15,350	5,943	59,4257	0,734	7,3419
15.01.2026 14:34:56	15,400	5,943	59,4299	0,735	7,3486
15.01.2026 14:34:56	15,450	5,943	59,4316	0,734	7,3445
15.01.2026 14:34:56	15,500	5,943	59,4344	0,735	7,3491
15.01.2026 14:34:56	15,550	5,944	59,4387	0,734	7,3421
15.01.2026 14:34:56	15,600	5,950	59,5005	0,735	7,3478
15.01.2026 14:34:56	15,650	5,967	59,6704	0,735	7,3476
15.01.2026 14:34:56	15,700	6,004	60,0417	0,736	7,3570
15.01.2026 14:34:56	15,750	6,039	60,3944	0,736	7,3550
15.01.2026 14:34:56	15,800	6,058	60,5827	0,736	7,3644
15.01.2026 14:34:56	15,850	6,071	60,7110	0,736	7,3575
15.01.2026 14:34:56	15,900	6,083	60,8326	0,736	7,3638
15.01.2026 14:34:56	15,950	6,102	61,0203	0,736	7,3628
15.01.2026 14:34:57	16,000	6,119	61,1949	0,737	7,3705
15.01.2026 14:34:57	16,050	6,139	61,3864	0,737	7,3666
15.01.2026 14:34:57	16,100	6,159	61,5866	0,737	7,3744
15.01.2026 14:34:57	16,150	6,169	61,6932	0,737	7,3696
15.01.2026 14:34:57	16,200	6,175	61,7485	0,738	7,3768
15.01.2026 14:34:57	16,250	6,180	61,7951	0,737	7,3700
15.01.2026 14:34:57	16,300	6,188	61,8807	0,738	7,3760
15.01.2026 14:34:57	16,350	6,193	61,9299	0,737	7,3729
15.01.2026 14:34:57	16,400	6,196	61,9583	0,738	7,3815
15.01.2026 14:34:57	16,450	6,197	61,9699	0,737	7,3742
15.01.2026 14:34:57	16,500	6,198	61,9772	0,738	7,3788
15.01.2026 14:34:57	16,550	6,198	61,9789	0,737	7,3733
15.01.2026 14:34:57	16,600	6,198	61,9825	0,738	7,3780
15.01.2026 14:34:57	16,650	6,198	61,9823	0,737	7,3742
15.01.2026 14:34:57	16,700	6,199	61,9935	0,738	7,3794
15.01.2026 14:34:57	16,750	6,207	62,0707	0,738	7,3761
15.01.2026 14:34:57	16,800	6,219	62,1924	0,738	7,3805
15.01.2026 14:34:57	16,850	6,231	62,3126	0,738	7,3761
15.01.2026 14:34:57	16,900	6,244	62,4380	0,739	7,3853
15.01.2026 14:34:57	16,950	6,256	62,5609	0,738	7,3809
15.01.2026 14:34:58	17,000	6,264	62,6435	0,739	7,3866
15.01.2026 14:34:58	17,050	6,279	62,7900	0,738	7,3832
15.01.2026 14:34:58	17,100	6,300	63,0038	0,739	7,3880
15.01.2026 14:34:58	17,150	6,313	63,1280	0,738	7,3843
15.01.2026 14:34:58	17,200	6,320	63,1986	0,739	7,3930
15.01.2026 14:34:58	17,250	6,330	63,2956	0,739	7,3858
15.01.2026 14:34:58	17,300	6,343	63,4310	0,739	7,3943
15.01.2026 14:34:58	17,350	6,354	63,5355	0,739	7,3899
15.01.2026 14:34:58	17,400	6,365	63,6541	0,740	7,3977
15.01.2026 14:34:58	17,450	6,375	63,7457	0,739	7,3946
15.01.2026 14:34:58	17,500	6,390	63,9049	0,740	7,3983
15.01.2026 14:34:58	17,550	6,411	64,1088	0,740	7,3955
15.01.2026 14:34:58	17,600	6,423	64,2336	0,740	7,4043
15.01.2026 14:34:58	17,650	6,429	64,2944	0,740	7,4014
15.01.2026 14:34:58	17,700	6,439	64,3915	0,741	7,4088
15.01.2026 14:34:58	17,750	6,452	64,5200	0,740	7,3990
15.01.2026 14:34:58	17,800	6,462	64,6173	0,741	7,4083
15.01.2026 14:34:58	17,850	6,466	64,6561	0,740	7,4014
15.01.2026 14:34:58	17,900	6,468	64,6807	0,741	7,4102
15.01.2026 14:34:58	17,950	6,473	64,7277	0,740	7,4042
15.01.2026 14:34:59	18,000	6,484	64,8357	0,741	7,4127
15.01.2026 14:34:59	18,050	6,497	64,9677	0,740	7,4048
15.01.2026 14:34:59	18,100	6,511	65,1113	0,741	7,4145
15.01.2026 14:34:59	18,150	6,521	65,2082	0,741	7,4092
15.01.2026 14:34:59	18,200	6,532	65,3232	0,742	7,4170
15.01.2026 14:34:59	18,250	6,543	65,4336	0,741	7,4106
15.01.2026 14:34:59	18,300	6,560	65,5993	0,742	7,4180
15.01.2026 14:34:59	18,350	6,581	65,8140	0,741	7,4124
15.01.2026 14:34:59	18,400	6,600	65,9958	0,743	7,4270
15.01.2026 14:34:59	18,450	6,607	66,0738	0,742	7,4155
15.01.2026 14:34:59	18,500	6,612	66,1176	0,742	7,4241
15.01.2026 14:34:59	18,550	6,614	66,1371	0,741	7,4144
15.01.2026 14:34:59	18,600	6,621	66,2148	0,742	7,4248
15.01.2026 14:34:59	18,650	6,628	66,2764	0,742	7,4196
15.01.2026 14:34:59	18,700	6,631	66,3137	0,742	7,4232
15.01.2026 14:34:59	18,750	6,634	66,3361	0,742	7,4213
15.01.2026 14:34:59	18,800	6,640	66,3972	0,743	7,4261
15.01.2026 14:34:59	18,850	6,646	66,4635	0,742	7,4229
15.01.2026 14:34:59	18,900	6,653	66,5271	0,743	7,4289
15.01.2026 14:34:59	18,950	6,662	66,6164	0,742	7,4227
15.01.2026 14:35:00	19,000	6,668	66,6799	0,743	7,4306
15.01.2026 14:35:00	19,050	6,671	66,7058	0,742	7,4225
15.01.2026 14:35:00	19,100	6,673	66,7272	0,743	7,4318
15.01.2026 14:35:00	19,150	6,675	66,7482	0,743	7,4260
15.01.2026 14:35:00	19,200	6,684	66,8391	0,743	7,4299
15.01.2026 14:35:00	19,250	6,701	67,0120	0,743	7,4264
15.01.2026 14:35:00	19,300	6,713	67,1343	0,743	7,4330
15.01.2026 14:35:00	19,350	6,719	67,1911	0,743	7,4291
15.01.2026 14:35:00	19,400	6,722	67,2216	0,744	7,4369
15.01.2026 14:35:00	19,450	6,723	67,2312	0,743	7,4302
15.01.2026 14:35:00	19,500	6,724	67,2429	0,744	7,4402
15.01.2026 14:35:00	19,550	6,724	67,2413	0,743	7,4291
15.01.2026 14:35:00	19,600	6,725	67,2456	0,744	7,4354
15.01.2026 14:35:00	19,650	6,724	67,2433	0,743	7,4279
15.01.2026 14:35:00	19,700	6,725	67,2474	0,744	7,4359
15.01.2026 14:35:00	19,750	6,725	67,2486	0,743	7,4320
15.01.2026 14:35:00	19,800	6,725	67,2509	0,744	7,4389
15.01.2026 14:35:00	19,850	6,725	67,2497	0,743	7,4326
15.01.2026 14:35:00	19,900	6,725	67,2497	0,744	7,4358
15.01.2026 14:35:00	19,950	6,725	67,2463	0,743	7,4290
15.01.2026 14:35:01	20,000	6,725	67,2521	0,744	7,4364
15.01.2026 14:35:01	20,050	6,725	67,2528	0,743	7,4299
15.01.2026 14:35:01	20,100	6,732	67,3181	0,744	7,4363
15.01.2026 14:35:01	20,150	6,741	67,4122	0,743	7,4311
15.01.2026 14:35:01	20,200	6,752	67,5236	0,744	7,4398
15.01.2026 14:35:01	20,250	6,757	67,5742	0,743	7,4339
15.01.2026 14:35:01	20,300	6,763	67,6275	0,744	7,4415
15.01.2026 14:35:01	20,350	6,771	67,7103	0,743	7,4325
15.01.2026 14:35:01	20,400	6,777	67,7673	0,744	7,4422
15.01.2026 14:35:01	20,450	6,779	67,7852	0,743	7,4327
15.01.2026 14:35:01	20,500	6,780	67,8030	0,744	7,4415
15.01.2026 14:35:01	20,550	6,780	67,8038	0,743	7,4337
15.01.2026 14:35:01	20,600	6,781	67,8119	0,744	7,4424
15.01.2026 14:35:01	20,650	6,781	67,8109	0,744	7,4374
15.01.2026 14:35:01	20,700	6,781	67,8094	0,744	7,4375
15.01.2026 14:35:01	20,750	6,781	67,8119	0,744	7,4358
15.01.2026 14:35:01	20,800	6,781	67,8106	0,744	7,4386
15.01.2026 14:35:01	20,850	6,781	67,8097	0,743	7,4341
15.01.2026 14:35:01	20,900	6,781	67,8131	0,744	7,4393
15.01.2026 14:35:01	20,950	6,781	67,8144	0,744	7,4370
15.01.2026 14:35:02	21,000	6,782	67,8160	0,744	7,4422
15.01.2026 14:35:02	21,050	6,782	67,8154	0,744	7,4368
15.01.2026 14:35:02	21,100	6,781	67,8143	0,744	7,4409
15.01.2026 14:35:02	21,150	6,781	67,8105	0,744	7,4369
15.01.2026 14:35:02	21,200	6,781	67,8117	0,744	7,4425
15.01.2026 14:35:02	21,250	6,776	67,7649	0,744	7,4360
15.01.2026 14:35:02	21,300	6,770	67,6974	0,744	7,4394
15.01.2026 14:35:02	21,350	6,766	67,6608	0,743	7,4340
15.01.2026 14:35:02	21,400	6,764	67,6424	0,744	7,4406
15.01.2026 14:35:02	21,450	6,756	67,5611	0,743	7,4337
15.01.2026 14:35:02	21,500	6,751	67,5055	0,744	7,4386
15.01.2026 14:35:02	21,550	6,747	67,4739	0,743	7,4313
15.01.2026 14:35:02	21,600	6,746	67,4639	0,744	7,4387
15.01.2026 14:35:02	21,650	6,745	67,4542	0,743	7,4324
15.01.2026 14:35:02	21,700	6,746	67,4555	0,744	7,4398
15.01.2026 14:35:02	21,750	6,745	67,4506	0,743	7,4332
15.01.2026 14:35:02	21,800	6,745	67,4542	0,744	7,4413
15.01.2026 14:35:02	21,850	6,745	67,4479	0,743	7,4307
15.01.2026 14:35:02	21,900	6,745	67,4530	0,744	7,4390
15.01.2026 14:35:02	21,950	6,745	67,4471	0,743	7,4310
15.01.2026 14:35:03	22,000	6,745	67,4536	0,744	7,4397
15.01.2026 14:35:03	22,050	6,745	67,4504	0,743	7,4318
15.01.2026 14:35:03	22,100	6,746	67,4558	0,744	7,4419
15.01.2026 14:35:03	22,150	6,745	67,4507	0,743	7,4320
15.01.2026 14:35:03	22,200	6,745	67,4532	0,744	7,4385
15.01.2026 14:35:03	22,250	6,745	67,4508	0,743	7,4308
15.01.2026 14:35:03	22,300	6,745	67,4544	0,744	7,4397
15.01.2026 14:35:03	22,350	6,745	67,4507	0,743	7,4322
15.01.2026 14:35:03	22,400	6,745	67,4520	0,744	7,4367
15.01.2026 14:35:03	22,450	6,745	67,4516	0,743	7,4324
15.01.2026 14:35:03	22,500	6,745	67,4537	0,744	7,4374
15.01.2026 14:35:03	22,550	6,745	67,4544	0,743	7,4338
15.01.2026 14:35:03	22,600	6,746	67,4560	0,744	7,4393
15.01.2026 14:35:03	22,650	6,745	67,4518	0,743	7,4319
15.01.2026 14:35:03	22,700	6,746	67,4565	0,744	7,4386
15.01.2026 14:35:03	22,750	6,745	67,4526	0,743	7,4313
15.01.2026 14:35:03	22,800	6,746	67,4566	0,744	7,4391
15.01.2026 14:35:03	22,850	6,745	67,4500	0,743	7,4293
15.01.2026 14:35:03	22,900	6,745	67,4533	0,744	7,4367
15.01.2026 14:35:03	22,950	6,745	67,4527	0,743	7,4332
15.01.2026 14:35:04	23,000	6,745	67,4528	0,744	7,4374
15.01.2026 14:35:04	23,050	6,745	67,4515	0,743	7,4315
15.01.2026 14:35:04	23,100	6,746	67,4552	0,744	7,4396
15.01.2026 14:35:04	23,150	6,745	67,4511	0,743	7,4327
15.01.2026 14:35:04	23,200	6,746	67,4557	0,744	7,4381
15.01.2026 14:35:04	23,250	6,745	67,4538	0,743	7,4330
15.01.2026 14:35:04	23,300	6,747	67,4705	0,744	7,4388
15.01.2026 14:35:04	23,350	6,755	67,5541	0,744	7,4352
15.01.2026 14:35:04	23,400	6,761	67,6130	0,744	7,4373
15.01.2026 14:35:04	23,450	6,764	67,6402	0,743	7,4339
15.01.2026 14:35:04	23,500	6,765	67,6497	0,744	7,4377
15.01.2026 14:35:04	23,550	6,766	67,6566	0,743	7,4330
15.01.2026 14:35:04	23,600	6,766	67,6602	0,744	7,4389
15.01.2026 14:35:04	23,650	6,766	67,6585	0,743	7,4326
15.01.2026 14:35:04	23,700	6,766	67,6643	0,744	7,4414
15.01.2026 14:35:04	23,750	6,766	67,6631	0,744	7,4354
15.01.2026 14:35:04	23,800	6,766	67,6623	0,744	7,4396
15.01.2026 14:35:04	23,850	6,766	67,6577	0,743	7,4331
15.01.2026 14:35:04	23,900	6,766	67,6608	0,744	7,4398
15.01.2026 14:35:04	23,950	6,766	67,6591	0,743	7,4346
15.01.2026 14:35:05	24,000	6,766	67,6592	0,744	7,4378
15.01.2026 14:35:05	24,050	6,766	67,6580	0,743	7,4345
15.01.2026 14:35:05	24,100	6,766	67,6606	0,744	7,4397
15.01.2026 14:35:05	24,150	6,766	67,6605	0,744	7,4377
15.01.2026 14:35:05	24,200	6,766	67,6593	0,744	7,4396
15.01.2026 14:35:05	24,250	6,766	67,6572	0,743	7,4338
15.01.2026 14:35:05	24,300	6,766	67,6601	0,744	7,4402
15.01.2026 14:35:05	24,350	6,766	67,6556	0,743	7,4314
15.01.2026 14:35:05	24,400	6,766	67,6581	0,744	7,4393
15.01.2026 14:35:05	24,450	6,766	67,6556	0,743	7,4341
15.01.2026 14:35:05	24,500	6,766	67,6573	0,744	7,4387
15.01.2026 14:35:05	24,550	6,765	67,6546	0,743	7,4329
15.01.2026 14:35:05	24,600	6,766	67,6562	0,744	7,4373
15.01.2026 14:35:05	24,650	6,766	67,6573	0,743	7,4340
15.01.2026 14:35:05	24,700	6,766	67,6609	0,744	7,4417
15.01.2026 14:35:05	24,750	6,766	67,6608	0,744	7,4366
15.01.2026 14:35:05	24,800	6,766	67,6592	0,744	7,4383
15.01.2026 14:35:05	24,850	6,766	67,6566	0,743	7,4337
15.01.2026 14:35:05	24,900	6,766	67,6584	0,744	7,4385
15.01.2026 14:35:05	24,950	6,766	67,6574	0,743	7,4336
15.01.2026 14:35:06	25,000	6,766	67,6584	0,744	7,4382
15.01.2026 14:35:06	25,050	6,766	67,6561	0,743	7,4325
15.01.2026 14:35:06	25,100	6,766	67,6585	0,744	7,4375
15.01.2026 14:35:06	25,150	6,766	67,6602	0,744	7,4370
15.01.2026 14:35:06	25,200	6,766	67,6574	0,744	7,4378
15.01.2026 14:35:06	25,250	6,766	67,6564	0,743	7,4337
15.01.2026 14:35:06	25,300	6,766	67,6604	0,744	7,4396
15.01.2026 14:35:06	25,350	6,766	67,6568	0,743	7,4334
15.01.2026 14:35:06	25,400	6,766	67,6591	0,744	7,4380
15.01.2026 14:35:06	25,450	6,766	67,6580	0,743	7,4317
15.01.2026 14:35:06	25,500	6,766	67,6622	0,744	7,4401
15.01.2026 14:35:06	25,550	6,766	67,6619	0,744	7,4350
15.01.2026 14:35:06	25,600	6,766	67,6613	0,744	7,4395
15.01.2026 14:35:06	25,650	6,766	67,6589	0,743	7,4327
15.01.2026 14:35:06	25,700	6,766	67,6613	0,744	7,4386
15.01.2026 14:35:06	25,750	6,766	67,6577	0,743	7,4325
15.01.2026 14:35:06	25,800	6,766	67,6613	0,744	7,4394
15.01.2026 14:35:06	25,850	6,766	67,6571	0,743	7,4321
15.01.2026 14:35:06	25,900	6,766	67,6572	0,744	7,4368
15.01.2026 14:35:06	25,950	6,766	67,6561	0,743	7,4318
15.01.2026 14:35:07	26,000	6,766	67,6594	0,744	7,4382
15.01.2026 14:35:07	26,050	6,766	67,6604	0,744	7,4350
15.01.2026 14:35:07	26,100	6,766	67,6596	0,744	7,4380
15.01.2026 14:35:07	26,150	6,766	67,6574	0,743	7,4335
15.01.2026 14:35:07	26,200	6,766	67,6635	0,744	7,4424
15.01.2026 14:35:07	26,250	6,766	67,6569	0,743	7,4348
15.01.2026 14:35:07	26,300	6,765	67,6539	0,744	7,4371
15.01.2026 14:35:07	26,350	6,765	67,6484	0,744	7,4356
15.01.2026 14:35:07	26,400	6,758	67,5831	0,744	7,4401
15.01.2026 14:35:07	26,450	6,752	67,5190	0,743	7,4303
15.01.2026 14:35:07	26,500	6,749	67,4930	0,743	7,4347
15.01.2026 14:35:07	26,550	6,744	67,4375	0,743	7,4292
15.01.2026 14:35:07	26,600	6,737	67,3745	0,744	7,4377
15.01.2026 14:35:07	26,650	6,732	67,3231	0,743	7,4329
15.01.2026 14:35:07	26,700	6,723	67,2335	0,744	7,4381
15.01.2026 14:35:07	26,750	6,717	67,1711	0,743	7,4296
15.01.2026 14:35:07	26,800	6,714	67,1449	0,743	7,4343
15.01.2026 14:35:07	26,850	6,713	67,1286	0,743	7,4295
15.01.2026 14:35:07	26,900	6,708	67,0771	0,744	7,4366
15.01.2026 14:35:07	26,950	6,699	66,9933	0,743	7,4282
15.01.2026 14:35:08	27,000	6,696	66,9592	0,744	7,4367
15.01.2026 14:35:08	27,050	6,694	66,9371	0,743	7,4284
15.01.2026 14:35:08	27,100	6,692	66,9160	0,744	7,4361
15.01.2026 14:35:08	27,150	6,683	66,8348	0,743	7,4268
15.01.2026 14:35:08	27,200	6,676	66,7609	0,743	7,4338
15.01.2026 14:35:08	27,250	6,666	66,6619	0,743	7,4284
15.01.2026 14:35:08	27,300	6,662	66,6163	0,743	7,4329
15.01.2026 14:35:08	27,350	6,659	66,5879	0,742	7,4249
15.01.2026 14:35:08	27,400	6,658	66,5802	0,743	7,4313
15.01.2026 14:35:08	27,450	6,657	66,5734	0,743	7,4265
15.01.2026 14:35:08	27,500	6,657	66,5694	0,743	7,4290
15.01.2026 14:35:08	27,550	6,657	66,5680	0,742	7,4248
15.01.2026 14:35:08	27,600	6,657	66,5692	0,743	7,4301
15.01.2026 14:35:08	27,650	6,657	66,5682	0,743	7,4272
15.01.2026 14:35:08	27,700	6,657	66,5718	0,743	7,4335
15.01.2026 14:35:08	27,750	6,657	66,5682	0,743	7,4281
15.01.2026 14:35:08	27,800	6,657	66,5709	0,743	7,4324
15.01.2026 14:35:08	27,850	6,657	66,5670	0,743	7,4273
15.01.2026 14:35:08	27,900	6,657	66,5671	0,743	7,4296
15.01.2026 14:35:08	27,950	6,657	66,5678	0,743	7,4276
15.01.2026 14:35:09	28,000	6,657	66,5669	0,743	7,4298
15.01.2026 14:35:09	28,050	6,657	66,5657	0,743	7,4262
15.01.2026 14:35:09	28,100	6,657	66,5661	0,743	7,4290
15.01.2026 14:35:09	28,150	6,657	66,5661	0,743	7,4274
15.01.2026 14:35:09	28,200	6,657	66,5673	0,743	7,4311
15.01.2026 14:35:09	28,250	6,657	66,5652	0,743	7,4261
15.01.2026 14:35:09	28,300	6,656	66,5640	0,743	7,4285
15.01.2026 14:35:09	28,350	6,656	66,5636	0,742	7,4250
15.01.2026 14:35:09	28,400	6,656	66,5650	0,743	7,4293
15.01.2026 14:35:09	28,450	6,656	66,5633	0,742	7,4243
15.01.2026 14:35:09	28,500	6,657	66,5669	0,743	7,4317
15.01.2026 14:35:09	28,550	6,656	66,5645	0,743	7,4261
15.01.2026 14:35:09	28,600	6,656	66,5650	0,743	7,4297
15.01.2026 14:35:09	28,650	6,657	66,5669	0,743	7,4283
15.01.2026 14:35:09	28,700	6,657	66,5677	0,743	7,4310
15.01.2026 14:35:09	28,750	6,657	66,5708	0,743	7,4312
15.01.2026 14:35:09	28,800	6,657	66,5711	0,743	7,4335
15.01.2026 14:35:09	28,850	6,656	66,5632	0,742	7,4242
15.01.2026 14:35:09	28,900	6,657	66,5672	0,743	7,4314
15.01.2026 14:35:09	28,950	6,657	66,5665	0,743	7,4259
15.01.2026 14:35:10	29,000	6,657	66,5704	0,743	7,4317
15.01.2026 14:35:10	29,050	6,657	66,5705	0,743	7,4283
15.01.2026 14:35:10	29,100	6,657	66,5704	0,743	7,4301
15.01.2026 14:35:10	29,150	6,657	66,5696	0,743	7,4265
15.01.2026 14:35:10	29,200	6,657	66,5687	0,743	7,4297
15.01.2026 14:35:10	29,250	6,657	66,5688	0,743	7,4282
15.01.2026 14:35:10	29,300	6,657	66,5685	0,743	7,4308
15.01.2026 14:35:10	29,350	6,657	66,5680	0,743	7,4274
15.01.2026 14:35:10	29,400	6,657	66,5685	0,743	7,4318
15.01.2026 14:35:10	29,450	6,657	66,5693	0,743	7,4287
15.01.2026 14:35:10	29,500	6,657	66,5657	0,743	7,4284
15.01.2026 14:35:10	29,550	6,657	66,5676	0,743	7,4271
15.01.2026 14:35:10	29,600	6,657	66,5691	0,743	7,4323
15.01.2026 14:35:10	29,650	6,656	66,5646	0,742	7,4238
15.01.2026 14:35:10	29,700	6,657	66,5683	0,743	7,4298
15.01.2026 14:35:10	29,750	6,657	66,5654	0,742	7,4245
15.01.2026 14:35:10	29,800	6,657	66,5698	0,743	7,4316
15.01.2026 14:35:10	29,850	6,657	66,5687	0,743	7,4273
15.01.2026 14:35:10	29,900	6,657	66,5686	0,743	7,4305
15.01.2026 14:35:10	29,950	6,657	66,5689	0,743	7,4263
15.01.2026 14:35:11	30,000	6,657	66,5704	0,743	7,4311
15.01.2026 14:35:11	30,050	6,657	66,5703	0,743	7,4292
15.01.2026 14:35:11	30,100	6,657	66,5681	0,743	7,4303
15.01.2026 14:35:11	30,150	6,657	66,5669	0,743	7,4265
15.01.2026 14:35:11	30,200	6,657	66,5670	0,743	7,4289
15.01.2026 14:35:11	30,250	6,657	66,5673	0,743	7,4269
15.01.2026 14:35:11	30,300	6,657	66,5705	0,743	7,4317
15.01.2026 14:35:11	30,350	6,657	66,5671	0,742	7,4244
15.01.2026 14:35:11	30,400	6,657	66,5699	0,743	7,4288
15.01.2026 14:35:11	30,450	6,657	66,5687	0,742	7,4238
15.01.2026 14:35:11	30,500	6,658	66,5780	0,743	7,4329
15.01.2026 14:35:11	30,550	6,658	66,5755	0,743	7,4296
15.01.2026 14:35:11	30,600	6,657	66,5722	0,743	7,4282
15.01.2026 14:35:11	30,650	6,657	66,5731	0,743	7,4275
15.01.2026 14:35:11	30,700	6,657	66,5714	0,743	7,4284
15.01.2026 14:35:11	30,750	6,657	66,5700	0,742	7,4247
15.01.2026 14:35:11	30,800	6,657	66,5719	0,743	7,4295
15.01.2026 14:35:11	30,850	6,657	66,5745	0,743	7,4286
15.01.2026 14:35:11	30,900	6,657	66,5732	0,743	7,4311
15.01.2026 14:35:11	30,950	6,657	66,5715	0,743	7,4254
15.01.2026 14:35:12	31,000	6,657	66,5714	0,743	7,4291
15.01.2026 14:35:12	31,050	6,657	66,5710	0,742	7,4250
15.01.2026 14:35:12	31,100	6,657	66,5725	0,743	7,4308
15.01.2026 14:35:12	31,150	6,657	66,5706	0,743	7,4258
15.01.2026 14:35:12	31,200	6,657	66,5727	0,743	7,4303
15.01.2026 14:35:12	31,250	6,657	66,5730	0,743	7,4285
15.01.2026 14:35:12	31,300	6,657	66,5733	0,743	7,4313
15.01.2026 14:35:12	31,350	6,657	66,5739	0,743	7,4280
15.01.2026 14:35:12	31,400	6,657	66,5727	0,743	7,4301
15.01.2026 14:35:12	31,450	6,657	66,5740	0,743	7,4287
15.01.2026 14:35:12	31,500	6,657	66,5743	0,743	7,4312
15.01.2026 14:35:12	31,550	6,657	66,5737	0,743	7,4288
15.01.2026 14:35:12	31,600	6,658	66,5770	0,743	7,4335
15.01.2026 14:35:12	31,650	6,657	66,5709	0,742	7,4238
15.01.2026 14:35:12	31,700	6,657	66,5747	0,743	7,4315
15.01.2026 14:35:12	31,750	6,657	66,5716	0,743	7,4258
15.01.2026 14:35:12	31,800	6,657	66,5709	0,743	7,4282
15.01.2026 14:35:12	31,850	6,657	66,5702	0,742	7,4239
15.01.2026 14:35:12	31,900	6,657	66,5723	0,743	7,4297
15.01.2026 14:35:12	31,950	6,657	66,5711	0,743	7,4265
15.01.2026 14:35:13	32,000	6,657	66,5702	0,743	7,4294
15.01.2026 14:35:13	32,050	6,657	66,5712	0,743	7,4265
15.01.2026 14:35:13	32,100	6,657	66,5733	0,743	7,4325
15.01.2026 14:35:13	32,150	6,657	66,5728	0,743	7,4281
15.01.2026 14:35:13	32,200	6,657	66,5722	0,743	7,4308
15.01.2026 14:35:13	32,250	6,657	66,5712	0,743	7,4274
15.01.2026 14:35:13	32,300	6,657	66,5719	0,743	7,4294
15.01.2026 14:35:13	32,350	6,657	66,5732	0,743	7,4287
15.01.2026 14:35:13	32,400	6,657	66,5708	0,743	7,4279
15.01.2026 14:35:13	32,450	6,657	66,5734	0,743	7,4294
15.01.2026 14:35:13	32,500	6,658	66,5760	0,743	7,4341
15.01.2026 14:35:13	32,550	6,657	66,5701	0,743	7,4272
15.01.2026 14:35:13	32,600	6,657	66,5738	0,743	7,4312
15.01.2026 14:35:13	32,650	6,657	66,5697	0,743	7,4259
15.01.2026 14:35:13	32,700	6,657	66,5733	0,743	7,4319
15.01.2026 14:35:13	32,750	6,657	66,5703	0,743	7,4262
15.01.2026 14:35:13	32,800	6,657	66,5728	0,743	7,4297
15.01.2026 14:35:13	32,850	6,657	66,5703	0,743	7,4252
15.01.2026 14:35:13	32,900	6,657	66,5723	0,743	7,4292
15.01.2026 14:35:13	32,950	6,657	66,5748	0,743	7,4296
15.01.2026 14:35:14	33,000	6,657	66,5738	0,743	7,4294
15.01.2026 14:35:14	33,050	6,657	66,5734	0,742	7,4249
15.01.2026 14:35:14	33,100	6,657	66,5711	0,743	7,4279
15.01.2026 14:35:14	33,150	6,657	66,5734	0,743	7,4267
15.01.2026 14:35:14	33,200	6,657	66,5741	0,743	7,4301
15.01.2026 14:35:14	33,250	6,657	66,5727	0,743	7,4265
15.01.2026 14:35:14	33,300	6,658	66,5752	0,743	7,4321
15.01.2026 14:35:14	33,350	6,658	66,5751	0,743	7,4291
15.01.2026 14:35:14	33,400	6,657	66,5728	0,743	7,4295
15.01.2026 14:35:14	33,450	6,657	66,5732	0,743	7,4274
15.01.2026 14:35:14	33,500	6,658	66,5758	0,743	7,4315
15.01.2026 14:35:14	33,550	6,657	66,5745	0,743	7,4279
15.01.2026 14:35:14	33,600	6,658	66,5764	0,743	7,4317
15.01.2026 14:35:14	33,650	6,658	66,5769	0,743	7,4314
15.01.2026 14:35:14	33,700	6,657	66,5733	0,743	7,4301
15.01.2026 14:35:14	33,750	6,658	66,5758	0,743	7,4288
15.01.2026 14:35:14	33,800	6,658	66,5763	0,743	7,4308
15.01.2026 14:35:14	33,850	6,657	66,5743	0,743	7,4280
15.01.2026 14:35:14	33,900	6,657	66,5745	0,743	7,4296
15.01.2026 14:35:14	33,950	6,658	66,5784	0,743	7,4300
15.01.2026 14:35:15	34,000	6,657	66,5743	0,743	7,4300
15.01.2026 14:35:15	34,050	6,658	66,5756	0,743	7,4294
15.01.2026 14:35:15	34,100	6,657	66,5727	0,743	7,4289
15.01.2026 14:35:15	34,150	6,657	66,5747	0,743	7,4294
15.01.2026 14:35:15	34,200	6,658	66,5751	0,743	7,4320
15.01.2026 14:35:15	34,250	6,657	66,5719	0,743	7,4269
15.01.2026 14:35:15	34,300	6,658	66,5769	0,743	7,4324
15.01.2026 14:35:15	34,350	6,657	66,5735	0,743	7,4266
15.01.2026 14:35:15	34,400	6,657	66,5739	0,743	7,4286
15.01.2026 14:35:15	34,450	6,657	66,5727	0,743	7,4252
15.01.2026 14:35:15	34,500	6,657	66,5737	0,743	7,4286
15.01.2026 14:35:15	34,550	6,658	66,5756	0,743	7,4276
15.01.2026 14:35:15	34,600	6,657	66,5743	0,743	7,4292
15.01.2026 14:35:15	34,650	6,657	66,5741	0,743	7,4267
15.01.2026 14:35:15	34,700	6,657	66,5744	0,743	7,4288
15.01.2026 14:35:15	34,750	6,657	66,5741	0,743	7,4283
15.01.2026 14:35:15	34,800	6,657	66,5747	0,743	7,4301
15.01.2026 14:35:15	34,850	6,657	66,5725	0,743	7,4270
15.01.2026 14:35:15	34,900	6,658	66,5784	0,743	7,4320
15.01.2026 14:35:15	34,950	6,657	66,5738	0,743	7,4275
15.01.2026 14:35:16	35,000	6,657	66,5749	0,743	7,4286
15.01.2026 14:35:16	35,050	6,657	66,5727	0,743	7,4257
15.01.2026 14:35:16	35,100	6,658	66,5750	0,743	7,4291
15.01.2026 14:35:16	35,150	6,657	66,5721	0,743	7,4252
15.01.2026 14:35:16	35,200	6,657	66,5744	0,743	7,4293
15.01.2026 14:35:16	35,250	6,657	66,5742	0,743	7,4272
15.01.2026 14:35:16	35,300	6,657	66,5725	0,743	7,4282
15.01.2026 14:35:16	35,350	6,657	66,5724	0,743	7,4265
15.01.2026 14:35:16	35,400	6,657	66,5736	0,743	7,4291
15.01.2026 14:35:16	35,450	6,657	66,5731	0,743	7,4266
15.01.2026 14:35:16	35,500	6,657	66,5736	0,743	7,4291
15.01.2026 14:35:16	35,550	6,657	66,5725	0,743	7,4252
15.01.2026 14:35:16	35,600	6,658	66,5755	0,743	7,4306
15.01.2026 14:35:16	35,650	6,657	66,5732	0,743	7,4256
15.01.2026 14:35:16	35,700	6,657	66,5723	0,743	7,4280
15.01.2026 14:35:16	35,750	6,657	66,5735	0,743	7,4275
15.01.2026 14:35:16	35,800	6,657	66,5727	0,743	7,4285
15.01.2026 14:35:16	35,850	6,657	66,5716	0,742	7,4250
15.01.2026 14:35:16	35,900	6,657	66,5722	0,743	7,4276
15.01.2026 14:35:16	35,950	6,657	66,5719	0,743	7,4264
15.01.2026 14:35:17	36,000	6,658	66,5769	0,743	7,4316
15.01.2026 14:35:17	36,050	6,657	66,5741	0,743	7,4263
15.01.2026 14:35:17	36,100	6,657	66,5734	0,743	7,4293
15.01.2026 14:35:17	36,150	6,657	66,5726	0,743	7,4264
15.01.2026 14:35:17	36,200	6,658	66,5756	0,743	7,4309
15.01.2026 14:35:17	36,250	6,657	66,5717	0,742	7,4249
15.01.2026 14:35:17	36,300	6,658	66,5756	0,743	7,4300
15.01.2026 14:35:17	36,350	6,658	66,5758	0,743	7,4283
15.01.2026 14:35:17	36,400	6,658	66,5759	0,743	7,4292
15.01.2026 14:35:17	36,450	6,657	66,5723	0,743	7,4262
15.01.2026 14:35:17	36,500	6,658	66,5779	0,743	7,4321
15.01.2026 14:35:17	36,550	6,657	66,5744	0,743	7,4254
15.01.2026 14:35:17	36,600	6,658	66,5769	0,743	7,4298
15.01.2026 14:35:17	36,650	6,658	66,5768	0,743	7,4278
15.01.2026 14:35:17	36,700	6,658	66,5775	0,743	7,4311
15.01.2026 14:35:17	36,750	6,658	66,5773	0,743	7,4274
15.01.2026 14:35:17	36,800	6,658	66,5782	0,743	7,4309
15.01.2026 14:35:17	36,850	6,658	66,5783	0,743	7,4285
15.01.2026 14:35:17	36,900	6,658	66,5758	0,743	7,4282
15.01.2026 14:35:17	36,950	6,658	66,5766	0,743	7,4271
15.01.2026 14:35:18	37,000	6,658	66,5802	0,743	7,4319
15.01.2026 14:35:18	37,050	6,658	66,5760	0,743	7,4277
15.01.2026 14:35:18	37,100	6,657	66,5732	0,743	7,4268
15.01.2026 14:35:18	37,150	6,658	66,5776	0,743	7,4291
15.01.2026 14:35:18	37,200	6,658	66,5768	0,743	7,4308
15.01.2026 14:35:18	37,250	6,658	66,5757	0,743	7,4275
15.01.2026 14:35:18	37,300	6,658	66,5763	0,743	7,4288
15.01.2026 14:35:18	37,350	6,658	66,5781	0,743	7,4271
15.01.2026 14:35:18	37,400	6,658	66,5806	0,743	7,4306
15.01.2026 14:35:18	37,450	6,658	66,5780	0,743	7,4281
15.01.2026 14:35:18	37,500	6,658	66,5800	0,743	7,4307
15.01.2026 14:35:18	37,550	6,658	66,5759	0,743	7,4268
15.01.2026 14:35:18	37,600	6,644	66,4418	0,743	7,4287
15.01.2026 14:35:18	37,650	6,602	66,0237	0,742	7,4222
15.01.2026 14:35:18	37,700	6,560	65,5992	0,743	7,4257
15.01.2026 14:35:18	37,750	6,532	65,3160	0,742	7,4187
15.01.2026 14:35:18	37,800	6,501	65,0108	0,742	7,4184
15.01.2026 14:35:18	37,850	6,479	64,7894	0,741	7,4111
15.01.2026 14:35:18	37,900	6,467	64,6746	0,741	7,4134
15.01.2026 14:35:18	37,950	6,454	64,5373	0,741	7,4114
15.01.2026 14:35:19	38,000	6,438	64,3794	0,741	7,4131
15.01.2026 14:35:19	38,050	6,422	64,2192	0,741	7,4096
15.01.2026 14:35:19	38,100	6,413	64,1307	0,741	7,4142
15.01.2026 14:35:19	38,150	6,408	64,0827	0,741	7,4101
15.01.2026 14:35:19	38,200	6,399	63,9904	0,741	7,4068
15.01.2026 14:35:19	38,250	6,386	63,8586	0,741	7,4053
15.01.2026 14:35:19	38,300	6,377	63,7681	0,741	7,4116
15.01.2026 14:35:19	38,350	6,370	63,6974	0,740	7,4050
15.01.2026 14:35:19	38,400	6,360	63,6001	0,741	7,4073
15.01.2026 14:35:19	38,450	6,354	63,5357	0,740	7,4040
15.01.2026 14:35:19	38,500	6,344	63,4396	0,741	7,4060
15.01.2026 14:35:19	38,550	6,336	63,3553	0,741	7,4060
15.01.2026 14:35:19	38,600	6,324	63,2429	0,741	7,4065
15.01.2026 14:35:19	38,650	6,312	63,1171	0,740	7,4041
15.01.2026 14:35:19	38,700	6,296	62,9609	0,740	7,4020
15.01.2026 14:35:19	38,750	6,274	62,7400	0,740	7,3977
15.01.2026 14:35:19	38,800	6,251	62,5056	0,740	7,4015
15.01.2026 14:35:19	38,850	6,236	62,3616	0,740	7,3977
15.01.2026 14:35:19	38,900	6,226	62,2582	0,740	7,3965
15.01.2026 14:35:19	38,950	6,214	62,1379	0,739	7,3942
15.01.2026 14:35:20	39,000	6,201	62,0052	0,740	7,3960
15.01.2026 14:35:20	39,050	6,187	61,8742	0,739	7,3939
15.01.2026 14:35:20	39,100	6,175	61,7534	0,739	7,3929
15.01.2026 14:35:20	39,150	6,163	61,6284	0,739	7,3915
15.01.2026 14:35:20	39,200	6,151	61,5114	0,739	7,3912
15.01.2026 14:35:20	39,250	6,141	61,4110	0,739	7,3907
15.01.2026 14:35:20	39,300	6,136	61,3599	0,739	7,3921
15.01.2026 14:35:20	39,350	6,128	61,2765	0,739	7,3870
15.01.2026 14:35:20	39,400	6,113	61,1315	0,739	7,3875
15.01.2026 14:35:20	39,450	6,103	61,0310	0,739	7,3866
15.01.2026 14:35:20	39,500	6,093	60,9328	0,739	7,3860
15.01.2026 14:35:20	39,550	6,087	60,8662	0,738	7,3831
15.01.2026 14:35:20	39,600	6,082	60,8222	0,738	7,3836
15.01.2026 14:35:20	39,650	6,080	60,7992	0,738	7,3843
15.01.2026 14:35:20	39,700	6,079	60,7858	0,739	7,3868
15.01.2026 14:35:20	39,750	6,077	60,7740	0,738	7,3833
15.01.2026 14:35:20	39,800	6,071	60,7062	0,738	7,3840
15.01.2026 14:35:20	39,850	6,065	60,6454	0,739	7,3856
15.01.2026 14:35:20	39,900	6,062	60,6152	0,739	7,3865
15.01.2026 14:35:20	39,950	6,060	60,6002	0,738	7,3839
15.01.2026 14:35:21	40,000	6,058	60,5783	0,738	7,3824
15.01.2026 14:35:21	40,050	6,050	60,5037	0,738	7,3820
15.01.2026 14:35:21	40,100	6,044	60,4405	0,738	7,3820
15.01.2026 14:35:21	40,150	6,034	60,3430	0,738	7,3783
15.01.2026 14:35:21	40,200	6,025	60,2498	0,738	7,3831
15.01.2026 14:35:21	40,250	6,015	60,1461	0,738	7,3802
15.01.2026 14:35:21	40,300	6,003	60,0317	0,738	7,3796
15.01.2026 14:35:21	40,350	5,995	59,9492	0,738	7,3786
15.01.2026 14:35:21	40,400	5,988	59,8820	0,738	7,3773
15.01.2026 14:35:21	40,450	5,977	59,7724	0,738	7,3757
15.01.2026 14:35:21	40,500	5,965	59,6469	0,738	7,3776
15.01.2026 14:35:21	40,550	5,956	59,5558	0,737	7,3721
15.01.2026 14:35:21	40,600	5,944	59,4409	0,738	7,3761
15.01.2026 14:35:21	40,650	5,930	59,3007	0,737	7,3723
15.01.2026 14:35:21	40,700	5,915	59,1534	0,737	7,3728
15.01.2026 14:35:21	40,750	5,901	59,0133	0,737	7,3686
15.01.2026 14:35:21	40,800	5,887	58,8662	0,737	7,3696
15.01.2026 14:35:21	40,850	5,870	58,6978	0,736	7,3643
15.01.2026 14:35:21	40,900	5,849	58,4856	0,737	7,3666
15.01.2026 14:35:21	40,950	5,821	58,2050	0,736	7,3619
15.01.2026 14:35:22	41,000	5,796	57,9570	0,736	7,3594
15.01.2026 14:35:22	41,050	5,780	57,7993	0,736	7,3576
15.01.2026 14:35:22	41,100	5,763	57,6340	0,736	7,3583
15.01.2026 14:35:22	41,150	5,744	57,4353	0,736	7,3554
15.01.2026 14:35:22	41,200	5,721	57,2137	0,736	7,3552
15.01.2026 14:35:22	41,250	5,695	56,9514	0,735	7,3496
15.01.2026 14:35:22	41,300	5,670	56,7022	0,735	7,3514
15.01.2026 14:35:22	41,350	5,651	56,5119	0,735	7,3471
15.01.2026 14:35:22	41,400	5,632	56,3198	0,735	7,3494
15.01.2026 14:35:22	41,450	5,611	56,1143	0,735	7,3471
15.01.2026 14:35:22	41,500	5,591	55,9133	0,734	7,3449
15.01.2026 14:35:22	41,550	5,570	55,6993	0,734	7,3441
15.01.2026 14:35:22	41,600	5,543	55,4292	0,734	7,3412
15.01.2026 14:35:22	41,650	5,517	55,1662	0,734	7,3393
15.01.2026 14:35:22	41,700	5,489	54,8857	0,733	7,3336
15.01.2026 14:35:22	41,750	5,461	54,6115	0,733	7,3332
15.01.2026 14:35:22	41,800	5,436	54,3634	0,733	7,3320
15.01.2026 14:35:22	41,850	5,416	54,1607	0,733	7,3293
15.01.2026 14:35:22	41,900	5,396	53,9623	0,733	7,3300
15.01.2026 14:35:22	41,950	5,378	53,7828	0,732	7,3249
15.01.2026 14:35:23	42,000	5,357	53,5728	0,732	7,3230
15.01.2026 14:35:23	42,050	5,338	53,3808	0,732	7,3203
15.01.2026 14:35:23	42,100	5,327	53,2685	0,732	7,3197
15.01.2026 14:35:23	42,150	5,313	53,1258	0,732	7,3172
15.01.2026 14:35:23	42,200	5,297	52,9695	0,732	7,3160
15.01.2026 14:35:23	42,250	5,288	52,8826	0,731	7,3144
15.01.2026 14:35:23	42,300	5,273	52,7348	0,731	7,3135
15.01.2026 14:35:23	42,350	5,253	52,5259	0,731	7,3122
15.01.2026 14:35:23	42,400	5,235	52,3497	0,731	7,3122
15.01.2026 14:35:23	42,450	5,220	52,1965	0,731	7,3104
15.01.2026 14:35:23	42,500	5,201	52,0144	0,731	7,3089
15.01.2026 14:35:23	42,550	5,180	51,8050	0,730	7,3046
15.01.2026 14:35:23	42,600	5,162	51,6208	0,731	7,3053
15.01.2026 14:35:23	42,650	5,149	51,4898	0,730	7,3014
15.01.2026 14:35:23	42,700	5,140	51,4043	0,731	7,3057
15.01.2026 14:35:23	42,750	5,124	51,2413	0,730	7,2991
15.01.2026 14:35:23	42,800	5,113	51,1328	0,730	7,2995
15.01.2026 14:35:23	42,850	5,108	51,0830	0,730	7,2999
15.01.2026 14:35:23	42,900	5,105	51,0534	0,730	7,2960
15.01.2026 14:35:23	42,950	5,104	51,0447	0,730	7,2973
15.01.2026 14:35:24	43,000	5,104	51,0392	0,730	7,3004
15.01.2026 14:35:24	43,050	5,104	51,0394	0,730	7,2983
15.01.2026 14:35:24	43,100	5,102	51,0212	0,730	7,2968
15.01.2026 14:35:24	43,150	5,087	50,8728	0,730	7,2970
15.01.2026 14:35:24	43,200	5,046	50,4609	0,729	7,2919
15.01.2026 14:35:24	43,250	5,000	49,9956	0,729	7,2888
15.01.2026 14:35:24	43,300	4,952	49,5201	0,728	7,2844
15.01.2026 14:35:24	43,350	4,918	49,1830	0,728	7,2813
15.01.2026 14:35:24	43,400	4,901	49,0092	0,728	7,2765
15.01.2026 14:35:24	43,450	4,893	48,9294	0,728	7,2777
15.01.2026 14:35:24	43,500	4,887	48,8671	0,728	7,2789
15.01.2026 14:35:24	43,550	4,871	48,7087	0,727	7,2742
15.01.2026 14:35:24	43,600	4,854	48,5419	0,727	7,2735
15.01.2026 14:35:24	43,650	4,843	48,4317	0,728	7,2754
15.01.2026 14:35:24	43,700	4,834	48,3385	0,727	7,2717
15.01.2026 14:35:24	43,750	4,824	48,2359	0,727	7,2683
15.01.2026 14:35:24	43,800	4,814	48,1384	0,727	7,2698
15.01.2026 14:35:24	43,850	4,804	48,0413	0,727	7,2717
15.01.2026 14:35:24	43,900	4,792	47,9206	0,727	7,2686
15.01.2026 14:35:24	43,950	4,778	47,7829	0,727	7,2666
15.01.2026 14:35:25	44,000	4,763	47,6279	0,726	7,2647
15.01.2026 14:35:25	44,050	4,752	47,5199	0,726	7,2641
15.01.2026 14:35:25	44,100	4,744	47,4388	0,726	7,2612
15.01.2026 14:35:25	44,150	4,732	47,3163	0,726	7,2637
15.01.2026 14:35:25	44,200	4,718	47,1848	0,726	7,2623
15.01.2026 14:35:25	44,250	4,706	47,0581	0,726	7,2597
15.01.2026 14:35:25	44,300	4,690	46,9023	0,726	7,2567
15.01.2026 14:35:25	44,350	4,677	46,7707	0,726	7,2579
15.01.2026 14:35:25	44,400	4,658	46,5761	0,726	7,2550
15.01.2026 14:35:25	44,450	4,632	46,3160	0,725	7,2517
15.01.2026 14:35:25	44,500	4,607	46,0722	0,725	7,2488
15.01.2026 14:35:25	44,550	4,593	45,9257	0,725	7,2492
15.01.2026 14:35:25	44,600	4,579	45,7940	0,725	7,2472
15.01.2026 14:35:25	44,650	4,566	45,6557	0,724	7,2426
15.01.2026 14:35:25	44,700	4,554	45,5447	0,724	7,2431
15.01.2026 14:35:25	44,750	4,543	45,4260	0,724	7,2382
15.01.2026 14:35:25	44,800	4,523	45,2345	0,724	7,2373
15.01.2026 14:35:25	44,850	4,495	44,9504	0,724	7,2374
15.01.2026 14:35:25	44,900	4,458	44,5806	0,723	7,2301
15.01.2026 14:35:25	44,950	4,415	44,1485	0,723	7,2271
15.01.2026 14:35:26	45,000	4,376	43,7632	0,722	7,2219
15.01.2026 14:35:26	45,050	4,345	43,4539	0,722	7,2183
15.01.2026 14:35:26	45,100	4,315	43,1504	0,722	7,2172
15.01.2026 14:35:26	45,150	4,290	42,9020	0,721	7,2108
15.01.2026 14:35:26	45,200	4,270	42,7008	0,721	7,2068
15.01.2026 14:35:26	45,250	4,252	42,5240	0,721	7,2075
15.01.2026 14:35:26	45,300	4,235	42,3533	0,721	7,2067
15.01.2026 14:35:26	45,350	4,218	42,1775	0,720	7,2007
15.01.2026 14:35:26	45,400	4,202	42,0163	0,720	7,2001
15.01.2026 14:35:26	45,450	4,187	41,8734	0,720	7,2005
15.01.2026 14:35:26	45,500	4,176	41,7631	0,720	7,1983
15.01.2026 14:35:26	45,550	4,164	41,6353	0,719	7,1943
15.01.2026 14:35:26	45,600	4,146	41,4584	0,719	7,1909
15.01.2026 14:35:26	45,650	4,129	41,2919	0,719	7,1916
15.01.2026 14:35:26	45,700	4,116	41,1570	0,719	7,1907
15.01.2026 14:35:26	45,750	4,105	41,0481	0,719	7,1910
15.01.2026 14:35:26	45,800	4,092	40,9236	0,719	7,1855
15.01.2026 14:35:26	45,850	4,074	40,7393	0,719	7,1852
15.01.2026 14:35:26	45,900	4,054	40,5401	0,718	7,1827
15.01.2026 14:35:26	45,950	4,032	40,3199	0,718	7,1830
15.01.2026 14:35:27	46,000	4,010	40,0958	0,717	7,1741
15.01.2026 14:35:27	46,050	3,994	39,9396	0,717	7,1736
15.01.2026 14:35:27	46,100	3,980	39,7972	0,717	7,1706
15.01.2026 14:35:27	46,150	3,964	39,6378	0,717	7,1687
15.01.2026 14:35:27	46,200	3,949	39,4858	0,717	7,1658
15.01.2026 14:35:27	46,250	3,941	39,4120	0,717	7,1667
15.01.2026 14:35:27	46,300	3,937	39,3744	0,716	7,1640
15.01.2026 14:35:27	46,350	3,936	39,3600	0,717	7,1663
15.01.2026 14:35:27	46,400	3,935	39,3499	0,716	7,1631
15.01.2026 14:35:27	46,450	3,935	39,3533	0,716	7,1643
15.01.2026 14:35:27	46,500	3,943	39,4286	0,717	7,1652
15.01.2026 14:35:27	46,550	3,962	39,6216	0,717	7,1674
15.01.2026 14:35:27	46,600	3,975	39,7482	0,717	7,1672
15.01.2026 14:35:27	46,650	3,972	39,7220	0,717	7,1668
15.01.2026 14:35:27	46,700	3,951	39,5081	0,716	7,1626
15.01.2026 14:35:27	46,750	3,916	39,1586	0,716	7,1635
15.01.2026 14:35:27	46,800	3,881	38,8063	0,716	7,1572
15.01.2026 14:35:27	46,850	3,851	38,5099	0,716	7,1568
15.01.2026 14:35:27	46,900	3,811	38,1091	0,715	7,1486
15.01.2026 14:35:27	46,950	3,766	37,6575	0,714	7,1446
15.01.2026 14:35:28	47,000	3,731	37,3131	0,714	7,1359
15.01.2026 14:35:28	47,050	3,714	37,1442	0,714	7,1375
15.01.2026 14:35:28	47,100	3,701	37,0058	0,713	7,1309
15.01.2026 14:35:28	47,150	3,691	36,9124	0,713	7,1306
15.01.2026 14:35:28	47,200	3,686	36,8650	0,713	7,1271
15.01.2026 14:35:28	47,250	3,685	36,8460	0,713	7,1298
15.01.2026 14:35:28	47,300	3,684	36,8367	0,713	7,1299
15.01.2026 14:35:28	47,350	3,683	36,8326	0,713	7,1283
15.01.2026 14:35:28	47,400	3,680	36,8022	0,713	7,1259
15.01.2026 14:35:28	47,450	3,674	36,7399	0,713	7,1305
15.01.2026 14:35:28	47,500	3,669	36,6936	0,713	7,1274
15.01.2026 14:35:28	47,550	3,667	36,6722	0,713	7,1277
15.01.2026 14:35:28	47,600	3,666	36,6571	0,712	7,1243
15.01.2026 14:35:28	47,650	3,662	36,6197	0,713	7,1266
15.01.2026 14:35:28	47,700	3,654	36,5433	0,712	7,1243
15.01.2026 14:35:28	47,750	3,646	36,4561	0,713	7,1269
15.01.2026 14:35:28	47,800	3,637	36,3690	0,712	7,1217
15.01.2026 14:35:28	47,850	3,632	36,3235	0,712	7,1219
15.01.2026 14:35:28	47,900	3,625	36,2549	0,712	7,1210
15.01.2026 14:35:28	47,950	3,618	36,1787	0,712	7,1214
15.01.2026 14:35:29	48,000	3,613	36,1336	0,712	7,1163
15.01.2026 14:35:29	48,050	3,608	36,0766	0,712	7,1197
15.01.2026 14:35:29	48,100	3,599	35,9875	0,712	7,1180
15.01.2026 14:35:29	48,150	3,587	35,8717	0,711	7,1130
15.01.2026 14:35:29	48,200	3,575	35,7540	0,711	7,1112
15.01.2026 14:35:29	48,250	3,560	35,5998	0,711	7,1125
15.01.2026 14:35:29	48,300	3,544	35,4445	0,711	7,1062
15.01.2026 14:35:29	48,350	3,532	35,3190	0,711	7,1075
15.01.2026 14:35:29	48,400	3,525	35,2526	0,710	7,1034
15.01.2026 14:35:29	48,450	3,517	35,1660	0,710	7,1043
15.01.2026 14:35:29	48,500	3,503	35,0307	0,710	7,0969
15.01.2026 14:35:29	48,550	3,493	34,9326	0,710	7,1023
15.01.2026 14:35:29	48,600	3,483	34,8267	0,710	7,0951
15.01.2026 14:35:29	48,650	3,474	34,7425	0,710	7,0971
15.01.2026 14:35:29	48,700	3,466	34,6590	0,709	7,0922
15.01.2026 14:35:29	48,750	3,452	34,5228	0,709	7,0934
15.01.2026 14:35:29	48,800	3,435	34,3494	0,709	7,0907
15.01.2026 14:35:29	48,850	3,423	34,2313	0,709	7,0900
15.01.2026 14:35:29	48,900	3,412	34,1183	0,709	7,0852
15.01.2026 14:35:29	48,950	3,400	34,0044	0,709	7,0851
15.01.2026 14:35:30	49,000	3,389	33,8862	0,708	7,0810
15.01.2026 14:35:30	49,050	3,382	33,8244	0,708	7,0825
15.01.2026 14:35:30	49,100	3,380	33,7954	0,708	7,0798
15.01.2026 14:35:30	49,150	3,375	33,7508	0,708	7,0815
15.01.2026 14:35:30	49,200	3,367	33,6677	0,708	7,0766
15.01.2026 14:35:30	49,250	3,356	33,5635	0,708	7,0783
15.01.2026 14:35:30	49,300	3,346	33,4551	0,707	7,0719
15.01.2026 14:35:30	49,350	3,334	33,3414	0,708	7,0751
15.01.2026 14:35:30	49,400	3,321	33,2100	0,707	7,0688
15.01.2026 14:35:30	49,450	3,313	33,1308	0,707	7,0728
15.01.2026 14:35:30	49,500	3,304	33,0373	0,707	7,0662
15.01.2026 14:35:30	49,550	3,296	32,9576	0,707	7,0686
15.01.2026 14:35:30	49,600	3,288	32,8800	0,706	7,0632
15.01.2026 14:35:30	49,650	3,277	32,7727	0,706	7,0645
15.01.2026 14:35:30	49,700	3,262	32,6249	0,706	7,0590
15.01.2026 14:35:30	49,750	3,248	32,4836	0,706	7,0615
15.01.2026 14:35:30	49,800	3,236	32,3588	0,706	7,0556
15.01.2026 14:35:30	49,850	3,224	32,2391	0,706	7,0559
15.01.2026 14:35:30	49,900	3,211	32,1094	0,705	7,0472
15.01.2026 14:35:30	49,950	3,204	32,0432	0,705	7,0510
15.01.2026 14:35:31	50,000	3,201	32,0065	0,705	7,0458
15.01.2026 14:35:31	50,050	3,197	31,9693	0,705	7,0480
15.01.2026 14:35:31	50,100	3,189	31,8939	0,705	7,0476
15.01.2026 14:35:31	50,150	3,179	31,7935	0,705	7,0476
15.01.2026 14:35:31	50,200	3,170	31,7011	0,704	7,0442
15.01.2026 14:35:31	50,250	3,159	31,5892	0,704	7,0429
15.01.2026 14:35:31	50,300	3,145	31,4534	0,704	7,0353
15.01.2026 14:35:31	50,350	3,134	31,3398	0,704	7,0378
15.01.2026 14:35:31	50,400	3,122	31,2205	0,703	7,0344
15.01.2026 14:35:31	50,450	3,110	31,0967	0,703	7,0347
15.01.2026 14:35:31	50,500	3,095	30,9507	0,703	7,0269
15.01.2026 14:35:31	50,550	3,084	30,8364	0,703	7,0289
15.01.2026 14:35:31	50,600	3,072	30,7218	0,702	7,0220
15.01.2026 14:35:31	50,650	3,061	30,6112	0,703	7,0274
15.01.2026 14:35:31	50,700	3,045	30,4484	0,702	7,0186
15.01.2026 14:35:31	50,750	3,009	30,0852	0,701	7,0146
15.01.2026 14:35:31	50,800	2,961	29,6111	0,700	6,9996
15.01.2026 14:35:31	50,850	2,933	29,3314	0,700	6,9994
15.01.2026 14:35:31	50,900	2,920	29,2028	0,699	6,9924
15.01.2026 14:35:31	50,950	2,916	29,1552	0,700	6,9956
15.01.2026 14:35:32	51,000	2,913	29,1319	0,699	6,9904
15.01.2026 14:35:32	51,050	2,913	29,1271	0,699	6,9945
15.01.2026 14:35:32	51,100	2,912	29,1180	0,699	6,9881
15.01.2026 14:35:32	51,150	2,912	29,1211	0,699	6,9929
15.01.2026 14:35:32	51,200	2,912	29,1163	0,699	6,9882
15.01.2026 14:35:32	51,250	2,912	29,1204	0,700	6,9950
15.01.2026 14:35:32	51,300	2,912	29,1176	0,699	6,9924
15.01.2026 14:35:32	51,350	2,912	29,1181	0,699	6,9945
15.01.2026 14:35:32	51,400	2,911	29,1123	0,699	6,9889
15.01.2026 14:35:32	51,450	2,911	29,1145	0,699	6,9922
15.01.2026 14:35:32	51,500	2,911	29,1131	0,699	6,9891
15.01.2026 14:35:32	51,550	2,912	29,1183	0,699	6,9929
15.01.2026 14:35:32	51,600	2,918	29,1819	0,699	6,9877
15.01.2026 14:35:32	51,650	2,924	29,2421	0,699	6,9926
15.01.2026 14:35:32	51,700	2,927	29,2673	0,699	6,9901
15.01.2026 14:35:32	51,750	2,928	29,2825	0,700	6,9963
15.01.2026 14:35:32	51,800	2,928	29,2808	0,699	6,9876
15.01.2026 14:35:32	51,850	2,925	29,2477	0,699	6,9948
15.01.2026 14:35:32	51,900	2,917	29,1722	0,699	6,9888
15.01.2026 14:35:32	51,950	2,914	29,1409	0,699	6,9937
15.01.2026 14:35:33	52,000	2,912	29,1176	0,699	6,9886
15.01.2026 14:35:33	52,050	2,902	29,0214	0,699	6,9916
15.01.2026 14:35:33	52,100	2,874	28,7419	0,698	6,9807
15.01.2026 14:35:33	52,150	2,842	28,4159	0,698	6,9802
15.01.2026 14:35:33	52,200	2,819	28,1880	0,697	6,9674
15.01.2026 14:35:33	52,250	2,796	27,9619	0,697	6,9704
15.01.2026 14:35:33	52,300	2,759	27,5852	0,696	6,9569
15.01.2026 14:35:33	52,350	2,720	27,2018	0,695	6,9525
15.01.2026 14:35:33	52,400	2,688	26,8836	0,694	6,9409
15.01.2026 14:35:33	52,450	2,661	26,6080	0,694	6,9395
15.01.2026 14:35:33	52,500	2,641	26,4100	0,693	6,9294
15.01.2026 14:35:33	52,550	2,631	26,3132	0,693	6,9275
15.01.2026 14:35:33	52,600	2,621	26,2123	0,692	6,9202
15.01.2026 14:35:33	52,650	2,608	26,0767	0,693	6,9254
15.01.2026 14:35:33	52,700	2,592	25,9162	0,692	6,9180
15.01.2026 14:35:33	52,750	2,579	25,7901	0,692	6,9164
15.01.2026 14:35:33	52,800	2,564	25,6440	0,691	6,9099
15.01.2026 14:35:33	52,850	2,548	25,4812	0,691	6,9125
15.01.2026 14:35:33	52,900	2,533	25,3269	0,690	6,9021
15.01.2026 14:35:33	52,950	2,525	25,2488	0,690	6,9044
15.01.2026 14:35:34	53,000	2,518	25,1820	0,690	6,8991
15.01.2026 14:35:34	53,050	2,508	25,0770	0,690	6,9002
15.01.2026 14:35:34	53,100	2,496	24,9631	0,689	6,8932
15.01.2026 14:35:34	53,150	2,486	24,8599	0,689	6,8928
15.01.2026 14:35:34	53,200	2,470	24,7043	0,689	6,8886
15.01.2026 14:35:34	53,250	2,459	24,5872	0,689	6,8894
15.01.2026 14:35:34	53,300	2,449	24,4950	0,688	6,8822
15.01.2026 14:35:34	53,350	2,439	24,3853	0,688	6,8793
15.01.2026 14:35:34	53,400	2,426	24,2624	0,687	6,8739
15.01.2026 14:35:34	53,450	2,414	24,1399	0,688	6,8758
15.01.2026 14:35:34	53,500	2,402	24,0212	0,687	6,8670
15.01.2026 14:35:34	53,550	2,389	23,8908	0,687	6,8675
15.01.2026 14:35:34	53,600	2,371	23,7130	0,686	6,8607
15.01.2026 14:35:34	53,650	2,350	23,4981	0,686	6,8581
15.01.2026 14:35:34	53,700	2,333	23,3271	0,685	6,8481
15.01.2026 14:35:34	53,750	2,316	23,1572	0,685	6,8503
15.01.2026 14:35:34	53,800	2,295	22,9532	0,684	6,8392
15.01.2026 14:35:34	53,850	2,276	22,7593	0,684	6,8371
15.01.2026 14:35:34	53,900	2,259	22,5932	0,683	6,8267
15.01.2026 14:35:34	53,950	2,238	22,3838	0,683	6,8252
15.01.2026 14:35:35	54,000	2,218	22,1781	0,681	6,8141
15.01.2026 14:35:35	54,050	2,205	22,0540	0,682	6,8169
15.01.2026 14:35:35	54,100	2,194	21,9400	0,681	6,8088
15.01.2026 14:35:35	54,150	2,184	21,8355	0,681	6,8123
15.01.2026 14:35:35	54,200	2,170	21,7043	0,680	6,8023
15.01.2026 14:35:35	54,250	2,158	21,5820	0,680	6,8041
15.01.2026 14:35:35	54,300	2,151	21,5102	0,680	6,7973
15.01.2026 14:35:35	54,350	2,144	21,4405	0,680	6,7976
15.01.2026 14:35:35	54,400	2,130	21,2961	0,679	6,7885
15.01.2026 14:35:35	54,450	2,114	21,1372	0,679	6,7895
15.01.2026 14:35:35	54,500	2,102	21,0195	0,678	6,7776
15.01.2026 14:35:35	54,550	2,097	20,9698	0,678	6,7836
15.01.2026 14:35:35	54,600	2,092	20,9209	0,677	6,7730
15.01.2026 14:35:35	54,650	2,085	20,8498	0,678	6,7799
15.01.2026 14:35:35	54,700	2,075	20,7517	0,677	6,7689
15.01.2026 14:35:35	54,750	2,066	20,6598	0,677	6,7705
15.01.2026 14:35:35	54,800	2,059	20,5908	0,677	6,7650
15.01.2026 14:35:35	54,850	2,049	20,4896	0,677	6,7661
15.01.2026 14:35:35	54,900	2,035	20,3483	0,676	6,7575
15.01.2026 14:35:35	54,950	2,018	20,1792	0,676	6,7582
15.01.2026 14:35:36	55,000	2,001	20,0097	0,675	6,7463
15.01.2026 14:35:36	55,050	1,987	19,8682	0,675	6,7489
15.01.2026 14:35:36	55,100	1,974	19,7437	0,674	6,7368
15.01.2026 14:35:36	55,150	1,963	19,6311	0,674	6,7415
15.01.2026 14:35:36	55,200	1,954	19,5392	0,673	6,7315
15.01.2026 14:35:36	55,250	1,943	19,4348	0,673	6,7322
15.01.2026 14:35:36	55,300	1,932	19,3213	0,673	6,7263
15.01.2026 14:35:36	55,350	1,923	19,2287	0,673	6,7267
15.01.2026 14:35:36	55,400	1,913	19,1266	0,672	6,7154
15.01.2026 14:35:36	55,450	1,900	18,9971	0,672	6,7179
15.01.2026 14:35:36	55,500	1,883	18,8268	0,671	6,7070
15.01.2026 14:35:36	55,550	1,870	18,7024	0,671	6,7108
15.01.2026 14:35:36	55,600	1,855	18,5471	0,670	6,6966
15.01.2026 14:35:36	55,650	1,840	18,3978	0,670	6,6984
15.01.2026 14:35:36	55,700	1,825	18,2506	0,669	6,6878
15.01.2026 14:35:36	55,750	1,814	18,1410	0,669	6,6873
15.01.2026 14:35:36	55,800	1,803	18,0295	0,668	6,6762
15.01.2026 14:35:36	55,850	1,796	17,9612	0,668	6,6798
15.01.2026 14:35:36	55,900	1,789	17,8898	0,667	6,6707
15.01.2026 14:35:36	55,950	1,782	17,8157	0,668	6,6753
15.01.2026 14:35:37	56,000	1,773	17,7283	0,667	6,6657
15.01.2026 14:35:37	56,050	1,763	17,6290	0,667	6,6669
15.01.2026 14:35:37	56,100	1,750	17,5016	0,666	6,6594
15.01.2026 14:35:37	56,150	1,736	17,3564	0,666	6,6564
15.01.2026 14:35:37	56,200	1,722	17,2224	0,665	6,6476
15.01.2026 14:35:37	56,250	1,709	17,0931	0,665	6,6457
15.01.2026 14:35:37	56,300	1,697	16,9662	0,664	6,6392
15.01.2026 14:35:37	56,350	1,684	16,8416	0,664	6,6430
15.01.2026 14:35:37	56,400	1,674	16,7408	0,663	6,6294
15.01.2026 14:35:37	56,450	1,669	16,6908	0,663	6,6328
15.01.2026 14:35:37	56,500	1,667	16,6672	0,662	6,6242
15.01.2026 14:35:37	56,550	1,667	16,6674	0,663	6,6318
15.01.2026 14:35:37	56,600	1,666	16,6612	0,662	6,6207
15.01.2026 14:35:37	56,650	1,666	16,6646	0,663	6,6283
15.01.2026 14:35:37	56,700	1,666	16,6641	0,662	6,6229
15.01.2026 14:35:37	56,750	1,667	16,6669	0,663	6,6302
15.01.2026 14:35:37	56,800	1,666	16,6617	0,662	6,6210
15.01.2026 14:35:37	56,850	1,667	16,6671	0,663	6,6303
15.01.2026 14:35:37	56,900	1,666	16,6642	0,662	6,6240
15.01.2026 14:35:37	56,950	1,672	16,7154	0,663	6,6301
15.01.2026 14:35:38	57,000	1,678	16,7814	0,662	6,6234
15.01.2026 14:35:38	57,050	1,682	16,8164	0,663	6,6303
15.01.2026 14:35:38	57,100	1,683	16,8270	0,662	6,6231
15.01.2026 14:35:38	57,150	1,684	16,8390	0,663	6,6314
15.01.2026 14:35:38	57,200	1,684	16,8396	0,663	6,6262
15.01.2026 14:35:38	57,250	1,684	16,8432	0,663	6,6342
15.01.2026 14:35:38	57,300	1,684	16,8388	0,663	6,6264
15.01.2026 14:35:38	57,350	1,678	16,7822	0,663	6,6316
15.01.2026 14:35:38	57,400	1,665	16,6539	0,662	6,6234
15.01.2026 14:35:38	57,450	1,656	16,5569	0,663	6,6270
15.01.2026 14:35:38	57,500	1,641	16,4055	0,661	6,6135
15.01.2026 14:35:38	57,550	1,620	16,1998	0,662	6,6174
15.01.2026 14:35:38	57,600	1,598	15,9823	0,660	6,6019
15.01.2026 14:35:38	57,650	1,582	15,8171	0,660	6,6004
15.01.2026 14:35:38	57,700	1,567	15,6720	0,659	6,5870
15.01.2026 14:35:38	57,750	1,552	15,5218	0,658	6,5834
15.01.2026 14:35:38	57,800	1,536	15,3634	0,657	6,5714
15.01.2026 14:35:38	57,850	1,521	15,2055	0,657	6,5736
15.01.2026 14:35:38	57,900	1,504	15,0442	0,656	6,5604
15.01.2026 14:35:38	57,950	1,487	14,8680	0,656	6,5581
15.01.2026 14:35:39	58,000	1,466	14,6642	0,655	6,5471
15.01.2026 14:35:39	58,050	1,449	14,4924	0,654	6,5401
15.01.2026 14:35:39	58,100	1,440	14,3994	0,653	6,5299
15.01.2026 14:35:39	58,150	1,431	14,3128	0,653	6,5338
15.01.2026 14:35:39	58,200	1,419	14,1933	0,652	6,5236
15.01.2026 14:35:39	58,250	1,409	14,0923	0,652	6,5209
15.01.2026 14:35:39	58,300	1,404	14,0407	0,652	6,5161
15.01.2026 14:35:39	58,350	1,400	14,0035	0,652	6,5195
15.01.2026 14:35:39	58,400	1,393	13,9293	0,651	6,5082
15.01.2026 14:35:39	58,450	1,387	13,8656	0,651	6,5131
15.01.2026 14:35:39	58,500	1,370	13,7030	0,650	6,5015
15.01.2026 14:35:39	58,550	1,345	13,4502	0,650	6,4971
15.01.2026 14:35:39	58,600	1,320	13,1952	0,648	6,4785
15.01.2026 14:35:39	58,650	1,304	13,0352	0,648	6,4780
15.01.2026 14:35:39	58,700	1,294	12,9355	0,646	6,4628
15.01.2026 14:35:39	58,750	1,284	12,8437	0,646	6,4633
15.01.2026 14:35:39	58,800	1,274	12,7369	0,645	6,4536
15.01.2026 14:35:39	58,850	1,261	12,6134	0,646	6,4571
15.01.2026 14:35:39	58,900	1,248	12,4759	0,644	6,4428
15.01.2026 14:35:39	58,950	1,235	12,3483	0,644	6,4434
15.01.2026 14:35:40	59,000	1,221	12,2121	0,643	6,4282
15.01.2026 14:35:40	59,050	1,206	12,0574	0,643	6,4253
15.01.2026 14:35:40	59,100	1,189	11,8901	0,642	6,4155
15.01.2026 14:35:40	59,150	1,169	11,6950	0,641	6,4117
15.01.2026 14:35:40	59,200	1,150	11,4961	0,640	6,3958
15.01.2026 14:35:40	59,250	1,130	11,3016	0,639	6,3896
15.01.2026 14:35:40	59,300	1,113	11,1329	0,638	6,3761
15.01.2026 14:35:40	59,350	1,097	10,9701	0,637	6,3743
15.01.2026 14:35:40	59,400	1,078	10,7805	0,636	6,3558
15.01.2026 14:35:40	59,450	1,057	10,5677	0,635	6,3494
15.01.2026 14:35:40	59,500	1,036	10,3583	0,633	6,3340
15.01.2026 14:35:40	59,550	1,016	10,1581	0,633	6,3313
15.01.2026 14:35:40	59,600	0,993	9,9305	0,631	6,3103
15.01.2026 14:35:40	59,650	0,971	9,7090	0,631	6,3051
15.01.2026 14:35:40	59,700	0,951	9,5113	0,628	6,2847
15.01.2026 14:35:40	59,750	0,932	9,3243	0,628	6,2802
15.01.2026 14:35:40	59,800	0,915	9,1472	0,626	6,2641
15.01.2026 14:35:40	59,850	0,900	9,0033	0,626	6,2620
15.01.2026 14:35:40	59,900	0,888	8,8770	0,625	6,2479
15.01.2026 14:35:40	59,950	0,877	8,7746	0,625	6,2494
15.01.2026 14:35:41	60,000	0,866	8,6634	0,624	6,2360
15.01.2026 14:35:41	60,050	0,854	8,5418	0,623	6,2326
15.01.2026 14:35:41	60,100	0,843	8,4328	0,622	6,2206
15.01.2026 14:35:41	60,150	0,829	8,2870	0,622	6,2188
15.01.2026 14:35:41	60,200	0,807	8,0715	0,620	6,2005
15.01.2026 14:35:41	60,250	0,782	7,8183	0,619	6,1889
15.01.2026 14:35:41	60,300	0,762	7,6202	0,617	6,1715
15.01.2026 14:35:41	60,350	0,748	7,4761	0,617	6,1655
15.01.2026 14:35:41	60,400	0,738	7,3800	0,615	6,1516
15.01.2026 14:35:41	60,450	0,734	7,3406	0,616	6,1574
15.01.2026 14:35:41	60,500	0,730	7,2996	0,614	6,1441
15.01.2026 14:35:41	60,550	0,723	7,2314	0,615	6,1515
15.01.2026 14:35:41	60,600	0,711	7,1148	0,614	6,1363
15.01.2026 14:35:41	60,650	0,697	6,9676	0,613	6,1328
15.01.2026 14:35:41	60,700	0,680	6,7985	0,612	6,1161
15.01.2026 14:35:41	60,750	0,662	6,6193	0,611	6,1119
15.01.2026 14:35:41	60,800	0,644	6,4406	0,609	6,0920
15.01.2026 14:35:41	60,850	0,628	6,2821	0,608	6,0826
15.01.2026 14:35:41	60,900	0,614	6,1364	0,607	6,0690
15.01.2026 14:35:41	60,950	0,600	6,0014	0,606	6,0642
15.01.2026 14:35:42	61,000	0,584	5,8401	0,605	6,0465
15.01.2026 14:35:42	61,050	0,570	5,6973	0,604	6,0413
15.01.2026 14:35:42	61,100	0,560	5,6041	0,603	6,0277
15.01.2026 14:35:42	61,150	0,557	5,5670	0,603	6,0277
15.01.2026 14:35:42	61,200	0,556	5,5559	0,602	6,0167
15.01.2026 14:35:42	61,250	0,557	5,5676	0,603	6,0251
15.01.2026 14:35:42	61,300	0,557	5,5728	0,602	6,0173
15.01.2026 14:35:42	61,350	0,558	5,5801	0,602	6,0245
15.01.2026 14:35:42	61,400	0,559	5,5853	0,602	6,0191
15.01.2026 14:35:42	61,450	0,559	5,5876	0,602	6,0241
15.01.2026 14:35:42	61,500	0,559	5,5863	0,602	6,0177
15.01.2026 14:35:42	61,550	0,558	5,5848	0,602	6,0211
15.01.2026 14:35:42	61,600	0,559	5,5859	0,602	6,0168
15.01.2026 14:35:42	61,650	0,558	5,5847	0,602	6,0211
15.01.2026 14:35:42	61,700	0,559	5,5858	0,602	6,0176
15.01.2026 14:35:42	61,750	0,558	5,5761	0,602	6,0238
15.01.2026 14:35:42	61,800	0,548	5,4750	0,601	6,0131
15.01.2026 14:35:42	61,850	0,525	5,2526	0,601	6,0098
15.01.2026 14:35:42	61,900	0,490	4,8978	0,597	5,9733
15.01.2026 14:35:42	61,950	0,449	4,4909	0,594	5,9448
15.01.2026 14:35:43	62,000	0,408	4,0829	0,590	5,9048
15.01.2026 14:35:43	62,050	0,369	3,6863	0,588	5,8750
15.01.2026 14:35:43	62,100	0,335	3,3514	0,584	5,8370
15.01.2026 14:35:43	62,150	0,312	3,1177	0,582	5,8164
15.01.2026 14:35:43	62,200	0,297	2,9658	0,579	5,7946
15.01.2026 14:35:43	62,250	0,286	2,8595	0,579	5,7882
15.01.2026 14:35:43	62,300	0,279	2,7860	0,577	5,7718
15.01.2026 14:35:43	62,350	0,275	2,7529	0,577	5,7729
15.01.2026 14:35:43	62,400	0,273	2,7284	0,576	5,7626
15.01.2026 14:35:43	62,450	0,268	2,6810	0,577	5,7660
15.01.2026 14:35:43	62,500	0,264	2,6382	0,575	5,7544
15.01.2026 14:35:43	62,550	0,257	2,5737	0,575	5,7543
15.01.2026 14:35:43	62,600	0,248	2,4843	0,574	5,7406
15.01.2026 14:35:43	62,650	0,238	2,3777	0,574	5,7353
15.01.2026 14:35:43	62,700	0,226	2,2558	0,572	5,7158
15.01.2026 14:35:43	62,750	0,214	2,1435	0,571	5,7095
15.01.2026 14:35:43	62,800	0,203	2,0275	0,569	5,6916
15.01.2026 14:35:43	62,850	0,191	1,9074	0,568	5,6834
15.01.2026 14:35:43	62,900	0,177	1,7680	0,566	5,6600
15.01.2026 14:35:43	62,950	0,161	1,6139	0,565	5,6499
15.01.2026 14:35:44	63,000	0,141	1,4112	0,562	5,6199
15.01.2026 14:35:44	63,050	0,118	1,1815	0,559	5,5946
15.01.2026 14:35:44	63,100	0,098	0,9794	0,556	5,5606
15.01.2026 14:35:44	63,150	0,081	0,8068	0,554	5,5376
15.01.2026 14:35:44	63,200	0,067	0,6727	0,551	5,5130
15.01.2026 14:35:44	63,250	0,056	0,5623	0,550	5,5017
15.01.2026 14:35:44	63,300	0,047	0,4725	0,548	5,4792
15.01.2026 14:35:44	63,350	0,039	0,3922	0,547	5,4722
15.01.2026 14:35:44	63,400	0,034	0,3357	0,545	5,4538
15.01.2026 14:35:44	63,450	0,028	0,2828	0,546	5,4555
15.01.2026 14:35:44	63,500	0,021	0,2121	0,544	5,4379
15.01.2026 14:35:44	63,550	0,013	0,1287	0,543	5,4300
15.01.2026 14:35:44	63,600	0,004	0,0432	0,541	5,4094
15.01.2026 14:35:44	63,650	-0,005	-0,0522	0,540	5,4046
15.01.2026 14:35:44	63,700	-0,017	-0,1674	0,538	5,3792
15.01.2026 14:35:44	63,750	-0,028	-0,2824	0,537	5,3695
15.01.2026 14:35:44	63,800	-0,041	-0,4089	0,534	5,3390
15.01.2026 14:35:44	63,850	-0,051	-0,5143	0,532	5,3227
15.01.2026 14:35:44	63,900	-0,060	-0,5954	0,530	5,2985
15.01.2026 14:35:44	63,950	-0,066	-0,6606	0,529	5,2864
15.01.2026 14:35:45	64,000	-0,070	-0,6996	0,527	5,2694
15.01.2026 14:35:45	64,050	-0,071	-0,7141	0,527	5,2693
15.01.2026 14:35:45	64,100	-0,071	-0,7136	0,526	5,2577
15.01.2026 14:35:45	64,150	-0,070	-0,7047	0,526	5,2593
15.01.2026 14:35:45	64,200	-0,069	-0,6926	0,525	5,2516
15.01.2026 14:35:45	64,250	-0,069	-0,6902	0,526	5,2595
15.01.2026 14:35:45	64,300	-0,070	-0,7041	0,525	5,2522
15.01.2026 14:35:45	64,350	-0,071	-0,7144	0,526	5,2557
15.01.2026 14:35:45	64,400	-0,072	-0,7201	0,525	5,2485
15.01.2026 14:35:45	64,450	-0,072	-0,7239	0,525	5,2525
15.01.2026 14:35:45	64,500	-0,073	-0,7288	0,524	5,2442
15.01.2026 14:35:45	64,550	-0,072	-0,7237	0,525	5,2523
15.01.2026 14:35:45	64,600	-0,072	-0,7236	0,525	5,2477
15.01.2026 14:35:45	64,650	-0,072	-0,7186	0,525	5,2507
15.01.2026 14:35:45	64,700	-0,063	-0,6347	0,525	5,2473
15.01.2026 14:35:45	64,750	-0,053	-0,5290	0,525	5,2526
15.01.2026 14:35:45	64,800	-0,047	-0,4699	0,525	5,2508
15.01.2026 14:35:45	64,850	-0,045	-0,4474	0,526	5,2562
15.01.2026 14:35:45	64,900	-0,044	-0,4397	0,525	5,2535
15.01.2026 14:35:45	64,950	-0,045	-0,4468	0,526	5,2564
15.01.2026 14:35:46	65,000	-0,046	-0,4575	0,525	5,2532
15.01.2026 14:35:46	65,050	-0,051	-0,5131	0,525	5,2532
15.01.2026 14:35:46	65,100	-0,055	-0,5518	0,525	5,2489
15.01.2026 14:35:46	65,150	-0,057	-0,5676	0,526	5,2573
15.01.2026 14:35:46	65,200	-0,058	-0,5772	0,525	5,2492
15.01.2026 14:35:46	65,250	-0,058	-0,5819	0,525	5,2533
15.01.2026 14:35:46	65,300	-0,060	-0,5984	0,525	5,2458
15.01.2026 14:35:46	65,350	-0,065	-0,6537	0,525	5,2489
15.01.2026 14:35:46	65,400	-0,069	-0,6910	0,524	5,2449
15.01.2026 14:35:46	65,450	-0,071	-0,7088	0,525	5,2490
15.01.2026 14:35:46	65,500	-0,071	-0,7134	0,525	5,2462
15.01.2026 14:35:46	65,550	-0,072	-0,7170	0,525	5,2497
15.01.2026 14:35:46	65,600	-0,072	-0,7182	0,524	5,2435
15.01.2026 14:35:46	65,650	-0,072	-0,7210	0,525	5,2472
15.01.2026 14:35:46	65,700	-0,072	-0,7213	0,524	5,2422
15.01.2026 14:35:46	65,750	-0,072	-0,7207	0,525	5,2461
15.01.2026 14:35:46	65,800	-0,072	-0,7232	0,524	5,2387
15.01.2026 14:35:46	65,850	-0,072	-0,7209	0,525	5,2459
15.01.2026 14:35:46	65,900	-0,072	-0,7205	0,524	5,2414
15.01.2026 14:35:46	65,950	-0,072	-0,7183	0,525	5,2481
15.01.2026 14:35:47	66,000	-0,072	-0,7236	0,524	5,2379
15.01.2026 14:35:47	66,050	-0,072	-0,7232	0,524	5,2435
15.01.2026 14:35:47	66,100	-0,072	-0,7238	0,524	5,2380
15.01.2026 14:35:47	66,150	-0,072	-0,7220	0,524	5,2443
15.01.2026 14:35:47	66,200	-0,072	-0,7215	0,524	5,2399
15.01.2026 14:35:47	66,250	-0,072	-0,7220	0,524	5,2435
15.01.2026 14:35:47	66,300	-0,072	-0,7216	0,524	5,2398
15.01.2026 14:35:47	66,350	-0,072	-0,7196	0,525	5,2455
15.01.2026 14:35:47	66,400	-0,072	-0,7205	0,524	5,2407
15.01.2026 14:35:47	66,450	-0,072	-0,7222	0,524	5,2430
15.01.2026 14:35:47	66,500	-0,072	-0,7218	0,524	5,2398
15.01.2026 14:35:47	66,550	-0,072	-0,7206	0,524	5,2435
15.01.2026 14:35:47	66,600	-0,072	-0,7233	0,524	5,2384
15.01.2026 14:35:47	66,650	-0,072	-0,7212	0,524	5,2434
15.01.2026 14:35:47	66,700	-0,072	-0,7207	0,524	5,2396
15.01.2026 14:35:47	66,750	-0,072	-0,7209	0,524	5,2432
15.01.2026 14:35:47	66,800	-0,072	-0,7242	0,524	5,2374
15.01.2026 14:35:47	66,850	-0,072	-0,7225	0,524	5,2420
15.01.2026 14:35:47	66,900	-0,072	-0,7228	0,524	5,2374
15.01.2026 14:35:47	66,950	-0,072	-0,7178	0,525	5,2457
15.01.2026 14:35:48	67,000	-0,072	-0,7226	0,524	5,2384
15.01.2026 14:35:48	67,050	-0,072	-0,7206	0,524	5,2437
15.01.2026 14:35:48	67,100	-0,072	-0,7229	0,524	5,2367
15.01.2026 14:35:48	67,150	-0,072	-0,7224	0,524	5,2415
15.01.2026 14:35:48	67,200	-0,072	-0,7248	0,524	5,2353
15.01.2026 14:35:48	67,250	-0,072	-0,7222	0,524	5,2416
15.01.2026 14:35:48	67,300	-0,072	-0,7210	0,524	5,2390
15.01.2026 14:35:48	67,350	-0,072	-0,7211	0,524	5,2416
15.01.2026 14:35:48	67,400	-0,073	-0,7259	0,524	5,2350
15.01.2026 14:35:48	67,450	-0,072	-0,7239	0,524	5,2400
15.01.2026 14:35:48	67,500	-0,072	-0,7214	0,524	5,2380
15.01.2026 14:35:48	67,550	-0,073	-0,7258	0,524	5,2379
15.01.2026 14:35:48	67,600	-0,072	-0,7234	0,524	5,2368
15.01.2026 14:35:48	67,650	-0,072	-0,7203	0,524	5,2418
15.01.2026 14:35:48	67,700	-0,072	-0,7234	0,524	5,2362
15.01.2026 14:35:48	67,750	-0,072	-0,7231	0,524	5,2397
15.01.2026 14:35:48	67,800	-0,073	-0,7268	0,523	5,2336
15.01.2026 14:35:48	67,850	-0,072	-0,7207	0,524	5,2414
15.01.2026 14:35:48	67,900	0,014	0,1419	0,526	5,2608
15.01.2026 14:35:48	67,950	0,083	0,8274	0,529	5,2887
15.01.2026 14:35:49	68,000	0,090	0,9029	0,529	5,2909
15.01.2026 14:35:49	68,050	0,085	0,8502	0,530	5,2964
15.01.2026 14:35:49	68,100	0,080	0,7974	0,529	5,2879
15.01.2026 14:35:49	68,150	0,078	0,7756	0,529	5,2909
15.01.2026 14:35:49	68,200	0,077	0,7682	0,529	5,2890
15.01.2026 14:35:49	68,250	0,076	0,7634	0,529	5,2899
15.01.2026 14:35:49	68,300	0,076	0,7606	0,529	5,2862
15.01.2026 14:35:49	68,350	0,076	0,7638	0,529	5,2912
15.01.2026 14:35:49	68,400	0,076	0,7606	0,529	5,2870
15.01.2026 14:35:49	68,450	0,076	0,7605	0,529	5,2891
15.01.2026 14:35:49	68,500	0,076	0,7610	0,529	5,2866
15.01.2026 14:35:49	68,550	0,076	0,7620	0,529	5,2904
15.01.2026 14:35:49	68,600	0,076	0,7608	0,529	5,2868
15.01.2026 14:35:49	68,650	0,076	0,7613	0,529	5,2892
15.01.2026 14:35:49	68,700	0,076	0,7634	0,529	5,2893
15.01.2026 14:35:49	68,750	0,076	0,7623	0,529	5,2902
15.01.2026 14:35:49	68,800	0,076	0,7627	0,529	5,2885
15.01.2026 14:35:49	68,850	0,076	0,7638	0,529	5,2920
15.01.2026 14:35:49	68,900	0,076	0,7603	0,529	5,2858
15.01.2026 14:35:49	68,950	0,076	0,7617	0,529	5,2895
15.01.2026 14:35:50	69,000	0,076	0,7636	0,529	5,2904
15.01.2026 14:35:50	69,050	0,076	0,7635	0,529	5,2911
15.01.2026 14:35:50	69,100	0,076	0,7623	0,529	5,2885
15.01.2026 14:35:50	69,150	0,077	0,7657	0,529	5,2934
15.01.2026 14:35:50	69,200	0,077	0,7658	0,529	5,2917
15.01.2026 14:35:50	69,250	0,077	0,7650	0,529	5,2930
15.01.2026 14:35:50	69,300	0,076	0,7646	0,529	5,2902
15.01.2026 14:35:50	69,350	0,077	0,7677	0,530	5,2951
15.01.2026 14:35:50	69,400	0,077	0,7669	0,529	5,2919
15.01.2026 14:35:50	69,450	0,076	0,7640	0,529	5,2910
15.01.2026 14:35:50	69,500	0,077	0,7661	0,529	5,2915
15.01.2026 14:35:50	69,550	0,076	0,7642	0,529	5,2905
15.01.2026 14:35:50	69,600	0,077	0,7661	0,529	5,2909
15.01.2026 14:35:50	69,650	0,076	0,7565	0,529	5,2909
15.01.2026 14:35:50	69,700	0,071	0,7076	0,529	5,2871
15.01.2026 14:35:50	69,750	0,066	0,6629	0,529	5,2897
15.01.2026 14:35:50	69,800	0,064	0,6368	0,529	5,2854
15.01.2026 14:35:50	69,850	0,063	0,6277	0,529	5,2871
15.01.2026 14:35:50	69,900	0,060	0,5951	0,529	5,2860
15.01.2026 14:35:50	69,950	0,054	0,5435	0,529	5,2852
15.01.2026 14:35:51	70,000	0,042	0,4202	0,528	5,2832
15.01.2026 14:35:51	70,050	0,022	0,2248	0,528	5,2758
15.01.2026 14:35:51	70,100	0,010	0,1014	0,527	5,2734
15.01.2026 14:35:51	70,150	0,002	0,0247	0,527	5,2713
15.01.2026 14:35:51	70,200	-0,010	-0,0981	0,527	5,2679
15.01.2026 14:35:51	70,250	-0,033	-0,3290	0,526	5,2628
15.01.2026 14:35:51	70,300	-0,065	-0,6494	0,525	5,2483
15.01.2026 14:35:51	70,350	-0,094	-0,9380	0,523	5,2278
15.01.2026 14:35:51	70,400	-0,119	-1,1883	0,519	5,1911
15.01.2026 14:35:51	70,450	-0,148	-1,4755	0,513	5,1318
15.01.2026 14:35:51	70,500	-0,177	-1,7747	0,504	5,0434
15.01.2026 14:35:51	70,550	-0,202	-2,0217	0,495	4,9546
15.01.2026 14:35:51	70,600	-0,222	-2,2161	0,486	4,8566
15.01.2026 14:35:51	70,650	-0,236	-2,3611	0,476	4,7604
15.01.2026 14:35:51	70,700	-0,247	-2,4729	0,465	4,6506
15.01.2026 14:35:51	70,750	-0,256	-2,5551	0,452	4,5176
15.01.2026 14:35:51	70,800	-0,261	-2,6107	0,436	4,3590
15.01.2026 14:35:51	70,850	-0,265	-2,6541	0,418	4,1791
15.01.2026 14:35:51	70,900	-0,271	-2,7144	0,397	3,9666
15.01.2026 14:35:51	70,950	-0,279	-2,7892	0,372	3,7197
15.01.2026 14:35:52	71,000	-0,287	-2,8659	0,344	3,4416
15.01.2026 14:35:52	71,050	-0,298	-2,9820	0,312	3,1196
15.01.2026 14:35:52	71,100	-0,314	-3,1427	0,276	2,7595
15.01.2026 14:35:52	71,150	-0,334	-3,3382	0,237	2,3686
15.01.2026 14:35:52	71,200	-0,365	-3,6477	0,193	1,9329
15.01.2026 14:35:52	71,250	-0,419	-4,1867	0,148	1,4795
15.01.2026 14:35:52	71,300	-0,496	-4,9574	0,104	1,0351
15.01.2026 14:35:52	71,350	-0,592	-5,9163	0,064	0,6354
15.01.2026 14:35:52	71,400	-0,695	-6,9463	0,032	0,3226
15.01.2026 14:35:52	71,450	-0,774	-7,7397	0,013	0,1332
15.01.2026 14:35:52	71,500	-0,798	-7,9803	0,006	0,0620
15.01.2026 14:35:52	71,550	-0,751	-7,5148	0,007	0,0653
15.01.2026 14:35:52	71,600	-0,687	-6,8679	0,009	0,0866
15.01.2026 14:35:52	71,650	-0,649	-6,4861	0,010	0,1019
15.01.2026 14:35:52	71,700	-0,638	-6,3797	0,011	0,1072
15.01.2026 14:35:52	71,750	-0,640	-6,4032	0,011	0,1070
15.01.2026 14:35:52	71,800	-0,653	-6,5277	0,010	0,1049
15.01.2026 14:35:52	71,850	-0,671	-6,7082	0,010	0,0996
15.01.2026 14:35:52	71,900	-0,684	-6,8444	0,010	0,0983
15.01.2026 14:35:52	71,950	-0,692	-6,9227	0,009	0,0942
15.01.2026 14:35:53	72,000	-0,703	-7,0251	0,009	0,0914
15.01.2026 14:35:53	72,050	-0,715	-7,1478	0,009	0,0879
15.01.2026 14:35:53	72,100	-0,725	-7,2509	0,008	0,0840
15.01.2026 14:35:53	72,150	-0,736	-7,3628	0,008	0,0817
15.01.2026 14:35:53	72,200	-0,749	-7,4907	0,008	0,0785
15.01.2026 14:35:53	72,250	-0,760	-7,5992	0,007	0,0732
15.01.2026 14:35:53	72,300	-0,774	-7,7405	0,007	0,0706
15.01.2026 14:35:53	72,350	-0,788	-7,8825	0,006	0,0630
15.01.2026 14:35:53	72,400	-0,800	-8,0045	0,005	0,0540
15.01.2026 14:35:53	72,450	-0,812	-8,1168	0,004	0,0393
15.01.2026 14:35:53	72,500	-0,825	-8,2523	0,002	0,0223
15.01.2026 14:35:53	72,550	-0,841	-8,4118	-1,797E-4	-0,0018
15.01.2026 14:35:53	72,600	-0,858	-8,5782	-0,002	-0,0245
15.01.2026 14:35:53	72,650	-0,877	-8,7747	-0,006	-0,0586
15.01.2026 14:35:53	72,700	-0,901	-9,0059	-0,009	-0,0923
15.01.2026 14:35:53	72,750	-0,924	-9,2399	-0,013	-0,1265
15.01.2026 14:35:53	72,800	-0,945	-9,4515	-0,016	-0,1572
15.01.2026 14:35:53	72,850	-0,964	-9,6447	-0,018	-0,1842
15.01.2026 14:35:53	72,900	-0,982	-9,8225	-0,021	-0,2067
15.01.2026 14:35:53	72,950	-0,997	-9,9738	-0,023	-0,2293
15.01.2026 14:35:54	73,000	-1,013	-10,1320	-0,025	-0,2480
15.01.2026 14:35:54	73,050	-1,028	-10,2818	-0,027	-0,2697
15.01.2026 14:35:54	73,100	-1,042	-10,4242	-0,028	-0,2847
15.01.2026 14:35:54	73,150	-1,058	-10,5814	-0,031	-0,3052
15.01.2026 14:35:54	73,200	-1,076	-10,7573	-0,032	-0,3229
15.01.2026 14:35:54	73,250	-1,093	-10,9268	-0,034	-0,3448
15.01.2026 14:35:54	73,300	-1,110	-11,0969	-0,036	-0,3629
15.01.2026 14:35:54	73,350	-1,128	-11,2835	-0,038	-0,3840
15.01.2026 14:35:54	73,400	-1,152	-11,5172	-0,041	-0,4063
15.01.2026 14:35:54	73,450	-1,178	-11,7812	-0,044	-0,4366
15.01.2026 14:35:54	73,500	-1,204	-12,0410	-0,046	-0,4616
15.01.2026 14:35:54	73,550	-1,226	-12,2628	-0,048	-0,4840
15.01.2026 14:35:54	73,600	-1,242	-12,4235	-0,050	-0,5004
15.01.2026 14:35:54	73,650	-1,255	-12,5550	-0,051	-0,5137
15.01.2026 14:35:54	73,700	-1,268	-12,6793	-0,053	-0,5254
15.01.2026 14:35:54	73,750	-1,280	-12,8007	-0,054	-0,5390
15.01.2026 14:35:54	73,800	-1,293	-12,9324	-0,055	-0,5499
15.01.2026 14:35:54	73,850	-1,303	-13,0347	-0,056	-0,5593
15.01.2026 14:35:54	73,900	-1,314	-13,1416	-0,057	-0,5690
15.01.2026 14:35:54	73,950	-1,325	-13,2487	-0,058	-0,5817
15.01.2026 14:35:55	74,000	-1,337	-13,3729	-0,059	-0,5871
15.01.2026 14:35:55	74,050	-1,352	-13,5244	-0,060	-0,6042
15.01.2026 14:35:55	74,100	-1,368	-13,6841	-0,061	-0,6139
15.01.2026 14:35:55	74,150	-1,386	-13,8559	-0,063	-0,6317
15.01.2026 14:35:55	74,200	-1,402	-14,0217	-0,065	-0,6451
15.01.2026 14:35:55	74,250	-1,413	-14,1285	-0,066	-0,6574
15.01.2026 14:35:55	74,300	-1,418	-14,1798	-0,066	-0,6613
15.01.2026 14:35:55	74,350	-1,418	-14,1840	-0,067	-0,6661
15.01.2026 14:35:55	74,400	-1,417	-14,1748	-0,066	-0,6647
15.01.2026 14:35:55	74,450	-1,416	-14,1581	-0,067	-0,6673
15.01.2026 14:35:55	74,500	-1,415	-14,1500	-0,066	-0,6639
15.01.2026 14:35:55	74,550	-1,414	-14,1424	-0,067	-0,6655
15.01.2026 14:35:55	74,600	-1,414	-14,1415	-0,066	-0,6623
15.01.2026 14:35:55	74,650	-1,414	-14,1401	-0,067	-0,6657
15.01.2026 14:35:55	74,700	-1,414	-14,1426	-0,066	-0,6639
15.01.2026 14:35:55	74,750	-1,414	-14,1394	-0,066	-0,6642
15.01.2026 14:35:55	74,800	-1,414	-14,1388	-0,066	-0,6602
15.01.2026 14:35:55	74,850	-1,414	-14,1406	-0,067	-0,6659
15.01.2026 14:35:55	74,900	-1,414	-14,1431	-0,066	-0,6628
15.01.2026 14:35:55	74,950	-1,414	-14,1375	-0,066	-0,6623
15.01.2026 14:35:56	75,000	-1,414	-14,1420	-0,066	-0,6614
15.01.2026 14:35:56	75,050	-1,414	-14,1403	-0,067	-0,6650
15.01.2026 14:35:56	75,100	-1,414	-14,1434	-0,066	-0,6631
15.01.2026 14:35:56	75,150	-1,414	-14,1382	-0,066	-0,6630
15.01.2026 14:35:56	75,200	-1,414	-14,1428	-0,066	-0,6637
15.01.2026 14:35:56	75,250	-1,414	-14,1408	-0,067	-0,6658
15.01.2026 14:35:56	75,300	-1,415	-14,1523	-0,066	-0,6621
15.01.2026 14:35:56	75,350	-1,421	-14,2069	-0,066	-0,6639
15.01.2026 14:35:56	75,400	-1,429	-14,2887	-0,067	-0,6661
15.01.2026 14:35:56	75,450	-1,441	-14,4116	-0,067	-0,6739
15.01.2026 14:35:56	75,500	-1,462	-14,6200	-0,069	-0,6892
15.01.2026 14:35:56	75,550	-1,484	-14,8358	-0,071	-0,7110
15.01.2026 14:35:56	75,600	-1,501	-15,0056	-0,072	-0,7203
15.01.2026 14:35:56	75,650	-1,516	-15,1579	-0,074	-0,7363
15.01.2026 14:35:56	75,700	-1,530	-15,3020	-0,074	-0,7441
15.01.2026 14:35:56	75,750	-1,541	-15,4116	-0,076	-0,7573
15.01.2026 14:35:56	75,800	-1,550	-15,4981	-0,076	-0,7585
15.01.2026 14:35:56	75,850	-1,556	-15,5627	-0,077	-0,7704
15.01.2026 14:35:56	75,900	-1,563	-15,6336	-0,077	-0,7678
15.01.2026 14:35:56	75,950	-1,569	-15,6948	-0,078	-0,7777
15.01.2026 14:35:57	76,000	-1,574	-15,7372	-0,078	-0,7784
15.01.2026 14:35:57	76,050	-1,579	-15,7857	-0,078	-0,7832
15.01.2026 14:35:57	76,100	-1,585	-15,8481	-0,078	-0,7848
15.01.2026 14:35:57	76,150	-1,589	-15,8888	-0,079	-0,7915
15.01.2026 14:35:57	76,200	-1,592	-15,9182	-0,079	-0,7923
15.01.2026 14:35:57	76,250	-1,593	-15,9292	-0,080	-0,7979
15.01.2026 14:35:57	76,300	-1,593	-15,9331	-0,079	-0,7934
15.01.2026 14:35:57	76,350	-1,596	-15,9577	-0,080	-0,7992
15.01.2026 14:35:57	76,400	-1,601	-16,0120	-0,080	-0,7982
15.01.2026 14:35:57	76,450	-1,605	-16,0518	-0,080	-0,8049
15.01.2026 14:35:57	76,500	-1,608	-16,0805	-0,080	-0,8025
15.01.2026 14:35:57	76,550	-1,611	-16,1119	-0,081	-0,8096
15.01.2026 14:35:57	76,600	-1,618	-16,1776	-0,081	-0,8093
15.01.2026 14:35:57	76,650	-1,626	-16,2614	-0,082	-0,8210
15.01.2026 14:35:57	76,700	-1,638	-16,3811	-0,082	-0,8202
15.01.2026 14:35:57	76,750	-1,651	-16,5061	-0,083	-0,8330
15.01.2026 14:35:57	76,800	-1,659	-16,5899	-0,083	-0,8327
15.01.2026 14:35:57	76,850	-1,663	-16,6336	-0,085	-0,8463
15.01.2026 14:35:57	76,900	-1,667	-16,6746	-0,084	-0,8437
15.01.2026 14:35:57	76,950	-1,673	-16,7308	-0,085	-0,8520
15.01.2026 14:35:58	77,000	-1,677	-16,7721	-0,085	-0,8493
15.01.2026 14:35:58	77,050	-1,680	-16,8011	-0,086	-0,8586
15.01.2026 14:35:58	77,100	-1,686	-16,8616	-0,085	-0,8545
15.01.2026 14:35:58	77,150	-1,693	-16,9290	-0,087	-0,8660
15.01.2026 14:35:58	77,200	-1,702	-17,0244	-0,087	-0,8665
15.01.2026 14:35:58	77,250	-1,714	-17,1426	-0,088	-0,8773
15.01.2026 14:35:58	77,300	-1,725	-17,2510	-0,088	-0,8787
15.01.2026 14:35:58	77,350	-1,735	-17,3505	-0,089	-0,8914
15.01.2026 14:35:58	77,400	-1,744	-17,4422	-0,089	-0,8912
15.01.2026 14:35:58	77,450	-1,751	-17,5067	-0,090	-0,9022
15.01.2026 14:35:58	77,500	-1,760	-17,6002	-0,090	-0,9030
15.01.2026 14:35:58	77,550	-1,772	-17,7231	-0,091	-0,9147
15.01.2026 14:35:58	77,600	-1,783	-17,8287	-0,092	-0,9166
15.01.2026 14:35:58	77,650	-1,796	-17,9591	-0,093	-0,9302
15.01.2026 14:35:58	77,700	-1,814	-18,1365	-0,094	-0,9366
15.01.2026 14:35:58	77,750	-1,829	-18,2879	-0,095	-0,9508
15.01.2026 14:35:58	77,800	-1,837	-18,3740	-0,095	-0,9487
15.01.2026 14:35:58	77,850	-1,841	-18,4065	-0,096	-0,9592
15.01.2026 14:35:58	77,900	-1,841	-18,4136	-0,095	-0,9547
15.01.2026 14:35:58	77,950	-1,841	-18,4133	-0,096	-0,9648
15.01.2026 14:35:59	78,000	-1,841	-18,4072	-0,096	-0,9568
15.01.2026 14:35:59	78,050	-1,840	-18,3999	-0,096	-0,9597
15.01.2026 14:35:59	78,100	-1,840	-18,3955	-0,095	-0,9521
15.01.2026 14:35:59	78,150	-1,840	-18,3974	-0,096	-0,9617
15.01.2026 14:35:59	78,200	-1,839	-18,3946	-0,095	-0,9532
15.01.2026 14:35:59	78,250	-1,840	-18,3966	-0,096	-0,9630
15.01.2026 14:35:59	78,300	-1,840	-18,3982	-0,096	-0,9566
15.01.2026 14:35:59	78,350	-1,839	-18,3945	-0,096	-0,9606
15.01.2026 14:35:59	78,400	-1,840	-18,3966	-0,096	-0,9557
15.01.2026 14:35:59	78,450	-1,840	-18,3959	-0,096	-0,9610
15.01.2026 14:35:59	78,500	-1,839	-18,3940	-0,095	-0,9533
15.01.2026 14:35:59	78,550	-1,840	-18,3953	-0,096	-0,9614
15.01.2026 14:35:59	78,600	-1,839	-18,3907	-0,095	-0,9534
15.01.2026 14:35:59	78,650	-1,833	-18,3260	-0,096	-0,9583
15.01.2026 14:35:59	78,700	-1,826	-18,2633	-0,095	-0,9506
15.01.2026 14:35:59	78,750	-1,823	-18,2341	-0,096	-0,9561
15.01.2026 14:35:59	78,800	-1,822	-18,2232	-0,095	-0,9511
15.01.2026 14:35:59	78,850	-1,822	-18,2185	-0,096	-0,9574
15.01.2026 14:35:59	78,900	-1,822	-18,2191	-0,096	-0,9550
15.01.2026 14:35:59	78,950	-1,822	-18,2160	-0,096	-0,9593
15.01.2026 14:36:00	79,000	-1,822	-18,2175	-0,095	-0,9517
15.01.2026 14:36:00	79,050	-1,829	-18,2893	-0,096	-0,9611
15.01.2026 14:36:00	79,100	-1,843	-18,4258	-0,096	-0,9556
15.01.2026 14:36:00	79,150	-1,849	-18,4924	-0,096	-0,9634
15.01.2026 14:36:00	79,200	-1,855	-18,5508	-0,096	-0,9607
15.01.2026 14:36:00	79,250	-1,870	-18,6993	-0,097	-0,9721
15.01.2026 14:36:00	79,300	-1,898	-18,9845	-0,098	-0,9806
15.01.2026 14:36:00	79,350	-1,936	-19,3635	-0,101	-1,0101
15.01.2026 14:36:00	79,400	-1,972	-19,7156	-0,102	-1,0248
15.01.2026 14:36:00	79,450	-1,993	-19,9295	-0,104	-1,0433
15.01.2026 14:36:00	79,500	-2,001	-20,0128	-0,104	-1,0448
15.01.2026 14:36:00	79,550	-2,002	-20,0231	-0,105	-1,0540
15.01.2026 14:36:00	79,600	-2,002	-20,0191	-0,105	-1,0477
15.01.2026 14:36:00	79,650	-2,003	-20,0281	-0,106	-1,0558
15.01.2026 14:36:00	79,700	-2,003	-20,0319	-0,105	-1,0476
15.01.2026 14:36:00	79,750	-2,006	-20,0641	-0,106	-1,0556
15.01.2026 14:36:00	79,800	-2,012	-20,1185	-0,105	-1,0505
15.01.2026 14:36:00	79,850	-2,022	-20,2172	-0,106	-1,0622
15.01.2026 14:36:00	79,900	-2,038	-20,3814	-0,106	-1,0620
15.01.2026 14:36:00	79,950	-2,055	-20,5492	-0,108	-1,0807
15.01.2026 14:36:01	80,000	-2,065	-20,6511	-0,108	-1,0791
15.01.2026 14:36:01	80,050	-2,069	-20,6937	-0,109	-1,0893
15.01.2026 14:36:01	80,100	-2,070	-20,7043	-0,108	-1,0836
15.01.2026 14:36:01	80,150	-2,074	-20,7429	-0,109	-1,0921
15.01.2026 14:36:01	80,200	-2,082	-20,8186	-0,109	-1,0881
15.01.2026 14:36:01	80,250	-2,092	-20,9184	-0,110	-1,0988
15.01.2026 14:36:01	80,300	-2,100	-20,9980	-0,110	-1,0969
15.01.2026 14:36:01	80,350	-2,104	-21,0400	-0,111	-1,1066
15.01.2026 14:36:01	80,400	-2,107	-21,0686	-0,110	-1,1028
15.01.2026 14:36:01	80,450	-2,116	-21,1621	-0,111	-1,1115
15.01.2026 14:36:01	80,500	-2,128	-21,2813	-0,111	-1,1127
15.01.2026 14:36:01	80,550	-2,136	-21,3613	-0,112	-1,1219
15.01.2026 14:36:01	80,600	-2,146	-21,4561	-0,112	-1,1217
15.01.2026 14:36:01	80,650	-2,153	-21,5269	-0,113	-1,1309
15.01.2026 14:36:01	80,700	-2,158	-21,5775	-0,113	-1,1266
15.01.2026 14:36:01	80,750	-2,167	-21,6710	-0,114	-1,1397
15.01.2026 14:36:01	80,800	-2,179	-21,7899	-0,114	-1,1364
15.01.2026 14:36:01	80,850	-2,188	-21,8764	-0,115	-1,1453
15.01.2026 14:36:01	80,900	-2,192	-21,9238	-0,114	-1,1437
15.01.2026 14:36:01	80,950	-2,194	-21,9429	-0,115	-1,1543
15.01.2026 14:36:02	81,000	-2,194	-21,9415	-0,115	-1,1457
15.01.2026 14:36:02	81,050	-2,196	-21,9558	-0,115	-1,1546
15.01.2026 14:36:02	81,100	-2,202	-22,0179	-0,115	-1,1512
15.01.2026 14:36:02	81,150	-2,210	-22,0965	-0,116	-1,1561
15.01.2026 14:36:02	81,200	-2,220	-22,1972	-0,116	-1,1558
15.01.2026 14:36:02	81,250	-2,226	-22,2644	-0,117	-1,1667
15.01.2026 14:36:02	81,300	-2,232	-22,3197	-0,117	-1,1652
15.01.2026 14:36:02	81,350	-2,240	-22,3963	-0,117	-1,1730
15.01.2026 14:36:02	81,400	-2,250	-22,5004	-0,117	-1,1715
15.01.2026 14:36:02	81,450	-2,259	-22,5876	-0,118	-1,1845
15.01.2026 14:36:02	81,500	-2,263	-22,6349	-0,118	-1,1808
15.01.2026 14:36:02	81,550	-2,265	-22,6539	-0,119	-1,1888
15.01.2026 14:36:02	81,600	-2,266	-22,6596	-0,118	-1,1799
15.01.2026 14:36:02	81,650	-2,272	-22,7248	-0,119	-1,1892
15.01.2026 14:36:02	81,700	-2,287	-22,8746	-0,119	-1,1902
15.01.2026 14:36:02	81,750	-2,304	-23,0368	-0,120	-1,2040
15.01.2026 14:36:02	81,800	-2,318	-23,1771	-0,120	-1,2004
15.01.2026 14:36:02	81,850	-2,334	-23,3367	-0,122	-1,2165
15.01.2026 14:36:02	81,900	-2,350	-23,4962	-0,122	-1,2160
15.01.2026 14:36:02	81,950	-2,363	-23,6288	-0,123	-1,2288
15.01.2026 14:36:03	82,000	-2,370	-23,6985	-0,123	-1,2273
15.01.2026 14:36:03	82,050	-2,372	-23,7216	-0,124	-1,2354
15.01.2026 14:36:03	82,100	-2,372	-23,7240	-0,123	-1,2315
15.01.2026 14:36:03	82,150	-2,372	-23,7189	-0,124	-1,2370
15.01.2026 14:36:03	82,200	-2,373	-23,7291	-0,123	-1,2342
15.01.2026 14:36:03	82,250	-2,379	-23,7900	-0,124	-1,2378
15.01.2026 14:36:03	82,300	-2,386	-23,8646	-0,124	-1,2356
15.01.2026 14:36:03	82,350	-2,397	-23,9709	-0,125	-1,2473
15.01.2026 14:36:03	82,400	-2,410	-24,0963	-0,125	-1,2460
15.01.2026 14:36:03	82,450	-2,425	-24,2453	-0,126	-1,2583
15.01.2026 14:36:03	82,500	-2,446	-24,4562	-0,126	-1,2600
15.01.2026 14:36:03	82,550	-2,471	-24,7099	-0,128	-1,2768
15.01.2026 14:36:03	82,600	-2,488	-24,8828	-0,128	-1,2786
15.01.2026 14:36:03	82,650	-2,501	-25,0091	-0,129	-1,2891
15.01.2026 14:36:03	82,700	-2,510	-25,0985	-0,129	-1,2890
15.01.2026 14:36:03	82,750	-2,520	-25,2038	-0,130	-1,2985
15.01.2026 14:36:03	82,800	-2,534	-25,3400	-0,130	-1,2976
15.01.2026 14:36:03	82,850	-2,544	-25,4351	-0,131	-1,3073
15.01.2026 14:36:03	82,900	-2,548	-25,4837	-0,131	-1,3065
15.01.2026 14:36:03	82,950	-2,550	-25,5033	-0,131	-1,3140
15.01.2026 14:36:04	83,000	-2,556	-25,5629	-0,131	-1,3103
15.01.2026 14:36:04	83,050	-2,566	-25,6577	-0,132	-1,3188
15.01.2026 14:36:04	83,100	-2,575	-25,7542	-0,132	-1,3157
15.01.2026 14:36:04	83,150	-2,581	-25,8097	-0,132	-1,3231
15.01.2026 14:36:04	83,200	-2,585	-25,8452	-0,132	-1,3194
15.01.2026 14:36:04	83,250	-2,596	-25,9579	-0,133	-1,3306
15.01.2026 14:36:04	83,300	-2,618	-26,1787	-0,133	-1,3313
15.01.2026 14:36:04	83,350	-2,645	-26,4502	-0,135	-1,3487
15.01.2026 14:36:04	83,400	-2,663	-26,6296	-0,135	-1,3495
15.01.2026 14:36:04	83,450	-2,672	-26,7217	-0,136	-1,3639
15.01.2026 14:36:04	83,500	-2,681	-26,8142	-0,136	-1,3570
15.01.2026 14:36:04	83,550	-2,694	-26,9428	-0,137	-1,3699
15.01.2026 14:36:04	83,600	-2,703	-27,0322	-0,137	-1,3696
15.01.2026 14:36:04	83,650	-2,707	-27,0710	-0,137	-1,3750
15.01.2026 14:36:04	83,700	-2,709	-27,0908	-0,137	-1,3724
15.01.2026 14:36:04	83,750	-2,714	-27,1422	-0,138	-1,3785
15.01.2026 14:36:04	83,800	-2,720	-27,2049	-0,138	-1,3752
15.01.2026 14:36:04	83,850	-2,725	-27,2541	-0,138	-1,3810
15.01.2026 14:36:04	83,900	-2,734	-27,3381	-0,138	-1,3808
15.01.2026 14:36:04	83,950	-2,740	-27,4016	-0,139	-1,3908
15.01.2026 14:36:05	84,000	-2,744	-27,4406	-0,139	-1,3855
15.01.2026 14:36:05	84,050	-2,752	-27,5194	-0,139	-1,3913
15.01.2026 14:36:05	84,100	-2,764	-27,6445	-0,139	-1,3913
15.01.2026 14:36:05	84,150	-2,776	-27,7636	-0,140	-1,3970
15.01.2026 14:36:05	84,200	-2,788	-27,8819	-0,140	-1,3993
15.01.2026 14:36:05	84,250	-2,798	-27,9790	-0,141	-1,4067
15.01.2026 14:36:05	84,300	-2,813	-28,1326	-0,141	-1,4066
15.01.2026 14:36:05	84,350	-2,825	-28,2541	-0,142	-1,4185
15.01.2026 14:36:05	84,400	-2,831	-28,3119	-0,142	-1,4151
15.01.2026 14:36:05	84,450	-2,833	-28,3341	-0,142	-1,4211
15.01.2026 14:36:05	84,500	-2,834	-28,3382	-0,142	-1,4168
15.01.2026 14:36:05	84,550	-2,834	-28,3371	-0,142	-1,4203
15.01.2026 14:36:05	84,600	-2,834	-28,3359	-0,142	-1,4167
15.01.2026 14:36:05	84,650	-2,834	-28,3366	-0,142	-1,4233
15.01.2026 14:36:05	84,700	-2,834	-28,3359	-0,142	-1,4178
15.01.2026 14:36:05	84,750	-2,834	-28,3365	-0,142	-1,4221
15.01.2026 14:36:05	84,800	-2,834	-28,3370	-0,142	-1,4184
15.01.2026 14:36:05	84,850	-2,834	-28,3368	-0,142	-1,4222
15.01.2026 14:36:05	84,900	-2,833	-28,3347	-0,142	-1,4167
15.01.2026 14:36:05	84,950	-2,834	-28,3368	-0,142	-1,4220
15.01.2026 14:36:06	85,000	-2,833	-28,3343	-0,141	-1,4148
15.01.2026 14:36:06	85,050	-2,835	-28,3530	-0,142	-1,4230
15.01.2026 14:36:06	85,100	-2,850	-28,5015	-0,142	-1,4198
15.01.2026 14:36:06	85,150	-2,875	-28,7506	-0,143	-1,4340
15.01.2026 14:36:06	85,200	-2,898	-28,9813	-0,144	-1,4378
15.01.2026 14:36:06	85,250	-2,923	-29,2308	-0,145	-1,4507
15.01.2026 14:36:06	85,300	-2,953	-29,5259	-0,146	-1,4560
15.01.2026 14:36:06	85,350	-2,978	-29,7761	-0,147	-1,4690
15.01.2026 14:36:06	85,400	-2,992	-29,9186	-0,147	-1,4719
15.01.2026 14:36:06	85,450	-3,006	-30,0578	-0,148	-1,4810
15.01.2026 14:36:06	85,500	-3,019	-30,1935	-0,148	-1,4799
15.01.2026 14:36:06	85,550	-3,031	-30,3070	-0,149	-1,4891
15.01.2026 14:36:06	85,600	-3,041	-30,4089	-0,149	-1,4919
15.01.2026 14:36:06	85,650	-3,046	-30,4573	-0,149	-1,4938
15.01.2026 14:36:06	85,700	-3,048	-30,4793	-0,149	-1,4929
15.01.2026 14:36:06	85,750	-3,049	-30,4908	-0,150	-1,5000
15.01.2026 14:36:06	85,800	-3,050	-30,4997	-0,150	-1,4952
15.01.2026 14:36:06	85,850	-3,057	-30,5698	-0,150	-1,4990
15.01.2026 14:36:06	85,900	-3,068	-30,6755	-0,150	-1,4986
15.01.2026 14:36:06	85,950	-3,082	-30,8228	-0,150	-1,5047
15.01.2026 14:36:07	86,000	-3,099	-30,9899	-0,151	-1,5054
15.01.2026 14:36:07	86,050	-3,117	-31,1724	-0,152	-1,5157
15.01.2026 14:36:07	86,100	-3,130	-31,3010	-0,152	-1,5187
15.01.2026 14:36:07	86,150	-3,138	-31,3805	-0,152	-1,5234
15.01.2026 14:36:07	86,200	-3,153	-31,5273	-0,153	-1,5261
15.01.2026 14:36:07	86,250	-3,171	-31,7131	-0,153	-1,5305
15.01.2026 14:36:07	86,300	-3,184	-31,8407	-0,154	-1,5367
15.01.2026 14:36:07	86,350	-3,189	-31,8946	-0,154	-1,5388
15.01.2026 14:36:07	86,400	-3,192	-31,9229	-0,154	-1,5357
15.01.2026 14:36:07	86,450	-3,195	-31,9505	-0,154	-1,5432
15.01.2026 14:36:07	86,500	-3,200	-31,9960	-0,154	-1,5392
15.01.2026 14:36:07	86,550	-3,205	-32,0507	-0,154	-1,5437
15.01.2026 14:36:07	86,600	-3,209	-32,0864	-0,154	-1,5434
15.01.2026 14:36:07	86,650	-3,221	-32,2116	-0,155	-1,5490
15.01.2026 14:36:07	86,700	-3,241	-32,4141	-0,155	-1,5532
15.01.2026 14:36:07	86,750	-3,255	-32,5485	-0,156	-1,5603
15.01.2026 14:36:07	86,800	-3,261	-32,6099	-0,156	-1,5594
15.01.2026 14:36:07	86,850	-3,263	-32,6350	-0,156	-1,5646
15.01.2026 14:36:07	86,900	-3,264	-32,6377	-0,156	-1,5599
15.01.2026 14:36:07	86,950	-3,266	-32,6573	-0,156	-1,5618
15.01.2026 14:36:08	87,000	-3,274	-32,7436	-0,156	-1,5588
15.01.2026 14:36:08	87,050	-3,287	-32,8703	-0,157	-1,5705
15.01.2026 14:36:08	87,100	-3,295	-32,9537	-0,157	-1,5683
15.01.2026 14:36:08	87,150	-3,306	-33,0636	-0,157	-1,5733
15.01.2026 14:36:08	87,200	-3,320	-33,1963	-0,158	-1,5759
15.01.2026 14:36:08	87,250	-3,332	-33,3239	-0,158	-1,5810
15.01.2026 14:36:08	87,300	-3,350	-33,4976	-0,158	-1,5813
15.01.2026 14:36:08	87,350	-3,363	-33,6285	-0,159	-1,5895
15.01.2026 14:36:08	87,400	-3,370	-33,6991	-0,159	-1,5905
15.01.2026 14:36:08	87,450	-3,378	-33,7835	-0,159	-1,5940
15.01.2026 14:36:08	87,500	-3,385	-33,8462	-0,160	-1,5961
15.01.2026 14:36:08	87,550	-3,391	-33,9073	-0,160	-1,6010
15.01.2026 14:36:08	87,600	-3,399	-33,9866	-0,160	-1,6009
15.01.2026 14:36:08	87,650	-3,404	-34,0374	-0,160	-1,6039
15.01.2026 14:36:08	87,700	-3,406	-34,0647	-0,160	-1,6028
15.01.2026 14:36:08	87,750	-3,414	-34,1427	-0,160	-1,6049
15.01.2026 14:36:08	87,800	-3,427	-34,2716	-0,161	-1,6050
15.01.2026 14:36:08	87,850	-3,441	-34,4078	-0,161	-1,6136
15.01.2026 14:36:08	87,900	-3,447	-34,4679	-0,161	-1,6127
15.01.2026 14:36:08	87,950	-3,450	-34,5009	-0,161	-1,6146
15.01.2026 14:36:09	88,000	-3,455	-34,5497	-0,162	-1,6151
15.01.2026 14:36:09	88,050	-3,458	-34,5791	-0,162	-1,6182
15.01.2026 14:36:09	88,100	-3,464	-34,6381	-0,162	-1,6174
15.01.2026 14:36:09	88,150	-3,478	-34,7788	-0,162	-1,6227
15.01.2026 14:36:09	88,200	-3,488	-34,8762	-0,163	-1,6265
15.01.2026 14:36:09	88,250	-3,492	-34,9233	-0,163	-1,6273
15.01.2026 14:36:09	88,300	-3,494	-34,9407	-0,163	-1,6283
15.01.2026 14:36:09	88,350	-3,495	-34,9494	-0,163	-1,6304
15.01.2026 14:36:09	88,400	-3,495	-34,9460	-0,163	-1,6266
15.01.2026 14:36:09	88,450	-3,495	-34,9469	-0,163	-1,6276
15.01.2026 14:36:09	88,500	-3,495	-34,9463	-0,163	-1,6261
15.01.2026 14:36:09	88,550	-3,495	-34,9481	-0,163	-1,6280
15.01.2026 14:36:09	88,600	-3,495	-34,9472	-0,163	-1,6281
15.01.2026 14:36:09	88,650	-3,495	-34,9479	-0,163	-1,6252
15.01.2026 14:36:09	88,700	-3,502	-35,0163	-0,163	-1,6263
15.01.2026 14:36:09	88,750	-3,519	-35,1939	-0,163	-1,6339
15.01.2026 14:36:09	88,800	-3,541	-35,4117	-0,164	-1,6366
15.01.2026 14:36:09	88,850	-3,563	-35,6304	-0,165	-1,6466
15.01.2026 14:36:09	88,900	-3,580	-35,7997	-0,165	-1,6463
15.01.2026 14:36:09	88,950	-3,601	-36,0145	-0,165	-1,6535
15.01.2026 14:36:10	89,000	-3,621	-36,2112	-0,166	-1,6589
15.01.2026 14:36:10	89,050	-3,635	-36,3495	-0,167	-1,6667
15.01.2026 14:36:10	89,100	-3,647	-36,4656	-0,167	-1,6677
15.01.2026 14:36:10	89,150	-3,653	-36,5313	-0,167	-1,6703
15.01.2026 14:36:10	89,200	-3,657	-36,5663	-0,167	-1,6693
15.01.2026 14:36:10	89,250	-3,665	-36,6485	-0,167	-1,6706
15.01.2026 14:36:10	89,300	-3,672	-36,7163	-0,167	-1,6742
15.01.2026 14:36:10	89,350	-3,681	-36,8064	-0,167	-1,6708
15.01.2026 14:36:10	89,400	-3,691	-36,9113	-0,168	-1,6754
15.01.2026 14:36:10	89,450	-3,708	-37,0785	-0,168	-1,6829
15.01.2026 14:36:10	89,500	-3,731	-37,3057	-0,169	-1,6866
15.01.2026 14:36:10	89,550	-3,753	-37,5301	-0,169	-1,6905
15.01.2026 14:36:10	89,600	-3,770	-37,6993	-0,170	-1,6959
15.01.2026 14:36:10	89,650	-3,780	-37,7953	-0,170	-1,6972
15.01.2026 14:36:10	89,700	-3,790	-37,9009	-0,170	-1,6984
15.01.2026 14:36:10	89,750	-3,805	-38,0467	-0,171	-1,7059
15.01.2026 14:36:10	89,800	-3,825	-38,2534	-0,171	-1,7071
15.01.2026 14:36:10	89,850	-3,849	-38,4933	-0,171	-1,7144
15.01.2026 14:36:10	89,900	-3,864	-38,6394	-0,172	-1,7198
15.01.2026 14:36:10	89,950	-3,871	-38,7082	-0,172	-1,7203
15.01.2026 14:36:11	90,000	-3,873	-38,7299	-0,172	-1,7217
15.01.2026 14:36:11	90,050	-3,876	-38,7557	-0,172	-1,7229
15.01.2026 14:36:11	90,100	-3,883	-38,8332	-0,173	-1,7256
15.01.2026 14:36:11	90,150	-3,896	-38,9582	-0,172	-1,7240
15.01.2026 14:36:11	90,200	-3,905	-39,0511	-0,173	-1,7285
15.01.2026 14:36:11	90,250	-3,910	-39,1023	-0,173	-1,7281
15.01.2026 14:36:11	90,300	-3,912	-39,1245	-0,173	-1,7317
15.01.2026 14:36:11	90,350	-3,917	-39,1721	-0,173	-1,7320
15.01.2026 14:36:11	90,400	-3,922	-39,2188	-0,174	-1,7352
15.01.2026 14:36:11	90,450	-3,928	-39,2767	-0,173	-1,7325
15.01.2026 14:36:11	90,500	-3,941	-39,4108	-0,174	-1,7377
15.01.2026 14:36:11	90,550	-3,952	-39,5227	-0,174	-1,7384
15.01.2026 14:36:11	90,600	-3,957	-39,5725	-0,174	-1,7393
15.01.2026 14:36:11	90,650	-3,964	-39,6423	-0,174	-1,7410
15.01.2026 14:36:11	90,700	-3,979	-39,7877	-0,175	-1,7450
15.01.2026 14:36:11	90,750	-3,989	-39,8937	-0,175	-1,7473
15.01.2026 14:36:11	90,800	-3,994	-39,9373	-0,175	-1,7484
15.01.2026 14:36:11	90,850	-3,996	-39,9621	-0,175	-1,7487
15.01.2026 14:36:11	90,900	-3,998	-39,9760	-0,175	-1,7505
15.01.2026 14:36:11	90,950	-4,001	-40,0133	-0,175	-1,7511
15.01.2026 14:36:12	91,000	-4,013	-40,1342	-0,175	-1,7536
15.01.2026 14:36:12	91,050	-4,025	-40,2520	-0,176	-1,7555
15.01.2026 14:36:12	91,100	-4,031	-40,3145	-0,176	-1,7578
15.01.2026 14:36:12	91,150	-4,035	-40,3489	-0,176	-1,7580
15.01.2026 14:36:12	91,200	-4,035	-40,3475	-0,176	-1,7567
15.01.2026 14:36:12	91,250	-4,035	-40,3519	-0,176	-1,7581
15.01.2026 14:36:12	91,300	-4,035	-40,3478	-0,176	-1,7614
15.01.2026 14:36:12	91,350	-4,035	-40,3499	-0,176	-1,7593
15.01.2026 14:36:12	91,400	-4,034	-40,3438	-0,176	-1,7591
15.01.2026 14:36:12	91,450	-4,035	-40,3490	-0,176	-1,7589
15.01.2026 14:36:12	91,500	-4,034	-40,3445	-0,176	-1,7604
15.01.2026 14:36:12	91,550	-4,036	-40,3553	-0,176	-1,7585
15.01.2026 14:36:12	91,600	-4,044	-40,4357	-0,176	-1,7599
15.01.2026 14:36:12	91,650	-4,071	-40,7079	-0,176	-1,7616
15.01.2026 14:36:12	91,700	-4,105	-41,0475	-0,177	-1,7733
15.01.2026 14:36:12	91,750	-4,126	-41,2628	-0,178	-1,7765
15.01.2026 14:36:12	91,800	-4,135	-41,3487	-0,178	-1,7765
15.01.2026 14:36:12	91,850	-4,139	-41,3895	-0,178	-1,7754
15.01.2026 14:36:12	91,900	-4,140	-41,4007	-0,178	-1,7795
15.01.2026 14:36:12	91,950	-4,146	-41,4552	-0,178	-1,7817
15.01.2026 14:36:13	92,000	-4,156	-41,5620	-0,178	-1,7847
15.01.2026 14:36:13	92,050	-4,167	-41,6746	-0,178	-1,7845
15.01.2026 14:36:13	92,100	-4,174	-41,7439	-0,179	-1,7887
15.01.2026 14:36:13	92,150	-4,185	-41,8483	-0,179	-1,7876
15.01.2026 14:36:13	92,200	-4,202	-42,0231	-0,179	-1,7916
15.01.2026 14:36:13	92,250	-4,242	-42,4163	-0,180	-1,7979
15.01.2026 14:36:13	92,300	-4,283	-42,8300	-0,181	-1,8116
15.01.2026 14:36:13	92,350	-4,305	-43,0547	-0,181	-1,8138
15.01.2026 14:36:13	92,400	-4,314	-43,1440	-0,182	-1,8168
15.01.2026 14:36:13	92,450	-4,319	-43,1895	-0,181	-1,8150
15.01.2026 14:36:13	92,500	-4,329	-43,2857	-0,182	-1,8187
15.01.2026 14:36:13	92,550	-4,348	-43,4760	-0,182	-1,8186
15.01.2026 14:36:13	92,600	-4,362	-43,6250	-0,183	-1,8268
15.01.2026 14:36:13	92,650	-4,375	-43,7493	-0,182	-1,8250
15.01.2026 14:36:13	92,700	-4,391	-43,9140	-0,183	-1,8300
15.01.2026 14:36:13	92,750	-4,402	-44,0222	-0,183	-1,8294
15.01.2026 14:36:13	92,800	-4,407	-44,0673	-0,184	-1,8352
15.01.2026 14:36:13	92,850	-4,409	-44,0931	-0,183	-1,8326
15.01.2026 14:36:13	92,900	-4,415	-44,1462	-0,184	-1,8386
15.01.2026 14:36:13	92,950	-4,425	-44,2486	-0,184	-1,8363
15.01.2026 14:36:14	93,000	-4,441	-44,4115	-0,184	-1,8395
15.01.2026 14:36:14	93,050	-4,460	-44,6006	-0,184	-1,8403
15.01.2026 14:36:14	93,100	-4,473	-44,7265	-0,185	-1,8477
15.01.2026 14:36:14	93,150	-4,479	-44,7936	-0,184	-1,8435
15.01.2026 14:36:14	93,200	-4,488	-44,8835	-0,185	-1,8457
15.01.2026 14:36:14	93,250	-4,504	-45,0422	-0,185	-1,8502
15.01.2026 14:36:14	93,300	-4,528	-45,2765	-0,186	-1,8561
15.01.2026 14:36:14	93,350	-4,550	-45,4955	-0,186	-1,8571
15.01.2026 14:36:14	93,400	-4,564	-45,6440	-0,186	-1,8634
15.01.2026 14:36:14	93,450	-4,581	-45,8107	-0,186	-1,8615
15.01.2026 14:36:14	93,500	-4,601	-46,0115	-0,187	-1,8673
15.01.2026 14:36:14	93,550	-4,615	-46,1546	-0,187	-1,8700
15.01.2026 14:36:14	93,600	-4,627	-46,2717	-0,187	-1,8741
15.01.2026 14:36:14	93,650	-4,642	-46,4233	-0,187	-1,8740
15.01.2026 14:36:14	93,700	-4,654	-46,5368	-0,188	-1,8816
15.01.2026 14:36:14	93,750	-4,666	-46,6572	-0,188	-1,8762
15.01.2026 14:36:14	93,800	-4,680	-46,7980	-0,189	-1,8863
15.01.2026 14:36:14	93,850	-4,694	-46,9351	-0,188	-1,8806
15.01.2026 14:36:14	93,900	-4,706	-47,0567	-0,189	-1,8904
15.01.2026 14:36:14	93,950	-4,712	-47,1238	-0,189	-1,8901
15.01.2026 14:36:15	94,000	-4,720	-47,2005	-0,189	-1,8913
15.01.2026 14:36:15	94,050	-4,728	-47,2789	-0,189	-1,8873
15.01.2026 14:36:15	94,100	-4,731	-47,3129	-0,189	-1,8934
15.01.2026 14:36:15	94,150	-4,736	-47,3618	-0,189	-1,8892
15.01.2026 14:36:15	94,200	-4,750	-47,5042	-0,190	-1,8971
15.01.2026 14:36:15	94,250	-4,769	-47,6882	-0,190	-1,8977
15.01.2026 14:36:15	94,300	-4,786	-47,8567	-0,190	-1,9003
15.01.2026 14:36:15	94,350	-4,798	-47,9753	-0,190	-1,8998
15.01.2026 14:36:15	94,400	-4,802	-48,0247	-0,190	-1,9041
15.01.2026 14:36:15	94,450	-4,809	-48,0903	-0,190	-1,9014
15.01.2026 14:36:15	94,500	-4,817	-48,1672	-0,191	-1,9064
15.01.2026 14:36:15	94,550	-4,823	-48,2272	-0,191	-1,9052
15.01.2026 14:36:15	94,600	-4,832	-48,3182	-0,191	-1,9109
15.01.2026 14:36:15	94,650	-4,838	-48,3820	-0,191	-1,9061
15.01.2026 14:36:15	94,700	-4,842	-48,4245	-0,191	-1,9110
15.01.2026 14:36:15	94,750	-4,851	-48,5121	-0,191	-1,9084
15.01.2026 14:36:15	94,800	-4,856	-48,5628	-0,192	-1,9170
15.01.2026 14:36:15	94,850	-4,859	-48,5854	-0,191	-1,9106
15.01.2026 14:36:15	94,900	-4,859	-48,5946	-0,192	-1,9165
15.01.2026 14:36:15	94,950	-4,860	-48,5990	-0,191	-1,9100
15.01.2026 14:36:16	95,000	-4,860	-48,6003	-0,192	-1,9163
15.01.2026 14:36:16	95,050	-4,860	-48,6032	-0,191	-1,9113
15.01.2026 14:36:16	95,100	-4,860	-48,6018	-0,192	-1,9165
15.01.2026 14:36:16	95,150	-4,860	-48,6029	-0,191	-1,9098
15.01.2026 14:36:16	95,200	-4,860	-48,6005	-0,191	-1,9145
15.01.2026 14:36:16	95,250	-4,861	-48,6051	-0,191	-1,9115
15.01.2026 14:36:16	95,300	-4,860	-48,6027	-0,192	-1,9166
15.01.2026 14:36:16	95,350	-4,861	-48,6068	-0,191	-1,9128
15.01.2026 14:36:16	95,400	-4,860	-48,6022	-0,192	-1,9152
15.01.2026 14:36:16	95,450	-4,860	-48,6043	-0,191	-1,9108
15.01.2026 14:36:16	95,500	-4,860	-48,6028	-0,192	-1,9162
15.01.2026 14:36:16	95,550	-4,861	-48,6071	-0,191	-1,9119
15.01.2026 14:36:16	95,600	-4,860	-48,6022	-0,192	-1,9156
15.01.2026 14:36:16	95,650	-4,861	-48,6059	-0,191	-1,9105
15.01.2026 14:36:16	95,700	-4,860	-48,6023	-0,191	-1,9145
15.01.2026 14:36:16	95,750	-4,861	-48,6074	-0,191	-1,9114
15.01.2026 14:36:16	95,800	-4,860	-48,6036	-0,192	-1,9158
15.01.2026 14:36:16	95,850	-4,861	-48,6085	-0,191	-1,9110
15.01.2026 14:36:16	95,900	-4,860	-48,6049	-0,192	-1,9155
15.01.2026 14:36:16	95,950	-4,861	-48,6091	-0,191	-1,9128
15.01.2026 14:36:17	96,000	-4,861	-48,6075	-0,192	-1,9183
15.01.2026 14:36:17	96,050	-4,861	-48,6058	-0,191	-1,9088
15.01.2026 14:36:17	96,100	-4,861	-48,6064	-0,192	-1,9164
15.01.2026 14:36:17	96,150	-4,861	-48,6089	-0,191	-1,9126
15.01.2026 14:36:17	96,200	-4,861	-48,6051	-0,191	-1,9143
15.01.2026 14:36:17	96,250	-4,861	-48,6069	-0,191	-1,9112
15.01.2026 14:36:17	96,300	-4,861	-48,6068	-0,192	-1,9158
15.01.2026 14:36:17	96,350	-4,861	-48,6080	-0,191	-1,9109
15.01.2026 14:36:17	96,400	-4,861	-48,6075	-0,192	-1,9164
15.01.2026 14:36:17	96,450	-4,861	-48,6061	-0,191	-1,9100
15.01.2026 14:36:17	96,500	-4,861	-48,6077	-0,192	-1,9181
15.01.2026 14:36:17	96,550	-4,861	-48,6119	-0,191	-1,9127
15.01.2026 14:36:17	96,600	-4,861	-48,6074	-0,192	-1,9167
15.01.2026 14:36:17	96,650	-4,861	-48,6087	-0,191	-1,9100
15.01.2026 14:36:17	96,700	-4,861	-48,6052	-0,191	-1,9138
15.01.2026 14:36:17	96,750	-4,861	-48,6080	-0,191	-1,9102
15.01.2026 14:36:17	96,800	-4,861	-48,6078	-0,192	-1,9167
15.01.2026 14:36:17	96,850	-4,861	-48,6100	-0,191	-1,9109
15.01.2026 14:36:17	96,900	-4,861	-48,6055	-0,192	-1,9151
15.01.2026 14:36:17	96,950	-4,861	-48,6080	-0,191	-1,9098
15.01.2026 14:36:18	97,000	-4,861	-48,6071	-0,192	-1,9160
15.01.2026 14:36:18	97,050	-4,861	-48,6099	-0,191	-1,9099
15.01.2026 14:36:18	97,100	-4,861	-48,6094	-0,192	-1,9174
15.01.2026 14:36:18	97,150	-4,861	-48,6097	-0,191	-1,9104
15.01.2026 14:36:18	97,200	-4,861	-48,6088	-0,192	-1,9170
15.01.2026 14:36:18	97,250	-4,861	-48,6106	-0,191	-1,9099
15.01.2026 14:36:18	97,300	-4,861	-48,6067	-0,191	-1,9149
15.01.2026 14:36:18	97,350	-4,861	-48,6093	-0,191	-1,9090
15.01.2026 14:36:18	97,400	-4,861	-48,6096	-0,192	-1,9166
15.01.2026 14:36:18	97,450	-4,861	-48,6105	-0,191	-1,9095
15.01.2026 14:36:18	97,500	-4,861	-48,6106	-0,192	-1,9163
15.01.2026 14:36:18	97,550	-4,861	-48,6091	-0,191	-1,9065
15.01.2026 14:36:18	97,600	-4,861	-48,6095	-0,191	-1,9150
15.01.2026 14:36:18	97,650	-4,861	-48,6111	-0,191	-1,9098
15.01.2026 14:36:18	97,700	-4,861	-48,6119	-0,192	-1,9171
15.01.2026 14:36:18	97,750	-4,861	-48,6136	-0,191	-1,9120
15.01.2026 14:36:18	97,800	-4,861	-48,6102	-0,192	-1,9158
15.01.2026 14:36:18	97,850	-4,861	-48,6133	-0,191	-1,9112
15.01.2026 14:36:18	97,900	-4,861	-48,6126	-0,192	-1,9174
15.01.2026 14:36:18	97,950	-4,861	-48,6107	-0,191	-1,9088
15.01.2026 14:36:19	98,000	-4,861	-48,6121	-0,192	-1,9173
15.01.2026 14:36:19	98,050	-4,861	-48,6115	-0,191	-1,9079
15.01.2026 14:36:19	98,100	-4,861	-48,6129	-0,192	-1,9169
15.01.2026 14:36:19	98,150	-4,861	-48,6117	-0,191	-1,9080
15.01.2026 14:36:19	98,200	-4,861	-48,6075	-0,191	-1,9135
15.01.2026 14:36:19	98,250	-4,855	-48,5452	-0,191	-1,9073
15.01.2026 14:36:19	98,300	-4,849	-48,4854	-0,191	-1,9145
15.01.2026 14:36:19	98,350	-4,846	-48,4583	-0,191	-1,9070
15.01.2026 14:36:19	98,400	-4,839	-48,3865	-0,191	-1,9130
15.01.2026 14:36:19	98,450	-4,831	-48,3136	-0,191	-1,9073
15.01.2026 14:36:19	98,500	-4,819	-48,1851	-0,191	-1,9147
15.01.2026 14:36:19	98,550	-4,798	-47,9830	-0,190	-1,9014
15.01.2026 14:36:19	98,600	-4,779	-47,7909	-0,191	-1,9090
15.01.2026 14:36:19	98,650	-4,763	-47,6298	-0,190	-1,8995
15.01.2026 14:36:19	98,700	-4,746	-47,4641	-0,191	-1,9053
15.01.2026 14:36:19	98,750	-4,732	-47,3214	-0,190	-1,8991
15.01.2026 14:36:19	98,800	-4,724	-47,2428	-0,190	-1,9038
15.01.2026 14:36:19	98,850	-4,721	-47,2105	-0,190	-1,8979
15.01.2026 14:36:19	98,900	-4,718	-47,1800	-0,190	-1,9000
15.01.2026 14:36:19	98,950	-4,708	-47,0828	-0,190	-1,8967
15.01.2026 14:36:20	99,000	-4,688	-46,8808	-0,190	-1,9000
15.01.2026 14:36:20	99,050	-4,667	-46,6686	-0,189	-1,8896
15.01.2026 14:36:20	99,100	-4,656	-46,5588	-0,190	-1,8965
15.01.2026 14:36:20	99,150	-4,646	-46,4588	-0,189	-1,8930
15.01.2026 14:36:20	99,200	-4,636	-46,3598	-0,190	-1,8959
15.01.2026 14:36:20	99,250	-4,624	-46,2409	-0,189	-1,8884
15.01.2026 14:36:20	99,300	-4,610	-46,0983	-0,189	-1,8906
15.01.2026 14:36:20	99,350	-4,595	-45,9524	-0,188	-1,8835
15.01.2026 14:36:20	99,400	-4,583	-45,8349	-0,189	-1,8884
15.01.2026 14:36:20	99,450	-4,571	-45,7135	-0,188	-1,8827
15.01.2026 14:36:20	99,500	-4,559	-45,5911	-0,189	-1,8859
15.01.2026 14:36:20	99,550	-4,542	-45,4248	-0,188	-1,8791
15.01.2026 14:36:20	99,600	-4,529	-45,2857	-0,188	-1,8829
15.01.2026 14:36:20	99,650	-4,516	-45,1586	-0,187	-1,8741
15.01.2026 14:36:20	99,700	-4,505	-45,0487	-0,188	-1,8801
15.01.2026 14:36:20	99,750	-4,495	-44,9470	-0,187	-1,8738
15.01.2026 14:36:20	99,800	-4,483	-44,8348	-0,188	-1,8814
15.01.2026 14:36:20	99,850	-4,475	-44,7476	-0,187	-1,8699
15.01.2026 14:36:20	99,900	-4,471	-44,7065	-0,188	-1,8771
15.01.2026 14:36:20	99,950	-4,469	-44,6892	-0,187	-1,8707
15.01.2026 14:36:21	100,000	-4,468	-44,6798	-0,188	-1,8776
15.01.2026 14:36:21	100,050	-4,468	-44,6820	-0,187	-1,8731
15.01.2026 14:36:21	100,100	-4,468	-44,6770	-0,188	-1,8778
15.01.2026 14:36:21	100,150	-4,468	-44,6777	-0,187	-1,8717
15.01.2026 14:36:21	100,200	-4,468	-44,6774	-0,188	-1,8791
15.01.2026 14:36:21	100,250	-4,467	-44,6743	-0,187	-1,8699
15.01.2026 14:36:21	100,300	-4,467	-44,6717	-0,188	-1,8768
15.01.2026 14:36:21	100,350	-4,467	-44,6707	-0,187	-1,8688
15.01.2026 14:36:21	100,400	-4,467	-44,6706	-0,188	-1,8771
15.01.2026 14:36:21	100,450	-4,467	-44,6696	-0,187	-1,8680
15.01.2026 14:36:21	100,500	-4,467	-44,6707	-0,188	-1,8763
15.01.2026 14:36:21	100,550	-4,467	-44,6694	-0,187	-1,8687
15.01.2026 14:36:21	100,600	-4,467	-44,6697	-0,188	-1,8765
15.01.2026 14:36:21	100,650	-4,467	-44,6701	-0,187	-1,8686
15.01.2026 14:36:21	100,700	-4,467	-44,6698	-0,187	-1,8746
15.01.2026 14:36:21	100,750	-4,467	-44,6716	-0,187	-1,8700
15.01.2026 14:36:21	100,800	-4,467	-44,6673	-0,187	-1,8742
15.01.2026 14:36:21	100,850	-4,467	-44,6689	-0,187	-1,8688
15.01.2026 14:36:21	100,900	-4,467	-44,6699	-0,188	-1,8768
15.01.2026 14:36:21	100,950	-4,467	-44,6715	-0,187	-1,8727
15.01.2026 14:36:22	101,000	-4,467	-44,6663	-0,187	-1,8734
15.01.2026 14:36:22	101,050	-4,467	-44,6689	-0,187	-1,8697
15.01.2026 14:36:22	101,100	-4,467	-44,6702	-0,188	-1,8773
15.01.2026 14:36:22	101,150	-4,467	-44,6664	-0,187	-1,8667
15.01.2026 14:36:22	101,200	-4,467	-44,6682	-0,188	-1,8760
15.01.2026 14:36:22	101,250	-4,467	-44,6690	-0,187	-1,8691
15.01.2026 14:36:22	101,300	-4,467	-44,6669	-0,187	-1,8730
15.01.2026 14:36:22	101,350	-4,467	-44,6705	-0,187	-1,8697
15.01.2026 14:36:22	101,400	-4,467	-44,6692	-0,188	-1,8755
15.01.2026 14:36:22	101,450	-4,467	-44,6691	-0,187	-1,8676
15.01.2026 14:36:22	101,500	-4,467	-44,6710	-0,188	-1,8768
15.01.2026 14:36:22	101,550	-4,467	-44,6720	-0,187	-1,8716
15.01.2026 14:36:22	101,600	-4,467	-44,6713	-0,188	-1,8775
15.01.2026 14:36:22	101,650	-4,467	-44,6687	-0,187	-1,8675
15.01.2026 14:36:22	101,700	-4,467	-44,6687	-0,187	-1,8741
15.01.2026 14:36:22	101,750	-4,467	-44,6708	-0,187	-1,8694
15.01.2026 14:36:22	101,800	-4,467	-44,6703	-0,188	-1,8759
15.01.2026 14:36:22	101,850	-4,467	-44,6704	-0,187	-1,8693
15.01.2026 14:36:22	101,900	-4,467	-44,6705	-0,188	-1,8771
15.01.2026 14:36:22	101,950	-4,467	-44,6697	-0,187	-1,8693
15.01.2026 14:36:23	102,000	-4,467	-44,6713	-0,188	-1,8767
15.01.2026 14:36:23	102,050	-4,467	-44,6707	-0,187	-1,8690
15.01.2026 14:36:23	102,100	-4,467	-44,6678	-0,187	-1,8736
15.01.2026 14:36:23	102,150	-4,467	-44,6703	-0,187	-1,8690
15.01.2026 14:36:23	102,200	-4,467	-44,6681	-0,188	-1,8754
15.01.2026 14:36:23	102,250	-4,467	-44,6698	-0,187	-1,8685
15.01.2026 14:36:23	102,300	-4,467	-44,6673	-0,187	-1,8734
15.01.2026 14:36:23	102,350	-4,467	-44,6689	-0,187	-1,8685
15.01.2026 14:36:23	102,400	-4,467	-44,6690	-0,187	-1,8741
15.01.2026 14:36:23	102,450	-4,467	-44,6699	-0,187	-1,8691
15.01.2026 14:36:23	102,500	-4,468	-44,6846	-0,187	-1,8748
15.01.2026 14:36:23	102,550	-4,477	-44,7652	-0,187	-1,8715
15.01.2026 14:36:23	102,600	-4,481	-44,8129	-0,188	-1,8765
15.01.2026 14:36:23	102,650	-4,483	-44,8313	-0,187	-1,8673
15.01.2026 14:36:23	102,700	-4,484	-44,8424	-0,188	-1,8771
15.01.2026 14:36:23	102,750	-4,480	-44,7957	-0,187	-1,8692
15.01.2026 14:36:23	102,800	-4,474	-44,7390	-0,188	-1,8773
15.01.2026 14:36:23	102,850	-4,471	-44,7142	-0,187	-1,8724
15.01.2026 14:36:23	102,900	-4,469	-44,6903	-0,187	-1,8746
15.01.2026 14:36:23	102,950	-4,468	-44,6807	-0,187	-1,8692
15.01.2026 14:36:24	103,000	-4,454	-44,5391	-0,188	-1,8753
15.01.2026 14:36:24	103,050	-4,425	-44,2536	-0,186	-1,8627
15.01.2026 14:36:24	103,100	-4,406	-44,0608	-0,187	-1,8692
15.01.2026 14:36:24	103,150	-4,391	-43,9106	-0,186	-1,8629
15.01.2026 14:36:24	103,200	-4,377	-43,7652	-0,186	-1,8619
15.01.2026 14:36:24	103,250	-4,368	-43,6768	-0,186	-1,8586
15.01.2026 14:36:24	103,300	-4,361	-43,6090	-0,187	-1,8654
15.01.2026 14:36:24	103,350	-4,341	-43,4148	-0,186	-1,8561
15.01.2026 14:36:24	103,400	-4,316	-43,1585	-0,186	-1,8585
15.01.2026 14:36:24	103,450	-4,285	-42,8485	-0,185	-1,8496
15.01.2026 14:36:24	103,500	-4,251	-42,5142	-0,185	-1,8517
15.01.2026 14:36:24	103,550	-4,230	-42,3000	-0,184	-1,8415
15.01.2026 14:36:24	103,600	-4,214	-42,1404	-0,185	-1,8480
15.01.2026 14:36:24	103,650	-4,200	-42,0001	-0,184	-1,8400
15.01.2026 14:36:24	103,700	-4,190	-41,8991	-0,185	-1,8483
15.01.2026 14:36:24	103,750	-4,184	-41,8423	-0,184	-1,8378
15.01.2026 14:36:24	103,800	-4,181	-41,8145	-0,184	-1,8410
15.01.2026 14:36:24	103,850	-4,177	-41,7718	-0,184	-1,8354
15.01.2026 14:36:24	103,900	-4,162	-41,6154	-0,184	-1,8408
15.01.2026 14:36:24	103,950	-4,136	-41,3650	-0,183	-1,8295
15.01.2026 14:36:25	104,000	-4,119	-41,1917	-0,184	-1,8357
15.01.2026 14:36:25	104,050	-4,105	-41,0497	-0,183	-1,8257
15.01.2026 14:36:25	104,100	-4,098	-40,9754	-0,183	-1,8334
15.01.2026 14:36:25	104,150	-4,092	-40,9248	-0,183	-1,8262
15.01.2026 14:36:25	104,200	-4,081	-40,8073	-0,183	-1,8317
15.01.2026 14:36:25	104,250	-4,063	-40,6322	-0,182	-1,8223
15.01.2026 14:36:25	104,300	-4,049	-40,4948	-0,183	-1,8299
15.01.2026 14:36:25	104,350	-4,040	-40,4016	-0,182	-1,8185
15.01.2026 14:36:25	104,400	-4,025	-40,2548	-0,183	-1,8250
15.01.2026 14:36:25	104,450	-4,012	-40,1172	-0,182	-1,8160
15.01.2026 14:36:25	104,500	-3,999	-39,9942	-0,182	-1,8248
15.01.2026 14:36:25	104,550	-3,990	-39,9049	-0,181	-1,8147
15.01.2026 14:36:25	104,600	-3,980	-39,7966	-0,182	-1,8166
15.01.2026 14:36:25	104,650	-3,965	-39,6519	-0,181	-1,8110
15.01.2026 14:36:25	104,700	-3,952	-39,5246	-0,181	-1,8133
15.01.2026 14:36:25	104,750	-3,938	-39,3821	-0,181	-1,8072
15.01.2026 14:36:25	104,800	-3,919	-39,1926	-0,181	-1,8149
15.01.2026 14:36:25	104,850	-3,900	-38,9996	-0,180	-1,8033
15.01.2026 14:36:25	104,900	-3,886	-38,8557	-0,180	-1,8035
15.01.2026 14:36:25	104,950	-3,872	-38,7216	-0,180	-1,7974
15.01.2026 14:36:26	105,000	-3,862	-38,6174	-0,180	-1,8039
15.01.2026 14:36:26	105,050	-3,851	-38,5058	-0,180	-1,7961
15.01.2026 14:36:26	105,100	-3,838	-38,3846	-0,180	-1,7998
15.01.2026 14:36:26	105,150	-3,823	-38,2337	-0,179	-1,7915
15.01.2026 14:36:26	105,200	-3,813	-38,1281	-0,179	-1,7948
15.01.2026 14:36:26	105,250	-3,808	-38,0789	-0,179	-1,7908
15.01.2026 14:36:26	105,300	-3,806	-38,0570	-0,180	-1,7957
15.01.2026 14:36:26	105,350	-3,804	-38,0435	-0,179	-1,7881
15.01.2026 14:36:26	105,400	-3,804	-38,0419	-0,180	-1,7965
15.01.2026 14:36:26	105,450	-3,804	-38,0364	-0,179	-1,7881
15.01.2026 14:36:26	105,500	-3,804	-38,0377	-0,180	-1,7963
15.01.2026 14:36:26	105,550	-3,804	-38,0357	-0,179	-1,7914
15.01.2026 14:36:26	105,600	-3,803	-38,0336	-0,179	-1,7939
15.01.2026 14:36:26	105,650	-3,804	-38,0360	-0,179	-1,7903
15.01.2026 14:36:26	105,700	-3,804	-38,0371	-0,179	-1,7949
15.01.2026 14:36:26	105,750	-3,808	-38,0807	-0,179	-1,7894
15.01.2026 14:36:26	105,800	-3,815	-38,1510	-0,180	-1,7967
15.01.2026 14:36:26	105,850	-3,818	-38,1801	-0,179	-1,7907
15.01.2026 14:36:26	105,900	-3,820	-38,1964	-0,180	-1,7971
15.01.2026 14:36:26	105,950	-3,820	-38,2021	-0,179	-1,7916
15.01.2026 14:36:27	106,000	-3,821	-38,2106	-0,180	-1,8003
15.01.2026 14:36:27	106,050	-3,821	-38,2102	-0,179	-1,7925
15.01.2026 14:36:27	106,100	-3,818	-38,1779	-0,179	-1,7947
15.01.2026 14:36:27	106,150	-3,811	-38,1083	-0,179	-1,7918
15.01.2026 14:36:27	106,200	-3,803	-38,0298	-0,180	-1,7956
15.01.2026 14:36:27	106,250	-3,794	-37,9393	-0,179	-1,7917
15.01.2026 14:36:27	106,300	-3,777	-37,7731	-0,179	-1,7923
15.01.2026 14:36:27	106,350	-3,742	-37,4172	-0,178	-1,7840
15.01.2026 14:36:27	106,400	-3,694	-36,9417	-0,178	-1,7822
15.01.2026 14:36:27	106,450	-3,652	-36,5172	-0,177	-1,7724
15.01.2026 14:36:27	106,500	-3,626	-36,2633	-0,177	-1,7730
15.01.2026 14:36:27	106,550	-3,608	-36,0779	-0,176	-1,7618
15.01.2026 14:36:27	106,600	-3,598	-35,9780	-0,177	-1,7671
15.01.2026 14:36:27	106,650	-3,593	-35,9314	-0,176	-1,7624
15.01.2026 14:36:27	106,700	-3,591	-35,9082	-0,177	-1,7678
15.01.2026 14:36:27	106,750	-3,584	-35,8440	-0,176	-1,7614
15.01.2026 14:36:27	106,800	-3,574	-35,7356	-0,176	-1,7624
15.01.2026 14:36:27	106,850	-3,561	-35,6092	-0,176	-1,7573
15.01.2026 14:36:27	106,900	-3,545	-35,4539	-0,176	-1,7613
15.01.2026 14:36:27	106,950	-3,523	-35,2334	-0,175	-1,7536
15.01.2026 14:36:28	107,000	-3,495	-34,9456	-0,175	-1,7520
15.01.2026 14:36:28	107,050	-3,461	-34,6091	-0,174	-1,7399
15.01.2026 14:36:28	107,100	-3,432	-34,3180	-0,174	-1,7429
15.01.2026 14:36:28	107,150	-3,407	-34,0656	-0,174	-1,7356
15.01.2026 14:36:28	107,200	-3,383	-33,8271	-0,174	-1,7352
15.01.2026 14:36:28	107,250	-3,365	-33,6514	-0,173	-1,7277
15.01.2026 14:36:28	107,300	-3,348	-33,4757	-0,173	-1,7296
15.01.2026 14:36:28	107,350	-3,325	-33,2522	-0,172	-1,7231
15.01.2026 14:36:28	107,400	-3,296	-32,9633	-0,172	-1,7212
15.01.2026 14:36:28	107,450	-3,262	-32,6164	-0,171	-1,7086
15.01.2026 14:36:28	107,500	-3,229	-32,2903	-0,171	-1,7104
15.01.2026 14:36:28	107,550	-3,198	-31,9827	-0,170	-1,7019
15.01.2026 14:36:28	107,600	-3,169	-31,6874	-0,170	-1,6983
15.01.2026 14:36:28	107,650	-3,141	-31,4104	-0,169	-1,6935
15.01.2026 14:36:28	107,700	-3,112	-31,1237	-0,169	-1,6901
15.01.2026 14:36:28	107,750	-3,085	-30,8488	-0,168	-1,6819
15.01.2026 14:36:28	107,800	-3,061	-30,6107	-0,168	-1,6798
15.01.2026 14:36:28	107,850	-3,043	-30,4270	-0,168	-1,6759
15.01.2026 14:36:28	107,900	-3,029	-30,2929	-0,168	-1,6785
15.01.2026 14:36:28	107,950	-3,018	-30,1832	-0,167	-1,6707
15.01.2026 14:36:29	108,000	-3,005	-30,0525	-0,167	-1,6698
15.01.2026 14:36:29	108,050	-2,992	-29,9203	-0,167	-1,6657
15.01.2026 14:36:29	108,100	-2,979	-29,7914	-0,167	-1,6682
15.01.2026 14:36:29	108,150	-2,970	-29,7021	-0,166	-1,6596
15.01.2026 14:36:29	108,200	-2,965	-29,6471	-0,166	-1,6645
15.01.2026 14:36:29	108,250	-2,955	-29,5541	-0,166	-1,6589
15.01.2026 14:36:29	108,300	-2,950	-29,4966	-0,166	-1,6595
15.01.2026 14:36:29	108,350	-2,942	-29,4246	-0,166	-1,6572
15.01.2026 14:36:29	108,400	-2,934	-29,3434	-0,166	-1,6553
15.01.2026 14:36:29	108,450	-2,928	-29,2841	-0,165	-1,6524
15.01.2026 14:36:29	108,500	-2,919	-29,1881	-0,165	-1,6537
15.01.2026 14:36:29	108,550	-2,906	-29,0643	-0,165	-1,6502
15.01.2026 14:36:29	108,600	-2,895	-28,9516	-0,165	-1,6482
15.01.2026 14:36:29	108,650	-2,884	-28,8403	-0,164	-1,6428
15.01.2026 14:36:29	108,700	-2,876	-28,7557	-0,164	-1,6434
15.01.2026 14:36:29	108,750	-2,865	-28,6520	-0,164	-1,6412
15.01.2026 14:36:29	108,800	-2,860	-28,5977	-0,164	-1,6436
15.01.2026 14:36:29	108,850	-2,857	-28,5674	-0,164	-1,6379
15.01.2026 14:36:29	108,900	-2,856	-28,5590	-0,164	-1,6405
15.01.2026 14:36:29	108,950	-2,855	-28,5518	-0,164	-1,6380
15.01.2026 14:36:30	109,000	-2,855	-28,5534	-0,164	-1,6431
15.01.2026 14:36:30	109,050	-2,855	-28,5456	-0,164	-1,6360
15.01.2026 14:36:30	109,100	-2,855	-28,5503	-0,164	-1,6415
15.01.2026 14:36:30	109,150	-2,854	-28,5408	-0,164	-1,6369
15.01.2026 14:36:30	109,200	-2,846	-28,4592	-0,164	-1,6367
15.01.2026 14:36:30	109,250	-2,825	-28,2461	-0,163	-1,6320
15.01.2026 14:36:30	109,300	-2,796	-27,9641	-0,163	-1,6297
15.01.2026 14:36:30	109,350	-2,779	-27,7871	-0,162	-1,6249
15.01.2026 14:36:30	109,400	-2,770	-27,7027	-0,162	-1,6245
15.01.2026 14:36:30	109,450	-2,763	-27,6294	-0,162	-1,6222
15.01.2026 14:36:30	109,500	-2,756	-27,5641	-0,162	-1,6209
15.01.2026 14:36:30	109,550	-2,752	-27,5166	-0,162	-1,6157
15.01.2026 14:36:30	109,600	-2,749	-27,4923	-0,162	-1,6175
15.01.2026 14:36:30	109,650	-2,747	-27,4736	-0,162	-1,6168
15.01.2026 14:36:30	109,700	-2,740	-27,4025	-0,162	-1,6212
15.01.2026 14:36:30	109,750	-2,727	-27,2703	-0,161	-1,6140
15.01.2026 14:36:30	109,800	-2,715	-27,1498	-0,161	-1,6130
15.01.2026 14:36:30	109,850	-2,704	-27,0375	-0,161	-1,6091
15.01.2026 14:36:30	109,900	-2,692	-26,9246	-0,161	-1,6074
15.01.2026 14:36:30	109,950	-2,677	-26,7676	-0,160	-1,6017
15.01.2026 14:36:31	110,000	-2,654	-26,5441	-0,160	-1,5986
15.01.2026 14:36:31	110,050	-2,627	-26,2688	-0,159	-1,5913
15.01.2026 14:36:31	110,100	-2,596	-25,9643	-0,159	-1,5869
15.01.2026 14:36:31	110,150	-2,562	-25,6192	-0,158	-1,5772
15.01.2026 14:36:31	110,200	-2,523	-25,2334	-0,157	-1,5700
15.01.2026 14:36:31	110,250	-2,493	-24,9253	-0,156	-1,5631
15.01.2026 14:36:31	110,300	-2,469	-24,6948	-0,156	-1,5576
15.01.2026 14:36:31	110,350	-2,443	-24,4258	-0,155	-1,5470
15.01.2026 14:36:31	110,400	-2,424	-24,2424	-0,155	-1,5457
15.01.2026 14:36:31	110,450	-2,415	-24,1496	-0,154	-1,5404
15.01.2026 14:36:31	110,500	-2,406	-24,0584	-0,154	-1,5427
15.01.2026 14:36:31	110,550	-2,392	-23,9172	-0,153	-1,5349
15.01.2026 14:36:31	110,600	-2,373	-23,7307	-0,153	-1,5324
15.01.2026 14:36:31	110,650	-2,352	-23,5165	-0,153	-1,5257
15.01.2026 14:36:31	110,700	-2,335	-23,3492	-0,152	-1,5209
15.01.2026 14:36:31	110,750	-2,322	-23,2204	-0,152	-1,5155
15.01.2026 14:36:31	110,800	-2,306	-23,0611	-0,152	-1,5155
15.01.2026 14:36:31	110,850	-2,287	-22,8742	-0,151	-1,5053
15.01.2026 14:36:31	110,900	-2,270	-22,6980	-0,150	-1,5047
15.01.2026 14:36:31	110,950	-2,240	-22,3965	-0,149	-1,4941
15.01.2026 14:36:32	111,000	-2,204	-22,0397	-0,149	-1,4877
15.01.2026 14:36:32	111,050	-2,173	-21,7288	-0,148	-1,4797
15.01.2026 14:36:32	111,100	-2,154	-21,5403	-0,147	-1,4693
15.01.2026 14:36:32	111,150	-2,145	-21,4462	-0,147	-1,4692
15.01.2026 14:36:32	111,200	-2,135	-21,3476	-0,147	-1,4660
15.01.2026 14:36:32	111,250	-2,124	-21,2375	-0,146	-1,4631
15.01.2026 14:36:32	111,300	-2,108	-21,0848	-0,146	-1,4579
15.01.2026 14:36:32	111,350	-2,082	-20,8229	-0,145	-1,4473
15.01.2026 14:36:32	111,400	-2,044	-20,4435	-0,144	-1,4390
15.01.2026 14:36:32	111,450	-2,010	-20,1038	-0,143	-1,4305
15.01.2026 14:36:32	111,500	-1,992	-19,9222	-0,142	-1,4221
15.01.2026 14:36:32	111,550	-1,985	-19,8507	-0,142	-1,4194
15.01.2026 14:36:32	111,600	-1,983	-19,8312	-0,142	-1,4193
15.01.2026 14:36:32	111,650	-1,982	-19,8191	-0,141	-1,4136
15.01.2026 14:36:32	111,700	-1,983	-19,8261	-0,142	-1,4186
15.01.2026 14:36:32	111,750	-1,983	-19,8257	-0,142	-1,4188
15.01.2026 14:36:32	111,800	-1,983	-19,8279	-0,142	-1,4162
15.01.2026 14:36:32	111,850	-1,983	-19,8350	-0,142	-1,4179
15.01.2026 14:36:32	111,900	-1,984	-19,8427	-0,142	-1,4174
15.01.2026 14:36:32	111,950	-1,984	-19,8407	-0,142	-1,4166
15.01.2026 14:36:33	112,000	-1,984	-19,8427	-0,142	-1,4168
15.01.2026 14:36:33	112,050	-1,980	-19,7992	-0,142	-1,4180
15.01.2026 14:36:33	112,100	-1,964	-19,6378	-0,141	-1,4114
15.01.2026 14:36:33	112,150	-1,937	-19,3708	-0,140	-1,4043
15.01.2026 14:36:33	112,200	-1,911	-19,1144	-0,140	-1,3968
15.01.2026 14:36:33	112,250	-1,885	-18,8529	-0,139	-1,3870
15.01.2026 14:36:33	112,300	-1,854	-18,5366	-0,138	-1,3784
15.01.2026 14:36:33	112,350	-1,818	-18,1754	-0,137	-1,3671
15.01.2026 14:36:33	112,400	-1,785	-17,8523	-0,135	-1,3546
15.01.2026 14:36:33	112,450	-1,760	-17,6017	-0,134	-1,3448
15.01.2026 14:36:33	112,500	-1,743	-17,4348	-0,134	-1,3377
15.01.2026 14:36:33	112,550	-1,730	-17,2972	-0,133	-1,3345
15.01.2026 14:36:33	112,600	-1,722	-17,2195	-0,133	-1,3319
15.01.2026 14:36:33	112,650	-1,713	-17,1336	-0,133	-1,3284
15.01.2026 14:36:33	112,700	-1,701	-17,0101	-0,132	-1,3219
15.01.2026 14:36:33	112,750	-1,685	-16,8455	-0,132	-1,3183
15.01.2026 14:36:33	112,800	-1,670	-16,6987	-0,131	-1,3114
15.01.2026 14:36:33	112,850	-1,653	-16,5301	-0,131	-1,3068
15.01.2026 14:36:33	112,900	-1,633	-16,3294	-0,130	-1,3001
15.01.2026 14:36:33	112,950	-1,611	-16,1091	-0,129	-1,2901
15.01.2026 14:36:34	113,000	-1,590	-15,9040	-0,128	-1,2800
15.01.2026 14:36:34	113,050	-1,565	-15,6501	-0,127	-1,2729
15.01.2026 14:36:34	113,100	-1,535	-15,3521	-0,126	-1,2600
15.01.2026 14:36:34	113,150	-1,507	-15,0709	-0,125	-1,2510
15.01.2026 14:36:34	113,200	-1,485	-14,8526	-0,124	-1,2382
15.01.2026 14:36:34	113,250	-1,474	-14,7364	-0,124	-1,2362
15.01.2026 14:36:34	113,300	-1,468	-14,6778	-0,123	-1,2300
15.01.2026 14:36:34	113,350	-1,455	-14,5546	-0,123	-1,2279
15.01.2026 14:36:34	113,400	-1,444	-14,4382	-0,122	-1,2191
15.01.2026 14:36:34	113,450	-1,437	-14,3702	-0,122	-1,2171
15.01.2026 14:36:34	113,500	-1,434	-14,3442	-0,121	-1,2136
15.01.2026 14:36:34	113,550	-1,433	-14,3345	-0,122	-1,2169
15.01.2026 14:36:34	113,600	-1,434	-14,3365	-0,121	-1,2140
15.01.2026 14:36:34	113,650	-1,434	-14,3397	-0,122	-1,2178
15.01.2026 14:36:34	113,700	-1,434	-14,3407	-0,121	-1,2122
15.01.2026 14:36:34	113,750	-1,434	-14,3398	-0,122	-1,2175
15.01.2026 14:36:34	113,800	-1,434	-14,3396	-0,121	-1,2132
15.01.2026 14:36:34	113,850	-1,431	-14,3058	-0,121	-1,2137
15.01.2026 14:36:34	113,900	-1,414	-14,1386	-0,121	-1,2074
15.01.2026 14:36:34	113,950	-1,380	-13,8049	-0,120	-1,1988
15.01.2026 14:36:35	114,000	-1,335	-13,3484	-0,118	-1,1756
15.01.2026 14:36:35	114,050	-1,292	-12,9204	-0,116	-1,1597
15.01.2026 14:36:35	114,100	-1,258	-12,5841	-0,114	-1,1380
15.01.2026 14:36:35	114,150	-1,230	-12,3038	-0,113	-1,1291
15.01.2026 14:36:35	114,200	-1,202	-12,0222	-0,111	-1,1129
15.01.2026 14:36:35	114,250	-1,181	-11,8079	-0,110	-1,1038
15.01.2026 14:36:35	114,300	-1,166	-11,6608	-0,109	-1,0946
15.01.2026 14:36:35	114,350	-1,156	-11,5587	-0,109	-1,0878
15.01.2026 14:36:35	114,400	-1,151	-11,5145	-0,108	-1,0833
15.01.2026 14:36:35	114,450	-1,143	-11,4334	-0,108	-1,0840
15.01.2026 14:36:35	114,500	-1,126	-11,2590	-0,107	-1,0734
15.01.2026 14:36:35	114,550	-1,096	-10,9585	-0,106	-1,0625
15.01.2026 14:36:35	114,600	-1,062	-10,6230	-0,104	-1,0429
15.01.2026 14:36:35	114,650	-1,038	-10,3839	-0,103	-1,0328
15.01.2026 14:36:35	114,700	-1,022	-10,2167	-0,102	-1,0181
15.01.2026 14:36:35	114,750	-1,006	-10,0603	-0,101	-1,0142
15.01.2026 14:36:35	114,800	-0,988	-9,8755	-0,100	-0,9980
15.01.2026 14:36:35	114,850	-0,967	-9,6737	-0,099	-0,9913
15.01.2026 14:36:35	114,900	-0,951	-9,5119	-0,098	-0,9798
15.01.2026 14:36:35	114,950	-0,938	-9,3783	-0,097	-0,9736
15.01.2026 14:36:36	115,000	-0,926	-9,2628	-0,096	-0,9637
15.01.2026 14:36:36	115,050	-0,914	-9,1423	-0,096	-0,9617
15.01.2026 14:36:36	115,100	-0,900	-8,9997	-0,095	-0,9474
15.01.2026 14:36:36	115,150	-0,881	-8,8062	-0,094	-0,9417
15.01.2026 14:36:36	115,200	-0,859	-8,5937	-0,093	-0,9258
15.01.2026 14:36:36	115,250	-0,844	-8,4378	-0,092	-0,9206
15.01.2026 14:36:36	115,300	-0,833	-8,3290	-0,091	-0,9062
15.01.2026 14:36:36	115,350	-0,823	-8,2319	-0,090	-0,9047
15.01.2026 14:36:36	115,400	-0,813	-8,1285	-0,089	-0,8930
15.01.2026 14:36:36	115,450	-0,802	-8,0185	-0,089	-0,8926
15.01.2026 14:36:36	115,500	-0,792	-7,9163	-0,088	-0,8816
15.01.2026 14:36:36	115,550	-0,785	-7,8527	-0,088	-0,8815
15.01.2026 14:36:36	115,600	-0,780	-7,8041	-0,088	-0,8754
15.01.2026 14:36:36	115,650	-0,773	-7,7258	-0,087	-0,8740
15.01.2026 14:36:36	115,700	-0,763	-7,6284	-0,086	-0,8638
15.01.2026 14:36:36	115,750	-0,752	-7,5157	-0,086	-0,8590
15.01.2026 14:36:36	115,800	-0,741	-7,4113	-0,085	-0,8496
15.01.2026 14:36:36	115,850	-0,734	-7,3382	-0,085	-0,8472
15.01.2026 14:36:36	115,900	-0,728	-7,2791	-0,084	-0,8392
15.01.2026 14:36:36	115,950	-0,716	-7,1560	-0,084	-0,8386
15.01.2026 14:36:37	116,000	-0,699	-6,9941	-0,082	-0,8250
15.01.2026 14:36:37	116,050	-0,681	-6,8054	-0,082	-0,8162
15.01.2026 14:36:37	116,100	-0,661	-6,6124	-0,080	-0,7988
15.01.2026 14:36:37	116,150	-0,641	-6,4062	-0,079	-0,7860
15.01.2026 14:36:37	116,200	-0,618	-6,1782	-0,077	-0,7662
15.01.2026 14:36:37	116,250	-0,594	-5,9381	-0,075	-0,7523
15.01.2026 14:36:37	116,300	-0,573	-5,7259	-0,073	-0,7327
15.01.2026 14:36:37	116,350	-0,559	-5,5859	-0,073	-0,7274
15.01.2026 14:36:37	116,400	-0,546	-5,4622	-0,071	-0,7120
15.01.2026 14:36:37	116,450	-0,530	-5,2962	-0,071	-0,7054
15.01.2026 14:36:37	116,500	-0,510	-5,1015	-0,068	-0,6825
15.01.2026 14:36:37	116,550	-0,495	-4,9476	-0,068	-0,6778
15.01.2026 14:36:37	116,600	-0,483	-4,8253	-0,066	-0,6612
15.01.2026 14:36:37	116,650	-0,469	-4,6910	-0,065	-0,6542
15.01.2026 14:36:37	116,700	-0,455	-4,5466	-0,064	-0,6378
15.01.2026 14:36:37	116,750	-0,442	-4,4178	-0,063	-0,6323
15.01.2026 14:36:37	116,800	-0,432	-4,3227	-0,062	-0,6194
15.01.2026 14:36:37	116,850	-0,421	-4,2125	-0,061	-0,6144
15.01.2026 14:36:37	116,900	-0,410	-4,0961	-0,060	-0,5962
15.01.2026 14:36:37	116,950	-0,401	-4,0147	-0,060	-0,5956
15.01.2026 14:36:38	117,000	-0,397	-3,9711	-0,058	-0,5848
15.01.2026 14:36:38	117,050	-0,395	-3,9536	-0,059	-0,5860
15.01.2026 14:36:38	117,100	-0,396	-3,9578	-0,058	-0,5815
15.01.2026 14:36:38	117,150	-0,396	-3,9626	-0,059	-0,5854
15.01.2026 14:36:38	117,200	-0,397	-3,9716	-0,058	-0,5804
15.01.2026 14:36:38	117,250	-0,398	-3,9761	-0,058	-0,5842
15.01.2026 14:36:38	117,300	-0,398	-3,9819	-0,058	-0,5802
15.01.2026 14:36:38	117,350	-0,399	-3,9852	-0,059	-0,5866
15.01.2026 14:36:38	117,400	-0,399	-3,9855	-0,058	-0,5793
15.01.2026 14:36:38	117,450	-0,398	-3,9844	-0,058	-0,5846
15.01.2026 14:36:38	117,500	-0,398	-3,9806	-0,058	-0,5785
15.01.2026 14:36:38	117,550	-0,388	-3,8804	-0,058	-0,5798
15.01.2026 14:36:38	117,600	-0,366	-3,6553	-0,056	-0,5627
15.01.2026 14:36:38	117,650	-0,337	-3,3689	-0,054	-0,5433
15.01.2026 14:36:38	117,700	-0,308	-3,0824	-0,051	-0,5107
15.01.2026 14:36:38	117,750	-0,282	-2,8179	-0,049	-0,4882
15.01.2026 14:36:38	117,800	-0,262	-2,6162	-0,046	-0,4588
15.01.2026 14:36:38	117,850	-0,247	-2,4677	-0,045	-0,4492
15.01.2026 14:36:38	117,900	-0,233	-2,3313	-0,043	-0,4261
15.01.2026 14:36:38	117,950	-0,223	-2,2326	-0,042	-0,4173
15.01.2026 14:36:39	118,000	-0,218	-2,1810	-0,040	-0,4041
15.01.2026 14:36:39	118,050	-0,216	-2,1603	-0,040	-0,4047
15.01.2026 14:36:39	118,100	-0,212	-2,1185	-0,040	-0,3957
15.01.2026 14:36:39	118,150	-0,207	-2,0662	-0,040	-0,3956
15.01.2026 14:36:39	118,200	-0,199	-1,9898	-0,038	-0,3823
15.01.2026 14:36:39	118,250	-0,191	-1,9084	-0,038	-0,3779
15.01.2026 14:36:39	118,300	-0,181	-1,8080	-0,037	-0,3654
15.01.2026 14:36:39	118,350	-0,167	-1,6719	-0,035	-0,3535
15.01.2026 14:36:39	118,400	-0,151	-1,5122	-0,033	-0,3304
15.01.2026 14:36:39	118,450	-0,133	-1,3285	-0,031	-0,3140
15.01.2026 14:36:39	118,500	-0,113	-1,1304	-0,028	-0,2836
15.01.2026 14:36:39	118,550	-0,092	-0,9153	-0,026	-0,2600
15.01.2026 14:36:39	118,600	-0,072	-0,7178	-0,023	-0,2297
15.01.2026 14:36:39	118,650	-0,053	-0,5273	-0,020	-0,2031
15.01.2026 14:36:39	118,700	-0,036	-0,3603	-0,017	-0,1722
15.01.2026 14:36:39	118,750	-0,021	-0,2089	-0,016	-0,1554
15.01.2026 14:36:39	118,800	-0,007	-0,0729	-0,012	-0,1245
15.01.2026 14:36:39	118,850	0,004	0,0356	-0,012	-0,1167
15.01.2026 14:36:39	118,900	0,014	0,1443	-0,009	-0,0894
15.01.2026 14:36:39	118,950	0,025	0,2503	-0,008	-0,0780
15.01.2026 14:36:40	119,000	0,035	0,3491	-0,005	-0,0525
15.01.2026 14:36:40	119,050	0,045	0,4498	-0,004	-0,0409
15.01.2026 14:36:40	119,100	0,054	0,5435	-0,002	-0,0151
15.01.2026 14:36:40	119,150	0,062	0,6204	-6,875E-4	-0,0069
15.01.2026 14:36:40	119,200	0,069	0,6940	0,002	0,0155
15.01.2026 14:36:40	119,250	0,075	0,7535	0,002	0,0227
15.01.2026 14:36:40	119,300	0,079	0,7945	0,004	0,0411
15.01.2026 14:36:40	119,350	0,082	0,8152	0,004	0,0433
15.01.2026 14:36:40	119,400	0,082	0,8212	0,005	0,0530
15.01.2026 14:36:40	119,450	0,082	0,8196	0,005	0,0543
15.01.2026 14:36:40	119,500	0,081	0,8140	0,006	0,0638
15.01.2026 14:36:40	119,550	0,080	0,8003	0,005	0,0528
15.01.2026 14:36:40	119,600	0,080	0,7952	0,006	0,0623
15.01.2026 14:36:40	119,650	0,079	0,7889	0,006	0,0560
15.01.2026 14:36:40	119,700	0,079	0,7889	0,006	0,0649
15.01.2026 14:36:40	119,750	0,078	0,7840	0,006	0,0566
15.01.2026 14:36:40	119,800	0,078	0,7829	0,006	0,0640
15.01.2026 14:36:40	119,850	0,078	0,7847	0,006	0,0598
15.01.2026 14:36:40	119,900	0,078	0,7837	0,007	0,0656
15.01.2026 14:36:40	119,950	0,078	0,7831	0,006	0,0607
15.01.2026 14:36:41	120,000	0,078	0,7825	0,007	0,0652
15.01.2026 14:36:41	120,050	0,078	0,7840	0,006	0,0603
15.01.2026 14:36:41	120,100	0,079	0,7856	0,007	0,0670
15.01.2026 14:36:41	120,150	0,079	0,7858	0,006	0,0629
15.01.2026 14:36:41	120,200	0,079	0,7879	0,007	0,0709
15.01.2026 14:36:41	120,250	0,078	0,7845	0,006	0,0617
15.01.2026 14:36:41	120,300	0,079	0,7852	0,007	0,0676
15.01.2026 14:36:41	120,350	0,078	0,7847	0,006	0,0621
15.01.2026 14:36:41	120,400	0,079	0,7854	0,007	0,0673
15.01.2026 14:36:41	120,450	0,078	0,7842	0,006	0,0618
15.01.2026 14:36:41	120,500	0,079	0,7858	0,007	0,0687
15.01.2026 14:36:41	120,550	0,079	0,7886	0,007	0,0660
15.01.2026 14:36:41	120,600	0,079	0,7870	0,007	0,0701
15.01.2026 14:36:41	120,650	0,078	0,7837	0,006	0,0601
15.01.2026 14:36:41	120,700	0,079	0,7856	0,007	0,0693
15.01.2026 14:36:41	120,750	0,079	0,7861	0,006	0,0625
15.01.2026 14:36:41	120,800	0,079	0,7869	0,007	0,0701
15.01.2026 14:36:41	120,850	0,079	0,7874	0,006	0,0648
15.01.2026 14:36:41	120,900	0,078	0,7830	0,007	0,0670
15.01.2026 14:36:41	120,950	0,078	0,7841	0,006	0,0619
15.01.2026 14:36:42	121,000	0,079	0,7885	0,007	0,0725
15.01.2026 14:36:42	121,050	0,079	0,7875	0,007	0,0651
15.01.2026 14:36:42	121,100	0,079	0,7867	0,007	0,0706
15.01.2026 14:36:42	121,150	0,078	0,7848	0,006	0,0607
15.01.2026 14:36:42	121,200	0,079	0,7873	0,007	0,0694
15.01.2026 14:36:42	121,250	0,078	0,7817	0,006	0,0598
15.01.2026 14:36:42	121,300	0,079	0,7882	0,007	0,0722
15.01.2026 14:36:42	121,350	0,079	0,7863	0,006	0,0640
15.01.2026 14:36:42	121,400	0,078	0,7823	0,007	0,0668
15.01.2026 14:36:42	121,450	0,079	0,7865	0,006	0,0641
15.01.2026 14:36:42	121,500	0,078	0,7849	0,007	0,0696
15.01.2026 14:36:42	121,550	0,079	0,7857	0,006	0,0639
15.01.2026 14:36:42	121,600	0,079	0,7858	0,007	0,0699
15.01.2026 14:36:42	121,650	0,078	0,7847	0,006	0,0630
15.01.2026 14:36:42	121,700	0,079	0,7856	0,007	0,0690
15.01.2026 14:36:42	121,750	0,078	0,7821	0,006	0,0603
15.01.2026 14:36:42	121,800	0,079	0,7865	0,007	0,0700
15.01.2026 14:36:42	121,850	0,078	0,7830	0,006	0,0607
15.01.2026 14:36:42	121,900	0,079	0,7877	0,007	0,0713
15.01.2026 14:36:42	121,950	0,079	0,7873	0,006	0,0647
15.01.2026 14:36:43	122,000	0,078	0,7842	0,007	0,0684
15.01.2026 14:36:43	122,050	0,079	0,7861	0,007	0,0653
15.01.2026 14:36:43	122,100	0,078	0,7841	0,007	0,0707
15.01.2026 14:36:43	122,150	0,079	0,7859	0,006	0,0640
15.01.2026 14:36:43	122,200	0,079	0,7876	0,007	0,0706
15.01.2026 14:36:43	122,250	0,022	0,2205	0,005	0,0509
15.01.2026 14:36:43	122,300	-0,073	-0,7335	0,002	0,0222
15.01.2026 14:36:43	122,350	-0,090	-0,8965	7,017E-4	0,0070
15.01.2026 14:36:43	122,400	-0,085	-0,8490	0,001	0,0143
15.01.2026 14:36:43	122,450	-0,079	-0,7908	0,001	0,0110
15.01.2026 14:36:43	122,500	-0,076	-0,7627	0,002	0,0167
15.01.2026 14:36:43	122,550	-0,075	-0,7536	9,861E-4	0,0099
15.01.2026 14:36:43	122,600	-0,075	-0,7481	0,002	0,0175
15.01.2026 14:36:43	122,650	-0,075	-0,7465	0,001	0,0111
15.01.2026 14:36:43	122,700	-0,074	-0,7446	0,002	0,0191
15.01.2026 14:36:43	122,750	-0,075	-0,7482	8,469E-4	0,0085
15.01.2026 14:36:43	122,800	-0,075	-0,7483	0,002	0,0155
15.01.2026 14:36:43	122,850	-0,074	-0,7447	0,001	0,0124
15.01.2026 14:36:43	122,900	-0,075	-0,7477	0,002	0,0157
15.01.2026 14:36:43	122,950	-0,074	-0,7445	0,001	0,0128
15.01.2026 14:36:44	123,000	-0,074	-0,7429	0,002	0,0203
15.01.2026 14:36:44	123,050	-0,075	-0,7468	9,812E-4	0,0098
15.01.2026 14:36:44	123,100	-0,075	-0,7473	0,002	0,0167
15.01.2026 14:36:44	123,150	-0,075	-0,7470	0,001	0,0114
15.01.2026 14:36:44	123,200	-0,075	-0,7478	0,002	0,0166
15.01.2026 14:36:44	123,250	-0,075	-0,7475	9,946E-4	0,0099
15.01.2026 14:36:44	123,300	-0,074	-0,7443	0,002	0,0178
15.01.2026 14:36:44	123,350	-0,075	-0,7462	0,001	0,0110
15.01.2026 14:36:44	123,400	-0,075	-0,7465	0,002	0,0164
15.01.2026 14:36:44	123,450	-0,075	-0,7480	0,001	0,0102
15.01.2026 14:36:44	123,500	-0,075	-0,7474	0,002	0,0162
15.01.2026 14:36:44	123,550	-0,075	-0,7508	7,542E-4	0,0075
15.01.2026 14:36:44	123,600	-0,074	-0,7447	0,002	0,0192
15.01.2026 14:36:44	123,650	-0,075	-0,7463	0,001	0,0114
15.01.2026 14:36:44	123,700	-0,075	-0,7459	0,002	0,0175
15.01.2026 14:36:44	123,750	-0,075	-0,7475	0,001	0,0100
15.01.2026 14:36:44	123,800	-0,074	-0,7424	0,002	0,0215
15.01.2026 14:36:44	123,850	-0,075	-0,7482	9,641E-4	0,0096
15.01.2026 14:36:44	123,900	-0,075	-0,7455	0,002	0,0179
15.01.2026 14:36:44	123,950	-0,074	-0,7447	0,001	0,0127
15.01.2026 14:36:45	124,000	-0,075	-0,7474	0,002	0,0167
15.01.2026 14:36:45	124,050	-0,075	-0,7478	0,001	0,0113
15.01.2026 14:36:45	124,100	-0,075	-0,7478	0,002	0,0160
15.01.2026 14:36:45	124,150	-0,075	-0,7464	0,001	0,0121
15.01.2026 14:36:45	124,200	-0,075	-0,7472	0,002	0,0174
15.01.2026 14:36:45	124,250	-0,075	-0,7491	9,543E-4	0,0095
15.01.2026 14:36:45	124,300	-0,075	-0,7496	0,001	0,0145
15.01.2026 14:36:45	124,350	-0,075	-0,7470	0,001	0,0113
15.01.2026 14:36:45	124,400	-0,075	-0,7487	0,002	0,0164
15.01.2026 14:36:45	124,450	-0,075	-0,7463	0,001	0,0119
15.01.2026 14:36:45	124,500	-0,075	-0,7453	0,002	0,0197
15.01.2026 14:36:45	124,550	-0,075	-0,7463	0,001	0,0116
15.01.2026 14:36:45	124,600	-0,074	-0,7438	0,002	0,0195
15.01.2026 14:36:45	124,650	-0,075	-0,7469	0,001	0,0113
15.01.2026 14:36:45	124,700	-0,075	-0,7473	0,002	0,0161
15.01.2026 14:36:45	124,750	-0,075	-0,7454	0,001	0,0129
15.01.2026 14:36:45	124,800	-0,074	-0,7431	0,002	0,0221
15.01.2026 14:36:45	124,850	-0,075	-0,7469	0,001	0,0110
15.01.2026 14:36:45	124,900	-0,075	-0,7475	0,002	0,0166
15.01.2026 14:36:45	124,950	-0,075	-0,7491	0,001	0,0101
15.01.2026 14:36:46	125,000	-0,075	-0,7459	0,002	0,0179
15.01.2026 14:36:46	125,050	-0,075	-0,7480	0,001	0,0101
15.01.2026 14:36:46	125,100	-0,075	-0,7477	0,002	0,0165
15.01.2026 14:36:46	125,150	-0,075	-0,7452	0,001	0,0128
15.01.2026 14:36:46	125,200	-0,075	-0,7470	0,002	0,0173
15.01.2026 14:36:46	125,250	-0,075	-0,7467	0,001	0,0109
15.01.2026 14:36:46	125,300	-0,075	-0,7472	0,002	0,0166
15.01.2026 14:36:46	125,350	-0,075	-0,7467	0,001	0,0115
15.01.2026 14:36:46	125,400	-0,073	-0,7297	0,002	0,0173
15.01.2026 14:36:46	125,450	-0,070	-0,6973	0,001	0,0109
15.01.2026 14:36:46	125,500	-0,066	-0,6577	0,002	0,0185
15.01.2026 14:36:46	125,550	-0,061	-0,6074	0,002	0,0150
15.01.2026 14:36:46	125,600	-0,054	-0,5385	0,002	0,0229
15.01.2026 14:36:46	125,650	-0,049	-0,4901	0,002	0,0175
15.01.2026 14:36:46	125,700	-0,046	-0,4643	0,003	0,0253
15.01.2026 14:36:46	125,750	-0,045	-0,4482	0,002	0,0203
15.01.2026 14:36:46	125,800	-0,036	-0,3613	0,003	0,0259
15.01.2026 14:36:46	125,850	-0,021	-0,2147	0,003	0,0255
15.01.2026 14:36:46	125,900	-0,004	-0,0424	0,004	0,0373
15.01.2026 14:36:46	125,950	0,014	0,1441	0,003	0,0343
15.01.2026 14:36:47	126,000	0,035	0,3495	0,005	0,0483
15.01.2026 14:36:47	126,050	0,053	0,5275	0,005	0,0489
15.01.2026 14:36:47	126,100	0,068	0,6838	0,006	0,0631
15.01.2026 14:36:47	126,150	0,087	0,8686	0,006	0,0636
15.01.2026 14:36:47	126,200	0,100	1,0046	0,009	0,0866
15.01.2026 14:36:47	126,250	0,109	1,0918	0,009	0,0950
15.01.2026 14:36:47	126,300	0,117	1,1746	0,012	0,1182
15.01.2026 14:36:47	126,350	0,126	1,2590	0,013	0,1321
15.01.2026 14:36:47	126,400	0,135	1,3451	0,016	0,1577
15.01.2026 14:36:47	126,450	0,143	1,4345	0,018	0,1750
15.01.2026 14:36:47	126,500	0,153	1,5319	0,020	0,2044
15.01.2026 14:36:47	126,550	0,162	1,6248	0,023	0,2265
15.01.2026 14:36:47	126,600	0,172	1,7236	0,026	0,2605
15.01.2026 14:36:47	126,650	0,182	1,8197	0,029	0,2877
15.01.2026 14:36:47	126,700	0,192	1,9158	0,033	0,3286
15.01.2026 14:36:47	126,750	0,200	2,0015	0,036	0,3611
15.01.2026 14:36:47	126,800	0,207	2,0711	0,040	0,3986
15.01.2026 14:36:47	126,850	0,215	2,1484	0,043	0,4303
15.01.2026 14:36:47	126,900	0,223	2,2327	0,048	0,4797
15.01.2026 14:36:47	126,950	0,231	2,3130	0,052	0,5207
15.01.2026 14:36:48	127,000	0,240	2,3956	0,059	0,5857
15.01.2026 14:36:48	127,050	0,246	2,4614	0,065	0,6532
15.01.2026 14:36:48	127,100	0,252	2,5160	0,074	0,7407
15.01.2026 14:36:48	127,150	0,256	2,5610	0,084	0,8364
15.01.2026 14:36:48	127,200	0,259	2,5938	0,095	0,9519
15.01.2026 14:36:48	127,250	0,264	2,6367	0,108	1,0796
15.01.2026 14:36:48	127,300	0,268	2,6832	0,123	1,2336
15.01.2026 14:36:48	127,350	0,273	2,7317	0,140	1,4000
15.01.2026 14:36:48	127,400	0,280	2,7960	0,161	1,6078
15.01.2026 14:36:48	127,450	0,287	2,8718	0,184	1,8380
15.01.2026 14:36:48	127,500	0,297	2,9679	0,211	2,1110
15.01.2026 14:36:48	127,550	0,310	3,1012	0,241	2,4108
15.01.2026 14:36:48	127,600	0,326	3,2625	0,275	2,7549
15.01.2026 14:36:48	127,650	0,347	3,4718	0,312	3,1211
15.01.2026 14:36:48	127,700	0,382	3,8191	0,353	3,5263
15.01.2026 14:36:48	127,750	0,436	4,3648	0,392	3,9230
15.01.2026 14:36:48	127,800	0,506	5,0582	0,431	4,3125
15.01.2026 14:36:48	127,850	0,583	5,8276	0,463	4,6327
15.01.2026 14:36:48	127,900	0,653	6,5310	0,487	4,8738
15.01.2026 14:36:48	127,950	0,697	6,9683	0,500	4,9974
15.01.2026 14:36:49	128,000	0,696	6,9561	0,504	5,0401
15.01.2026 14:36:49	128,050	0,636	6,3553	0,502	5,0194
15.01.2026 14:36:49	128,100	0,575	5,7498	0,500	5,0021
15.01.2026 14:36:49	128,150	0,541	5,4063	0,498	4,9844
15.01.2026 14:36:49	128,200	0,526	5,2628	0,498	4,9819
15.01.2026 14:36:49	128,250	0,522	5,2226	0,497	4,9740
15.01.2026 14:36:49	128,300	0,522	5,2217	0,498	4,9784
15.01.2026 14:36:49	128,350	0,523	5,2323	0,498	4,9756
15.01.2026 14:36:49	128,400	0,523	5,2318	0,497	4,9749
15.01.2026 14:36:49	128,450	0,523	5,2344	0,497	4,9707
15.01.2026 14:36:49	128,500	0,523	5,2342	0,498	4,9751
15.01.2026 14:36:49	128,550	0,523	5,2343	0,497	4,9712
15.01.2026 14:36:49	128,600	0,524	5,2354	0,498	4,9771
15.01.2026 14:36:49	128,650	0,524	5,2353	0,497	4,9725
15.01.2026 14:36:49	128,700	0,524	5,2362	0,498	4,9779
15.01.2026 14:36:49	128,750	0,523	5,2325	0,497	4,9712
15.01.2026 14:36:49	128,800	0,518	5,1807	0,498	4,9769
15.01.2026 14:36:49	128,850	0,506	5,0566	0,497	4,9654
15.01.2026 14:36:49	128,900	0,495	4,9483	0,496	4,9617
15.01.2026 14:36:49	128,950	0,485	4,8467	0,495	4,9535
15.01.2026 14:36:50	129,000	0,470	4,7041	0,495	4,9535
15.01.2026 14:36:50	129,050	0,455	4,5540	0,494	4,9407
15.01.2026 14:36:50	129,100	0,443	4,4332	0,494	4,9401
15.01.2026 14:36:50	129,150	0,433	4,3280	0,493	4,9317
15.01.2026 14:36:50	129,200	0,416	4,1624	0,493	4,9283
15.01.2026 14:36:50	129,250	0,398	3,9800	0,491	4,9150
15.01.2026 14:36:50	129,300	0,380	3,8024	0,491	4,9080
15.01.2026 14:36:50	129,350	0,363	3,6297	0,489	4,8919
15.01.2026 14:36:50	129,400	0,347	3,4697	0,489	4,8885
15.01.2026 14:36:50	129,450	0,336	3,3560	0,488	4,8797
15.01.2026 14:36:50	129,500	0,330	3,2971	0,487	4,8748
15.01.2026 14:36:50	129,550	0,328	3,2811	0,487	4,8704
15.01.2026 14:36:50	129,600	0,333	3,3255	0,488	4,8766
15.01.2026 14:36:50	129,650	0,354	3,5366	0,488	4,8769
15.01.2026 14:36:50	129,700	0,400	3,9977	0,489	4,8947
15.01.2026 14:36:50	129,750	0,447	4,4679	0,491	4,9075
15.01.2026 14:36:50	129,800	0,474	4,7443	0,492	4,9217
15.01.2026 14:36:50	129,850	0,486	4,8562	0,492	4,9199
15.01.2026 14:36:50	129,900	0,489	4,8906	0,493	4,9280
15.01.2026 14:36:50	129,950	0,489	4,8942	0,493	4,9250
15.01.2026 14:36:51	130,000	0,493	4,9294	0,493	4,9289
15.01.2026 14:36:51	130,050	0,504	5,0350	0,493	4,9281
15.01.2026 14:36:51	130,100	0,524	5,2424	0,494	4,9421
15.01.2026 14:36:51	130,150	0,546	5,4570	0,495	4,9462
15.01.2026 14:36:51	130,200	0,563	5,6273	0,496	4,9579
15.01.2026 14:36:51	130,250	0,572	5,7232	0,496	4,9612
15.01.2026 14:36:51	130,300	0,580	5,8039	0,497	4,9677
15.01.2026 14:36:51	130,350	0,591	5,9062	0,497	4,9660
15.01.2026 14:36:51	130,400	0,608	6,0826	0,498	4,9816
15.01.2026 14:36:51	130,450	0,627	6,2740	0,498	4,9844
15.01.2026 14:36:51	130,500	0,640	6,3993	0,499	4,9929
15.01.2026 14:36:51	130,550	0,650	6,4979	0,499	4,9948
15.01.2026 14:36:51	130,600	0,663	6,6283	0,501	5,0064
15.01.2026 14:36:51	130,650	0,677	6,7739	0,501	5,0125
15.01.2026 14:36:51	130,700	0,693	6,9292	0,503	5,0252
15.01.2026 14:36:51	130,750	0,709	7,0884	0,504	5,0417
15.01.2026 14:36:51	130,800	0,721	7,2088	0,506	5,0633
15.01.2026 14:36:51	130,850	0,731	7,3146	0,508	5,0766
15.01.2026 14:36:51	130,900	0,744	7,4406	0,510	5,1034
15.01.2026 14:36:51	130,950	0,761	7,6115	0,513	5,1328
15.01.2026 14:36:52	131,000	0,783	7,8289	0,517	5,1741
15.01.2026 14:36:52	131,050	0,810	8,0983	0,522	5,2186
15.01.2026 14:36:52	131,100	0,842	8,4203	0,528	5,2766
15.01.2026 14:36:52	131,150	0,875	8,7459	0,533	5,3301
15.01.2026 14:36:52	131,200	0,900	9,0033	0,538	5,3774
15.01.2026 14:36:52	131,250	0,914	9,1439	0,540	5,3985
15.01.2026 14:36:52	131,300	0,917	9,1699	0,541	5,4138
15.01.2026 14:36:52	131,350	0,910	9,1034	0,541	5,4087
15.01.2026 14:36:52	131,400	0,903	9,0280	0,541	5,4097
15.01.2026 14:36:52	131,450	0,905	9,0477	0,541	5,4099
15.01.2026 14:36:52	131,500	0,908	9,0828	0,541	5,4112
15.01.2026 14:36:52	131,550	0,916	9,1562	0,541	5,4124
15.01.2026 14:36:52	131,600	0,924	9,2362	0,542	5,4214
15.01.2026 14:36:52	131,650	0,935	9,3502	0,543	5,4285
15.01.2026 14:36:52	131,700	0,950	9,4990	0,545	5,4508
15.01.2026 14:36:52	131,750	0,966	9,6568	0,547	5,4708
15.01.2026 14:36:52	131,800	0,981	9,8139	0,550	5,4954
15.01.2026 14:36:52	131,850	0,998	9,9833	0,551	5,5128
15.01.2026 14:36:52	131,900	1,017	10,1719	0,554	5,5393
15.01.2026 14:36:52	131,950	1,038	10,3755	0,556	5,5618
15.01.2026 14:36:53	132,000	1,060	10,6013	0,559	5,5919
15.01.2026 14:36:53	132,050	1,085	10,8504	0,562	5,6176
15.01.2026 14:36:53	132,100	1,108	11,0802	0,565	5,6487
15.01.2026 14:36:53	132,150	1,127	11,2687	0,567	5,6695
15.01.2026 14:36:53	132,200	1,147	11,4745	0,569	5,6933
15.01.2026 14:36:53	132,250	1,173	11,7284	0,572	5,7173
15.01.2026 14:36:53	132,300	1,196	11,9605	0,574	5,7449
15.01.2026 14:36:53	132,350	1,212	12,1162	0,576	5,7619
15.01.2026 14:36:53	132,400	1,221	12,2107	0,577	5,7733
15.01.2026 14:36:53	132,450	1,227	12,2673	0,578	5,7775
15.01.2026 14:36:53	132,500	1,229	12,2891	0,579	5,7865
15.01.2026 14:36:53	132,550	1,228	12,2815	0,578	5,7833
15.01.2026 14:36:53	132,600	1,227	12,2692	0,579	5,7859
15.01.2026 14:36:53	132,650	1,226	12,2552	0,578	5,7818
15.01.2026 14:36:53	132,700	1,225	12,2490	0,579	5,7864
15.01.2026 14:36:53	132,750	1,224	12,2444	0,578	5,7841
15.01.2026 14:36:53	132,800	1,224	12,2430	0,579	5,7860
15.01.2026 14:36:53	132,850	1,224	12,2407	0,578	5,7817
15.01.2026 14:36:53	132,900	1,225	12,2464	0,579	5,7895
15.01.2026 14:36:53	132,950	1,225	12,2493	0,578	5,7850
15.01.2026 14:36:54	133,000	1,232	12,3246	0,579	5,7890
15.01.2026 14:36:54	133,050	1,251	12,5085	0,580	5,7975
15.01.2026 14:36:54	133,100	1,284	12,8351	0,583	5,8254
15.01.2026 14:36:54	133,150	1,325	13,2464	0,586	5,8624
15.01.2026 14:36:54	133,200	1,359	13,5913	0,590	5,8990
15.01.2026 14:36:54	133,250	1,385	13,8468	0,592	5,9185
15.01.2026 14:36:54	133,300	1,405	14,0493	0,594	5,9409
15.01.2026 14:36:54	133,350	1,422	14,2158	0,595	5,9510
15.01.2026 14:36:54	133,400	1,433	14,3342	0,596	5,9624
15.01.2026 14:36:54	133,450	1,442	14,4200	0,597	5,9699
15.01.2026 14:36:54	133,500	1,452	14,5221	0,598	5,9771
15.01.2026 14:36:54	133,550	1,469	14,6855	0,599	5,9890
15.01.2026 14:36:54	133,600	1,487	14,8737	0,601	6,0061
15.01.2026 14:36:54	133,650	1,502	15,0185	0,602	6,0173
15.01.2026 14:36:54	133,700	1,509	15,0920	0,603	6,0256
15.01.2026 14:36:54	133,750	1,511	15,1115	0,602	6,0236
15.01.2026 14:36:54	133,800	1,516	15,1602	0,603	6,0305
15.01.2026 14:36:54	133,850	1,525	15,2507	0,603	6,0349
15.01.2026 14:36:54	133,900	1,534	15,3386	0,604	6,0416
15.01.2026 14:36:54	133,950	1,541	15,4061	0,605	6,0469
15.01.2026 14:36:55	134,000	1,549	15,4872	0,605	6,0543
15.01.2026 14:36:55	134,050	1,556	15,5574	0,606	6,0576
15.01.2026 14:36:55	134,100	1,564	15,6391	0,607	6,0678
15.01.2026 14:36:55	134,150	1,574	15,7419	0,607	6,0712
15.01.2026 14:36:55	134,200	1,587	15,8669	0,608	6,0813
15.01.2026 14:36:55	134,250	1,600	15,9972	0,609	6,0874
15.01.2026 14:36:55	134,300	1,611	16,1082	0,610	6,0981
15.01.2026 14:36:55	134,350	1,621	16,2139	0,610	6,1043
15.01.2026 14:36:55	134,400	1,631	16,3051	0,611	6,1137
15.01.2026 14:36:55	134,450	1,640	16,4000	0,612	6,1173
15.01.2026 14:36:55	134,500	1,647	16,4724	0,613	6,1261
15.01.2026 14:36:55	134,550	1,651	16,5082	0,613	6,1259
15.01.2026 14:36:55	134,600	1,652	16,5177	0,613	6,1305
15.01.2026 14:36:55	134,650	1,652	16,5179	0,613	6,1316
15.01.2026 14:36:55	134,700	1,651	16,5105	0,613	6,1318
15.01.2026 14:36:55	134,750	1,650	16,5027	0,613	6,1263
15.01.2026 14:36:55	134,800	1,650	16,5007	0,613	6,1304
15.01.2026 14:36:55	134,850	1,650	16,5024	0,613	6,1318
15.01.2026 14:36:55	134,900	1,652	16,5233	0,613	6,1346
15.01.2026 14:36:55	134,950	1,661	16,6127	0,614	6,1360
15.01.2026 14:36:56	135,000	1,676	16,7565	0,614	6,1445
15.01.2026 14:36:56	135,050	1,690	16,9024	0,615	6,1515
15.01.2026 14:36:56	135,100	1,704	17,0371	0,616	6,1594
15.01.2026 14:36:56	135,150	1,714	17,1414	0,616	6,1647
15.01.2026 14:36:56	135,200	1,720	17,1995	0,617	6,1748
15.01.2026 14:36:56	135,250	1,722	17,2168	0,618	6,1760
15.01.2026 14:36:56	135,300	1,722	17,2158	0,618	6,1773
15.01.2026 14:36:56	135,350	1,728	17,2803	0,618	6,1782
15.01.2026 14:36:56	135,400	1,743	17,4334	0,619	6,1907
15.01.2026 14:36:56	135,450	1,758	17,5841	0,620	6,1959
15.01.2026 14:36:56	135,500	1,769	17,6890	0,620	6,2021
15.01.2026 14:36:56	135,550	1,778	17,7778	0,621	6,2088
15.01.2026 14:36:56	135,600	1,788	17,8817	0,621	6,2139
15.01.2026 14:36:56	135,650	1,800	17,9955	0,622	6,2201
15.01.2026 14:36:56	135,700	1,814	18,1434	0,623	6,2312
15.01.2026 14:36:56	135,750	1,835	18,3471	0,624	6,2419
15.01.2026 14:36:56	135,800	1,856	18,5622	0,626	6,2564
15.01.2026 14:36:56	135,850	1,873	18,7257	0,627	6,2674
15.01.2026 14:36:56	135,900	1,882	18,8224	0,627	6,2746
15.01.2026 14:36:56	135,950	1,891	18,9060	0,628	6,2776
15.01.2026 14:36:57	136,000	1,903	19,0295	0,629	6,2859
15.01.2026 14:36:57	136,050	1,928	19,2798	0,630	6,2963
15.01.2026 14:36:57	136,100	1,958	19,5801	0,631	6,3142
15.01.2026 14:36:57	136,150	1,983	19,8317	0,633	6,3295
15.01.2026 14:36:57	136,200	1,999	19,9888	0,634	6,3390
15.01.2026 14:36:57	136,250	2,012	20,1217	0,635	6,3468
15.01.2026 14:36:57	136,300	2,026	20,2585	0,635	6,3531
15.01.2026 14:36:57	136,350	2,038	20,3808	0,636	6,3583
15.01.2026 14:36:57	136,400	2,049	20,4892	0,637	6,3689
15.01.2026 14:36:57	136,450	2,055	20,5518	0,637	6,3718
15.01.2026 14:36:57	136,500	2,057	20,5741	0,637	6,3722
15.01.2026 14:36:57	136,550	2,058	20,5840	0,637	6,3745
15.01.2026 14:36:57	136,600	2,059	20,5875	0,638	6,3769
15.01.2026 14:36:57	136,650	2,062	20,6171	0,638	6,3765
15.01.2026 14:36:57	136,700	2,068	20,6844	0,638	6,3779
15.01.2026 14:36:57	136,750	2,079	20,7880	0,638	6,3820
15.01.2026 14:36:57	136,800	2,088	20,8847	0,639	6,3886
15.01.2026 14:36:57	136,850	2,100	20,9981	0,639	6,3916
15.01.2026 14:36:57	136,900	2,116	21,1578	0,640	6,4021
15.01.2026 14:36:57	136,950	2,142	21,4159	0,642	6,4151
15.01.2026 14:36:58	137,000	2,175	21,7453	0,643	6,4323
15.01.2026 14:36:58	137,050	2,202	22,0219	0,644	6,4438
15.01.2026 14:36:58	137,100	2,224	22,2434	0,646	6,4557
15.01.2026 14:36:58	137,150	2,241	22,4109	0,646	6,4621
15.01.2026 14:36:58	137,200	2,251	22,5115	0,647	6,4706
15.01.2026 14:36:58	137,250	2,264	22,6381	0,647	6,4741
15.01.2026 14:36:58	137,300	2,284	22,8406	0,648	6,4840
15.01.2026 14:36:58	137,350	2,305	23,0517	0,649	6,4947
15.01.2026 14:36:58	137,400	2,322	23,2216	0,650	6,5045
15.01.2026 14:36:58	137,450	2,340	23,4048	0,651	6,5098
15.01.2026 14:36:58	137,500	2,360	23,5957	0,652	6,5215
15.01.2026 14:36:58	137,550	2,375	23,7457	0,653	6,5273
15.01.2026 14:36:58	137,600	2,393	23,9286	0,653	6,5344
15.01.2026 14:36:58	137,650	2,415	24,1533	0,655	6,5452
15.01.2026 14:36:58	137,700	2,436	24,3648	0,655	6,5538
15.01.2026 14:36:58	137,750	2,457	24,5666	0,656	6,5631
15.01.2026 14:36:58	137,800	2,477	24,7704	0,657	6,5693
15.01.2026 14:36:58	137,850	2,497	24,9699	0,659	6,5853
15.01.2026 14:36:58	137,900	2,510	25,0985	0,659	6,5875
15.01.2026 14:36:58	137,950	2,516	25,1633	0,659	6,5910
15.01.2026 14:36:59	138,000	2,518	25,1840	0,659	6,5914
15.01.2026 14:36:59	138,050	2,518	25,1848	0,659	6,5920
15.01.2026 14:36:59	138,100	2,518	25,1793	0,659	6,5941
15.01.2026 14:36:59	138,150	2,517	25,1737	0,659	6,5935
15.01.2026 14:36:59	138,200	2,517	25,1693	0,659	6,5920
15.01.2026 14:36:59	138,250	2,517	25,1688	0,659	6,5915
15.01.2026 14:36:59	138,300	2,517	25,1704	0,659	6,5931
15.01.2026 14:36:59	138,350	2,517	25,1688	0,659	6,5929
15.01.2026 14:36:59	138,400	2,517	25,1726	0,659	6,5947
15.01.2026 14:36:59	138,450	2,517	25,1710	0,659	6,5927
15.01.2026 14:36:59	138,500	2,520	25,1997	0,660	6,5959
15.01.2026 14:36:59	138,550	2,533	25,3332	0,660	6,5979
15.01.2026 14:36:59	138,600	2,558	25,5847	0,660	6,6036
15.01.2026 14:36:59	138,650	2,587	25,8732	0,662	6,6165
15.01.2026 14:36:59	138,700	2,612	26,1152	0,663	6,6271
15.01.2026 14:36:59	138,750	2,635	26,3474	0,664	6,6368
15.01.2026 14:36:59	138,800	2,661	26,6114	0,665	6,6512
15.01.2026 14:36:59	138,850	2,684	26,8378	0,666	6,6572
15.01.2026 14:36:59	138,900	2,702	27,0201	0,667	6,6666
15.01.2026 14:36:59	138,950	2,717	27,1675	0,667	6,6709
15.01.2026 14:37:00	139,000	2,732	27,3242	0,668	6,6780
15.01.2026 14:37:00	139,050	2,754	27,5418	0,668	6,6842
15.01.2026 14:37:00	139,100	2,785	27,8519	0,669	6,6945
15.01.2026 14:37:00	139,150	2,827	28,2682	0,671	6,7089
15.01.2026 14:37:00	139,200	2,858	28,5767	0,672	6,7226
15.01.2026 14:37:00	139,250	2,872	28,7198	0,673	6,7271
15.01.2026 14:37:00	139,300	2,882	28,8206	0,673	6,7326
15.01.2026 14:37:00	139,350	2,896	28,9599	0,673	6,7344
15.01.2026 14:37:00	139,400	2,919	29,1863	0,674	6,7428
15.01.2026 14:37:00	139,450	2,942	29,4178	0,675	6,7534
15.01.2026 14:37:00	139,500	2,957	29,5715	0,676	6,7602
15.01.2026 14:37:00	139,550	2,971	29,7092	0,676	6,7622
15.01.2026 14:37:00	139,600	2,985	29,8507	0,677	6,7670
15.01.2026 14:37:00	139,650	2,994	29,9445	0,677	6,7706
15.01.2026 14:37:00	139,700	3,000	29,9983	0,677	6,7712
15.01.2026 14:37:00	139,750	3,012	30,1232	0,677	6,7741
15.01.2026 14:37:00	139,800	3,031	30,3093	0,678	6,7818
15.01.2026 14:37:00	139,850	3,044	30,4383	0,679	6,7855
15.01.2026 14:37:00	139,900	3,050	30,5029	0,679	6,7893
15.01.2026 14:37:00	139,950	3,057	30,5697	0,679	6,7929
15.01.2026 14:37:01	140,000	3,065	30,6456	0,680	6,7958
15.01.2026 14:37:01	140,050	3,073	30,7288	0,680	6,7985
15.01.2026 14:37:01	140,100	3,083	30,8340	0,680	6,7992
15.01.2026 14:37:01	140,150	3,095	30,9513	0,680	6,8035
15.01.2026 14:37:01	140,200	3,105	31,0517	0,681	6,8077
15.01.2026 14:37:01	140,250	3,118	31,1831	0,681	6,8141
15.01.2026 14:37:01	140,300	3,131	31,3126	0,682	6,8155
15.01.2026 14:37:01	140,350	3,144	31,4391	0,682	6,8228
15.01.2026 14:37:01	140,400	3,157	31,5667	0,682	6,8243
15.01.2026 14:37:01	140,450	3,170	31,6993	0,683	6,8280
15.01.2026 14:37:01	140,500	3,183	31,8327	0,683	6,8315
15.01.2026 14:37:01	140,550	3,195	31,9544	0,684	6,8352
15.01.2026 14:37:01	140,600	3,208	32,0797	0,684	6,8378
15.01.2026 14:37:01	140,650	3,223	32,2269	0,684	6,8437
15.01.2026 14:37:01	140,700	3,238	32,3845	0,685	6,8476
15.01.2026 14:37:01	140,750	3,254	32,5356	0,686	6,8552
15.01.2026 14:37:01	140,800	3,267	32,6716	0,685	6,8545
15.01.2026 14:37:01	140,850	3,285	32,8503	0,686	6,8642
15.01.2026 14:37:01	140,900	3,296	32,9563	0,686	6,8642
15.01.2026 14:37:01	140,950	3,296	32,9618	0,687	6,8681
15.01.2026 14:37:02	141,000	3,291	32,9083	0,686	6,8650
15.01.2026 14:37:02	141,050	3,289	32,8858	0,687	6,8704
15.01.2026 14:37:02	141,100	3,287	32,8711	0,687	6,8667
15.01.2026 14:37:02	141,150	3,287	32,8714	0,687	6,8728
15.01.2026 14:37:02	141,200	3,286	32,8622	0,687	6,8664
15.01.2026 14:37:02	141,250	3,287	32,8660	0,687	6,8675
15.01.2026 14:37:02	141,300	3,296	32,9583	0,687	6,8675
15.01.2026 14:37:02	141,350	3,322	33,2206	0,688	6,8756
15.01.2026 14:37:02	141,400	3,365	33,6474	0,688	6,8832
15.01.2026 14:37:02	141,450	3,404	34,0356	0,690	6,8969
15.01.2026 14:37:02	141,500	3,435	34,3504	0,691	6,9056
15.01.2026 14:37:02	141,550	3,464	34,6434	0,692	6,9156
15.01.2026 14:37:02	141,600	3,491	34,9124	0,692	6,9190
15.01.2026 14:37:02	141,650	3,513	35,1318	0,693	6,9311
15.01.2026 14:37:02	141,700	3,530	35,3003	0,693	6,9295
15.01.2026 14:37:02	141,750	3,547	35,4711	0,694	6,9354
15.01.2026 14:37:02	141,800	3,589	35,8920	0,695	6,9471
15.01.2026 14:37:02	141,850	3,670	36,6958	0,697	6,9684
15.01.2026 14:37:02	141,900	3,737	37,3689	0,698	6,9840
15.01.2026 14:37:02	141,950	3,768	37,6814	0,699	6,9934
15.01.2026 14:37:03	142,000	3,780	37,7977	0,699	6,9943
15.01.2026 14:37:03	142,050	3,784	37,8419	0,700	6,9998
15.01.2026 14:37:03	142,100	3,785	37,8526	0,700	6,9972
15.01.2026 14:37:03	142,150	3,786	37,8584	0,700	6,9996
15.01.2026 14:37:03	142,200	3,786	37,8638	0,700	7,0000
15.01.2026 14:37:03	142,250	3,792	37,9203	0,700	7,0001
15.01.2026 14:37:03	142,300	3,799	37,9919	0,700	7,0004
15.01.2026 14:37:03	142,350	3,809	38,0858	0,700	7,0017
15.01.2026 14:37:03	142,400	3,823	38,2255	0,700	7,0026
15.01.2026 14:37:03	142,450	3,834	38,3415	0,701	7,0095
15.01.2026 14:37:03	142,500	3,844	38,4430	0,701	7,0105
15.01.2026 14:37:03	142,550	3,857	38,5705	0,702	7,0181
15.01.2026 14:37:03	142,600	3,874	38,7380	0,702	7,0155
15.01.2026 14:37:03	142,650	3,893	38,9285	0,703	7,0255
15.01.2026 14:37:03	142,700	3,909	39,0854	0,702	7,0242
15.01.2026 14:37:03	142,750	3,926	39,2636	0,703	7,0326
15.01.2026 14:37:03	142,800	3,950	39,5028	0,703	7,0336
15.01.2026 14:37:03	142,850	3,977	39,7690	0,704	7,0401
15.01.2026 14:37:03	142,900	3,992	39,9204	0,705	7,0461
15.01.2026 14:37:03	142,950	4,006	40,0647	0,705	7,0494
15.01.2026 14:37:04	143,000	4,023	40,2312	0,705	7,0509
15.01.2026 14:37:04	143,050	4,033	40,3274	0,705	7,0539
15.01.2026 14:37:04	143,100	4,037	40,3695	0,705	7,0546
15.01.2026 14:37:04	143,150	4,039	40,3886	0,706	7,0605
15.01.2026 14:37:04	143,200	4,039	40,3885	0,706	7,0579
15.01.2026 14:37:04	143,250	4,039	40,3867	0,706	7,0561
15.01.2026 14:37:04	143,300	4,039	40,3889	0,706	7,0575
15.01.2026 14:37:04	143,350	4,039	40,3914	0,706	7,0612
15.01.2026 14:37:04	143,400	4,039	40,3881	0,706	7,0558
15.01.2026 14:37:04	143,450	4,039	40,3863	0,706	7,0562
15.01.2026 14:37:04	143,500	4,040	40,4007	0,705	7,0542
15.01.2026 14:37:04	143,550	4,052	40,5245	0,706	7,0614
15.01.2026 14:37:04	143,600	4,075	40,7468	0,706	7,0625
15.01.2026 14:37:04	143,650	4,099	40,9852	0,707	7,0714
15.01.2026 14:37:04	143,700	4,121	41,2079	0,707	7,0690
15.01.2026 14:37:04	143,750	4,145	41,4522	0,708	7,0806
15.01.2026 14:37:04	143,800	4,164	41,6439	0,708	7,0824
15.01.2026 14:37:04	143,850	4,179	41,7906	0,709	7,0868
15.01.2026 14:37:04	143,900	4,194	41,9407	0,709	7,0888
15.01.2026 14:37:04	143,950	4,212	42,1156	0,709	7,0938
15.01.2026 14:37:05	144,000	4,225	42,2461	0,709	7,0934
15.01.2026 14:37:05	144,050	4,231	42,3148	0,710	7,1014
15.01.2026 14:37:05	144,100	4,233	42,3339	0,709	7,0945
15.01.2026 14:37:05	144,150	4,240	42,3991	0,710	7,1036
15.01.2026 14:37:05	144,200	4,246	42,4623	0,710	7,0979
15.01.2026 14:37:05	144,250	4,250	42,5021	0,710	7,1022
15.01.2026 14:37:05	144,300	4,252	42,5164	0,710	7,1010
15.01.2026 14:37:05	144,350	4,252	42,5246	0,710	7,1015
15.01.2026 14:37:05	144,400	4,253	42,5278	0,710	7,1007
15.01.2026 14:37:05	144,450	4,253	42,5309	0,710	7,1045
15.01.2026 14:37:05	144,500	4,253	42,5281	0,710	7,0979
15.01.2026 14:37:05	144,550	4,254	42,5370	0,710	7,1030
15.01.2026 14:37:05	144,600	4,277	42,7700	0,710	7,1012
15.01.2026 14:37:05	144,650	4,330	43,3034	0,712	7,1175
15.01.2026 14:37:05	144,700	4,369	43,6851	0,712	7,1232
15.01.2026 14:37:05	144,750	4,385	43,8542	0,712	7,1241
15.01.2026 14:37:05	144,800	4,393	43,9253	0,712	7,1250
15.01.2026 14:37:05	144,850	4,398	43,9843	0,713	7,1286
15.01.2026 14:37:05	144,900	4,410	44,0955	0,713	7,1297
15.01.2026 14:37:05	144,950	4,421	44,2148	0,713	7,1322
15.01.2026 14:37:06	145,000	4,428	44,2778	0,713	7,1335
15.01.2026 14:37:06	145,050	4,431	44,3080	0,714	7,1361
15.01.2026 14:37:06	145,100	4,432	44,3165	0,713	7,1322
15.01.2026 14:37:06	145,150	4,432	44,3235	0,714	7,1358
15.01.2026 14:37:06	145,200	4,432	44,3244	0,713	7,1347
15.01.2026 14:37:06	145,250	4,433	44,3293	0,714	7,1383
15.01.2026 14:37:06	145,300	4,433	44,3288	0,714	7,1358
15.01.2026 14:37:06	145,350	4,433	44,3294	0,714	7,1370
15.01.2026 14:37:06	145,400	4,435	44,3530	0,713	7,1337
15.01.2026 14:37:06	145,450	4,457	44,5689	0,714	7,1406
15.01.2026 14:37:06	145,500	4,492	44,9155	0,714	7,1438
15.01.2026 14:37:06	145,550	4,518	45,1827	0,715	7,1505
15.01.2026 14:37:06	145,600	4,532	45,3225	0,715	7,1545
15.01.2026 14:37:06	145,650	4,548	45,4845	0,716	7,1597
15.01.2026 14:37:06	145,700	4,565	45,6533	0,716	7,1587
15.01.2026 14:37:06	145,750	4,581	45,8052	0,717	7,1658
15.01.2026 14:37:06	145,800	4,588	45,8837	0,716	7,1614
15.01.2026 14:37:06	145,850	4,599	45,9874	0,717	7,1672
15.01.2026 14:37:06	145,900	4,621	46,2138	0,717	7,1650
15.01.2026 14:37:06	145,950	4,644	46,4445	0,718	7,1751
15.01.2026 14:37:07	146,000	4,657	46,5718	0,718	7,1783
15.01.2026 14:37:07	146,050	4,663	46,6271	0,718	7,1798
15.01.2026 14:37:07	146,100	4,665	46,6508	0,718	7,1760
15.01.2026 14:37:07	146,150	4,673	46,7301	0,718	7,1819
15.01.2026 14:37:07	146,200	4,686	46,8585	0,718	7,1797
15.01.2026 14:37:07	146,250	4,704	47,0428	0,719	7,1879
15.01.2026 14:37:07	146,300	4,721	47,2119	0,719	7,1860
15.01.2026 14:37:07	146,350	4,731	47,3118	0,719	7,1906
15.01.2026 14:37:07	146,400	4,736	47,3562	0,719	7,1884
15.01.2026 14:37:07	146,450	4,744	47,4400	0,719	7,1936
15.01.2026 14:37:07	146,500	4,758	47,5807	0,719	7,1925
15.01.2026 14:37:07	146,550	4,774	47,7426	0,720	7,1981
15.01.2026 14:37:07	146,600	4,784	47,8449	0,720	7,1960
15.01.2026 14:37:07	146,650	4,792	47,9219	0,720	7,2005
15.01.2026 14:37:07	146,700	4,804	48,0443	0,720	7,2013
15.01.2026 14:37:07	146,750	4,817	48,1684	0,721	7,2052
15.01.2026 14:37:07	146,800	4,826	48,2612	0,720	7,2030
15.01.2026 14:37:07	146,850	4,842	48,4231	0,721	7,2105
15.01.2026 14:37:07	146,900	4,857	48,5668	0,721	7,2061
15.01.2026 14:37:07	146,950	4,871	48,7088	0,721	7,2130
15.01.2026 14:37:08	147,000	4,885	48,8470	0,721	7,2147
15.01.2026 14:37:08	147,050	4,900	48,9982	0,722	7,2162
15.01.2026 14:37:08	147,100	4,911	49,1090	0,722	7,2212
15.01.2026 14:37:08	147,150	4,915	49,1538	0,722	7,2249
15.01.2026 14:37:08	147,200	4,917	49,1699	0,722	7,2196
15.01.2026 14:37:08	147,250	4,921	49,2077	0,723	7,2256
15.01.2026 14:37:08	147,300	4,933	49,3251	0,722	7,2220
15.01.2026 14:37:08	147,350	4,945	49,4511	0,723	7,2276
15.01.2026 14:37:08	147,400	4,956	49,5584	0,722	7,2227
15.01.2026 14:37:08	147,450	4,966	49,6579	0,723	7,2317
15.01.2026 14:37:08	147,500	4,975	49,7465	0,723	7,2256
15.01.2026 14:37:08	147,550	4,984	49,8383	0,724	7,2356
15.01.2026 14:37:08	147,600	4,989	49,8894	0,723	7,2306
15.01.2026 14:37:08	147,650	5,003	50,0284	0,724	7,2350
15.01.2026 14:37:08	147,700	5,015	50,1514	0,723	7,2320
15.01.2026 14:37:08	147,750	5,022	50,2211	0,724	7,2391
15.01.2026 14:37:08	147,800	5,025	50,2474	0,723	7,2345
15.01.2026 14:37:08	147,850	5,027	50,2677	0,724	7,2366
15.01.2026 14:37:08	147,900	5,033	50,3297	0,724	7,2378
15.01.2026 14:37:08	147,950	5,039	50,3911	0,724	7,2400
15.01.2026 14:37:09	148,000	5,042	50,4229	0,724	7,2396
15.01.2026 14:37:09	148,050	5,053	50,5275	0,724	7,2420
15.01.2026 14:37:09	148,100	5,114	51,1353	0,725	7,2452
15.01.2026 14:37:09	148,150	5,203	52,0258	0,727	7,2657
15.01.2026 14:37:09	148,200	5,255	52,5452	0,727	7,2684
15.01.2026 14:37:09	148,250	5,278	52,7802	0,728	7,2755
15.01.2026 14:37:09	148,300	5,287	52,8721	0,727	7,2741
15.01.2026 14:37:09	148,350	5,290	52,8987	0,728	7,2798
15.01.2026 14:37:09	148,400	5,290	52,8992	0,727	7,2731
15.01.2026 14:37:09	148,450	5,291	52,9084	0,728	7,2798
15.01.2026 14:37:09	148,500	5,291	52,9055	0,727	7,2747
15.01.2026 14:37:09	148,550	5,291	52,9083	0,728	7,2789
15.01.2026 14:37:09	148,600	5,290	52,9040	0,728	7,2762
15.01.2026 14:37:09	148,650	5,290	52,9016	0,728	7,2801
15.01.2026 14:37:09	148,700	5,290	52,8989	0,728	7,2777
15.01.2026 14:37:09	148,750	5,290	52,8988	0,728	7,2791
15.01.2026 14:37:09	148,800	5,290	52,8966	0,727	7,2744
15.01.2026 14:37:09	148,850	5,290	52,9007	0,728	7,2807
15.01.2026 14:37:09	148,900	5,289	52,8913	0,728	7,2764
15.01.2026 14:37:09	148,950	5,288	52,8803	0,728	7,2807
15.01.2026 14:37:10	149,000	5,286	52,8623	0,727	7,2728
15.01.2026 14:37:10	149,050	5,285	52,8451	0,728	7,2776
15.01.2026 14:37:10	149,100	5,275	52,7521	0,727	7,2727
15.01.2026 14:37:10	149,150	5,259	52,5886	0,728	7,2771
15.01.2026 14:37:10	149,200	5,242	52,4208	0,727	7,2709
15.01.2026 14:37:10	149,250	5,234	52,3365	0,727	7,2737
15.01.2026 14:37:10	149,300	5,224	52,2434	0,727	7,2718
15.01.2026 14:37:10	149,350	5,208	52,0817	0,727	7,2700
15.01.2026 14:37:10	149,400	5,198	51,9826	0,726	7,2649
15.01.2026 14:37:10	149,450	5,194	51,9395	0,727	7,2709
15.01.2026 14:37:10	149,500	5,192	51,9152	0,727	7,2651
15.01.2026 14:37:10	149,550	5,191	51,9060	0,727	7,2693
15.01.2026 14:37:10	149,600	5,182	51,8196	0,727	7,2676
15.01.2026 14:37:10	149,650	5,165	51,6496	0,727	7,2676
15.01.2026 14:37:10	149,700	5,150	51,4973	0,726	7,2626
15.01.2026 14:37:10	149,750	5,143	51,4273	0,727	7,2695
15.01.2026 14:37:10	149,800	5,138	51,3836	0,726	7,2627
15.01.2026 14:37:10	149,850	5,133	51,3270	0,726	7,2642
15.01.2026 14:37:10	149,900	5,125	51,2517	0,726	7,2572
15.01.2026 14:37:10	149,950	5,117	51,1659	0,726	7,2623
15.01.2026 14:37:11	150,000	5,089	50,8934	0,726	7,2580
15.01.2026 14:37:11	150,050	5,056	50,5590	0,726	7,2592
15.01.2026 14:37:11	150,100	5,032	50,3248	0,725	7,2524
15.01.2026 14:37:11	150,150	5,021	50,2097	0,725	7,2532
15.01.2026 14:37:11	150,200	5,013	50,1271	0,725	7,2483
15.01.2026 14:37:11	150,250	5,003	50,0340	0,725	7,2526
15.01.2026 14:37:11	150,300	4,998	49,9783	0,725	7,2493
15.01.2026 14:37:11	150,350	4,993	49,9323	0,725	7,2540
15.01.2026 14:37:11	150,400	4,984	49,8403	0,725	7,2511
15.01.2026 14:37:11	150,450	4,976	49,7555	0,725	7,2534
15.01.2026 14:37:11	150,500	4,966	49,6613	0,725	7,2453
15.01.2026 14:37:11	150,550	4,957	49,5689	0,725	7,2526
15.01.2026 14:37:11	150,600	4,940	49,4009	0,724	7,2438
15.01.2026 14:37:11	150,650	4,917	49,1665	0,725	7,2460
15.01.2026 14:37:11	150,700	4,893	48,9292	0,724	7,2396
15.01.2026 14:37:11	150,750	4,869	48,6915	0,724	7,2399
15.01.2026 14:37:11	150,800	4,849	48,4942	0,724	7,2357
15.01.2026 14:37:11	150,850	4,834	48,3427	0,724	7,2381
15.01.2026 14:37:11	150,900	4,824	48,2365	0,723	7,2298
15.01.2026 14:37:11	150,950	4,814	48,1353	0,724	7,2376
15.01.2026 14:37:12	151,000	4,793	47,9345	0,723	7,2291
15.01.2026 14:37:12	151,050	4,776	47,7614	0,723	7,2345
15.01.2026 14:37:12	151,100	4,761	47,6100	0,722	7,2227
15.01.2026 14:37:12	151,150	4,751	47,5057	0,723	7,2292
15.01.2026 14:37:12	151,200	4,737	47,3729	0,722	7,2198
15.01.2026 14:37:12	151,250	4,720	47,1950	0,723	7,2275
15.01.2026 14:37:12	151,300	4,703	47,0262	0,722	7,2182
15.01.2026 14:37:12	151,350	4,695	46,9466	0,722	7,2223
15.01.2026 14:37:12	151,400	4,684	46,8439	0,722	7,2198
15.01.2026 14:37:12	151,450	4,674	46,7410	0,722	7,2225
15.01.2026 14:37:12	151,500	4,663	46,6278	0,722	7,2162
15.01.2026 14:37:12	151,550	4,653	46,5333	0,722	7,2208
15.01.2026 14:37:12	151,600	4,634	46,3420	0,721	7,2104
15.01.2026 14:37:12	151,650	4,605	46,0476	0,722	7,2152
15.01.2026 14:37:12	151,700	4,575	45,7514	0,720	7,2045
15.01.2026 14:37:12	151,750	4,559	45,5942	0,721	7,2115
15.01.2026 14:37:12	151,800	4,550	45,5000	0,720	7,2038
15.01.2026 14:37:12	151,850	4,537	45,3733	0,721	7,2054
15.01.2026 14:37:12	151,900	4,523	45,2262	0,720	7,1994
15.01.2026 14:37:12	151,950	4,514	45,1351	0,721	7,2068
15.01.2026 14:37:13	152,000	4,497	44,9737	0,720	7,1985
15.01.2026 14:37:13	152,050	4,475	44,7500	0,720	7,2010
15.01.2026 14:37:13	152,100	4,455	44,5532	0,719	7,1923
15.01.2026 14:37:13	152,150	4,437	44,3715	0,720	7,1955
15.01.2026 14:37:13	152,200	4,412	44,1249	0,719	7,1896
15.01.2026 14:37:13	152,250	4,389	43,8917	0,719	7,1906
15.01.2026 14:37:13	152,300	4,376	43,7629	0,719	7,1860
15.01.2026 14:37:13	152,350	4,367	43,6691	0,719	7,1892
15.01.2026 14:37:13	152,400	4,350	43,4951	0,718	7,1815
15.01.2026 14:37:13	152,450	4,333	43,3298	0,718	7,1836
15.01.2026 14:37:13	152,500	4,317	43,1728	0,718	7,1778
15.01.2026 14:37:13	152,550	4,300	43,0019	0,718	7,1848
15.01.2026 14:37:13	152,600	4,280	42,7989	0,717	7,1748
15.01.2026 14:37:13	152,650	4,262	42,6155	0,718	7,1806
15.01.2026 14:37:13	152,700	4,237	42,3726	0,717	7,1687
15.01.2026 14:37:13	152,750	4,213	42,1350	0,717	7,1701
15.01.2026 14:37:13	152,800	4,192	41,9150	0,717	7,1653
15.01.2026 14:37:13	152,850	4,167	41,6730	0,717	7,1677
15.01.2026 14:37:13	152,900	4,128	41,2775	0,715	7,1533
15.01.2026 14:37:13	152,950	4,088	40,8837	0,716	7,1563
15.01.2026 14:37:14	153,000	4,063	40,6314	0,715	7,1517
15.01.2026 14:37:14	153,050	4,044	40,4430	0,715	7,1487
15.01.2026 14:37:14	153,100	4,033	40,3316	0,714	7,1435
15.01.2026 14:37:14	153,150	4,028	40,2839	0,715	7,1486
15.01.2026 14:37:14	153,200	4,026	40,2577	0,714	7,1434
15.01.2026 14:37:14	153,250	4,025	40,2491	0,715	7,1500
15.01.2026 14:37:14	153,300	4,024	40,2420	0,714	7,1446
15.01.2026 14:37:14	153,350	4,025	40,2452	0,715	7,1539
15.01.2026 14:37:14	153,400	4,024	40,2389	0,715	7,1459
15.01.2026 14:37:14	153,450	4,024	40,2376	0,715	7,1484
15.01.2026 14:37:14	153,500	4,018	40,1835	0,714	7,1426
15.01.2026 14:37:14	153,550	3,985	39,8465	0,714	7,1423
15.01.2026 14:37:14	153,600	3,923	39,2253	0,713	7,1325
15.01.2026 14:37:14	153,650	3,863	38,6279	0,713	7,1297
15.01.2026 14:37:14	153,700	3,822	38,2232	0,712	7,1168
15.01.2026 14:37:14	153,750	3,786	37,8585	0,712	7,1196
15.01.2026 14:37:14	153,800	3,748	37,4846	0,711	7,1088
15.01.2026 14:37:14	153,850	3,717	37,1698	0,711	7,1091
15.01.2026 14:37:14	153,900	3,699	36,9864	0,710	7,0988
15.01.2026 14:37:14	153,950	3,690	36,8954	0,711	7,1065
15.01.2026 14:37:15	154,000	3,678	36,7768	0,710	7,0973
15.01.2026 14:37:15	154,050	3,662	36,6170	0,710	7,1035
15.01.2026 14:37:15	154,100	3,631	36,3087	0,709	7,0925
15.01.2026 14:37:15	154,150	3,597	35,9691	0,709	7,0932
15.01.2026 14:37:15	154,200	3,569	35,6870	0,708	7,0828
15.01.2026 14:37:15	154,250	3,530	35,3025	0,708	7,0824
15.01.2026 14:37:15	154,300	3,482	34,8230	0,707	7,0684
15.01.2026 14:37:15	154,350	3,447	34,4686	0,707	7,0696
15.01.2026 14:37:15	154,400	3,422	34,2222	0,706	7,0616
15.01.2026 14:37:15	154,450	3,388	33,8755	0,706	7,0595
15.01.2026 14:37:15	154,500	3,345	33,4491	0,705	7,0454
15.01.2026 14:37:15	154,550	3,297	32,9743	0,705	7,0504
15.01.2026 14:37:15	154,600	3,249	32,4931	0,703	7,0336
15.01.2026 14:37:15	154,650	3,222	32,2242	0,703	7,0316
15.01.2026 14:37:15	154,700	3,210	32,1015	0,702	7,0227
15.01.2026 14:37:15	154,750	3,205	32,0509	0,703	7,0281
15.01.2026 14:37:15	154,800	3,201	32,0069	0,702	7,0236
15.01.2026 14:37:15	154,850	3,191	31,9123	0,703	7,0259
15.01.2026 14:37:15	154,900	3,175	31,7508	0,702	7,0186
15.01.2026 14:37:15	154,950	3,160	31,6044	0,702	7,0233
15.01.2026 14:37:16	155,000	3,149	31,4858	0,701	7,0126
15.01.2026 14:37:16	155,050	3,139	31,3857	0,702	7,0201
15.01.2026 14:37:16	155,100	3,128	31,2753	0,701	7,0119
15.01.2026 14:37:16	155,150	3,119	31,1872	0,701	7,0139
15.01.2026 14:37:16	155,200	3,108	31,0836	0,700	7,0047
15.01.2026 14:37:16	155,250	3,096	30,9634	0,701	7,0111
15.01.2026 14:37:16	155,300	3,082	30,8216	0,700	6,9995
15.01.2026 14:37:16	155,350	3,064	30,6445	0,700	7,0046
15.01.2026 14:37:16	155,400	3,050	30,5007	0,699	6,9945
15.01.2026 14:37:16	155,450	3,043	30,4263	0,700	6,9987
15.01.2026 14:37:16	155,500	3,026	30,2631	0,699	6,9899
15.01.2026 14:37:16	155,550	3,002	30,0190	0,699	6,9931
15.01.2026 14:37:16	155,600	2,977	29,7677	0,699	6,9859
15.01.2026 14:37:16	155,650	2,954	29,5384	0,698	6,9841
15.01.2026 14:37:16	155,700	2,919	29,1904	0,697	6,9693
15.01.2026 14:37:16	155,750	2,874	28,7381	0,697	6,9694
15.01.2026 14:37:16	155,800	2,833	28,3268	0,695	6,9527
15.01.2026 14:37:16	155,850	2,789	27,8891	0,695	6,9520
15.01.2026 14:37:16	155,900	2,734	27,3372	0,693	6,9300
15.01.2026 14:37:16	155,950	2,669	26,6921	0,693	6,9254
15.01.2026 14:37:17	156,000	2,601	26,0085	0,690	6,9045
15.01.2026 14:37:17	156,050	2,548	25,4756	0,690	6,8968
15.01.2026 14:37:17	156,100	2,513	25,1263	0,688	6,8788
15.01.2026 14:37:17	156,150	2,486	24,8576	0,688	6,8819
15.01.2026 14:37:17	156,200	2,463	24,6262	0,687	6,8713
15.01.2026 14:37:17	156,250	2,439	24,3913	0,687	6,8681
15.01.2026 14:37:17	156,300	2,405	24,0482	0,685	6,8546
15.01.2026 14:37:17	156,350	2,365	23,6498	0,685	6,8472
15.01.2026 14:37:17	156,400	2,328	23,2840	0,683	6,8345
15.01.2026 14:37:17	156,450	2,287	22,8737	0,683	6,8295
15.01.2026 14:37:17	156,500	2,251	22,5131	0,681	6,8139
15.01.2026 14:37:17	156,550	2,232	22,3232	0,682	6,8164
15.01.2026 14:37:17	156,600	2,224	22,2353	0,680	6,8016
15.01.2026 14:37:17	156,650	2,221	22,2091	0,681	6,8067
15.01.2026 14:37:17	156,700	2,220	22,1996	0,680	6,8019
15.01.2026 14:37:17	156,750	2,220	22,1981	0,681	6,8083
15.01.2026 14:37:17	156,800	2,219	22,1936	0,680	6,8012
15.01.2026 14:37:17	156,850	2,220	22,1957	0,681	6,8080
15.01.2026 14:37:17	156,900	2,219	22,1921	0,680	6,8015
15.01.2026 14:37:17	156,950	2,219	22,1907	0,681	6,8068
15.01.2026 14:37:18	157,000	2,219	22,1895	0,680	6,8018
15.01.2026 14:37:18	157,050	2,219	22,1863	0,680	6,8037
15.01.2026 14:37:18	157,100	2,219	22,1899	0,680	6,8035
15.01.2026 14:37:18	157,150	2,219	22,1881	0,681	6,8071
15.01.2026 14:37:18	157,200	2,219	22,1880	0,680	6,8027
15.01.2026 14:37:18	157,250	2,218	22,1831	0,680	6,8037
15.01.2026 14:37:18	157,300	2,218	22,1826	0,680	6,8009
15.01.2026 14:37:18	157,350	2,219	22,1863	0,681	6,8100
15.01.2026 14:37:18	157,400	2,208	22,0808	0,680	6,7983
15.01.2026 14:37:18	157,450	2,159	21,5946	0,679	6,7950
15.01.2026 14:37:18	157,500	2,077	20,7725	0,676	6,7649
15.01.2026 14:37:18	157,550	1,991	19,9142	0,674	6,7444
15.01.2026 14:37:18	157,600	1,916	19,1646	0,671	6,7143
15.01.2026 14:37:18	157,650	1,850	18,4954	0,670	6,6963
15.01.2026 14:37:18	157,700	1,792	17,9247	0,667	6,6685
15.01.2026 14:37:18	157,750	1,745	17,4485	0,666	6,6564
15.01.2026 14:37:18	157,800	1,698	16,9808	0,663	6,6325
15.01.2026 14:37:18	157,850	1,641	16,4082	0,662	6,6165
15.01.2026 14:37:18	157,900	1,560	15,6034	0,658	6,5814
15.01.2026 14:37:18	157,950	1,472	14,7234	0,656	6,5567
15.01.2026 14:37:19	158,000	1,396	13,9550	0,651	6,5140
15.01.2026 14:37:19	158,050	1,331	13,3082	0,649	6,4913
15.01.2026 14:37:19	158,100	1,279	12,7882	0,646	6,4585
15.01.2026 14:37:19	158,150	1,240	12,3959	0,645	6,4490
15.01.2026 14:37:19	158,200	1,199	11,9920	0,642	6,4193
15.01.2026 14:37:19	158,250	1,147	11,4672	0,640	6,4041
15.01.2026 14:37:19	158,300	1,085	10,8468	0,636	6,3616
15.01.2026 14:37:19	158,350	1,027	10,2704	0,634	6,3367
15.01.2026 14:37:19	158,400	0,983	9,8272	0,630	6,3046
15.01.2026 14:37:19	158,450	0,956	9,5603	0,629	6,2933
15.01.2026 14:37:19	158,500	0,945	9,4505	0,628	6,2822
15.01.2026 14:37:19	158,550	0,943	9,4311	0,629	6,2870
15.01.2026 14:37:19	158,600	0,944	9,4379	0,628	6,2787
15.01.2026 14:37:19	158,650	0,946	9,4556	0,628	6,2849
15.01.2026 14:37:19	158,700	0,946	9,4636	0,628	6,2779
15.01.2026 14:37:19	158,750	0,947	9,4652	0,628	6,2812
15.01.2026 14:37:19	158,800	0,947	9,4687	0,628	6,2787
15.01.2026 14:37:19	158,850	0,947	9,4714	0,628	6,2837
15.01.2026 14:37:19	158,900	0,947	9,4665	0,628	6,2758
15.01.2026 14:37:19	158,950	0,947	9,4679	0,628	6,2829
15.01.2026 14:37:20	159,000	0,947	9,4654	0,628	6,2756
15.01.2026 14:37:20	159,050	0,947	9,4677	0,628	6,2844
15.01.2026 14:37:20	159,100	0,946	9,4645	0,628	6,2766
15.01.2026 14:37:20	159,150	0,946	9,4642	0,628	6,2827
15.01.2026 14:37:20	159,200	0,946	9,4643	0,628	6,2777
15.01.2026 14:37:20	159,250	0,947	9,4670	0,629	6,2854
15.01.2026 14:37:20	159,300	0,946	9,4606	0,628	6,2754
15.01.2026 14:37:20	159,350	0,946	9,4641	0,628	6,2833
15.01.2026 14:37:20	159,400	0,944	9,4429	0,628	6,2775
15.01.2026 14:37:20	159,450	0,938	9,3761	0,628	6,2800
15.01.2026 14:37:20	159,500	0,932	9,3228	0,627	6,2747
15.01.2026 14:37:20	159,550	0,921	9,2077	0,627	6,2735
15.01.2026 14:37:20	159,600	0,905	9,0513	0,626	6,2610
15.01.2026 14:37:20	159,650	0,889	8,8925	0,626	6,2576
15.01.2026 14:37:20	159,700	0,870	8,7006	0,624	6,2421
15.01.2026 14:37:20	159,750	0,842	8,4249	0,623	6,2310
15.01.2026 14:37:20	159,800	0,813	8,1293	0,621	6,2078
15.01.2026 14:37:20	159,850	0,787	7,8716	0,620	6,1974
15.01.2026 14:37:20	159,900	0,763	7,6343	0,617	6,1746
15.01.2026 14:37:20	159,950	0,741	7,4124	0,616	6,1639
15.01.2026 14:37:21	160,000	0,721	7,2069	0,615	6,1467
15.01.2026 14:37:21	160,050	0,703	7,0335	0,614	6,1412
15.01.2026 14:37:21	160,100	0,684	6,8413	0,612	6,1220
15.01.2026 14:37:21	160,150	0,661	6,6098	0,611	6,1113
15.01.2026 14:37:21	160,200	0,636	6,3633	0,609	6,0917
15.01.2026 14:37:21	160,250	0,601	6,0063	0,607	6,0732
15.01.2026 14:37:21	160,300	0,551	5,5116	0,603	6,0290
15.01.2026 14:37:21	160,350	0,505	5,0550	0,600	5,9993
15.01.2026 14:37:21	160,400	0,474	4,7353	0,597	5,9666
15.01.2026 14:37:21	160,450	0,452	4,5159	0,595	5,9491
15.01.2026 14:37:21	160,500	0,438	4,3831	0,593	5,9329
15.01.2026 14:37:21	160,550	0,430	4,2955	0,593	5,9284
15.01.2026 14:37:21	160,600	0,419	4,1898	0,591	5,9150
15.01.2026 14:37:21	160,650	0,410	4,0953	0,591	5,9132
15.01.2026 14:37:21	160,700	0,402	4,0237	0,590	5,8978
15.01.2026 14:37:21	160,750	0,394	3,9416	0,590	5,8964
15.01.2026 14:37:21	160,800	0,384	3,8388	0,588	5,8810
15.01.2026 14:37:21	160,850	0,375	3,7453	0,588	5,8774
15.01.2026 14:37:21	160,900	0,365	3,6489	0,587	5,8667
15.01.2026 14:37:21	160,950	0,350	3,5014	0,586	5,8580
15.01.2026 14:37:22	161,000	0,334	3,3380	0,584	5,8381
15.01.2026 14:37:22	161,050	0,321	3,2087	0,583	5,8321
15.01.2026 14:37:22	161,100	0,311	3,1079	0,581	5,8125
15.01.2026 14:37:22	161,150	0,300	2,9967	0,581	5,8079
15.01.2026 14:37:22	161,200	0,289	2,8855	0,579	5,7922
15.01.2026 14:37:22	161,250	0,277	2,7682	0,579	5,7850
15.01.2026 14:37:22	161,300	0,263	2,6258	0,577	5,7659
15.01.2026 14:37:22	161,350	0,248	2,4752	0,576	5,7578
15.01.2026 14:37:22	161,400	0,234	2,3357	0,573	5,7333
15.01.2026 14:37:22	161,450	0,220	2,2011	0,573	5,7258
15.01.2026 14:37:22	161,500	0,206	2,0553	0,570	5,7029
15.01.2026 14:37:22	161,550	0,191	1,9105	0,569	5,6925
15.01.2026 14:37:22	161,600	0,175	1,7530	0,567	5,6691
15.01.2026 14:37:22	161,650	0,158	1,5765	0,565	5,6521
15.01.2026 14:37:22	161,700	0,139	1,3935	0,562	5,6232
15.01.2026 14:37:22	161,750	0,122	1,2169	0,561	5,6062
15.01.2026 14:37:22	161,800	0,106	1,0599	0,558	5,5799
15.01.2026 14:37:22	161,850	0,091	0,9066	0,556	5,5625
15.01.2026 14:37:22	161,900	0,077	0,7707	0,554	5,5364
15.01.2026 14:37:22	161,950	0,067	0,6696	0,553	5,5259
15.01.2026 14:37:23	162,000	0,058	0,5758	0,551	5,5053
15.01.2026 14:37:23	162,050	0,047	0,4701	0,550	5,4974
15.01.2026 14:37:23	162,100	0,032	0,3241	0,547	5,4711
15.01.2026 14:37:23	162,150	0,013	0,1280	0,545	5,4489
15.01.2026 14:37:23	162,200	-0,007	-0,0744	0,541	5,4121
15.01.2026 14:37:23	162,250	-0,026	-0,2646	0,538	5,3838
15.01.2026 14:37:23	162,300	-0,043	-0,4320	0,535	5,3474
15.01.2026 14:37:23	162,350	-0,057	-0,5715	0,533	5,3267
15.01.2026 14:37:23	162,400	-0,068	-0,6839	0,529	5,2930
15.01.2026 14:37:23	162,450	-0,076	-0,7611	0,528	5,2805
15.01.2026 14:37:23	162,500	-0,081	-0,8060	0,526	5,2573
15.01.2026 14:37:23	162,550	-0,082	-0,8183	0,526	5,2561
15.01.2026 14:37:23	162,600	-0,081	-0,8127	0,524	5,2434
15.01.2026 14:37:23	162,650	-0,079	-0,7901	0,525	5,2511
15.01.2026 14:37:23	162,700	-0,077	-0,7740	0,524	5,2411
15.01.2026 14:37:23	162,750	-0,076	-0,7567	0,525	5,2485
15.01.2026 14:37:23	162,800	-0,075	-0,7478	0,524	5,2428
15.01.2026 14:37:23	162,850	-0,074	-0,7419	0,525	5,2485
15.01.2026 14:37:23	162,900	-0,074	-0,7402	0,524	5,2426
15.01.2026 14:37:23	162,950	-0,074	-0,7419	0,524	5,2450
15.01.2026 14:37:24	163,000	-0,074	-0,7429	0,524	5,2377
15.01.2026 14:37:24	163,050	-0,074	-0,7376	0,525	5,2498
15.01.2026 14:37:24	163,100	-0,074	-0,7385	0,524	5,2411
15.01.2026 14:37:24	163,150	-0,074	-0,7371	0,525	5,2490
15.01.2026 14:37:24	163,200	-0,074	-0,7413	0,524	5,2379
15.01.2026 14:37:24	163,250	-0,074	-0,7403	0,525	5,2465
15.01.2026 14:37:24	163,300	-0,074	-0,7396	0,524	5,2410
15.01.2026 14:37:24	163,350	-0,074	-0,7393	0,525	5,2458
15.01.2026 14:37:24	163,400	-0,074	-0,7427	0,524	5,2373
15.01.2026 14:37:24	163,450	-0,074	-0,7414	0,524	5,2443
15.01.2026 14:37:24	163,500	-0,074	-0,7406	0,524	5,2402
15.01.2026 14:37:24	163,550	-0,074	-0,7400	0,524	5,2449
15.01.2026 14:37:24	163,600	-0,074	-0,7409	0,524	5,2392
15.01.2026 14:37:24	163,650	-0,074	-0,7399	0,525	5,2454
15.01.2026 14:37:24	163,700	-0,074	-0,7417	0,524	5,2393
15.01.2026 14:37:24	163,750	-0,074	-0,7400	0,525	5,2458
15.01.2026 14:37:24	163,800	-0,074	-0,7416	0,524	5,2392
15.01.2026 14:37:24	163,850	-0,074	-0,7436	0,524	5,2413
15.01.2026 14:37:24	163,900	-0,074	-0,7416	0,524	5,2390
15.01.2026 14:37:24	163,950	-0,074	-0,7430	0,524	5,2424
15.01.2026 14:37:25	164,000	-0,074	-0,7428	0,524	5,2387
15.01.2026 14:37:25	164,050	-0,074	-0,7425	0,524	5,2439
15.01.2026 14:37:25	164,100	-0,074	-0,7439	0,524	5,2376
15.01.2026 14:37:25	164,150	-0,074	-0,7422	0,524	5,2444
15.01.2026 14:37:25	164,200	-0,074	-0,7429	0,524	5,2381
15.01.2026 14:37:25	164,250	-0,074	-0,7424	0,524	5,2419
15.01.2026 14:37:25	164,300	-0,074	-0,7450	0,524	5,2370
15.01.2026 14:37:25	164,350	-0,074	-0,7412	0,524	5,2443
15.01.2026 14:37:25	164,400	-0,074	-0,7430	0,524	5,2383
15.01.2026 14:37:25	164,450	-0,074	-0,7432	0,524	5,2426
15.01.2026 14:37:25	164,500	-0,074	-0,7431	0,524	5,2386
15.01.2026 14:37:25	164,550	-0,074	-0,7415	0,524	5,2444
15.01.2026 14:37:25	164,600	-0,075	-0,7465	0,524	5,2350
15.01.2026 14:37:25	164,650	-0,075	-0,7452	0,524	5,2410
15.01.2026 14:37:25	164,700	-0,075	-0,7464	0,524	5,2353
15.01.2026 14:37:25	164,750	-0,075	-0,7451	0,524	5,2412
15.01.2026 14:37:25	164,800	-0,074	-0,7425	0,524	5,2395
15.01.2026 14:37:25	164,850	-0,074	-0,7415	0,524	5,2441
15.01.2026 14:37:25	164,900	-0,074	-0,7431	0,524	5,2387
15.01.2026 14:37:25	164,950	-0,074	-0,7441	0,524	5,2409
15.01.2026 14:37:26	165,000	-0,074	-0,7433	0,524	5,2366
15.01.2026 14:37:26	165,050	-0,074	-0,7438	0,524	5,2428
15.01.2026 14:37:26	165,100	-0,075	-0,7458	0,524	5,2354
15.01.2026 14:37:26	165,150	-0,074	-0,7434	0,524	5,2440
15.01.2026 14:37:26	165,200	-0,074	-0,7442	0,524	5,2373
15.01.2026 14:37:26	165,250	-0,074	-0,7411	0,525	5,2467
15.01.2026 14:37:26	165,300	-0,074	-0,7418	0,524	5,2395
15.01.2026 14:37:26	165,350	-0,074	-0,7443	0,524	5,2414
15.01.2026 14:37:26	165,400	-0,075	-0,7467	0,524	5,2359
15.01.2026 14:37:26	165,450	-0,074	-0,7449	0,524	5,2419
15.01.2026 14:37:26	165,500	-0,075	-0,7459	0,524	5,2356
15.01.2026 14:37:26	165,550	-0,074	-0,7444	0,524	5,2423
15.01.2026 14:37:26	165,600	-0,075	-0,7469	0,524	5,2353
15.01.2026 14:37:26	165,650	-0,075	-0,7454	0,524	5,2410
15.01.2026 14:37:26	165,700	-0,075	-0,7471	0,524	5,2357
15.01.2026 14:37:26	165,750	-0,075	-0,7453	0,524	5,2415
15.01.2026 14:37:26	165,800	-0,074	-0,7443	0,524	5,2379
15.01.2026 14:37:26	165,850	-0,074	-0,7428	0,524	5,2444
15.01.2026 14:37:26	165,900	-0,075	-0,7451	0,524	5,2374
15.01.2026 14:37:26	165,950	-0,074	-0,7426	0,524	5,2436
15.01.2026 14:37:27	166,000	-0,075	-0,7465	0,524	5,2365
15.01.2026 14:37:27	166,050	-0,074	-0,7446	0,524	5,2421
15.01.2026 14:37:27	166,100	-0,075	-0,7457	0,524	5,2361
15.01.2026 14:37:27	166,150	-0,074	-0,7444	0,524	5,2422
15.01.2026 14:37:27	166,200	-0,075	-0,7464	0,524	5,2369
15.01.2026 14:37:27	166,250	-0,074	-0,7440	0,524	5,2425
15.01.2026 14:37:27	166,300	-0,075	-0,7465	0,524	5,2367
15.01.2026 14:37:27	166,350	-0,074	-0,7448	0,524	5,2426
15.01.2026 14:37:27	166,400	-0,074	-0,7421	0,524	5,2405
15.01.2026 14:37:27	166,450	-0,075	-0,7466	0,524	5,2407
15.01.2026 14:37:27	166,500	-0,075	-0,7472	0,524	5,2371
15.01.2026 14:37:27	166,550	-0,075	-0,7470	0,524	5,2405
15.01.2026 14:37:27	166,600	-0,075	-0,7460	0,524	5,2366
15.01.2026 14:37:27	166,650	-0,074	-0,7439	0,524	5,2429
15.01.2026 14:37:27	166,700	-0,074	-0,7446	0,524	5,2382
15.01.2026 14:37:27	166,750	-0,074	-0,7429	0,524	5,2435
15.01.2026 14:37:27	166,800	-0,075	-0,7453	0,524	5,2381
15.01.2026 14:37:27	166,850	-0,075	-0,7458	0,524	5,2419
15.01.2026 14:37:27	166,900	-0,075	-0,7473	0,524	5,2355
15.01.2026 14:37:27	166,950	-0,075	-0,7453	0,524	5,2414
15.01.2026 14:37:28	167,000	-0,075	-0,7474	0,524	5,2370
15.01.2026 14:37:28	167,050	-0,075	-0,7457	0,524	5,2415
15.01.2026 14:37:28	167,100	-0,075	-0,7472	0,524	5,2360
15.01.2026 14:37:28	167,150	-0,075	-0,7475	0,524	5,2397
15.01.2026 14:37:28	167,200	-0,075	-0,7453	0,524	5,2369
15.01.2026 14:37:28	167,250	-0,075	-0,7459	0,524	5,2402
15.01.2026 14:37:28	167,300	-0,075	-0,7466	0,524	5,2370
15.01.2026 14:37:28	167,350	-0,075	-0,7465	0,524	5,2416
15.01.2026 14:37:28	167,400	-0,075	-0,7471	0,524	5,2364
15.01.2026 14:37:28	167,450	-0,075	-0,7462	0,524	5,2407
15.01.2026 14:37:28	167,500	-0,075	-0,7466	0,524	5,2378
15.01.2026 14:37:28	167,550	-0,074	-0,7445	0,524	5,2431
15.01.2026 14:37:28	167,600	-0,075	-0,7468	0,524	5,2373
15.01.2026 14:37:28	167,650	-0,075	-0,7463	0,524	5,2414
15.01.2026 14:37:28	167,700	-0,074	-0,7449	0,524	5,2393
15.01.2026 14:37:28	167,750	-0,075	-0,7472	0,524	5,2406
15.01.2026 14:37:28	167,800	-0,075	-0,7485	0,524	5,2359
15.01.2026 14:37:28	167,850	-0,075	-0,7459	0,524	5,2414
15.01.2026 14:37:28	167,900	-0,075	-0,7477	0,524	5,2368
15.01.2026 14:37:28	167,950	-0,075	-0,7472	0,524	5,2396
15.01.2026 14:37:29	168,000	-0,075	-0,7461	0,524	5,2381
15.01.2026 14:37:29	168,050	-0,075	-0,7458	0,524	5,2412
15.01.2026 14:37:29	168,100	-0,075	-0,7461	0,524	5,2383
15.01.2026 14:37:29	168,150	-0,075	-0,7457	0,524	5,2412
15.01.2026 14:37:29	168,200	-0,075	-0,7453	0,524	5,2389
15.01.2026 14:37:29	168,250	-0,075	-0,7476	0,524	5,2407
