Datum und Zeit Messreihe #1	Zeit (s) Messreihe #1	Spannung, Ch A (V) Messreihe #1	Stromsonde (PS-2184), Ch A (A) Messreihe #1	Spannung, Ch B (V) Messreihe #1	Stromsonde (PS-2184), Ch B (A) Messreihe #1
15.01.2026 17:18:15	0,000	0,002	0,0174	0,025	0,2478
15.01.2026 17:18:15	0,050	0,002	0,0169	0,025	0,2465
15.01.2026 17:18:15	0,100	0,002	0,0174	0,025	0,2482
15.01.2026 17:18:15	0,150	0,002	0,0184	0,025	0,2470
15.01.2026 17:18:15	0,200	0,002	0,0212	0,025	0,2519
15.01.2026 17:18:15	0,250	0,002	0,0201	0,025	0,2483
15.01.2026 17:18:15	0,300	0,002	0,0192	0,025	0,2494
15.01.2026 17:18:15	0,350	0,002	0,0196	0,025	0,2486
15.01.2026 17:18:15	0,400	0,002	0,0175	0,025	0,2488
15.01.2026 17:18:15	0,450	0,002	0,0174	0,025	0,2466
15.01.2026 17:18:15	0,500	0,001	0,0146	0,024	0,2442
15.01.2026 17:18:15	0,550	0,001	0,0149	0,025	0,2453
15.01.2026 17:18:15	0,600	0,002	0,0174	0,025	0,2479
15.01.2026 17:18:15	0,650	0,002	0,0188	0,025	0,2476
15.01.2026 17:18:15	0,700	0,002	0,0201	0,025	0,2509
15.01.2026 17:18:15	0,750	0,002	0,0170	0,025	0,2459
15.01.2026 17:18:15	0,800	0,002	0,0201	0,025	0,2499
15.01.2026 17:18:15	0,850	0,002	0,0171	0,025	0,2453
15.01.2026 17:18:15	0,900	0,002	0,0166	0,025	0,2478
15.01.2026 17:18:15	0,950	0,002	0,0173	0,025	0,2459
15.01.2026 17:18:16	1,000	0,002	0,0179	0,025	0,2487
15.01.2026 17:18:16	1,050	0,002	0,0193	0,025	0,2483
15.01.2026 17:18:16	1,100	0,002	0,0199	0,025	0,2502
15.01.2026 17:18:16	1,150	0,002	0,0198	0,025	0,2504
15.01.2026 17:18:16	1,200	0,002	0,0176	0,025	0,2477
15.01.2026 17:18:16	1,250	0,002	0,0205	0,025	0,2502
15.01.2026 17:18:16	1,300	0,002	0,0182	0,025	0,2494
15.01.2026 17:18:16	1,350	0,002	0,0170	0,025	0,2472
15.01.2026 17:18:16	1,400	0,002	0,0177	0,025	0,2488
15.01.2026 17:18:16	1,450	0,002	0,0180	0,025	0,2488
15.01.2026 17:18:16	1,500	0,002	0,0196	0,025	0,2502
15.01.2026 17:18:16	1,550	0,002	0,0169	0,025	0,2458
15.01.2026 17:18:16	1,600	0,002	0,0185	0,025	0,2505
15.01.2026 17:18:16	1,650	0,002	0,0190	0,025	0,2476
15.01.2026 17:18:16	1,700	0,002	0,0208	0,025	0,2524
15.01.2026 17:18:16	1,750	0,002	0,0166	0,025	0,2465
15.01.2026 17:18:16	1,800	0,002	0,0162	0,025	0,2477
15.01.2026 17:18:16	1,850	0,002	0,0209	0,025	0,2494
15.01.2026 17:18:16	1,900	0,002	0,0208	0,025	0,2524
15.01.2026 17:18:16	1,950	0,002	0,0193	0,025	0,2481
15.01.2026 17:18:17	2,000	0,002	0,0187	0,025	0,2504
15.01.2026 17:18:17	2,050	0,002	0,0188	0,025	0,2491
15.01.2026 17:18:17	2,100	0,002	0,0201	0,025	0,2516
15.01.2026 17:18:17	2,150	0,002	0,0172	0,025	0,2468
15.01.2026 17:18:17	2,200	0,002	0,0184	0,025	0,2494
15.01.2026 17:18:17	2,250	0,002	0,0176	0,025	0,2482
15.01.2026 17:18:17	2,300	0,002	0,0205	0,025	0,2531
15.01.2026 17:18:17	2,350	0,002	0,0190	0,025	0,2485
15.01.2026 17:18:17	2,400	0,002	0,0196	0,025	0,2515
15.01.2026 17:18:17	2,450	0,002	0,0227	0,025	0,2514
15.01.2026 17:18:17	2,500	0,002	0,0191	0,025	0,2511
15.01.2026 17:18:17	2,550	0,002	0,0205	0,025	0,2498
15.01.2026 17:18:17	2,600	0,002	0,0183	0,025	0,2495
15.01.2026 17:18:17	2,650	0,002	0,0193	0,025	0,2483
15.01.2026 17:18:17	2,700	0,002	0,0167	0,025	0,2475
15.01.2026 17:18:17	2,750	0,002	0,0203	0,025	0,2502
15.01.2026 17:18:17	2,800	0,002	0,0191	0,025	0,2522
15.01.2026 17:18:17	2,850	0,002	0,0179	0,025	0,2466
15.01.2026 17:18:17	2,900	0,002	0,0214	0,025	0,2525
15.01.2026 17:18:17	2,950	0,002	0,0205	0,025	0,2498
15.01.2026 17:18:18	3,000	0,002	0,0188	0,025	0,2507
15.01.2026 17:18:18	3,050	0,002	0,0179	0,025	0,2476
15.01.2026 17:18:18	3,100	0,002	0,0172	0,025	0,2494
15.01.2026 17:18:18	3,150	0,002	0,0190	0,025	0,2476
15.01.2026 17:18:18	3,200	0,002	0,0190	0,025	0,2508
15.01.2026 17:18:18	3,250	0,002	0,0202	0,025	0,2501
15.01.2026 17:18:18	3,300	0,002	0,0213	0,025	0,2526
15.01.2026 17:18:18	3,350	0,002	0,0181	0,025	0,2480
15.01.2026 17:18:18	3,400	0,002	0,0193	0,025	0,2518
15.01.2026 17:18:18	3,450	0,002	0,0167	0,025	0,2466
15.01.2026 17:18:18	3,500	0,002	0,0186	0,025	0,2507
15.01.2026 17:18:18	3,550	0,002	0,0175	0,025	0,2458
15.01.2026 17:18:18	3,600	0,002	0,0198	0,025	0,2520
15.01.2026 17:18:18	3,650	0,002	0,0186	0,025	0,2478
15.01.2026 17:18:18	3,700	0,002	0,0199	0,025	0,2521
15.01.2026 17:18:18	3,750	0,002	0,0193	0,025	0,2491
15.01.2026 17:18:18	3,800	0,002	0,0188	0,025	0,2510
15.01.2026 17:18:18	3,850	0,002	0,0200	0,025	0,2487
15.01.2026 17:18:18	3,900	0,002	0,0186	0,025	0,2510
15.01.2026 17:18:18	3,950	0,002	0,0176	0,025	0,2467
15.01.2026 17:18:19	4,000	0,002	0,0201	0,025	0,2530
15.01.2026 17:18:19	4,050	0,002	0,0193	0,025	0,2490
15.01.2026 17:18:19	4,100	0,002	0,0198	0,025	0,2530
15.01.2026 17:18:19	4,150	0,002	0,0175	0,025	0,2472
15.01.2026 17:18:19	4,200	0,002	0,0186	0,025	0,2513
15.01.2026 17:18:19	4,250	0,002	0,0191	0,025	0,2488
15.01.2026 17:18:19	4,300	0,002	0,0201	0,025	0,2515
15.01.2026 17:18:19	4,350	0,002	0,0200	0,025	0,2499
15.01.2026 17:18:19	4,400	0,002	0,0212	0,025	0,2534
15.01.2026 17:18:19	4,450	0,002	0,0206	0,025	0,2495
15.01.2026 17:18:19	4,500	0,002	0,0192	0,025	0,2507
15.01.2026 17:18:19	4,550	0,002	0,0176	0,025	0,2467
15.01.2026 17:18:19	4,600	0,002	0,0180	0,025	0,2497
15.01.2026 17:18:19	4,650	0,002	0,0213	0,025	0,2508
15.01.2026 17:18:19	4,700	0,002	0,0209	0,025	0,2523
15.01.2026 17:18:19	4,750	0,002	0,0183	0,025	0,2490
15.01.2026 17:18:19	4,800	0,002	0,0189	0,025	0,2511
15.01.2026 17:18:19	4,850	0,002	0,0194	0,025	0,2484
15.01.2026 17:18:19	4,900	0,002	0,0198	0,025	0,2515
15.01.2026 17:18:19	4,950	0,002	0,0199	0,025	0,2488
15.01.2026 17:18:20	5,000	0,002	0,0209	0,025	0,2517
15.01.2026 17:18:20	5,050	0,002	0,0193	0,025	0,2483
15.01.2026 17:18:20	5,100	0,002	0,0164	0,025	0,2475
15.01.2026 17:18:20	5,150	0,002	0,0216	0,025	0,2492
15.01.2026 17:18:20	5,200	0,002	0,0206	0,025	0,2521
15.01.2026 17:18:20	5,250	0,002	0,0198	0,025	0,2479
15.01.2026 17:18:20	5,300	0,002	0,0226	0,025	0,2550
15.01.2026 17:18:20	5,350	0,002	0,0209	0,025	0,2506
15.01.2026 17:18:20	5,400	0,002	0,0201	0,025	0,2521
15.01.2026 17:18:20	5,450	0,002	0,0214	0,025	0,2501
15.01.2026 17:18:20	5,500	0,002	0,0197	0,025	0,2526
15.01.2026 17:18:20	5,550	0,002	0,0212	0,025	0,2526
15.01.2026 17:18:20	5,600	0,002	0,0175	0,025	0,2512
15.01.2026 17:18:20	5,650	0,002	0,0192	0,025	0,2503
15.01.2026 17:18:20	5,700	0,002	0,0182	0,025	0,2513
15.01.2026 17:18:20	5,750	0,002	0,0200	0,025	0,2493
15.01.2026 17:18:20	5,800	0,002	0,0152	0,025	0,2488
15.01.2026 17:18:20	5,850	0,002	0,0157	0,024	0,2444
15.01.2026 17:18:20	5,900	0,002	0,0182	0,025	0,2513
15.01.2026 17:18:20	5,950	0,002	0,0213	0,025	0,2512
15.01.2026 17:18:21	6,000	0,002	0,0182	0,025	0,2514
15.01.2026 17:18:21	6,050	0,002	0,0191	0,025	0,2480
15.01.2026 17:18:21	6,100	0,002	0,0168	0,025	0,2498
15.01.2026 17:18:21	6,150	0,002	0,0178	0,025	0,2478
15.01.2026 17:18:21	6,200	0,002	0,0175	0,025	0,2517
15.01.2026 17:18:21	6,250	0,002	0,0171	0,025	0,2475
15.01.2026 17:18:21	6,300	0,002	0,0196	0,025	0,2527
15.01.2026 17:18:21	6,350	0,002	0,0200	0,025	0,2502
15.01.2026 17:18:21	6,400	0,002	0,0197	0,025	0,2532
15.01.2026 17:18:21	6,450	0,002	0,0206	0,025	0,2504
15.01.2026 17:18:21	6,500	0,002	0,0161	0,025	0,2493
15.01.2026 17:18:21	6,550	0,002	0,0181	0,025	0,2478
15.01.2026 17:18:21	6,600	0,002	0,0174	0,025	0,2503
15.01.2026 17:18:21	6,650	0,002	0,0182	0,025	0,2484
15.01.2026 17:18:21	6,700	0,002	0,0194	0,025	0,2519
15.01.2026 17:18:21	6,750	0,002	0,0186	0,025	0,2489
15.01.2026 17:18:21	6,800	0,002	0,0181	0,025	0,2513
15.01.2026 17:18:21	6,850	0,002	0,0165	0,025	0,2470
15.01.2026 17:18:21	6,900	0,002	0,0176	0,025	0,2513
15.01.2026 17:18:21	6,950	0,002	0,0169	0,025	0,2465
15.01.2026 17:18:22	7,000	0,002	0,0217	0,026	0,2559
15.01.2026 17:18:22	7,050	0,002	0,0178	0,025	0,2478
15.01.2026 17:18:22	7,100	0,002	0,0186	0,025	0,2523
15.01.2026 17:18:22	7,150	0,002	0,0176	0,025	0,2478
15.01.2026 17:18:22	7,200	0,002	0,0207	0,025	0,2542
15.01.2026 17:18:22	7,250	0,002	0,0178	0,025	0,2474
15.01.2026 17:18:22	7,300	0,002	0,0179	0,025	0,2519
15.01.2026 17:18:22	7,350	0,002	0,0184	0,025	0,2494
15.01.2026 17:18:22	7,400	0,002	0,0200	0,025	0,2533
15.01.2026 17:18:22	7,450	0,002	0,0188	0,025	0,2493
15.01.2026 17:18:22	7,500	0,002	0,0180	0,025	0,2513
15.01.2026 17:18:22	7,550	0,001	0,0143	0,024	0,2450
15.01.2026 17:18:22	7,600	0,002	0,0150	0,025	0,2498
15.01.2026 17:18:22	7,650	0,002	0,0179	0,025	0,2478
15.01.2026 17:18:22	7,700	0,002	0,0185	0,025	0,2528
15.01.2026 17:18:22	7,750	0,002	0,0165	0,025	0,2462
15.01.2026 17:18:22	7,800	0,002	0,0186	0,025	0,2522
15.01.2026 17:18:22	7,850	0,002	0,0156	0,025	0,2456
15.01.2026 17:18:22	7,900	0,002	0,0178	0,025	0,2506
15.01.2026 17:18:22	7,950	0,002	0,0170	0,025	0,2473
15.01.2026 17:18:23	8,000	0,002	0,0175	0,025	0,2516
15.01.2026 17:18:23	8,050	0,002	0,0164	0,025	0,2472
15.01.2026 17:18:23	8,100	0,002	0,0174	0,025	0,2505
15.01.2026 17:18:23	8,150	0,002	0,0159	0,025	0,2456
15.01.2026 17:18:23	8,200	0,002	0,0155	0,025	0,2493
15.01.2026 17:18:23	8,250	0,002	0,0170	0,025	0,2475
15.01.2026 17:18:23	8,300	0,001	0,0146	0,025	0,2491
15.01.2026 17:18:23	8,350	0,002	0,0179	0,025	0,2484
15.01.2026 17:18:23	8,400	0,002	0,0199	0,025	0,2539
15.01.2026 17:18:23	8,450	0,002	0,0158	0,025	0,2457
15.01.2026 17:18:23	8,500	0,002	0,0166	0,025	0,2506
15.01.2026 17:18:23	8,550	0,002	0,0171	0,025	0,2479
15.01.2026 17:18:23	8,600	0,001	0,0142	0,025	0,2494
15.01.2026 17:18:23	8,650	0,002	0,0172	0,025	0,2465
15.01.2026 17:18:23	8,700	0,002	0,0166	0,025	0,2507
15.01.2026 17:18:23	8,750	0,002	0,0153	0,025	0,2453
15.01.2026 17:18:23	8,800	0,002	0,0166	0,025	0,2509
15.01.2026 17:18:23	8,850	0,002	0,0173	0,025	0,2477
15.01.2026 17:18:23	8,900	0,002	0,0197	0,025	0,2523
15.01.2026 17:18:23	8,950	0,002	0,0166	0,025	0,2471
15.01.2026 17:18:24	9,000	0,002	0,0154	0,025	0,2494
15.01.2026 17:18:24	9,050	0,001	0,0137	0,024	0,2448
15.01.2026 17:18:24	9,100	0,002	0,0163	0,025	0,2504
15.01.2026 17:18:24	9,150	0,002	0,0175	0,025	0,2471
15.01.2026 17:18:24	9,200	0,002	0,0155	0,025	0,2494
15.01.2026 17:18:24	9,250	0,002	0,0159	0,025	0,2455
15.01.2026 17:18:24	9,300	0,002	0,0167	0,025	0,2509
15.01.2026 17:18:24	9,350	0,002	0,0174	0,025	0,2467
15.01.2026 17:18:24	9,400	0,002	0,0157	0,025	0,2502
15.01.2026 17:18:24	9,450	0,002	0,0152	0,024	0,2448
15.01.2026 17:18:24	9,500	0,002	0,0152	0,025	0,2495
15.01.2026 17:18:24	9,550	0,002	0,0184	0,025	0,2487
15.01.2026 17:18:24	9,600	0,002	0,0165	0,025	0,2510
15.01.2026 17:18:24	9,650	0,002	0,0188	0,025	0,2485
15.01.2026 17:18:24	9,700	0,002	0,0175	0,025	0,2511
15.01.2026 17:18:24	9,750	0,002	0,0157	0,025	0,2457
15.01.2026 17:18:24	9,800	0,002	0,0198	0,025	0,2538
15.01.2026 17:18:24	9,850	0,002	0,0195	0,025	0,2500
15.01.2026 17:18:24	9,900	0,002	0,0190	0,025	0,2524
15.01.2026 17:18:24	9,950	0,002	0,0179	0,025	0,2463
15.01.2026 17:18:25	10,000	0,002	0,0163	0,025	0,2512
15.01.2026 17:18:25	10,050	0,002	0,0171	0,025	0,2461
15.01.2026 17:18:25	10,100	0,002	0,0189	0,025	0,2526
15.01.2026 17:18:25	10,150	0,001	0,0141	0,024	0,2429
15.01.2026 17:18:25	10,200	0,002	0,0177	0,025	0,2508
15.01.2026 17:18:25	10,250	0,002	0,0176	0,025	0,2474
15.01.2026 17:18:25	10,300	0,002	0,0165	0,025	0,2504
15.01.2026 17:18:25	10,350	0,002	0,0172	0,025	0,2471
15.01.2026 17:18:25	10,400	0,002	0,0176	0,025	0,2521
15.01.2026 17:18:25	10,450	0,002	0,0191	0,025	0,2481
15.01.2026 17:18:25	10,500	0,002	0,0174	0,025	0,2507
15.01.2026 17:18:25	10,550	0,002	0,0168	0,025	0,2468
15.01.2026 17:18:25	10,600	0,002	0,0176	0,025	0,2518
15.01.2026 17:18:25	10,650	0,002	0,0185	0,025	0,2487
15.01.2026 17:18:25	10,700	0,002	0,0165	0,025	0,2508
15.01.2026 17:18:25	10,750	0,002	0,0175	0,025	0,2473
15.01.2026 17:18:25	10,800	0,002	0,0173	0,025	0,2513
15.01.2026 17:18:25	10,850	0,001	0,0139	0,024	0,2443
15.01.2026 17:18:25	10,900	0,002	0,0186	0,025	0,2527
15.01.2026 17:18:25	10,950	0,002	0,0173	0,025	0,2474
15.01.2026 17:18:26	11,000	0,002	0,0203	0,025	0,2549
15.01.2026 17:18:26	11,050	0,002	0,0207	0,025	0,2511
15.01.2026 17:18:26	11,100	0,002	0,0179	0,025	0,2518
15.01.2026 17:18:26	11,150	0,002	0,0194	0,025	0,2497
15.01.2026 17:18:26	11,200	0,002	0,0205	0,026	0,2552
15.01.2026 17:18:26	11,250	0,002	0,0181	0,025	0,2485
15.01.2026 17:18:26	11,300	0,002	0,0195	0,025	0,2526
15.01.2026 17:18:26	11,350	0,002	0,0167	0,025	0,2457
15.01.2026 17:18:26	11,400	0,002	0,0173	0,025	0,2513
15.01.2026 17:18:26	11,450	0,002	0,0186	0,025	0,2486
15.01.2026 17:18:26	11,500	0,002	0,0184	0,025	0,2520
15.01.2026 17:18:26	11,550	0,002	0,0168	0,025	0,2468
15.01.2026 17:18:26	11,600	0,002	0,0191	0,025	0,2532
15.01.2026 17:18:26	11,650	0,002	0,0190	0,025	0,2499
15.01.2026 17:18:26	11,700	0,002	0,0190	0,025	0,2533
15.01.2026 17:18:26	11,750	0,002	0,0193	0,025	0,2492
15.01.2026 17:18:26	11,800	0,002	0,0180	0,025	0,2519
15.01.2026 17:18:26	11,850	0,002	0,0181	0,025	0,2477
15.01.2026 17:18:26	11,900	0,002	0,0184	0,025	0,2539
15.01.2026 17:18:26	11,950	0,002	0,0176	0,025	0,2481
15.01.2026 17:18:27	12,000	0,002	0,0197	0,025	0,2532
15.01.2026 17:18:27	12,050	0,002	0,0180	0,025	0,2486
15.01.2026 17:18:27	12,100	0,002	0,0178	0,025	0,2520
15.01.2026 17:18:27	12,150	0,002	0,0154	0,025	0,2454
15.01.2026 17:18:27	12,200	0,002	0,0177	0,025	0,2516
15.01.2026 17:18:27	12,250	0,002	0,0201	0,025	0,2493
15.01.2026 17:18:27	12,300	0,002	0,0176	0,025	0,2532
15.01.2026 17:18:27	12,350	0,002	0,0179	0,025	0,2468
15.01.2026 17:18:27	12,400	0,002	0,0226	0,025	0,2534
15.01.2026 17:18:27	12,450	0,003	0,0278	0,025	0,2510
15.01.2026 17:18:27	12,500	0,003	0,0290	0,025	0,2544
15.01.2026 17:18:27	12,550	0,003	0,0306	0,025	0,2518
15.01.2026 17:18:27	12,600	0,003	0,0301	0,025	0,2537
15.01.2026 17:18:27	12,650	0,003	0,0337	0,025	0,2487
15.01.2026 17:18:27	12,700	0,004	0,0403	0,026	0,2556
15.01.2026 17:18:27	12,750	0,005	0,0476	0,026	0,2550
15.01.2026 17:18:27	12,800	0,005	0,0461	0,026	0,2564
15.01.2026 17:18:27	12,850	0,005	0,0481	0,025	0,2528
15.01.2026 17:18:27	12,900	0,005	0,0496	0,026	0,2589
15.01.2026 17:18:27	12,950	0,005	0,0515	0,025	0,2545
15.01.2026 17:18:28	13,000	0,006	0,0576	0,026	0,2614
15.01.2026 17:18:28	13,050	0,006	0,0605	0,026	0,2566
15.01.2026 17:18:28	13,100	0,006	0,0631	0,026	0,2617
15.01.2026 17:18:28	13,150	0,007	0,0655	0,026	0,2567
15.01.2026 17:18:28	13,200	0,007	0,0677	0,026	0,2596
15.01.2026 17:18:28	13,250	0,008	0,0775	0,026	0,2597
15.01.2026 17:18:28	13,300	0,008	0,0842	0,027	0,2660
15.01.2026 17:18:28	13,350	0,009	0,0903	0,026	0,2614
15.01.2026 17:18:28	13,400	0,010	0,1045	0,027	0,2711
15.01.2026 17:18:28	13,450	0,012	0,1212	0,027	0,2719
15.01.2026 17:18:28	13,500	0,014	0,1352	0,028	0,2804
15.01.2026 17:18:28	13,550	0,015	0,1463	0,028	0,2785
15.01.2026 17:18:28	13,600	0,016	0,1551	0,028	0,2846
15.01.2026 17:18:28	13,650	0,017	0,1665	0,028	0,2833
15.01.2026 17:18:28	13,700	0,018	0,1756	0,029	0,2905
15.01.2026 17:18:28	13,750	0,019	0,1852	0,029	0,2902
15.01.2026 17:18:28	13,800	0,020	0,1966	0,030	0,2993
15.01.2026 17:18:28	13,850	0,020	0,1993	0,029	0,2927
15.01.2026 17:18:28	13,900	0,021	0,2111	0,030	0,3032
15.01.2026 17:18:28	13,950	0,022	0,2198	0,030	0,3005
15.01.2026 17:18:29	14,000	0,023	0,2281	0,031	0,3093
15.01.2026 17:18:29	14,050	0,024	0,2364	0,031	0,3093
15.01.2026 17:18:29	14,100	0,024	0,2362	0,031	0,3119
15.01.2026 17:18:29	14,150	0,024	0,2432	0,031	0,3115
15.01.2026 17:18:29	14,200	0,025	0,2486	0,032	0,3172
15.01.2026 17:18:29	14,250	0,026	0,2558	0,031	0,3134
15.01.2026 17:18:29	14,300	0,026	0,2649	0,032	0,3229
15.01.2026 17:18:29	14,350	0,027	0,2739	0,032	0,3223
15.01.2026 17:18:29	14,400	0,029	0,2859	0,033	0,3334
15.01.2026 17:18:29	14,450	0,029	0,2908	0,033	0,3281
15.01.2026 17:18:29	14,500	0,030	0,2989	0,034	0,3367
15.01.2026 17:18:29	14,550	0,031	0,3072	0,034	0,3368
15.01.2026 17:18:29	14,600	0,031	0,3144	0,034	0,3425
15.01.2026 17:18:29	14,650	0,033	0,3273	0,034	0,3422
15.01.2026 17:18:29	14,700	0,034	0,3381	0,035	0,3506
15.01.2026 17:18:29	14,750	0,035	0,3530	0,035	0,3540
15.01.2026 17:18:29	14,800	0,036	0,3650	0,036	0,3626
15.01.2026 17:18:29	14,850	0,038	0,3815	0,037	0,3671
15.01.2026 17:18:29	14,900	0,040	0,3980	0,038	0,3794
15.01.2026 17:18:29	14,950	0,041	0,4078	0,038	0,3757
15.01.2026 17:18:30	15,000	0,042	0,4188	0,039	0,3866
15.01.2026 17:18:30	15,050	0,043	0,4275	0,039	0,3872
15.01.2026 17:18:30	15,100	0,043	0,4306	0,039	0,3927
15.01.2026 17:18:30	15,150	0,043	0,4338	0,039	0,3903
15.01.2026 17:18:30	15,200	0,044	0,4368	0,040	0,3977
15.01.2026 17:18:30	15,250	0,044	0,4394	0,039	0,3949
15.01.2026 17:18:30	15,300	0,044	0,4422	0,040	0,4030
15.01.2026 17:18:30	15,350	0,044	0,4408	0,040	0,3955
15.01.2026 17:18:30	15,400	0,044	0,4426	0,040	0,4012
15.01.2026 17:18:30	15,450	0,045	0,4509	0,040	0,3971
15.01.2026 17:18:30	15,500	0,046	0,4635	0,041	0,4093
15.01.2026 17:18:30	15,550	0,047	0,4687	0,040	0,4042
15.01.2026 17:18:30	15,600	0,048	0,4840	0,042	0,4190
15.01.2026 17:18:30	15,650	0,049	0,4949	0,042	0,4193
15.01.2026 17:18:30	15,700	0,051	0,5072	0,043	0,4288
15.01.2026 17:18:30	15,750	0,052	0,5191	0,043	0,4291
15.01.2026 17:18:30	15,800	0,053	0,5305	0,044	0,4406
15.01.2026 17:18:30	15,850	0,055	0,5476	0,044	0,4449
15.01.2026 17:18:30	15,900	0,056	0,5609	0,045	0,4547
15.01.2026 17:18:30	15,950	0,058	0,5811	0,046	0,4595
15.01.2026 17:18:31	16,000	0,060	0,6003	0,048	0,4752
15.01.2026 17:18:31	16,050	0,062	0,6158	0,048	0,4774
15.01.2026 17:18:31	16,100	0,064	0,6378	0,050	0,4968
15.01.2026 17:18:31	16,150	0,065	0,6532	0,050	0,4979
15.01.2026 17:18:31	16,200	0,068	0,6755	0,052	0,5150
15.01.2026 17:18:31	16,250	0,069	0,6930	0,052	0,5221
15.01.2026 17:18:31	16,300	0,071	0,7056	0,053	0,5342
15.01.2026 17:18:31	16,350	0,072	0,7248	0,054	0,5392
15.01.2026 17:18:31	16,400	0,074	0,7381	0,055	0,5520
15.01.2026 17:18:31	16,450	0,075	0,7502	0,055	0,5525
15.01.2026 17:18:31	16,500	0,077	0,7700	0,057	0,5709
15.01.2026 17:18:31	16,550	0,078	0,7839	0,057	0,5741
15.01.2026 17:18:31	16,600	0,079	0,7944	0,058	0,5845
15.01.2026 17:18:31	16,650	0,081	0,8111	0,059	0,5905
15.01.2026 17:18:31	16,700	0,082	0,8213	0,060	0,6013
15.01.2026 17:18:31	16,750	0,084	0,8352	0,061	0,6058
15.01.2026 17:18:31	16,800	0,084	0,8416	0,062	0,6166
15.01.2026 17:18:31	16,850	0,084	0,8426	0,061	0,6115
15.01.2026 17:18:31	16,900	0,085	0,8504	0,062	0,6243
15.01.2026 17:18:31	16,950	0,085	0,8529	0,062	0,6198
15.01.2026 17:18:32	17,000	0,085	0,8539	0,063	0,6262
15.01.2026 17:18:32	17,050	0,085	0,8530	0,062	0,6207
15.01.2026 17:18:32	17,100	0,086	0,8580	0,063	0,6271
15.01.2026 17:18:32	17,150	0,087	0,8666	0,063	0,6271
15.01.2026 17:18:32	17,200	0,088	0,8757	0,064	0,6381
15.01.2026 17:18:32	17,250	0,088	0,8842	0,064	0,6373
15.01.2026 17:18:32	17,300	0,089	0,8950	0,065	0,6459
15.01.2026 17:18:32	17,350	0,091	0,9103	0,065	0,6525
15.01.2026 17:18:32	17,400	0,092	0,9188	0,066	0,6629
15.01.2026 17:18:32	17,450	0,093	0,9291	0,066	0,6634
15.01.2026 17:18:32	17,500	0,094	0,9418	0,068	0,6782
15.01.2026 17:18:32	17,550	0,095	0,9500	0,068	0,6770
15.01.2026 17:18:32	17,600	0,096	0,9600	0,069	0,6866
15.01.2026 17:18:32	17,650	0,097	0,9728	0,069	0,6916
15.01.2026 17:18:32	17,700	0,098	0,9776	0,070	0,6999
15.01.2026 17:18:32	17,750	0,099	0,9859	0,070	0,7001
15.01.2026 17:18:32	17,800	0,099	0,9912	0,071	0,7080
15.01.2026 17:18:32	17,850	0,100	1,0049	0,071	0,7131
15.01.2026 17:18:32	17,900	0,101	1,0116	0,072	0,7217
15.01.2026 17:18:32	17,950	0,102	1,0217	0,072	0,7224
15.01.2026 17:18:33	18,000	0,103	1,0310	0,073	0,7338
15.01.2026 17:18:33	18,050	0,104	1,0386	0,073	0,7343
15.01.2026 17:18:33	18,100	0,105	1,0453	0,074	0,7440
15.01.2026 17:18:33	18,150	0,105	1,0535	0,074	0,7432
15.01.2026 17:18:33	18,200	0,106	1,0614	0,075	0,7539
15.01.2026 17:18:33	18,250	0,108	1,0750	0,076	0,7574
15.01.2026 17:18:33	18,300	0,108	1,0820	0,077	0,7665
15.01.2026 17:18:33	18,350	0,109	1,0937	0,077	0,7683
15.01.2026 17:18:33	18,400	0,111	1,1065	0,078	0,7824
15.01.2026 17:18:33	18,450	0,112	1,1193	0,078	0,7834
15.01.2026 17:18:33	18,500	0,114	1,1360	0,080	0,7988
15.01.2026 17:18:33	18,550	0,115	1,1484	0,080	0,8037
15.01.2026 17:18:33	18,600	0,116	1,1577	0,082	0,8167
15.01.2026 17:18:33	18,650	0,116	1,1611	0,081	0,8139
15.01.2026 17:18:33	18,700	0,117	1,1706	0,083	0,8251
15.01.2026 17:18:33	18,750	0,118	1,1840	0,083	0,8271
15.01.2026 17:18:33	18,800	0,119	1,1913	0,084	0,8380
15.01.2026 17:18:33	18,850	0,120	1,2008	0,084	0,8385
15.01.2026 17:18:33	18,900	0,121	1,2122	0,085	0,8530
15.01.2026 17:18:33	18,950	0,122	1,2151	0,085	0,8490
15.01.2026 17:18:34	19,000	0,123	1,2257	0,086	0,8613
15.01.2026 17:18:34	19,050	0,124	1,2377	0,086	0,8619
15.01.2026 17:18:34	19,100	0,125	1,2497	0,088	0,8757
15.01.2026 17:18:34	19,150	0,126	1,2610	0,088	0,8790
15.01.2026 17:18:34	19,200	0,127	1,2683	0,089	0,8884
15.01.2026 17:18:34	19,250	0,127	1,2733	0,089	0,8868
15.01.2026 17:18:34	19,300	0,128	1,2842	0,090	0,9002
15.01.2026 17:18:34	19,350	0,129	1,2907	0,090	0,8994
15.01.2026 17:18:34	19,400	0,130	1,2968	0,091	0,9101
15.01.2026 17:18:34	19,450	0,130	1,3047	0,091	0,9097
15.01.2026 17:18:34	19,500	0,131	1,3083	0,092	0,9186
15.01.2026 17:18:34	19,550	0,131	1,3112	0,091	0,9140
15.01.2026 17:18:34	19,600	0,132	1,3152	0,092	0,9232
15.01.2026 17:18:34	19,650	0,132	1,3158	0,092	0,9181
15.01.2026 17:18:34	19,700	0,132	1,3175	0,093	0,9257
15.01.2026 17:18:34	19,750	0,132	1,3219	0,092	0,9229
15.01.2026 17:18:34	19,800	0,133	1,3288	0,093	0,9320
15.01.2026 17:18:34	19,850	0,133	1,3331	0,093	0,9283
15.01.2026 17:18:34	19,900	0,135	1,3454	0,094	0,9416
15.01.2026 17:18:34	19,950	0,135	1,3540	0,094	0,9398
15.01.2026 17:18:35	20,000	0,136	1,3627	0,095	0,9542
15.01.2026 17:18:35	20,050	0,137	1,3705	0,095	0,9527
15.01.2026 17:18:35	20,100	0,138	1,3811	0,096	0,9636
15.01.2026 17:18:35	20,150	0,139	1,3922	0,096	0,9639
15.01.2026 17:18:35	20,200	0,141	1,4078	0,098	0,9791
15.01.2026 17:18:35	20,250	0,142	1,4198	0,098	0,9817
15.01.2026 17:18:35	20,300	0,143	1,4264	0,099	0,9937
15.01.2026 17:18:35	20,350	0,143	1,4299	0,099	0,9899
15.01.2026 17:18:35	20,400	0,144	1,4383	0,100	1,0027
15.01.2026 17:18:35	20,450	0,144	1,4422	0,100	0,9991
15.01.2026 17:18:35	20,500	0,145	1,4527	0,101	1,0111
15.01.2026 17:18:35	20,550	0,146	1,4625	0,101	1,0119
15.01.2026 17:18:35	20,600	0,147	1,4704	0,102	1,0220
15.01.2026 17:18:35	20,650	0,148	1,4793	0,102	1,0221
15.01.2026 17:18:35	20,700	0,149	1,4889	0,103	1,0341
15.01.2026 17:18:35	20,750	0,151	1,5054	0,104	1,0363
15.01.2026 17:18:35	20,800	0,152	1,5216	0,105	1,0500
15.01.2026 17:18:35	20,850	0,154	1,5434	0,106	1,0591
15.01.2026 17:18:35	20,900	0,156	1,5632	0,108	1,0757
15.01.2026 17:18:35	20,950	0,159	1,5873	0,108	1,0848
15.01.2026 17:18:36	21,000	0,161	1,6071	0,111	1,1055
15.01.2026 17:18:36	21,050	0,162	1,6189	0,111	1,1064
15.01.2026 17:18:36	21,100	0,163	1,6335	0,112	1,1246
15.01.2026 17:18:36	21,150	0,164	1,6430	0,113	1,1264
15.01.2026 17:18:36	21,200	0,165	1,6464	0,114	1,1360
15.01.2026 17:18:36	21,250	0,166	1,6554	0,114	1,1378
15.01.2026 17:18:36	21,300	0,165	1,6548	0,114	1,1429
15.01.2026 17:18:36	21,350	0,166	1,6617	0,114	1,1417
15.01.2026 17:18:36	21,400	0,166	1,6629	0,115	1,1490
15.01.2026 17:18:36	21,450	0,167	1,6662	0,115	1,1464
15.01.2026 17:18:36	21,500	0,167	1,6703	0,115	1,1546
15.01.2026 17:18:36	21,550	0,169	1,6861	0,116	1,1562
15.01.2026 17:18:36	21,600	0,170	1,6981	0,117	1,1689
15.01.2026 17:18:36	21,650	0,171	1,7101	0,117	1,1705
15.01.2026 17:18:36	21,700	0,171	1,7147	0,118	1,1782
15.01.2026 17:18:36	21,750	0,173	1,7256	0,118	1,1810
15.01.2026 17:18:36	21,800	0,174	1,7387	0,119	1,1934
15.01.2026 17:18:36	21,850	0,175	1,7486	0,119	1,1926
15.01.2026 17:18:36	21,900	0,176	1,7638	0,121	1,2098
15.01.2026 17:18:36	21,950	0,177	1,7725	0,121	1,2104
15.01.2026 17:18:37	22,000	0,178	1,7755	0,122	1,2183
15.01.2026 17:18:37	22,050	0,179	1,7855	0,122	1,2202
15.01.2026 17:18:37	22,100	0,179	1,7902	0,123	1,2295
15.01.2026 17:18:37	22,150	0,180	1,7973	0,123	1,2288
15.01.2026 17:18:37	22,200	0,180	1,7985	0,124	1,2354
15.01.2026 17:18:37	22,250	0,180	1,8036	0,123	1,2320
15.01.2026 17:18:37	22,300	0,182	1,8166	0,125	1,2459
15.01.2026 17:18:37	22,350	0,183	1,8298	0,125	1,2453
15.01.2026 17:18:37	22,400	0,184	1,8410	0,126	1,2573
15.01.2026 17:18:37	22,450	0,185	1,8527	0,126	1,2575
15.01.2026 17:18:37	22,500	0,186	1,8633	0,127	1,2708
15.01.2026 17:18:37	22,550	0,188	1,8755	0,127	1,2711
15.01.2026 17:18:37	22,600	0,189	1,8902	0,129	1,2889
15.01.2026 17:18:37	22,650	0,190	1,9038	0,129	1,2927
15.01.2026 17:18:37	22,700	0,191	1,9141	0,130	1,3030
15.01.2026 17:18:37	22,750	0,193	1,9251	0,130	1,3019
15.01.2026 17:18:37	22,800	0,194	1,9407	0,132	1,3194
15.01.2026 17:18:37	22,850	0,195	1,9524	0,132	1,3192
15.01.2026 17:18:37	22,900	0,196	1,9601	0,133	1,3323
15.01.2026 17:18:37	22,950	0,196	1,9645	0,133	1,3289
15.01.2026 17:18:38	23,000	0,197	1,9695	0,134	1,3398
15.01.2026 17:18:38	23,050	0,197	1,9748	0,134	1,3367
15.01.2026 17:18:38	23,100	0,199	1,9864	0,135	1,3477
15.01.2026 17:18:38	23,150	0,200	1,9979	0,135	1,3477
15.01.2026 17:18:38	23,200	0,201	2,0063	0,136	1,3589
15.01.2026 17:18:38	23,250	0,202	2,0219	0,136	1,3640
15.01.2026 17:18:38	23,300	0,203	2,0304	0,137	1,3748
15.01.2026 17:18:38	23,350	0,204	2,0446	0,137	1,3744
15.01.2026 17:18:38	23,400	0,206	2,0569	0,139	1,3905
15.01.2026 17:18:38	23,450	0,207	2,0666	0,139	1,3896
15.01.2026 17:18:38	23,500	0,207	2,0719	0,140	1,4017
15.01.2026 17:18:38	23,550	0,208	2,0765	0,140	1,3975
15.01.2026 17:18:38	23,600	0,208	2,0824	0,141	1,4089
15.01.2026 17:18:38	23,650	0,209	2,0886	0,140	1,4031
15.01.2026 17:18:38	23,700	0,210	2,1009	0,142	1,4172
15.01.2026 17:18:38	23,750	0,211	2,1132	0,142	1,4177
15.01.2026 17:18:38	23,800	0,212	2,1229	0,143	1,4283
15.01.2026 17:18:38	23,850	0,213	2,1338	0,143	1,4287
15.01.2026 17:18:38	23,900	0,214	2,1429	0,144	1,4420
15.01.2026 17:18:38	23,950	0,215	2,1477	0,144	1,4379
15.01.2026 17:18:39	24,000	0,215	2,1534	0,145	1,4500
15.01.2026 17:18:39	24,050	0,216	2,1599	0,145	1,4463
15.01.2026 17:18:39	24,100	0,217	2,1679	0,146	1,4562
15.01.2026 17:18:39	24,150	0,218	2,1807	0,146	1,4579
15.01.2026 17:18:39	24,200	0,219	2,1912	0,147	1,4690
15.01.2026 17:18:39	24,250	0,220	2,2025	0,147	1,4693
15.01.2026 17:18:39	24,300	0,221	2,2086	0,148	1,4803
15.01.2026 17:18:39	24,350	0,222	2,2158	0,148	1,4792
15.01.2026 17:18:39	24,400	0,222	2,2197	0,149	1,4896
15.01.2026 17:18:39	24,450	0,222	2,2233	0,148	1,4835
15.01.2026 17:18:39	24,500	0,223	2,2303	0,149	1,4921
15.01.2026 17:18:39	24,550	0,224	2,2393	0,149	1,4905
15.01.2026 17:18:39	24,600	0,225	2,2462	0,150	1,5024
15.01.2026 17:18:39	24,650	0,225	2,2528	0,150	1,5001
15.01.2026 17:18:39	24,700	0,225	2,2543	0,151	1,5088
15.01.2026 17:18:39	24,750	0,226	2,2579	0,151	1,5065
15.01.2026 17:18:39	24,800	0,226	2,2578	0,151	1,5128
15.01.2026 17:18:39	24,850	0,226	2,2625	0,151	1,5084
15.01.2026 17:18:39	24,900	0,226	2,2648	0,152	1,5156
15.01.2026 17:18:39	24,950	0,226	2,2649	0,151	1,5075
15.01.2026 17:18:40	25,000	0,227	2,2675	0,152	1,5176
15.01.2026 17:18:40	25,050	0,227	2,2694	0,151	1,5120
15.01.2026 17:18:40	25,100	0,227	2,2704	0,152	1,5190
15.01.2026 17:18:40	25,150	0,228	2,2785	0,152	1,5156
15.01.2026 17:18:40	25,200	0,229	2,2930	0,153	1,5264
15.01.2026 17:18:40	25,250	0,231	2,3104	0,153	1,5283
15.01.2026 17:18:40	25,300	0,233	2,3255	0,154	1,5449
15.01.2026 17:18:40	25,350	0,234	2,3373	0,154	1,5439
15.01.2026 17:18:40	25,400	0,235	2,3463	0,156	1,5570
15.01.2026 17:18:40	25,450	0,235	2,3537	0,156	1,5553
15.01.2026 17:18:40	25,500	0,236	2,3568	0,157	1,5655
15.01.2026 17:18:40	25,550	0,236	2,3612	0,156	1,5600
15.01.2026 17:18:40	25,600	0,237	2,3668	0,157	1,5719
15.01.2026 17:18:40	25,650	0,237	2,3721	0,156	1,5646
15.01.2026 17:18:40	25,700	0,239	2,3889	0,158	1,5814
15.01.2026 17:18:40	25,750	0,240	2,3964	0,158	1,5762
15.01.2026 17:18:40	25,800	0,241	2,4076	0,159	1,5921
15.01.2026 17:18:40	25,850	0,242	2,4157	0,159	1,5887
15.01.2026 17:18:40	25,900	0,242	2,4215	0,160	1,6000
15.01.2026 17:18:40	25,950	0,243	2,4256	0,160	1,5970
15.01.2026 17:18:41	26,000	0,243	2,4309	0,161	1,6080
15.01.2026 17:18:41	26,050	0,243	2,4332	0,160	1,6010
15.01.2026 17:18:41	26,100	0,244	2,4378	0,161	1,6126
15.01.2026 17:18:41	26,150	0,244	2,4424	0,160	1,6048
15.01.2026 17:18:41	26,200	0,246	2,4562	0,162	1,6176
15.01.2026 17:18:41	26,250	0,248	2,4803	0,162	1,6195
15.01.2026 17:18:41	26,300	0,250	2,5030	0,164	1,6401
15.01.2026 17:18:41	26,350	0,252	2,5205	0,164	1,6423
15.01.2026 17:18:41	26,400	0,253	2,5340	0,166	1,6571
15.01.2026 17:18:41	26,450	0,255	2,5462	0,166	1,6573
15.01.2026 17:18:41	26,500	0,256	2,5564	0,167	1,6736
15.01.2026 17:18:41	26,550	0,256	2,5624	0,167	1,6694
15.01.2026 17:18:41	26,600	0,257	2,5702	0,168	1,6804
15.01.2026 17:18:41	26,650	0,258	2,5809	0,168	1,6792
15.01.2026 17:18:41	26,700	0,259	2,5884	0,169	1,6907
15.01.2026 17:18:41	26,750	0,260	2,5952	0,169	1,6864
15.01.2026 17:18:41	26,800	0,260	2,6021	0,170	1,6976
15.01.2026 17:18:41	26,850	0,261	2,6075	0,169	1,6920
15.01.2026 17:18:41	26,900	0,261	2,6131	0,170	1,7013
15.01.2026 17:18:41	26,950	0,262	2,6241	0,170	1,7017
15.01.2026 17:18:42	27,000	0,263	2,6303	0,171	1,7119
15.01.2026 17:18:42	27,050	0,264	2,6367	0,170	1,7046
15.01.2026 17:18:42	27,100	0,264	2,6447	0,172	1,7192
15.01.2026 17:18:42	27,150	0,266	2,6560	0,172	1,7176
15.01.2026 17:18:42	27,200	0,267	2,6674	0,173	1,7306
15.01.2026 17:18:42	27,250	0,268	2,6810	0,173	1,7288
15.01.2026 17:18:42	27,300	0,270	2,6955	0,174	1,7437
15.01.2026 17:18:42	27,350	0,271	2,7084	0,174	1,7428
15.01.2026 17:18:42	27,400	0,272	2,7232	0,176	1,7574
15.01.2026 17:18:42	27,450	0,274	2,7376	0,176	1,7563
15.01.2026 17:18:42	27,500	0,275	2,7539	0,177	1,7750
15.01.2026 17:18:42	27,550	0,276	2,7593	0,177	1,7670
15.01.2026 17:18:42	27,600	0,277	2,7721	0,178	1,7817
15.01.2026 17:18:42	27,650	0,278	2,7842	0,178	1,7819
15.01.2026 17:18:42	27,700	0,280	2,7962	0,179	1,7937
15.01.2026 17:18:42	27,750	0,281	2,8082	0,179	1,7921
15.01.2026 17:18:42	27,800	0,282	2,8204	0,181	1,8071
15.01.2026 17:18:42	27,850	0,283	2,8299	0,180	1,8035
15.01.2026 17:18:42	27,900	0,284	2,8367	0,181	1,8145
15.01.2026 17:18:42	27,950	0,284	2,8402	0,181	1,8106
15.01.2026 17:18:43	28,000	0,284	2,8447	0,182	1,8208
15.01.2026 17:18:43	28,050	0,284	2,8444	0,181	1,8126
15.01.2026 17:18:43	28,100	0,285	2,8491	0,182	1,8236
15.01.2026 17:18:43	28,150	0,286	2,8568	0,182	1,8191
15.01.2026 17:18:43	28,200	0,286	2,8628	0,183	1,8280
15.01.2026 17:18:43	28,250	0,288	2,8801	0,183	1,8251
15.01.2026 17:18:43	28,300	0,290	2,8993	0,185	1,8452
15.01.2026 17:18:43	28,350	0,291	2,9070	0,184	1,8411
15.01.2026 17:18:43	28,400	0,291	2,9133	0,185	1,8507
15.01.2026 17:18:43	28,450	0,292	2,9221	0,185	1,8497
15.01.2026 17:18:43	28,500	0,292	2,9237	0,186	1,8584
15.01.2026 17:18:43	28,550	0,293	2,9258	0,185	1,8521
15.01.2026 17:18:43	28,600	0,293	2,9265	0,186	1,8597
15.01.2026 17:18:43	28,650	0,294	2,9381	0,186	1,8564
15.01.2026 17:18:43	28,700	0,295	2,9463	0,187	1,8660
15.01.2026 17:18:43	28,750	0,295	2,9539	0,186	1,8632
15.01.2026 17:18:43	28,800	0,296	2,9645	0,188	1,8779
15.01.2026 17:18:43	28,850	0,297	2,9671	0,187	1,8715
15.01.2026 17:18:43	28,900	0,297	2,9733	0,188	1,8787
15.01.2026 17:18:43	28,950	0,299	2,9890	0,188	1,8778
15.01.2026 17:18:44	29,000	0,300	2,9981	0,189	1,8899
15.01.2026 17:18:44	29,050	0,302	3,0168	0,189	1,8896
15.01.2026 17:18:44	29,100	0,303	3,0336	0,191	1,9051
15.01.2026 17:18:44	29,150	0,305	3,0470	0,191	1,9050
15.01.2026 17:18:44	29,200	0,306	3,0620	0,192	1,9194
15.01.2026 17:18:44	29,250	0,308	3,0784	0,192	1,9197
15.01.2026 17:18:44	29,300	0,309	3,0899	0,193	1,9303
15.01.2026 17:18:44	29,350	0,310	3,1040	0,193	1,9311
15.01.2026 17:18:44	29,400	0,311	3,1101	0,194	1,9401
15.01.2026 17:18:44	29,450	0,312	3,1175	0,194	1,9373
15.01.2026 17:18:44	29,500	0,312	3,1214	0,195	1,9478
15.01.2026 17:18:44	29,550	0,313	3,1255	0,194	1,9415
15.01.2026 17:18:44	29,600	0,313	3,1334	0,195	1,9519
15.01.2026 17:18:44	29,650	0,315	3,1493	0,195	1,9500
15.01.2026 17:18:44	29,700	0,317	3,1717	0,197	1,9676
15.01.2026 17:18:44	29,750	0,318	3,1831	0,196	1,9616
15.01.2026 17:18:44	29,800	0,321	3,2081	0,198	1,9840
15.01.2026 17:18:44	29,850	0,322	3,2205	0,198	1,9784
15.01.2026 17:18:44	29,900	0,324	3,2449	0,200	1,9976
15.01.2026 17:18:44	29,950	0,327	3,2658	0,200	1,9983
15.01.2026 17:18:45	30,000	0,329	3,2910	0,202	2,0166
15.01.2026 17:18:45	30,050	0,332	3,3165	0,202	2,0152
15.01.2026 17:18:45	30,100	0,336	3,3551	0,204	2,0395
15.01.2026 17:18:45	30,150	0,340	3,3969	0,205	2,0485
15.01.2026 17:18:45	30,200	0,343	3,4337	0,207	2,0738
15.01.2026 17:18:45	30,250	0,346	3,4551	0,207	2,0739
15.01.2026 17:18:45	30,300	0,347	3,4740	0,209	2,0915
15.01.2026 17:18:45	30,350	0,348	3,4837	0,209	2,0880
15.01.2026 17:18:45	30,400	0,349	3,4932	0,210	2,1025
15.01.2026 17:18:45	30,450	0,350	3,4993	0,210	2,0970
15.01.2026 17:18:45	30,500	0,350	3,5025	0,211	2,1064
15.01.2026 17:18:45	30,550	0,351	3,5069	0,210	2,1017
15.01.2026 17:18:45	30,600	0,351	3,5137	0,211	2,1090
15.01.2026 17:18:45	30,650	0,353	3,5278	0,211	2,1081
15.01.2026 17:18:45	30,700	0,354	3,5414	0,212	2,1179
15.01.2026 17:18:45	30,750	0,356	3,5640	0,212	2,1190
15.01.2026 17:18:45	30,800	0,359	3,5874	0,213	2,1330
15.01.2026 17:18:45	30,850	0,362	3,6174	0,214	2,1392
15.01.2026 17:18:45	30,900	0,366	3,6585	0,216	2,1596
15.01.2026 17:18:45	30,950	0,369	3,6909	0,216	2,1622
15.01.2026 17:18:46	31,000	0,372	3,7239	0,218	2,1825
15.01.2026 17:18:46	31,050	0,375	3,7543	0,219	2,1863
15.01.2026 17:18:46	31,100	0,378	3,7827	0,220	2,2046
15.01.2026 17:18:46	31,150	0,380	3,8049	0,221	2,2057
15.01.2026 17:18:46	31,200	0,383	3,8253	0,222	2,2218
15.01.2026 17:18:46	31,250	0,385	3,8464	0,222	2,2198
15.01.2026 17:18:46	31,300	0,387	3,8676	0,223	2,2341
15.01.2026 17:18:46	31,350	0,389	3,8884	0,223	2,2339
15.01.2026 17:18:46	31,400	0,391	3,9066	0,225	2,2501
15.01.2026 17:18:46	31,450	0,393	3,9257	0,225	2,2468
15.01.2026 17:18:46	31,500	0,394	3,9449	0,226	2,2621
15.01.2026 17:18:46	31,550	0,397	3,9657	0,226	2,2605
15.01.2026 17:18:46	31,600	0,399	3,9900	0,228	2,2770
15.01.2026 17:18:46	31,650	0,401	4,0085	0,228	2,2756
15.01.2026 17:18:46	31,700	0,403	4,0335	0,229	2,2924
15.01.2026 17:18:46	31,750	0,405	4,0512	0,229	2,2890
15.01.2026 17:18:46	31,800	0,406	4,0633	0,230	2,2987
15.01.2026 17:18:46	31,850	0,407	4,0736	0,230	2,2980
15.01.2026 17:18:46	31,900	0,408	4,0774	0,231	2,3060
15.01.2026 17:18:46	31,950	0,408	4,0832	0,230	2,3008
15.01.2026 17:18:47	32,000	0,409	4,0863	0,231	2,3094
15.01.2026 17:18:47	32,050	0,409	4,0941	0,230	2,3026
15.01.2026 17:18:47	32,100	0,412	4,1171	0,232	2,3176
15.01.2026 17:18:47	32,150	0,413	4,1340	0,231	2,3140
15.01.2026 17:18:47	32,200	0,415	4,1526	0,233	2,3273
15.01.2026 17:18:47	32,250	0,417	4,1703	0,232	2,3234
15.01.2026 17:18:47	32,300	0,420	4,1958	0,234	2,3413
15.01.2026 17:18:47	32,350	0,422	4,2215	0,234	2,3416
15.01.2026 17:18:47	32,400	0,424	4,2431	0,236	2,3556
15.01.2026 17:18:47	32,450	0,426	4,2638	0,236	2,3559
15.01.2026 17:18:47	32,500	0,428	4,2798	0,237	2,3670
15.01.2026 17:18:47	32,550	0,430	4,2986	0,236	2,3616
15.01.2026 17:18:47	32,600	0,432	4,3193	0,238	2,3802
15.01.2026 17:18:47	32,650	0,434	4,3426	0,238	2,3802
15.01.2026 17:18:47	32,700	0,436	4,3586	0,239	2,3873
15.01.2026 17:18:47	32,750	0,439	4,3852	0,239	2,3914
15.01.2026 17:18:47	32,800	0,440	4,3985	0,240	2,4010
15.01.2026 17:18:47	32,850	0,441	4,4125	0,240	2,3970
15.01.2026 17:18:47	32,900	0,443	4,4280	0,241	2,4082
15.01.2026 17:18:47	32,950	0,445	4,4466	0,241	2,4071
15.01.2026 17:18:48	33,000	0,446	4,4614	0,242	2,4194
15.01.2026 17:18:48	33,050	0,448	4,4779	0,242	2,4169
15.01.2026 17:18:48	33,100	0,450	4,4980	0,243	2,4287
15.01.2026 17:18:48	33,150	0,453	4,5333	0,243	2,4294
15.01.2026 17:18:48	33,200	0,456	4,5595	0,245	2,4459
15.01.2026 17:18:48	33,250	0,457	4,5738	0,244	2,4419
15.01.2026 17:18:48	33,300	0,458	4,5832	0,245	2,4534
15.01.2026 17:18:48	33,350	0,459	4,5888	0,245	2,4474
15.01.2026 17:18:48	33,400	0,460	4,5966	0,246	2,4568
15.01.2026 17:18:48	33,450	0,462	4,6153	0,245	2,4521
15.01.2026 17:18:48	33,500	0,462	4,6241	0,246	2,4636
15.01.2026 17:18:48	33,550	0,463	4,6329	0,246	2,4586
15.01.2026 17:18:48	33,600	0,464	4,6392	0,247	2,4681
15.01.2026 17:18:48	33,650	0,465	4,6487	0,246	2,4622
15.01.2026 17:18:48	33,700	0,467	4,6691	0,248	2,4751
15.01.2026 17:18:48	33,750	0,469	4,6913	0,247	2,4707
15.01.2026 17:18:48	33,800	0,472	4,7177	0,249	2,4871
15.01.2026 17:18:48	33,850	0,474	4,7419	0,248	2,4831
15.01.2026 17:18:48	33,900	0,477	4,7677	0,250	2,4983
15.01.2026 17:18:48	33,950	0,480	4,7991	0,250	2,4986
15.01.2026 17:18:49	34,000	0,482	4,8243	0,251	2,5112
15.01.2026 17:18:49	34,050	0,485	4,8523	0,251	2,5099
15.01.2026 17:18:49	34,100	0,488	4,8823	0,253	2,5294
15.01.2026 17:18:49	34,150	0,490	4,9009	0,252	2,5224
15.01.2026 17:18:49	34,200	0,492	4,9229	0,254	2,5351
15.01.2026 17:18:49	34,250	0,494	4,9447	0,253	2,5338
15.01.2026 17:18:49	34,300	0,496	4,9639	0,255	2,5460
15.01.2026 17:18:49	34,350	0,497	4,9736	0,254	2,5390
15.01.2026 17:18:49	34,400	0,499	4,9862	0,255	2,5499
15.01.2026 17:18:49	34,450	0,500	4,9991	0,255	2,5465
15.01.2026 17:18:49	34,500	0,500	5,0040	0,256	2,5555
15.01.2026 17:18:49	34,550	0,501	5,0094	0,255	2,5502
15.01.2026 17:18:49	34,600	0,501	5,0096	0,256	2,5580
15.01.2026 17:18:49	34,650	0,502	5,0217	0,255	2,5505
15.01.2026 17:18:49	34,700	0,503	5,0321	0,256	2,5614
15.01.2026 17:18:49	34,750	0,504	5,0414	0,256	2,5575
15.01.2026 17:18:49	34,800	0,504	5,0447	0,257	2,5666
15.01.2026 17:18:49	34,850	0,505	5,0511	0,256	2,5564
15.01.2026 17:18:49	34,900	0,507	5,0653	0,257	2,5668
15.01.2026 17:18:49	34,950	0,508	5,0802	0,256	2,5637
15.01.2026 17:18:50	35,000	0,510	5,0984	0,258	2,5760
15.01.2026 17:18:50	35,050	0,512	5,1184	0,257	2,5729
15.01.2026 17:18:50	35,100	0,514	5,1413	0,259	2,5873
15.01.2026 17:18:50	35,150	0,516	5,1594	0,258	2,5783
15.01.2026 17:18:50	35,200	0,518	5,1843	0,259	2,5915
15.01.2026 17:18:50	35,250	0,520	5,2028	0,259	2,5855
15.01.2026 17:18:50	35,300	0,523	5,2285	0,261	2,6071
15.01.2026 17:18:50	35,350	0,524	5,2389	0,260	2,5979
15.01.2026 17:18:50	35,400	0,525	5,2515	0,261	2,6075
15.01.2026 17:18:50	35,450	0,528	5,2825	0,261	2,6087
15.01.2026 17:18:50	35,500	0,530	5,3005	0,262	2,6177
15.01.2026 17:18:50	35,550	0,532	5,3201	0,261	2,6129
15.01.2026 17:18:50	35,600	0,534	5,3390	0,262	2,6235
15.01.2026 17:18:50	35,650	0,536	5,3611	0,262	2,6234
15.01.2026 17:18:50	35,700	0,538	5,3813	0,263	2,6346
15.01.2026 17:18:50	35,750	0,539	5,3948	0,263	2,6289
15.01.2026 17:18:50	35,800	0,540	5,4023	0,264	2,6388
15.01.2026 17:18:50	35,850	0,541	5,4056	0,263	2,6314
15.01.2026 17:18:50	35,900	0,541	5,4108	0,264	2,6409
15.01.2026 17:18:50	35,950	0,541	5,4122	0,263	2,6303
15.01.2026 17:18:51	36,000	0,542	5,4151	0,264	2,6405
15.01.2026 17:18:51	36,050	0,541	5,4149	0,263	2,6313
15.01.2026 17:18:51	36,100	0,542	5,4190	0,264	2,6423
15.01.2026 17:18:51	36,150	0,542	5,4246	0,264	2,6369
15.01.2026 17:18:51	36,200	0,543	5,4348	0,264	2,6417
15.01.2026 17:18:51	36,250	0,546	5,4571	0,264	2,6387
15.01.2026 17:18:51	36,300	0,549	5,4938	0,266	2,6552
15.01.2026 17:18:51	36,350	0,554	5,5414	0,266	2,6571
15.01.2026 17:18:51	36,400	0,557	5,5717	0,267	2,6702
15.01.2026 17:18:51	36,450	0,560	5,5957	0,267	2,6668
15.01.2026 17:18:51	36,500	0,562	5,6188	0,268	2,6820
15.01.2026 17:18:51	36,550	0,564	5,6357	0,267	2,6725
15.01.2026 17:18:51	36,600	0,566	5,6584	0,269	2,6859
15.01.2026 17:18:51	36,650	0,568	5,6819	0,268	2,6818
15.01.2026 17:18:51	36,700	0,570	5,7027	0,270	2,6951
15.01.2026 17:18:51	36,750	0,572	5,7197	0,269	2,6890
15.01.2026 17:18:51	36,800	0,573	5,7347	0,270	2,6994
15.01.2026 17:18:51	36,850	0,575	5,7490	0,269	2,6941
15.01.2026 17:18:51	36,900	0,577	5,7686	0,271	2,7076
15.01.2026 17:18:51	36,950	0,579	5,7857	0,270	2,7032
15.01.2026 17:18:52	37,000	0,580	5,7984	0,271	2,7150
15.01.2026 17:18:52	37,050	0,580	5,7978	0,270	2,7020
15.01.2026 17:18:52	37,100	0,580	5,8036	0,271	2,7133
15.01.2026 17:18:52	37,150	0,581	5,8066	0,271	2,7055
15.01.2026 17:18:52	37,200	0,581	5,8079	0,271	2,7138
15.01.2026 17:18:52	37,250	0,581	5,8055	0,270	2,7036
15.01.2026 17:18:52	37,300	0,581	5,8150	0,272	2,7152
15.01.2026 17:18:52	37,350	0,583	5,8340	0,271	2,7123
15.01.2026 17:18:52	37,400	0,585	5,8542	0,272	2,7190
15.01.2026 17:18:52	37,450	0,588	5,8836	0,272	2,7184
15.01.2026 17:18:52	37,500	0,591	5,9077	0,273	2,7305
15.01.2026 17:18:52	37,550	0,593	5,9308	0,272	2,7242
15.01.2026 17:18:52	37,600	0,595	5,9524	0,274	2,7378
15.01.2026 17:18:52	37,650	0,597	5,9675	0,273	2,7325
15.01.2026 17:18:52	37,700	0,597	5,9744	0,274	2,7432
15.01.2026 17:18:52	37,750	0,598	5,9774	0,273	2,7342
15.01.2026 17:18:52	37,800	0,598	5,9845	0,274	2,7440
15.01.2026 17:18:52	37,850	0,601	6,0067	0,274	2,7386
15.01.2026 17:18:52	37,900	0,604	6,0431	0,275	2,7538
15.01.2026 17:18:52	37,950	0,606	6,0638	0,275	2,7481
15.01.2026 17:18:53	38,000	0,608	6,0796	0,276	2,7571
15.01.2026 17:18:53	38,050	0,610	6,1020	0,276	2,7589
15.01.2026 17:18:53	38,100	0,612	6,1198	0,277	2,7690
15.01.2026 17:18:53	38,150	0,612	6,1230	0,276	2,7564
15.01.2026 17:18:53	38,200	0,613	6,1326	0,277	2,7676
15.01.2026 17:18:53	38,250	0,615	6,1464	0,276	2,7629
15.01.2026 17:18:53	38,300	0,615	6,1517	0,277	2,7725
15.01.2026 17:18:53	38,350	0,615	6,1507	0,276	2,7626
15.01.2026 17:18:53	38,400	0,615	6,1530	0,277	2,7726
15.01.2026 17:18:53	38,450	0,615	6,1534	0,276	2,7648
15.01.2026 17:18:53	38,500	0,615	6,1537	0,277	2,7739
15.01.2026 17:18:53	38,550	0,616	6,1551	0,276	2,7650
15.01.2026 17:18:53	38,600	0,616	6,1564	0,277	2,7712
15.01.2026 17:18:53	38,650	0,617	6,1680	0,277	2,7671
15.01.2026 17:18:53	38,700	0,618	6,1807	0,277	2,7745
15.01.2026 17:18:53	38,750	0,620	6,1976	0,277	2,7685
15.01.2026 17:18:53	38,800	0,622	6,2191	0,278	2,7816
15.01.2026 17:18:53	38,850	0,626	6,2643	0,278	2,7781
15.01.2026 17:18:53	38,900	0,632	6,3173	0,280	2,7971
15.01.2026 17:18:53	38,950	0,635	6,3472	0,279	2,7913
15.01.2026 17:18:54	39,000	0,637	6,3737	0,280	2,8031
15.01.2026 17:18:54	39,050	0,640	6,3983	0,280	2,7989
15.01.2026 17:18:54	39,100	0,642	6,4238	0,281	2,8115
15.01.2026 17:18:54	39,150	0,645	6,4501	0,281	2,8056
15.01.2026 17:18:54	39,200	0,648	6,4798	0,282	2,8180
15.01.2026 17:18:54	39,250	0,651	6,5077	0,281	2,8149
15.01.2026 17:18:54	39,300	0,653	6,5277	0,283	2,8252
15.01.2026 17:18:54	39,350	0,655	6,5456	0,282	2,8191
15.01.2026 17:18:54	39,400	0,657	6,5698	0,283	2,8309
15.01.2026 17:18:54	39,450	0,661	6,6056	0,283	2,8290
15.01.2026 17:18:54	39,500	0,664	6,6442	0,284	2,8417
15.01.2026 17:18:54	39,550	0,668	6,6761	0,284	2,8404
15.01.2026 17:18:54	39,600	0,670	6,7024	0,285	2,8524
15.01.2026 17:18:54	39,650	0,672	6,7204	0,285	2,8456
15.01.2026 17:18:54	39,700	0,673	6,7268	0,285	2,8539
15.01.2026 17:18:54	39,750	0,673	6,7312	0,285	2,8464
15.01.2026 17:18:54	39,800	0,674	6,7352	0,286	2,8561
15.01.2026 17:18:54	39,850	0,674	6,7357	0,285	2,8474
15.01.2026 17:18:54	39,900	0,673	6,7334	0,285	2,8527
15.01.2026 17:18:54	39,950	0,674	6,7380	0,285	2,8475
15.01.2026 17:18:55	40,000	0,674	6,7391	0,285	2,8537
15.01.2026 17:18:55	40,050	0,677	6,7697	0,286	2,8555
15.01.2026 17:18:55	40,100	0,680	6,8004	0,286	2,8644
15.01.2026 17:18:55	40,150	0,683	6,8345	0,286	2,8603
15.01.2026 17:18:55	40,200	0,687	6,8724	0,288	2,8757
15.01.2026 17:18:55	40,250	0,691	6,9093	0,287	2,8717
15.01.2026 17:18:55	40,300	0,695	6,9462	0,288	2,8842
15.01.2026 17:18:55	40,350	0,697	6,9748	0,288	2,8781
15.01.2026 17:18:55	40,400	0,701	7,0068	0,289	2,8911
15.01.2026 17:18:55	40,450	0,704	7,0361	0,289	2,8891
15.01.2026 17:18:55	40,500	0,707	7,0668	0,290	2,8989
15.01.2026 17:18:55	40,550	0,710	7,0994	0,290	2,8957
15.01.2026 17:18:55	40,600	0,712	7,1226	0,291	2,9054
15.01.2026 17:18:55	40,650	0,714	7,1441	0,290	2,8985
15.01.2026 17:18:55	40,700	0,715	7,1547	0,291	2,9085
15.01.2026 17:18:55	40,750	0,716	7,1606	0,290	2,9025
15.01.2026 17:18:55	40,800	0,716	7,1635	0,291	2,9112
15.01.2026 17:18:55	40,850	0,717	7,1656	0,290	2,9037
15.01.2026 17:18:55	40,900	0,719	7,1867	0,291	2,9130
15.01.2026 17:18:55	40,950	0,722	7,2161	0,291	2,9099
15.01.2026 17:18:56	41,000	0,724	7,2358	0,292	2,9215
15.01.2026 17:18:56	41,050	0,726	7,2585	0,291	2,9135
15.01.2026 17:18:56	41,100	0,728	7,2834	0,292	2,9249
15.01.2026 17:18:56	41,150	0,730	7,3014	0,292	2,9217
15.01.2026 17:18:56	41,200	0,731	7,3139	0,293	2,9319
15.01.2026 17:18:56	41,250	0,733	7,3322	0,293	2,9268
15.01.2026 17:18:56	41,300	0,735	7,3541	0,294	2,9372
15.01.2026 17:18:56	41,350	0,737	7,3746	0,293	2,9285
15.01.2026 17:18:56	41,400	0,741	7,4099	0,294	2,9422
15.01.2026 17:18:56	41,450	0,745	7,4542	0,294	2,9374
15.01.2026 17:18:56	41,500	0,750	7,4984	0,295	2,9528
15.01.2026 17:18:56	41,550	0,754	7,5376	0,294	2,9448
15.01.2026 17:18:56	41,600	0,757	7,5686	0,296	2,9580
15.01.2026 17:18:56	41,650	0,759	7,5867	0,295	2,9508
15.01.2026 17:18:56	41,700	0,761	7,6082	0,296	2,9628
15.01.2026 17:18:56	41,750	0,763	7,6264	0,296	2,9563
15.01.2026 17:18:56	41,800	0,765	7,6463	0,297	2,9669
15.01.2026 17:18:56	41,850	0,766	7,6569	0,296	2,9588
15.01.2026 17:18:56	41,900	0,767	7,6708	0,297	2,9719
15.01.2026 17:18:56	41,950	0,767	7,6699	0,296	2,9625
15.01.2026 17:18:57	42,000	0,767	7,6709	0,297	2,9679
15.01.2026 17:18:57	42,050	0,767	7,6711	0,296	2,9613
15.01.2026 17:18:57	42,100	0,768	7,6753	0,297	2,9704
15.01.2026 17:18:57	42,150	0,768	7,6827	0,296	2,9646
15.01.2026 17:18:57	42,200	0,770	7,7007	0,297	2,9723
15.01.2026 17:18:57	42,250	0,774	7,7377	0,297	2,9671
15.01.2026 17:18:57	42,300	0,777	7,7727	0,298	2,9799
15.01.2026 17:18:57	42,350	0,781	7,8072	0,298	2,9765
15.01.2026 17:18:57	42,400	0,784	7,8412	0,299	2,9879
15.01.2026 17:18:57	42,450	0,787	7,8741	0,298	2,9835
15.01.2026 17:18:57	42,500	0,791	7,9081	0,299	2,9939
15.01.2026 17:18:57	42,550	0,795	7,9464	0,299	2,9932
15.01.2026 17:18:57	42,600	0,798	7,9822	0,300	2,9999
15.01.2026 17:18:57	42,650	0,802	8,0188	0,300	2,9990
15.01.2026 17:18:57	42,700	0,806	8,0616	0,301	3,0109
15.01.2026 17:18:57	42,750	0,809	8,0926	0,300	3,0049
15.01.2026 17:18:57	42,800	0,811	8,1133	0,302	3,0159
15.01.2026 17:18:57	42,850	0,814	8,1366	0,301	3,0120
15.01.2026 17:18:57	42,900	0,815	8,1496	0,302	3,0190
15.01.2026 17:18:57	42,950	0,816	8,1567	0,301	3,0119
15.01.2026 17:18:58	43,000	0,816	8,1582	0,302	3,0210
15.01.2026 17:18:58	43,050	0,816	8,1608	0,301	3,0149
15.01.2026 17:18:58	43,100	0,816	8,1577	0,302	3,0208
15.01.2026 17:18:58	43,150	0,816	8,1580	0,301	3,0143
15.01.2026 17:18:58	43,200	0,816	8,1559	0,302	3,0199
15.01.2026 17:18:58	43,250	0,818	8,1801	0,302	3,0167
15.01.2026 17:18:58	43,300	0,820	8,2027	0,303	3,0282
15.01.2026 17:18:58	43,350	0,822	8,2247	0,302	3,0210
15.01.2026 17:18:58	43,400	0,826	8,2556	0,303	3,0332
15.01.2026 17:18:58	43,450	0,828	8,2816	0,302	3,0242
15.01.2026 17:18:58	43,500	0,831	8,3054	0,303	3,0334
15.01.2026 17:18:58	43,550	0,834	8,3417	0,303	3,0322
15.01.2026 17:18:58	43,600	0,838	8,3751	0,304	3,0414
15.01.2026 17:18:58	43,650	0,841	8,4067	0,303	3,0343
15.01.2026 17:18:58	43,700	0,846	8,4561	0,305	3,0482
15.01.2026 17:18:58	43,750	0,850	8,4986	0,305	3,0456
15.01.2026 17:18:58	43,800	0,853	8,5323	0,306	3,0570
15.01.2026 17:18:58	43,850	0,855	8,5476	0,305	3,0516
15.01.2026 17:18:58	43,900	0,856	8,5580	0,306	3,0609
15.01.2026 17:18:58	43,950	0,857	8,5676	0,305	3,0533
15.01.2026 17:18:59	44,000	0,857	8,5736	0,306	3,0610
15.01.2026 17:18:59	44,050	0,858	8,5754	0,305	3,0533
15.01.2026 17:18:59	44,100	0,858	8,5789	0,306	3,0601
15.01.2026 17:18:59	44,150	0,858	8,5797	0,305	3,0517
15.01.2026 17:18:59	44,200	0,858	8,5807	0,306	3,0588
15.01.2026 17:18:59	44,250	0,860	8,6011	0,305	3,0545
15.01.2026 17:18:59	44,300	0,863	8,6328	0,307	3,0670
15.01.2026 17:18:59	44,350	0,866	8,6612	0,306	3,0596
15.01.2026 17:18:59	44,400	0,870	8,7030	0,307	3,0739
15.01.2026 17:18:59	44,450	0,874	8,7386	0,307	3,0690
15.01.2026 17:18:59	44,500	0,877	8,7707	0,308	3,0765
15.01.2026 17:18:59	44,550	0,881	8,8098	0,307	3,0731
15.01.2026 17:18:59	44,600	0,884	8,8399	0,308	3,0826
15.01.2026 17:18:59	44,650	0,887	8,8654	0,308	3,0795
15.01.2026 17:18:59	44,700	0,889	8,8913	0,309	3,0915
15.01.2026 17:18:59	44,750	0,891	8,9055	0,308	3,0848
15.01.2026 17:18:59	44,800	0,890	8,9045	0,309	3,0895
15.01.2026 17:18:59	44,850	0,891	8,9068	0,308	3,0847
15.01.2026 17:18:59	44,900	0,891	8,9097	0,309	3,0919
15.01.2026 17:18:59	44,950	0,891	8,9093	0,308	3,0847
15.01.2026 17:19:00	45,000	0,891	8,9069	0,309	3,0914
15.01.2026 17:19:00	45,050	0,892	8,9224	0,309	3,0879
15.01.2026 17:19:00	45,100	0,896	8,9585	0,310	3,0956
15.01.2026 17:19:00	45,150	0,901	9,0103	0,309	3,0924
15.01.2026 17:19:00	45,200	0,905	9,0450	0,310	3,1009
15.01.2026 17:19:00	45,250	0,907	9,0693	0,310	3,0973
15.01.2026 17:19:00	45,300	0,906	9,0606	0,310	3,1036
15.01.2026 17:19:00	45,350	0,911	9,1072	0,310	3,0994
15.01.2026 17:19:00	45,400	0,914	9,1429	0,311	3,1110
15.01.2026 17:19:00	45,450	0,916	9,1631	0,311	3,1059
15.01.2026 17:19:00	45,500	0,919	9,1930	0,311	3,1148
15.01.2026 17:19:00	45,550	0,925	9,2497	0,311	3,1111
15.01.2026 17:19:00	45,600	0,930	9,3018	0,312	3,1247
15.01.2026 17:19:00	45,650	0,933	9,3284	0,312	3,1186
15.01.2026 17:19:00	45,700	0,933	9,3270	0,313	3,1262
15.01.2026 17:19:00	45,750	0,935	9,3532	0,312	3,1222
15.01.2026 17:19:00	45,800	0,937	9,3748	0,313	3,1302
15.01.2026 17:19:00	45,850	0,939	9,3889	0,312	3,1244
15.01.2026 17:19:00	45,900	0,943	9,4304	0,313	3,1334
15.01.2026 17:19:00	45,950	0,946	9,4607	0,313	3,1277
15.01.2026 17:19:01	46,000	0,949	9,4883	0,314	3,1366
15.01.2026 17:19:01	46,050	0,952	9,5209	0,313	3,1339
15.01.2026 17:19:01	46,100	0,955	9,5517	0,314	3,1436
15.01.2026 17:19:01	46,150	0,957	9,5703	0,314	3,1385
15.01.2026 17:19:01	46,200	0,957	9,5744	0,315	3,1473
15.01.2026 17:19:01	46,250	0,957	9,5737	0,314	3,1393
15.01.2026 17:19:01	46,300	0,957	9,5746	0,314	3,1448
15.01.2026 17:19:01	46,350	0,958	9,5773	0,314	3,1397
15.01.2026 17:19:01	46,400	0,958	9,5795	0,315	3,1459
15.01.2026 17:19:01	46,450	0,958	9,5767	0,314	3,1364
15.01.2026 17:19:01	46,500	0,959	9,5857	0,315	3,1496
15.01.2026 17:19:01	46,550	0,958	9,5825	0,314	3,1379
15.01.2026 17:19:01	46,600	0,959	9,5925	0,315	3,1458
15.01.2026 17:19:01	46,650	0,963	9,6307	0,315	3,1454
15.01.2026 17:19:01	46,700	0,969	9,6910	0,315	3,1539
15.01.2026 17:19:01	46,750	0,975	9,7490	0,315	3,1517
15.01.2026 17:19:01	46,800	0,979	9,7908	0,316	3,1605
15.01.2026 17:19:01	46,850	0,983	9,8324	0,316	3,1573
15.01.2026 17:19:01	46,900	0,987	9,8695	0,317	3,1672
15.01.2026 17:19:01	46,950	0,991	9,9059	0,316	3,1625
15.01.2026 17:19:02	47,000	0,995	9,9534	0,317	3,1738
15.01.2026 17:19:02	47,050	0,999	9,9924	0,317	3,1694
15.01.2026 17:19:02	47,100	1,003	10,0258	0,319	3,1863
15.01.2026 17:19:02	47,150	1,004	10,0438	0,317	3,1749
15.01.2026 17:19:02	47,200	1,007	10,0705	0,318	3,1844
15.01.2026 17:19:02	47,250	1,010	10,0990	0,318	3,1814
15.01.2026 17:19:02	47,300	1,011	10,1058	0,319	3,1881
15.01.2026 17:19:02	47,350	1,010	10,1041	0,318	3,1776
15.01.2026 17:19:02	47,400	1,011	10,1099	0,319	3,1877
15.01.2026 17:19:02	47,450	1,011	10,1139	0,318	3,1837
15.01.2026 17:19:02	47,500	1,011	10,1128	0,319	3,1885
15.01.2026 17:19:02	47,550	1,012	10,1192	0,318	3,1806
15.01.2026 17:19:02	47,600	1,015	10,1518	0,319	3,1885
15.01.2026 17:19:02	47,650	1,019	10,1906	0,318	3,1845
15.01.2026 17:19:02	47,700	1,021	10,2110	0,320	3,1953
15.01.2026 17:19:02	47,750	1,021	10,2100	0,319	3,1864
15.01.2026 17:19:02	47,800	1,021	10,2096	0,319	3,1929
15.01.2026 17:19:02	47,850	1,021	10,2098	0,318	3,1849
15.01.2026 17:19:02	47,900	1,021	10,2145	0,319	3,1929
15.01.2026 17:19:02	47,950	1,022	10,2172	0,319	3,1871
15.01.2026 17:19:03	48,000	1,021	10,2124	0,319	3,1922
15.01.2026 17:19:03	48,050	1,022	10,2183	0,319	3,1879
15.01.2026 17:19:03	48,100	1,022	10,2207	0,320	3,1956
15.01.2026 17:19:03	48,150	1,022	10,2245	0,319	3,1894
15.01.2026 17:19:03	48,200	1,023	10,2276	0,319	3,1935
15.01.2026 17:19:03	48,250	1,023	10,2300	0,319	3,1876
15.01.2026 17:19:03	48,300	1,024	10,2393	0,319	3,1928
15.01.2026 17:19:03	48,350	1,025	10,2456	0,319	3,1885
15.01.2026 17:19:03	48,400	1,024	10,2446	0,319	3,1939
15.01.2026 17:19:03	48,450	1,025	10,2458	0,319	3,1882
15.01.2026 17:19:03	48,500	1,025	10,2480	0,320	3,1963
15.01.2026 17:19:03	48,550	1,025	10,2461	0,319	3,1919
15.01.2026 17:19:03	48,600	1,023	10,2267	0,320	3,1956
15.01.2026 17:19:03	48,650	1,021	10,2081	0,319	3,1879
15.01.2026 17:19:03	48,700	1,020	10,1987	0,319	3,1919
15.01.2026 17:19:03	48,750	1,018	10,1770	0,319	3,1877
15.01.2026 17:19:03	48,800	1,014	10,1407	0,319	3,1911
15.01.2026 17:19:03	48,850	1,011	10,1120	0,318	3,1843
15.01.2026 17:19:03	48,900	1,007	10,0714	0,319	3,1904
15.01.2026 17:19:03	48,950	1,004	10,0390	0,318	3,1806
15.01.2026 17:19:04	49,000	1,001	10,0138	0,318	3,1847
15.01.2026 17:19:04	49,050	0,999	9,9895	0,318	3,1750
15.01.2026 17:19:04	49,100	0,997	9,9668	0,318	3,1834
15.01.2026 17:19:04	49,150	0,995	9,9457	0,317	3,1742
15.01.2026 17:19:04	49,200	0,991	9,9145	0,318	3,1825
15.01.2026 17:19:04	49,250	0,988	9,8766	0,317	3,1734
15.01.2026 17:19:04	49,300	0,985	9,8514	0,318	3,1791
15.01.2026 17:19:04	49,350	0,983	9,8291	0,317	3,1705
15.01.2026 17:19:04	49,400	0,981	9,8084	0,317	3,1725
15.01.2026 17:19:04	49,450	0,980	9,8017	0,317	3,1681
15.01.2026 17:19:04	49,500	0,979	9,7884	0,317	3,1719
15.01.2026 17:19:04	49,550	0,978	9,7759	0,317	3,1664
15.01.2026 17:19:04	49,600	0,976	9,7647	0,317	3,1729
15.01.2026 17:19:04	49,650	0,975	9,7477	0,317	3,1669
15.01.2026 17:19:04	49,700	0,973	9,7264	0,317	3,1694
15.01.2026 17:19:04	49,750	0,971	9,7059	0,316	3,1610
15.01.2026 17:19:04	49,800	0,969	9,6893	0,317	3,1682
15.01.2026 17:19:04	49,850	0,967	9,6694	0,316	3,1599
15.01.2026 17:19:04	49,900	0,965	9,6528	0,316	3,1634
15.01.2026 17:19:04	49,950	0,963	9,6325	0,316	3,1593
15.01.2026 17:19:05	50,000	0,961	9,6067	0,317	3,1653
15.01.2026 17:19:05	50,050	0,958	9,5803	0,316	3,1561
15.01.2026 17:19:05	50,100	0,955	9,5458	0,316	3,1614
15.01.2026 17:19:05	50,150	0,953	9,5288	0,315	3,1530
15.01.2026 17:19:05	50,200	0,952	9,5227	0,316	3,1584
15.01.2026 17:19:05	50,250	0,950	9,4980	0,315	3,1523
15.01.2026 17:19:05	50,300	0,946	9,4640	0,316	3,1567
15.01.2026 17:19:05	50,350	0,945	9,4521	0,315	3,1473
15.01.2026 17:19:05	50,400	0,945	9,4508	0,315	3,1541
15.01.2026 17:19:05	50,450	0,945	9,4496	0,315	3,1474
15.01.2026 17:19:05	50,500	0,943	9,4273	0,316	3,1553
15.01.2026 17:19:05	50,550	0,939	9,3920	0,315	3,1463
15.01.2026 17:19:05	50,600	0,937	9,3747	0,315	3,1531
15.01.2026 17:19:05	50,650	0,934	9,3428	0,314	3,1403
15.01.2026 17:19:05	50,700	0,932	9,3249	0,315	3,1488
15.01.2026 17:19:05	50,750	0,930	9,2966	0,314	3,1397
15.01.2026 17:19:05	50,800	0,926	9,2624	0,314	3,1444
15.01.2026 17:19:05	50,850	0,924	9,2393	0,314	3,1372
15.01.2026 17:19:05	50,900	0,923	9,2329	0,314	3,1434
15.01.2026 17:19:05	50,950	0,923	9,2334	0,314	3,1370
15.01.2026 17:19:06	51,000	0,923	9,2328	0,314	3,1427
15.01.2026 17:19:06	51,050	0,923	9,2321	0,314	3,1356
15.01.2026 17:19:06	51,100	0,924	9,2358	0,314	3,1447
15.01.2026 17:19:06	51,150	0,922	9,2167	0,314	3,1363
15.01.2026 17:19:06	51,200	0,917	9,1691	0,314	3,1370
15.01.2026 17:19:06	51,250	0,915	9,1476	0,313	3,1319
15.01.2026 17:19:06	51,300	0,912	9,1227	0,314	3,1357
15.01.2026 17:19:06	51,350	0,910	9,0951	0,313	3,1288
15.01.2026 17:19:06	51,400	0,906	9,0638	0,313	3,1319
15.01.2026 17:19:06	51,450	0,905	9,0472	0,312	3,1234
15.01.2026 17:19:06	51,500	0,904	9,0403	0,313	3,1302
15.01.2026 17:19:06	51,550	0,903	9,0323	0,312	3,1245
15.01.2026 17:19:06	51,600	0,903	9,0297	0,313	3,1312
15.01.2026 17:19:06	51,650	0,903	9,0259	0,312	3,1234
15.01.2026 17:19:06	51,700	0,901	9,0116	0,313	3,1323
15.01.2026 17:19:06	51,750	0,898	8,9811	0,312	3,1201
15.01.2026 17:19:06	51,800	0,897	8,9656	0,313	3,1296
15.01.2026 17:19:06	51,850	0,894	8,9416	0,312	3,1197
15.01.2026 17:19:06	51,900	0,891	8,9113	0,312	3,1238
15.01.2026 17:19:06	51,950	0,887	8,8747	0,312	3,1156
15.01.2026 17:19:07	52,000	0,884	8,8402	0,312	3,1203
15.01.2026 17:19:07	52,050	0,880	8,8024	0,311	3,1099
15.01.2026 17:19:07	52,100	0,877	8,7715	0,311	3,1149
15.01.2026 17:19:07	52,150	0,875	8,7518	0,311	3,1073
15.01.2026 17:19:07	52,200	0,875	8,7471	0,311	3,1149
15.01.2026 17:19:07	52,250	0,874	8,7387	0,311	3,1055
15.01.2026 17:19:07	52,300	0,873	8,7295	0,311	3,1137
15.01.2026 17:19:07	52,350	0,872	8,7210	0,310	3,1029
15.01.2026 17:19:07	52,400	0,871	8,7070	0,311	3,1063
15.01.2026 17:19:07	52,450	0,867	8,6724	0,310	3,1020
15.01.2026 17:19:07	52,500	0,863	8,6341	0,311	3,1065
15.01.2026 17:19:07	52,550	0,860	8,6026	0,310	3,0972
15.01.2026 17:19:07	52,600	0,856	8,5628	0,310	3,1015
15.01.2026 17:19:07	52,650	0,853	8,5324	0,309	3,0927
15.01.2026 17:19:07	52,700	0,849	8,4857	0,310	3,0986
15.01.2026 17:19:07	52,750	0,843	8,4300	0,308	3,0848
15.01.2026 17:19:07	52,800	0,840	8,3959	0,309	3,0890
15.01.2026 17:19:07	52,850	0,836	8,3557	0,308	3,0823
15.01.2026 17:19:07	52,900	0,833	8,3340	0,309	3,0867
15.01.2026 17:19:07	52,950	0,832	8,3203	0,308	3,0785
15.01.2026 17:19:08	53,000	0,831	8,3106	0,308	3,0846
15.01.2026 17:19:08	53,050	0,828	8,2821	0,307	3,0742
15.01.2026 17:19:08	53,100	0,825	8,2462	0,308	3,0797
15.01.2026 17:19:08	53,150	0,821	8,2066	0,307	3,0705
15.01.2026 17:19:08	53,200	0,815	8,1524	0,307	3,0723
15.01.2026 17:19:08	53,250	0,811	8,1075	0,307	3,0682
15.01.2026 17:19:08	53,300	0,809	8,0902	0,307	3,0697
15.01.2026 17:19:08	53,350	0,808	8,0845	0,306	3,0611
15.01.2026 17:19:08	53,400	0,808	8,0825	0,307	3,0654
15.01.2026 17:19:08	53,450	0,808	8,0823	0,306	3,0612
15.01.2026 17:19:08	53,500	0,805	8,0549	0,307	3,0652
15.01.2026 17:19:08	53,550	0,801	8,0120	0,306	3,0593
15.01.2026 17:19:08	53,600	0,797	7,9690	0,306	3,0604
15.01.2026 17:19:08	53,650	0,793	7,9311	0,305	3,0514
15.01.2026 17:19:08	53,700	0,788	7,8836	0,305	3,0536
15.01.2026 17:19:08	53,750	0,782	7,8204	0,304	3,0422
15.01.2026 17:19:08	53,800	0,776	7,7607	0,305	3,0455
15.01.2026 17:19:08	53,850	0,774	7,7385	0,304	3,0376
15.01.2026 17:19:08	53,900	0,771	7,7104	0,304	3,0407
15.01.2026 17:19:08	53,950	0,765	7,6518	0,303	3,0332
15.01.2026 17:19:09	54,000	0,763	7,6275	0,304	3,0357
15.01.2026 17:19:09	54,050	0,762	7,6243	0,303	3,0297
15.01.2026 17:19:09	54,100	0,762	7,6237	0,304	3,0362
15.01.2026 17:19:09	54,150	0,762	7,6173	0,303	3,0265
15.01.2026 17:19:09	54,200	0,759	7,5861	0,303	3,0321
15.01.2026 17:19:09	54,250	0,755	7,5508	0,303	3,0253
15.01.2026 17:19:09	54,300	0,753	7,5262	0,303	3,0280
15.01.2026 17:19:09	54,350	0,749	7,4857	0,302	3,0186
15.01.2026 17:19:09	54,400	0,744	7,4353	0,302	3,0194
15.01.2026 17:19:09	54,450	0,740	7,3983	0,301	3,0128
15.01.2026 17:19:09	54,500	0,738	7,3827	0,302	3,0156
15.01.2026 17:19:09	54,550	0,738	7,3809	0,301	3,0097
15.01.2026 17:19:09	54,600	0,738	7,3789	0,302	3,0172
15.01.2026 17:19:09	54,650	0,735	7,3522	0,301	3,0058
15.01.2026 17:19:09	54,700	0,730	7,3031	0,301	3,0079
15.01.2026 17:19:09	54,750	0,726	7,2603	0,300	2,9978
15.01.2026 17:19:09	54,800	0,724	7,2407	0,300	3,0040
15.01.2026 17:19:09	54,850	0,721	7,2053	0,299	2,9942
15.01.2026 17:19:09	54,900	0,716	7,1614	0,300	2,9975
15.01.2026 17:19:09	54,950	0,712	7,1157	0,298	2,9836
15.01.2026 17:19:10	55,000	0,707	7,0691	0,299	2,9884
15.01.2026 17:19:10	55,050	0,704	7,0428	0,298	2,9806
15.01.2026 17:19:10	55,100	0,704	7,0371	0,299	2,9875
15.01.2026 17:19:10	55,150	0,704	7,0365	0,298	2,9812
15.01.2026 17:19:10	55,200	0,704	7,0366	0,299	2,9893
15.01.2026 17:19:10	55,250	0,704	7,0368	0,298	2,9817
15.01.2026 17:19:10	55,300	0,703	7,0258	0,298	2,9847
15.01.2026 17:19:10	55,350	0,700	7,0025	0,298	2,9787
15.01.2026 17:19:10	55,400	0,697	6,9737	0,298	2,9820
15.01.2026 17:19:10	55,450	0,694	6,9383	0,297	2,9707
15.01.2026 17:19:10	55,500	0,690	6,8997	0,298	2,9765
15.01.2026 17:19:10	55,550	0,685	6,8539	0,296	2,9649
15.01.2026 17:19:10	55,600	0,681	6,8104	0,296	2,9648
15.01.2026 17:19:10	55,650	0,678	6,7775	0,296	2,9573
15.01.2026 17:19:10	55,700	0,676	6,7573	0,296	2,9619
15.01.2026 17:19:10	55,750	0,675	6,7457	0,295	2,9539
15.01.2026 17:19:10	55,800	0,675	6,7451	0,296	2,9608
15.01.2026 17:19:10	55,850	0,674	6,7446	0,295	2,9546
15.01.2026 17:19:10	55,900	0,675	6,7481	0,296	2,9633
15.01.2026 17:19:10	55,950	0,674	6,7432	0,295	2,9534
15.01.2026 17:19:11	56,000	0,673	6,7293	0,296	2,9586
15.01.2026 17:19:11	56,050	0,669	6,6872	0,295	2,9504
15.01.2026 17:19:11	56,100	0,664	6,6365	0,295	2,9499
15.01.2026 17:19:11	56,150	0,659	6,5877	0,294	2,9416
15.01.2026 17:19:11	56,200	0,652	6,5209	0,294	2,9378
15.01.2026 17:19:11	56,250	0,645	6,4544	0,293	2,9271
15.01.2026 17:19:11	56,300	0,641	6,4092	0,293	2,9283
15.01.2026 17:19:11	56,350	0,639	6,3905	0,292	2,9170
15.01.2026 17:19:11	56,400	0,639	6,3885	0,293	2,9267
15.01.2026 17:19:11	56,450	0,637	6,3730	0,292	2,9161
15.01.2026 17:19:11	56,500	0,637	6,3679	0,292	2,9245
15.01.2026 17:19:11	56,550	0,636	6,3626	0,292	2,9168
15.01.2026 17:19:11	56,600	0,634	6,3449	0,292	2,9205
15.01.2026 17:19:11	56,650	0,631	6,3057	0,291	2,9119
15.01.2026 17:19:11	56,700	0,627	6,2725	0,292	2,9152
15.01.2026 17:19:11	56,750	0,623	6,2300	0,290	2,9019
15.01.2026 17:19:11	56,800	0,620	6,1975	0,291	2,9056
15.01.2026 17:19:11	56,850	0,619	6,1866	0,290	2,8987
15.01.2026 17:19:11	56,900	0,618	6,1840	0,290	2,9046
15.01.2026 17:19:11	56,950	0,618	6,1836	0,290	2,8987
15.01.2026 17:19:12	57,000	0,618	6,1809	0,290	2,9045
15.01.2026 17:19:12	57,050	0,616	6,1584	0,290	2,8969
15.01.2026 17:19:12	57,100	0,612	6,1227	0,290	2,9002
15.01.2026 17:19:12	57,150	0,609	6,0889	0,289	2,8882
15.01.2026 17:19:12	57,200	0,606	6,0647	0,289	2,8944
15.01.2026 17:19:12	57,250	0,603	6,0304	0,288	2,8825
15.01.2026 17:19:12	57,300	0,600	6,0034	0,289	2,8855
15.01.2026 17:19:12	57,350	0,598	5,9840	0,288	2,8768
15.01.2026 17:19:12	57,400	0,597	5,9725	0,288	2,8810
15.01.2026 17:19:12	57,450	0,597	5,9662	0,287	2,8736
15.01.2026 17:19:12	57,500	0,597	5,9686	0,288	2,8842
15.01.2026 17:19:12	57,550	0,597	5,9652	0,288	2,8761
15.01.2026 17:19:12	57,600	0,596	5,9597	0,288	2,8767
15.01.2026 17:19:12	57,650	0,596	5,9580	0,288	2,8754
15.01.2026 17:19:12	57,700	0,593	5,9343	0,287	2,8750
15.01.2026 17:19:12	57,750	0,592	5,9205	0,287	2,8706
15.01.2026 17:19:12	57,800	0,590	5,9036	0,287	2,8749
15.01.2026 17:19:12	57,850	0,587	5,8691	0,286	2,8641
15.01.2026 17:19:12	57,900	0,583	5,8266	0,287	2,8677
15.01.2026 17:19:12	57,950	0,577	5,7737	0,285	2,8525
15.01.2026 17:19:13	58,000	0,573	5,7278	0,285	2,8526
15.01.2026 17:19:13	58,050	0,570	5,6967	0,284	2,8433
15.01.2026 17:19:13	58,100	0,568	5,6841	0,285	2,8475
15.01.2026 17:19:13	58,150	0,568	5,6810	0,284	2,8413
15.01.2026 17:19:13	58,200	0,568	5,6798	0,285	2,8480
15.01.2026 17:19:13	58,250	0,568	5,6764	0,284	2,8404
15.01.2026 17:19:13	58,300	0,565	5,6515	0,285	2,8450
15.01.2026 17:19:13	58,350	0,560	5,6026	0,283	2,8327
15.01.2026 17:19:13	58,400	0,556	5,5568	0,283	2,8321
15.01.2026 17:19:13	58,450	0,551	5,5129	0,282	2,8214
15.01.2026 17:19:13	58,500	0,547	5,4670	0,282	2,8216
15.01.2026 17:19:13	58,550	0,542	5,4201	0,281	2,8089
15.01.2026 17:19:13	58,600	0,538	5,3754	0,281	2,8110
15.01.2026 17:19:13	58,650	0,534	5,3412	0,279	2,7950
15.01.2026 17:19:13	58,700	0,531	5,3133	0,280	2,7987
15.01.2026 17:19:13	58,750	0,530	5,2962	0,279	2,7927
15.01.2026 17:19:13	58,800	0,528	5,2827	0,280	2,7955
15.01.2026 17:19:13	58,850	0,526	5,2590	0,278	2,7848
15.01.2026 17:19:13	58,900	0,523	5,2303	0,279	2,7865
15.01.2026 17:19:13	58,950	0,519	5,1928	0,278	2,7786
15.01.2026 17:19:14	59,000	0,514	5,1441	0,278	2,7793
15.01.2026 17:19:14	59,050	0,508	5,0842	0,276	2,7607
15.01.2026 17:19:14	59,100	0,503	5,0263	0,276	2,7564
15.01.2026 17:19:14	59,150	0,499	4,9887	0,274	2,7440
15.01.2026 17:19:14	59,200	0,498	4,9800	0,275	2,7458
15.01.2026 17:19:14	59,250	0,501	5,0116	0,275	2,7480
15.01.2026 17:19:14	59,300	0,502	5,0199	0,275	2,7526
15.01.2026 17:19:14	59,350	0,502	5,0185	0,274	2,7434
15.01.2026 17:19:14	59,400	0,502	5,0188	0,275	2,7540
15.01.2026 17:19:14	59,450	0,499	4,9891	0,274	2,7439
15.01.2026 17:19:14	59,500	0,496	4,9567	0,275	2,7476
15.01.2026 17:19:14	59,550	0,492	4,9183	0,273	2,7338
15.01.2026 17:19:14	59,600	0,489	4,8886	0,274	2,7369
15.01.2026 17:19:14	59,650	0,485	4,8548	0,272	2,7227
15.01.2026 17:19:14	59,700	0,484	4,8406	0,273	2,7269
15.01.2026 17:19:14	59,750	0,482	4,8242	0,272	2,7174
15.01.2026 17:19:14	59,800	0,481	4,8097	0,272	2,7206
15.01.2026 17:19:14	59,850	0,479	4,7945	0,271	2,7103
15.01.2026 17:19:14	59,900	0,478	4,7809	0,272	2,7155
15.01.2026 17:19:14	59,950	0,477	4,7741	0,271	2,7090
15.01.2026 17:19:15	60,000	0,477	4,7688	0,271	2,7129
15.01.2026 17:19:15	60,050	0,477	4,7670	0,270	2,7045
15.01.2026 17:19:15	60,100	0,476	4,7624	0,271	2,7105
15.01.2026 17:19:15	60,150	0,474	4,7430	0,270	2,7042
15.01.2026 17:19:15	60,200	0,472	4,7159	0,271	2,7080
15.01.2026 17:19:15	60,250	0,469	4,6857	0,270	2,6959
15.01.2026 17:19:15	60,300	0,466	4,6568	0,270	2,6968
15.01.2026 17:19:15	60,350	0,464	4,6375	0,269	2,6870
15.01.2026 17:19:15	60,400	0,461	4,6133	0,269	2,6861
15.01.2026 17:19:15	60,450	0,459	4,5866	0,268	2,6777
15.01.2026 17:19:15	60,500	0,455	4,5531	0,268	2,6777
15.01.2026 17:19:15	60,550	0,452	4,5226	0,267	2,6657
15.01.2026 17:19:15	60,600	0,449	4,4882	0,267	2,6673
15.01.2026 17:19:15	60,650	0,446	4,4646	0,265	2,6537
15.01.2026 17:19:15	60,700	0,446	4,4569	0,266	2,6593
15.01.2026 17:19:15	60,750	0,445	4,4526	0,265	2,6520
15.01.2026 17:19:15	60,800	0,445	4,4483	0,266	2,6554
15.01.2026 17:19:15	60,850	0,445	4,4484	0,265	2,6505
15.01.2026 17:19:15	60,900	0,443	4,4329	0,265	2,6532
15.01.2026 17:19:15	60,950	0,441	4,4066	0,265	2,6456
15.01.2026 17:19:16	61,000	0,436	4,3624	0,264	2,6412
15.01.2026 17:19:16	61,050	0,431	4,3081	0,262	2,6248
15.01.2026 17:19:16	61,100	0,428	4,2797	0,263	2,6256
15.01.2026 17:19:16	61,150	0,426	4,2634	0,262	2,6152
15.01.2026 17:19:16	61,200	0,426	4,2550	0,262	2,6178
15.01.2026 17:19:16	61,250	0,424	4,2445	0,261	2,6101
15.01.2026 17:19:16	61,300	0,423	4,2284	0,261	2,6139
15.01.2026 17:19:16	61,350	0,422	4,2173	0,261	2,6060
15.01.2026 17:19:16	61,400	0,420	4,2033	0,261	2,6067
15.01.2026 17:19:16	61,450	0,420	4,1950	0,260	2,6013
15.01.2026 17:19:16	61,500	0,418	4,1779	0,260	2,6036
15.01.2026 17:19:16	61,550	0,416	4,1601	0,259	2,5917
15.01.2026 17:19:16	61,600	0,414	4,1423	0,259	2,5923
15.01.2026 17:19:16	61,650	0,412	4,1244	0,258	2,5837
15.01.2026 17:19:16	61,700	0,410	4,1008	0,258	2,5840
15.01.2026 17:19:16	61,750	0,409	4,0891	0,258	2,5792
15.01.2026 17:19:16	61,800	0,407	4,0714	0,258	2,5814
15.01.2026 17:19:16	61,850	0,405	4,0504	0,257	2,5702
15.01.2026 17:19:16	61,900	0,403	4,0298	0,257	2,5710
15.01.2026 17:19:16	61,950	0,401	4,0103	0,256	2,5602
15.01.2026 17:19:17	62,000	0,400	3,9972	0,256	2,5623
15.01.2026 17:19:17	62,050	0,399	3,9924	0,256	2,5553
15.01.2026 17:19:17	62,100	0,399	3,9851	0,256	2,5596
15.01.2026 17:19:17	62,150	0,397	3,9740	0,255	2,5493
15.01.2026 17:19:17	62,200	0,395	3,9542	0,255	2,5521
15.01.2026 17:19:17	62,250	0,392	3,9225	0,254	2,5402
15.01.2026 17:19:17	62,300	0,389	3,8862	0,254	2,5380
15.01.2026 17:19:17	62,350	0,385	3,8492	0,252	2,5243
15.01.2026 17:19:17	62,400	0,382	3,8217	0,252	2,5206
15.01.2026 17:19:17	62,450	0,381	3,8129	0,251	2,5141
15.01.2026 17:19:17	62,500	0,381	3,8055	0,252	2,5174
15.01.2026 17:19:17	62,550	0,380	3,7978	0,251	2,5080
15.01.2026 17:19:17	62,600	0,380	3,7975	0,251	2,5146
15.01.2026 17:19:17	62,650	0,379	3,7944	0,251	2,5073
15.01.2026 17:19:17	62,700	0,379	3,7936	0,251	2,5119
15.01.2026 17:19:17	62,750	0,379	3,7945	0,251	2,5051
15.01.2026 17:19:17	62,800	0,379	3,7901	0,251	2,5101
15.01.2026 17:19:17	62,850	0,379	3,7884	0,250	2,5031
15.01.2026 17:19:17	62,900	0,378	3,7778	0,251	2,5107
15.01.2026 17:19:17	62,950	0,376	3,7565	0,250	2,4996
15.01.2026 17:19:18	63,000	0,373	3,7345	0,250	2,4984
15.01.2026 17:19:18	63,050	0,372	3,7182	0,249	2,4891
15.01.2026 17:19:18	63,100	0,370	3,6982	0,249	2,4927
15.01.2026 17:19:18	63,150	0,367	3,6694	0,248	2,4783
15.01.2026 17:19:18	63,200	0,364	3,6382	0,247	2,4744
15.01.2026 17:19:18	63,250	0,361	3,6131	0,246	2,4610
15.01.2026 17:19:18	63,300	0,359	3,5878	0,246	2,4648
15.01.2026 17:19:18	63,350	0,356	3,5613	0,245	2,4489
15.01.2026 17:19:18	63,400	0,354	3,5412	0,245	2,4485
15.01.2026 17:19:18	63,450	0,352	3,5198	0,244	2,4353
15.01.2026 17:19:18	63,500	0,351	3,5066	0,244	2,4384
15.01.2026 17:19:18	63,550	0,349	3,4931	0,243	2,4278
15.01.2026 17:19:18	63,600	0,348	3,4822	0,243	2,4322
15.01.2026 17:19:18	63,650	0,347	3,4680	0,242	2,4200
15.01.2026 17:19:18	63,700	0,345	3,4527	0,242	2,4216
15.01.2026 17:19:18	63,750	0,344	3,4378	0,241	2,4146
15.01.2026 17:19:18	63,800	0,342	3,4198	0,242	2,4162
15.01.2026 17:19:18	63,850	0,340	3,3964	0,240	2,4014
15.01.2026 17:19:18	63,900	0,338	3,3763	0,240	2,4035
15.01.2026 17:19:18	63,950	0,335	3,3526	0,239	2,3897
15.01.2026 17:19:19	64,000	0,333	3,3305	0,239	2,3893
15.01.2026 17:19:19	64,050	0,331	3,3069	0,237	2,3746
15.01.2026 17:19:19	64,100	0,329	3,2889	0,237	2,3747
15.01.2026 17:19:19	64,150	0,328	3,2790	0,236	2,3650
15.01.2026 17:19:19	64,200	0,327	3,2718	0,237	2,3680
15.01.2026 17:19:19	64,250	0,327	3,2683	0,236	2,3615
15.01.2026 17:19:19	64,300	0,327	3,2653	0,237	2,3665
15.01.2026 17:19:19	64,350	0,326	3,2632	0,236	2,3590
15.01.2026 17:19:19	64,400	0,326	3,2617	0,236	2,3649
15.01.2026 17:19:19	64,450	0,326	3,2592	0,236	2,3573
15.01.2026 17:19:19	64,500	0,325	3,2537	0,237	2,3650
15.01.2026 17:19:19	64,550	0,323	3,2342	0,235	2,3532
15.01.2026 17:19:19	64,600	0,321	3,2070	0,235	2,3524
15.01.2026 17:19:19	64,650	0,317	3,1728	0,233	2,3344
15.01.2026 17:19:19	64,700	0,315	3,1464	0,233	2,3321
15.01.2026 17:19:19	64,750	0,312	3,1179	0,232	2,3158
15.01.2026 17:19:19	64,800	0,310	3,0951	0,231	2,3132
15.01.2026 17:19:19	64,850	0,307	3,0724	0,230	2,2967
15.01.2026 17:19:19	64,900	0,306	3,0596	0,230	2,3026
15.01.2026 17:19:19	64,950	0,304	3,0408	0,229	2,2906
15.01.2026 17:19:20	65,000	0,302	3,0161	0,229	2,2852
15.01.2026 17:19:20	65,050	0,301	3,0060	0,228	2,2758
15.01.2026 17:19:20	65,100	0,299	2,9875	0,227	2,2748
15.01.2026 17:19:20	65,150	0,297	2,9704	0,226	2,2641
15.01.2026 17:19:20	65,200	0,295	2,9494	0,227	2,2658
15.01.2026 17:19:20	65,250	0,293	2,9258	0,225	2,2478
15.01.2026 17:19:20	65,300	0,290	2,9044	0,225	2,2492
15.01.2026 17:19:20	65,350	0,288	2,8843	0,223	2,2319
15.01.2026 17:19:20	65,400	0,287	2,8739	0,223	2,2342
15.01.2026 17:19:20	65,450	0,287	2,8668	0,223	2,2253
15.01.2026 17:19:20	65,500	0,286	2,8576	0,223	2,2298
15.01.2026 17:19:20	65,550	0,285	2,8493	0,222	2,2180
15.01.2026 17:19:20	65,600	0,284	2,8360	0,222	2,2215
15.01.2026 17:19:20	65,650	0,282	2,8197	0,221	2,2091
15.01.2026 17:19:20	65,700	0,281	2,8064	0,221	2,2101
15.01.2026 17:19:20	65,750	0,279	2,7913	0,220	2,1982
15.01.2026 17:19:20	65,800	0,277	2,7708	0,220	2,1955
15.01.2026 17:19:20	65,850	0,276	2,7565	0,218	2,1850
15.01.2026 17:19:20	65,900	0,274	2,7357	0,218	2,1832
15.01.2026 17:19:20	65,950	0,272	2,7205	0,217	2,1702
15.01.2026 17:19:21	66,000	0,270	2,7049	0,217	2,1717
15.01.2026 17:19:21	66,050	0,269	2,6916	0,216	2,1584
15.01.2026 17:19:21	66,100	0,268	2,6850	0,216	2,1635
15.01.2026 17:19:21	66,150	0,267	2,6728	0,215	2,1500
15.01.2026 17:19:21	66,200	0,266	2,6599	0,215	2,1517
15.01.2026 17:19:21	66,250	0,265	2,6491	0,214	2,1403
15.01.2026 17:19:21	66,300	0,263	2,6350	0,214	2,1425
15.01.2026 17:19:21	66,350	0,262	2,6209	0,213	2,1322
15.01.2026 17:19:21	66,400	0,260	2,6015	0,213	2,1281
15.01.2026 17:19:21	66,450	0,258	2,5842	0,212	2,1160
15.01.2026 17:19:21	66,500	0,257	2,5663	0,212	2,1163
15.01.2026 17:19:21	66,550	0,255	2,5471	0,210	2,1010
15.01.2026 17:19:21	66,600	0,253	2,5325	0,210	2,1006
15.01.2026 17:19:21	66,650	0,252	2,5212	0,209	2,0881
15.01.2026 17:19:21	66,700	0,251	2,5125	0,209	2,0901
15.01.2026 17:19:21	66,750	0,251	2,5051	0,208	2,0802
15.01.2026 17:19:21	66,800	0,250	2,4972	0,208	2,0846
15.01.2026 17:19:21	66,850	0,249	2,4850	0,207	2,0725
15.01.2026 17:19:21	66,900	0,247	2,4678	0,207	2,0717
15.01.2026 17:19:21	66,950	0,246	2,4603	0,206	2,0616
15.01.2026 17:19:22	67,000	0,246	2,4564	0,207	2,0657
15.01.2026 17:19:22	67,050	0,245	2,4508	0,205	2,0547
15.01.2026 17:19:22	67,100	0,245	2,4496	0,206	2,0631
15.01.2026 17:19:22	67,150	0,245	2,4483	0,205	2,0549
15.01.2026 17:19:22	67,200	0,245	2,4458	0,206	2,0604
15.01.2026 17:19:22	67,250	0,244	2,4434	0,205	2,0538
15.01.2026 17:19:22	67,300	0,243	2,4261	0,205	2,0535
15.01.2026 17:19:22	67,350	0,241	2,4113	0,204	2,0428
15.01.2026 17:19:22	67,400	0,238	2,3818	0,204	2,0376
15.01.2026 17:19:22	67,450	0,236	2,3573	0,202	2,0220
15.01.2026 17:19:22	67,500	0,233	2,3279	0,202	2,0152
15.01.2026 17:19:22	67,550	0,230	2,3009	0,200	1,9956
15.01.2026 17:19:22	67,600	0,227	2,2720	0,199	1,9895
15.01.2026 17:19:22	67,650	0,224	2,2420	0,197	1,9689
15.01.2026 17:19:22	67,700	0,220	2,2048	0,196	1,9576
15.01.2026 17:19:22	67,750	0,217	2,1713	0,193	1,9348
15.01.2026 17:19:22	67,800	0,214	2,1409	0,193	1,9284
15.01.2026 17:19:22	67,850	0,211	2,1054	0,190	1,9039
15.01.2026 17:19:22	67,900	0,207	2,0687	0,189	1,8938
15.01.2026 17:19:22	67,950	0,204	2,0382	0,187	1,8691
15.01.2026 17:19:23	68,000	0,200	2,0031	0,186	1,8579
15.01.2026 17:19:23	68,050	0,198	1,9781	0,184	1,8361
15.01.2026 17:19:23	68,100	0,196	1,9599	0,183	1,8325
15.01.2026 17:19:23	68,150	0,195	1,9497	0,182	1,8185
15.01.2026 17:19:23	68,200	0,194	1,9368	0,182	1,8173
15.01.2026 17:19:23	68,250	0,193	1,9286	0,180	1,8039
15.01.2026 17:19:23	68,300	0,192	1,9163	0,181	1,8059
15.01.2026 17:19:23	68,350	0,190	1,8954	0,179	1,7884
15.01.2026 17:19:23	68,400	0,187	1,8744	0,179	1,7875
15.01.2026 17:19:23	68,450	0,185	1,8535	0,177	1,7673
15.01.2026 17:19:23	68,500	0,184	1,8366	0,177	1,7667
15.01.2026 17:19:23	68,550	0,182	1,8168	0,175	1,7473
15.01.2026 17:19:23	68,600	0,180	1,7989	0,175	1,7453
15.01.2026 17:19:23	68,650	0,178	1,7795	0,173	1,7259
15.01.2026 17:19:23	68,700	0,176	1,7617	0,172	1,7227
15.01.2026 17:19:23	68,750	0,174	1,7448	0,171	1,7055
15.01.2026 17:19:23	68,800	0,173	1,7270	0,170	1,7041
15.01.2026 17:19:23	68,850	0,171	1,7083	0,169	1,6854
15.01.2026 17:19:23	68,900	0,169	1,6935	0,168	1,6844
15.01.2026 17:19:23	68,950	0,168	1,6786	0,167	1,6664
15.01.2026 17:19:24	69,000	0,167	1,6678	0,167	1,6672
15.01.2026 17:19:24	69,050	0,166	1,6586	0,165	1,6541
15.01.2026 17:19:24	69,100	0,165	1,6505	0,165	1,6540
15.01.2026 17:19:24	69,150	0,165	1,6480	0,165	1,6452
15.01.2026 17:19:24	69,200	0,164	1,6445	0,165	1,6502
15.01.2026 17:19:24	69,250	0,164	1,6420	0,164	1,6410
15.01.2026 17:19:24	69,300	0,164	1,6362	0,164	1,6450
15.01.2026 17:19:24	69,350	0,163	1,6348	0,164	1,6373
15.01.2026 17:19:24	69,400	0,162	1,6230	0,164	1,6395
15.01.2026 17:19:24	69,450	0,162	1,6160	0,163	1,6287
15.01.2026 17:19:24	69,500	0,160	1,6016	0,163	1,6296
15.01.2026 17:19:24	69,550	0,158	1,5788	0,161	1,6095
15.01.2026 17:19:24	69,600	0,155	1,5547	0,160	1,6038
15.01.2026 17:19:24	69,650	0,155	1,5454	0,159	1,5902
15.01.2026 17:19:24	69,700	0,153	1,5291	0,159	1,5853
15.01.2026 17:19:24	69,750	0,152	1,5202	0,157	1,5714
15.01.2026 17:19:24	69,800	0,151	1,5110	0,157	1,5736
15.01.2026 17:19:24	69,850	0,150	1,4994	0,156	1,5598
15.01.2026 17:19:24	69,900	0,149	1,4871	0,156	1,5593
15.01.2026 17:19:24	69,950	0,148	1,4784	0,155	1,5458
15.01.2026 17:19:25	70,000	0,147	1,4708	0,155	1,5475
15.01.2026 17:19:25	70,050	0,146	1,4565	0,153	1,5301
15.01.2026 17:19:25	70,100	0,145	1,4494	0,153	1,5350
15.01.2026 17:19:25	70,150	0,144	1,4363	0,152	1,5194
15.01.2026 17:19:25	70,200	0,142	1,4175	0,152	1,5165
15.01.2026 17:19:25	70,250	0,140	1,3977	0,150	1,4971
15.01.2026 17:19:25	70,300	0,138	1,3811	0,149	1,4946
15.01.2026 17:19:25	70,350	0,137	1,3656	0,148	1,4766
15.01.2026 17:19:25	70,400	0,135	1,3474	0,147	1,4729
15.01.2026 17:19:25	70,450	0,132	1,3200	0,145	1,4509
15.01.2026 17:19:25	70,500	0,129	1,2898	0,144	1,4390
15.01.2026 17:19:25	70,550	0,127	1,2695	0,142	1,4180
15.01.2026 17:19:25	70,600	0,125	1,2491	0,141	1,4099
15.01.2026 17:19:25	70,650	0,123	1,2305	0,139	1,3880
15.01.2026 17:19:25	70,700	0,121	1,2148	0,138	1,3848
15.01.2026 17:19:25	70,750	0,119	1,1921	0,136	1,3600
15.01.2026 17:19:25	70,800	0,118	1,1803	0,136	1,3602
15.01.2026 17:19:25	70,850	0,116	1,1621	0,134	1,3386
15.01.2026 17:19:25	70,900	0,115	1,1494	0,134	1,3370
15.01.2026 17:19:25	70,950	0,114	1,1406	0,132	1,3205
15.01.2026 17:19:26	71,000	0,113	1,1344	0,132	1,3229
15.01.2026 17:19:26	71,050	0,113	1,1283	0,131	1,3099
15.01.2026 17:19:26	71,100	0,112	1,1231	0,131	1,3136
15.01.2026 17:19:26	71,150	0,112	1,1196	0,130	1,3014
15.01.2026 17:19:26	71,200	0,112	1,1170	0,131	1,3076
15.01.2026 17:19:26	71,250	0,111	1,1126	0,129	1,2948
15.01.2026 17:19:26	71,300	0,110	1,1047	0,130	1,3015
15.01.2026 17:19:26	71,350	0,109	1,0900	0,128	1,2833
15.01.2026 17:19:26	71,400	0,108	1,0758	0,128	1,2827
15.01.2026 17:19:26	71,450	0,107	1,0658	0,127	1,2669
15.01.2026 17:19:26	71,500	0,105	1,0534	0,127	1,2681
15.01.2026 17:19:26	71,550	0,103	1,0326	0,125	1,2475
15.01.2026 17:19:26	71,600	0,102	1,0183	0,124	1,2442
15.01.2026 17:19:26	71,650	0,100	1,0023	0,122	1,2235
15.01.2026 17:19:26	71,700	0,099	0,9898	0,122	1,2229
15.01.2026 17:19:26	71,750	0,097	0,9748	0,120	1,2040
15.01.2026 17:19:26	71,800	0,096	0,9565	0,120	1,1999
15.01.2026 17:19:26	71,850	0,094	0,9410	0,118	1,1785
15.01.2026 17:19:26	71,900	0,093	0,9280	0,118	1,1758
15.01.2026 17:19:26	71,950	0,092	0,9188	0,116	1,1595
15.01.2026 17:19:27	72,000	0,090	0,9033	0,116	1,1561
15.01.2026 17:19:27	72,050	0,089	0,8886	0,114	1,1361
15.01.2026 17:19:27	72,100	0,088	0,8793	0,114	1,1382
15.01.2026 17:19:27	72,150	0,087	0,8686	0,112	1,1200
15.01.2026 17:19:27	72,200	0,086	0,8560	0,112	1,1185
15.01.2026 17:19:27	72,250	0,084	0,8437	0,110	1,0998
15.01.2026 17:19:27	72,300	0,083	0,8325	0,110	1,1000
15.01.2026 17:19:27	72,350	0,082	0,8243	0,109	1,0861
15.01.2026 17:19:27	72,400	0,081	0,8077	0,108	1,0801
15.01.2026 17:19:27	72,450	0,080	0,7961	0,106	1,0645
15.01.2026 17:19:27	72,500	0,079	0,7883	0,106	1,0646
15.01.2026 17:19:27	72,550	0,078	0,7814	0,105	1,0499
15.01.2026 17:19:27	72,600	0,077	0,7732	0,105	1,0495
15.01.2026 17:19:27	72,650	0,077	0,7672	0,104	1,0358
15.01.2026 17:19:27	72,700	0,076	0,7637	0,104	1,0410
15.01.2026 17:19:27	72,750	0,076	0,7590	0,103	1,0285
15.01.2026 17:19:27	72,800	0,075	0,7523	0,103	1,0312
15.01.2026 17:19:27	72,850	0,074	0,7410	0,102	1,0169
15.01.2026 17:19:27	72,900	0,073	0,7281	0,102	1,0157
15.01.2026 17:19:27	72,950	0,072	0,7166	0,100	0,9979
15.01.2026 17:19:28	73,000	0,071	0,7060	0,100	0,9970
15.01.2026 17:19:28	73,050	0,070	0,6966	0,098	0,9802
15.01.2026 17:19:28	73,100	0,068	0,6848	0,098	0,9790
15.01.2026 17:19:28	73,150	0,067	0,6705	0,096	0,9616
15.01.2026 17:19:28	73,200	0,066	0,6570	0,096	0,9596
15.01.2026 17:19:28	73,250	0,064	0,6443	0,094	0,9384
15.01.2026 17:19:28	73,300	0,063	0,6348	0,094	0,9381
15.01.2026 17:19:28	73,350	0,062	0,6196	0,092	0,9168
15.01.2026 17:19:28	73,400	0,061	0,6052	0,091	0,9128
15.01.2026 17:19:28	73,450	0,059	0,5889	0,089	0,8919
15.01.2026 17:19:28	73,500	0,057	0,5728	0,089	0,8887
15.01.2026 17:19:28	73,550	0,056	0,5563	0,087	0,8656
15.01.2026 17:19:28	73,600	0,054	0,5423	0,086	0,8588
15.01.2026 17:19:28	73,650	0,053	0,5322	0,084	0,8399
15.01.2026 17:19:28	73,700	0,052	0,5184	0,084	0,8363
15.01.2026 17:19:28	73,750	0,050	0,5025	0,081	0,8136
15.01.2026 17:19:28	73,800	0,049	0,4902	0,081	0,8106
15.01.2026 17:19:28	73,850	0,047	0,4748	0,079	0,7865
15.01.2026 17:19:28	73,900	0,047	0,4670	0,079	0,7873
15.01.2026 17:19:28	73,950	0,045	0,4513	0,077	0,7657
15.01.2026 17:19:29	74,000	0,043	0,4333	0,076	0,7582
15.01.2026 17:19:29	74,050	0,042	0,4212	0,074	0,7378
15.01.2026 17:19:29	74,100	0,041	0,4058	0,073	0,7304
15.01.2026 17:19:29	74,150	0,039	0,3943	0,071	0,7098
15.01.2026 17:19:29	74,200	0,039	0,3852	0,071	0,7082
15.01.2026 17:19:29	74,250	0,038	0,3758	0,069	0,6887
15.01.2026 17:19:29	74,300	0,036	0,3627	0,068	0,6847
15.01.2026 17:19:29	74,350	0,035	0,3474	0,067	0,6653
15.01.2026 17:19:29	74,400	0,033	0,3282	0,066	0,6551
15.01.2026 17:19:29	74,450	0,032	0,3162	0,063	0,6323
15.01.2026 17:19:29	74,500	0,031	0,3084	0,063	0,6301
15.01.2026 17:19:29	74,550	0,030	0,2995	0,061	0,6110
15.01.2026 17:19:29	74,600	0,029	0,2921	0,061	0,6096
15.01.2026 17:19:29	74,650	0,028	0,2789	0,059	0,5888
15.01.2026 17:19:29	74,700	0,027	0,2745	0,059	0,5883
15.01.2026 17:19:29	74,750	0,027	0,2669	0,057	0,5735
15.01.2026 17:19:29	74,800	0,026	0,2607	0,058	0,5753
15.01.2026 17:19:29	74,850	0,025	0,2488	0,056	0,5564
15.01.2026 17:19:29	74,900	0,024	0,2371	0,055	0,5520
15.01.2026 17:19:29	74,950	0,023	0,2299	0,054	0,5350
15.01.2026 17:19:30	75,000	0,022	0,2198	0,053	0,5317
15.01.2026 17:19:30	75,050	0,021	0,2146	0,052	0,5168
15.01.2026 17:19:30	75,100	0,020	0,2001	0,051	0,5101
15.01.2026 17:19:30	75,150	0,019	0,1907	0,049	0,4936
15.01.2026 17:19:30	75,200	0,018	0,1784	0,049	0,4885
15.01.2026 17:19:30	75,250	0,017	0,1692	0,047	0,4702
15.01.2026 17:19:30	75,300	0,016	0,1557	0,046	0,4628
15.01.2026 17:19:30	75,350	0,015	0,1454	0,044	0,4428
15.01.2026 17:19:30	75,400	0,013	0,1335	0,044	0,4367
15.01.2026 17:19:30	75,450	0,012	0,1211	0,041	0,4129
15.01.2026 17:19:30	75,500	0,011	0,1115	0,041	0,4090
15.01.2026 17:19:30	75,550	0,010	0,1039	0,039	0,3904
15.01.2026 17:19:30	75,600	0,009	0,0924	0,039	0,3852
15.01.2026 17:19:30	75,650	0,008	0,0842	0,036	0,3643
15.01.2026 17:19:30	75,700	0,008	0,0772	0,036	0,3625
15.01.2026 17:19:30	75,750	0,007	0,0711	0,034	0,3447
15.01.2026 17:19:30	75,800	0,007	0,0654	0,034	0,3449
15.01.2026 17:19:30	75,850	0,006	0,0610	0,033	0,3289
15.01.2026 17:19:30	75,900	0,006	0,0596	0,033	0,3327
15.01.2026 17:19:30	75,950	0,005	0,0536	0,032	0,3163
15.01.2026 17:19:31	76,000	0,005	0,0487	0,032	0,3175
15.01.2026 17:19:31	76,050	0,005	0,0456	0,030	0,3040
15.01.2026 17:19:31	76,100	0,004	0,0441	0,031	0,3088
15.01.2026 17:19:31	76,150	0,004	0,0406	0,030	0,2956
15.01.2026 17:19:31	76,200	0,004	0,0363	0,030	0,2985
15.01.2026 17:19:31	76,250	0,004	0,0359	0,029	0,2889
15.01.2026 17:19:31	76,300	0,004	0,0350	0,029	0,2937
15.01.2026 17:19:31	76,350	0,003	0,0324	0,028	0,2817
15.01.2026 17:19:31	76,400	0,002	0,0231	0,028	0,2836
15.01.2026 17:19:31	76,450	0,002	0,0187	0,027	0,2686
15.01.2026 17:19:31	76,500	0,002	0,0189	0,027	0,2725
15.01.2026 17:19:31	76,550	0,002	0,0193	0,026	0,2631
15.01.2026 17:19:31	76,600	0,002	0,0170	0,027	0,2669
15.01.2026 17:19:31	76,650	0,002	0,0179	0,026	0,2583
15.01.2026 17:19:31	76,700	0,002	0,0207	0,027	0,2696
15.01.2026 17:19:31	76,750	0,002	0,0181	0,026	0,2585
15.01.2026 17:19:31	76,800	0,002	0,0154	0,026	0,2630
15.01.2026 17:19:31	76,850	0,002	0,0171	0,026	0,2569
15.01.2026 17:19:31	76,900	0,002	0,0182	0,027	0,2664
15.01.2026 17:19:31	76,950	0,002	0,0152	0,026	0,2566
15.01.2026 17:19:32	77,000	5,902E-4	0,0059	0,026	0,2563
15.01.2026 17:19:32	77,050	-5,676E-5	-5,6763E-4	0,024	0,2435
15.01.2026 17:19:32	77,100	-0,001	-0,0101	0,024	0,2410
15.01.2026 17:19:32	77,150	-0,002	-0,0177	0,022	0,2241
15.01.2026 17:19:32	77,200	-0,002	-0,0239	0,022	0,2233
15.01.2026 17:19:32	77,250	-0,004	-0,0361	0,020	0,2022
15.01.2026 17:19:32	77,300	-0,005	-0,0474	0,019	0,1945
15.01.2026 17:19:32	77,350	-0,006	-0,0572	0,017	0,1735
15.01.2026 17:19:32	77,400	-0,007	-0,0699	0,016	0,1629
15.01.2026 17:19:32	77,450	-0,008	-0,0842	0,013	0,1345
15.01.2026 17:19:32	77,500	-0,009	-0,0932	0,013	0,1295
15.01.2026 17:19:32	77,550	-0,010	-0,1039	0,010	0,1031
15.01.2026 17:19:32	77,600	-0,011	-0,1139	0,009	0,0934
15.01.2026 17:19:32	77,650	-0,013	-0,1329	0,006	0,0585
15.01.2026 17:19:32	77,700	-0,014	-0,1424	0,005	0,0474
15.01.2026 17:19:32	77,750	-0,015	-0,1513	0,002	0,0218
15.01.2026 17:19:32	77,800	-0,017	-0,1651	6,919E-4	0,0069
15.01.2026 17:19:32	77,850	-0,017	-0,1734	-0,002	-0,0198
15.01.2026 17:19:32	77,900	-0,019	-0,1858	-0,004	-0,0356
15.01.2026 17:19:32	77,950	-0,019	-0,1946	-0,006	-0,0628
15.01.2026 17:19:33	78,000	-0,020	-0,2035	-0,008	-0,0764
15.01.2026 17:19:33	78,050	-0,021	-0,2136	-0,011	-0,1051
15.01.2026 17:19:33	78,100	-0,022	-0,2245	-0,012	-0,1210
15.01.2026 17:19:33	78,150	-0,023	-0,2302	-0,015	-0,1480
15.01.2026 17:19:33	78,200	-0,024	-0,2442	-0,017	-0,1688
15.01.2026 17:19:33	78,250	-0,025	-0,2523	-0,020	-0,1988
15.01.2026 17:19:33	78,300	-0,026	-0,2585	-0,021	-0,2134
15.01.2026 17:19:33	78,350	-0,027	-0,2696	-0,025	-0,2471
15.01.2026 17:19:33	78,400	-0,028	-0,2762	-0,026	-0,2642
15.01.2026 17:19:33	78,450	-0,029	-0,2854	-0,030	-0,2990
15.01.2026 17:19:33	78,500	-0,030	-0,2952	-0,032	-0,3201
15.01.2026 17:19:33	78,550	-0,030	-0,2989	-0,035	-0,3513
15.01.2026 17:19:33	78,600	-0,031	-0,3063	-0,037	-0,3703
15.01.2026 17:19:33	78,650	-0,031	-0,3094	-0,040	-0,4002
15.01.2026 17:19:33	78,700	-0,032	-0,3154	-0,042	-0,4167
15.01.2026 17:19:33	78,750	-0,032	-0,3175	-0,044	-0,4437
15.01.2026 17:19:33	78,800	-0,032	-0,3216	-0,046	-0,4577
15.01.2026 17:19:33	78,850	-0,033	-0,3267	-0,049	-0,4884
15.01.2026 17:19:33	78,900	-0,033	-0,3294	-0,050	-0,5018
15.01.2026 17:19:33	78,950	-0,033	-0,3349	-0,053	-0,5313
15.01.2026 17:19:34	79,000	-0,034	-0,3429	-0,055	-0,5487
15.01.2026 17:19:34	79,050	-0,035	-0,3482	-0,058	-0,5818
15.01.2026 17:19:34	79,100	-0,035	-0,3537	-0,060	-0,6011
15.01.2026 17:19:34	79,150	-0,036	-0,3617	-0,064	-0,6411
15.01.2026 17:19:34	79,200	-0,037	-0,3685	-0,066	-0,6630
15.01.2026 17:19:34	79,250	-0,037	-0,3724	-0,070	-0,6999
15.01.2026 17:19:34	79,300	-0,038	-0,3812	-0,073	-0,7276
15.01.2026 17:19:34	79,350	-0,039	-0,3865	-0,077	-0,7659
15.01.2026 17:19:34	79,400	-0,039	-0,3939	-0,079	-0,7918
15.01.2026 17:19:34	79,450	-0,040	-0,3982	-0,083	-0,8310
15.01.2026 17:19:34	79,500	-0,041	-0,4084	-0,086	-0,8599
15.01.2026 17:19:34	79,550	-0,042	-0,4152	-0,090	-0,8992
15.01.2026 17:19:34	79,600	-0,042	-0,4216	-0,093	-0,9257
15.01.2026 17:19:34	79,650	-0,043	-0,4278	-0,097	-0,9663
15.01.2026 17:19:34	79,700	-0,044	-0,4367	-0,100	-0,9971
15.01.2026 17:19:34	79,750	-0,044	-0,4396	-0,104	-1,0364
15.01.2026 17:19:34	79,800	-0,045	-0,4454	-0,106	-1,0630
15.01.2026 17:19:34	79,850	-0,046	-0,4555	-0,111	-1,1092
15.01.2026 17:19:34	79,900	-0,046	-0,4645	-0,114	-1,1407
15.01.2026 17:19:34	79,950	-0,047	-0,4713	-0,118	-1,1847
15.01.2026 17:19:35	80,000	-0,048	-0,4791	-0,121	-1,2148
15.01.2026 17:19:35	80,050	-0,049	-0,4891	-0,126	-1,2621
15.01.2026 17:19:35	80,100	-0,050	-0,4982	-0,130	-1,2957
15.01.2026 17:19:35	80,150	-0,051	-0,5082	-0,134	-1,3443
15.01.2026 17:19:35	80,200	-0,052	-0,5161	-0,138	-1,3787
15.01.2026 17:19:35	80,250	-0,052	-0,5245	-0,143	-1,4255
15.01.2026 17:19:35	80,300	-0,053	-0,5337	-0,146	-1,4608
15.01.2026 17:19:35	80,350	-0,054	-0,5421	-0,151	-1,5087
15.01.2026 17:19:35	80,400	-0,056	-0,5573	-0,155	-1,5501
15.01.2026 17:19:35	80,450	-0,057	-0,5669	-0,160	-1,5993
15.01.2026 17:19:35	80,500	-0,058	-0,5787	-0,164	-1,6381
15.01.2026 17:19:35	80,550	-0,059	-0,5925	-0,169	-1,6937
15.01.2026 17:19:35	80,600	-0,060	-0,5976	-0,173	-1,7276
15.01.2026 17:19:35	80,650	-0,061	-0,6102	-0,178	-1,7792
15.01.2026 17:19:35	80,700	-0,062	-0,6164	-0,181	-1,8107
15.01.2026 17:19:35	80,750	-0,063	-0,6282	-0,186	-1,8611
15.01.2026 17:19:35	80,800	-0,063	-0,6338	-0,189	-1,8908
15.01.2026 17:19:35	80,850	-0,064	-0,6421	-0,193	-1,9349
15.01.2026 17:19:35	80,900	-0,065	-0,6535	-0,197	-1,9659
15.01.2026 17:19:35	80,950	-0,066	-0,6621	-0,201	-2,0074
15.01.2026 17:19:36	81,000	-0,067	-0,6670	-0,203	-2,0321
15.01.2026 17:19:36	81,050	-0,068	-0,6840	-0,208	-2,0799
15.01.2026 17:19:36	81,100	-0,069	-0,6946	-0,211	-2,1091
15.01.2026 17:19:36	81,150	-0,070	-0,7049	-0,215	-2,1535
15.01.2026 17:19:36	81,200	-0,072	-0,7184	-0,219	-2,1860
15.01.2026 17:19:36	81,250	-0,073	-0,7280	-0,223	-2,2289
15.01.2026 17:19:36	81,300	-0,074	-0,7410	-0,226	-2,2595
15.01.2026 17:19:36	81,350	-0,076	-0,7563	-0,231	-2,3071
15.01.2026 17:19:36	81,400	-0,077	-0,7660	-0,234	-2,3353
15.01.2026 17:19:36	81,450	-0,078	-0,7835	-0,238	-2,3845
15.01.2026 17:19:36	81,500	-0,079	-0,7938	-0,241	-2,4124
15.01.2026 17:19:36	81,550	-0,080	-0,8046	-0,245	-2,4532
15.01.2026 17:19:36	81,600	-0,082	-0,8179	-0,248	-2,4808
15.01.2026 17:19:36	81,650	-0,083	-0,8331	-0,252	-2,5245
15.01.2026 17:19:36	81,700	-0,085	-0,8455	-0,255	-2,5520
15.01.2026 17:19:36	81,750	-0,086	-0,8640	-0,260	-2,5985
15.01.2026 17:19:36	81,800	-0,088	-0,8777	-0,263	-2,6260
15.01.2026 17:19:36	81,850	-0,089	-0,8914	-0,267	-2,6676
15.01.2026 17:19:36	81,900	-0,090	-0,9038	-0,269	-2,6939
15.01.2026 17:19:36	81,950	-0,092	-0,9211	-0,274	-2,7366
15.01.2026 17:19:37	82,000	-0,094	-0,9422	-0,277	-2,7685
15.01.2026 17:19:37	82,050	-0,096	-0,9572	-0,281	-2,8083
15.01.2026 17:19:37	82,100	-0,097	-0,9729	-0,284	-2,8363
15.01.2026 17:19:37	82,150	-0,099	-0,9891	-0,288	-2,8763
15.01.2026 17:19:37	82,200	-0,101	-1,0054	-0,290	-2,9012
15.01.2026 17:19:37	82,250	-0,102	-1,0200	-0,294	-2,9387
15.01.2026 17:19:37	82,300	-0,103	-1,0338	-0,296	-2,9608
15.01.2026 17:19:37	82,350	-0,105	-1,0504	-0,300	-2,9991
15.01.2026 17:19:37	82,400	-0,106	-1,0639	-0,302	-3,0187
15.01.2026 17:19:37	82,450	-0,108	-1,0769	-0,305	-3,0506
15.01.2026 17:19:37	82,500	-0,109	-1,0899	-0,307	-3,0691
15.01.2026 17:19:37	82,550	-0,110	-1,1045	-0,310	-3,1020
15.01.2026 17:19:37	82,600	-0,111	-1,1149	-0,312	-3,1176
15.01.2026 17:19:37	82,650	-0,113	-1,1251	-0,314	-3,1437
15.01.2026 17:19:37	82,700	-0,113	-1,1336	-0,316	-3,1562
15.01.2026 17:19:37	82,750	-0,114	-1,1450	-0,318	-3,1821
15.01.2026 17:19:37	82,800	-0,115	-1,1528	-0,319	-3,1891
15.01.2026 17:19:37	82,850	-0,116	-1,1642	-0,321	-3,2117
15.01.2026 17:19:37	82,900	-0,118	-1,1802	-0,323	-3,2260
15.01.2026 17:19:37	82,950	-0,119	-1,1925	-0,325	-3,2499
15.01.2026 17:19:38	83,000	-0,121	-1,2117	-0,327	-3,2687
15.01.2026 17:19:38	83,050	-0,123	-1,2290	-0,330	-3,2978
15.01.2026 17:19:38	83,100	-0,125	-1,2458	-0,331	-3,3127
15.01.2026 17:19:38	83,150	-0,126	-1,2624	-0,334	-3,3397
15.01.2026 17:19:38	83,200	-0,128	-1,2819	-0,336	-3,3590
15.01.2026 17:19:38	83,250	-0,130	-1,2971	-0,339	-3,3866
15.01.2026 17:19:38	83,300	-0,132	-1,3160	-0,341	-3,4055
15.01.2026 17:19:38	83,350	-0,133	-1,3309	-0,343	-3,4317
15.01.2026 17:19:38	83,400	-0,135	-1,3508	-0,345	-3,4501
15.01.2026 17:19:38	83,450	-0,137	-1,3679	-0,348	-3,4776
15.01.2026 17:19:38	83,500	-0,138	-1,3786	-0,349	-3,4899
15.01.2026 17:19:38	83,550	-0,139	-1,3922	-0,351	-3,5129
15.01.2026 17:19:38	83,600	-0,140	-1,4027	-0,352	-3,5227
15.01.2026 17:19:38	83,650	-0,142	-1,4188	-0,355	-3,5466
15.01.2026 17:19:38	83,700	-0,143	-1,4318	-0,356	-3,5569
15.01.2026 17:19:38	83,750	-0,145	-1,4476	-0,358	-3,5791
15.01.2026 17:19:38	83,800	-0,146	-1,4639	-0,359	-3,5921
15.01.2026 17:19:38	83,850	-0,147	-1,4727	-0,361	-3,6099
15.01.2026 17:19:38	83,900	-0,149	-1,4862	-0,362	-3,6195
15.01.2026 17:19:38	83,950	-0,150	-1,5045	-0,364	-3,6436
15.01.2026 17:19:39	84,000	-0,152	-1,5208	-0,365	-3,6544
15.01.2026 17:19:39	84,050	-0,153	-1,5340	-0,368	-3,6751
15.01.2026 17:19:39	84,100	-0,155	-1,5507	-0,369	-3,6878
15.01.2026 17:19:39	84,150	-0,156	-1,5623	-0,371	-3,7064
15.01.2026 17:19:39	84,200	-0,158	-1,5759	-0,372	-3,7154
15.01.2026 17:19:39	84,250	-0,158	-1,5840	-0,373	-3,7311
15.01.2026 17:19:39	84,300	-0,160	-1,5954	-0,374	-3,7382
15.01.2026 17:19:39	84,350	-0,161	-1,6088	-0,375	-3,7536
15.01.2026 17:19:39	84,400	-0,163	-1,6258	-0,376	-3,7638
15.01.2026 17:19:39	84,450	-0,165	-1,6480	-0,379	-3,7893
15.01.2026 17:19:39	84,500	-0,167	-1,6666	-0,380	-3,8006
15.01.2026 17:19:39	84,550	-0,168	-1,6818	-0,382	-3,8197
15.01.2026 17:19:39	84,600	-0,170	-1,7008	-0,383	-3,8334
15.01.2026 17:19:39	84,650	-0,171	-1,7142	-0,385	-3,8530
15.01.2026 17:19:39	84,700	-0,173	-1,7278	-0,386	-3,8620
15.01.2026 17:19:39	84,750	-0,174	-1,7419	-0,388	-3,8830
15.01.2026 17:19:39	84,800	-0,175	-1,7511	-0,389	-3,8892
15.01.2026 17:19:39	84,850	-0,176	-1,7569	-0,390	-3,8997
15.01.2026 17:19:39	84,900	-0,177	-1,7682	-0,391	-3,9069
15.01.2026 17:19:39	84,950	-0,177	-1,7727	-0,392	-3,9169
15.01.2026 17:19:40	85,000	-0,178	-1,7824	-0,392	-3,9226
15.01.2026 17:19:40	85,050	-0,179	-1,7870	-0,393	-3,9319
15.01.2026 17:19:40	85,100	-0,179	-1,7935	-0,393	-3,9315
15.01.2026 17:19:40	85,150	-0,180	-1,8018	-0,394	-3,9436
15.01.2026 17:19:40	85,200	-0,181	-1,8104	-0,394	-3,9431
15.01.2026 17:19:40	85,250	-0,183	-1,8269	-0,396	-3,9596
15.01.2026 17:19:40	85,300	-0,184	-1,8428	-0,397	-3,9684
15.01.2026 17:19:40	85,350	-0,186	-1,8598	-0,398	-3,9831
15.01.2026 17:19:40	85,400	-0,188	-1,8827	-0,400	-3,9983
15.01.2026 17:19:40	85,450	-0,189	-1,8930	-0,401	-4,0137
15.01.2026 17:19:40	85,500	-0,191	-1,9079	-0,402	-4,0219
15.01.2026 17:19:40	85,550	-0,192	-1,9175	-0,404	-4,0377
15.01.2026 17:19:40	85,600	-0,192	-1,9234	-0,404	-4,0383
15.01.2026 17:19:40	85,650	-0,194	-1,9355	-0,405	-4,0531
15.01.2026 17:19:40	85,700	-0,195	-1,9470	-0,406	-4,0576
15.01.2026 17:19:40	85,750	-0,196	-1,9580	-0,407	-4,0708
15.01.2026 17:19:40	85,800	-0,197	-1,9658	-0,407	-4,0719
15.01.2026 17:19:40	85,850	-0,198	-1,9825	-0,409	-4,0896
15.01.2026 17:19:40	85,900	-0,199	-1,9924	-0,409	-4,0918
15.01.2026 17:19:40	85,950	-0,201	-2,0078	-0,411	-4,1087
15.01.2026 17:19:41	86,000	-0,202	-2,0202	-0,411	-4,1145
15.01.2026 17:19:41	86,050	-0,203	-2,0331	-0,413	-4,1276
15.01.2026 17:19:41	86,100	-0,205	-2,0458	-0,413	-4,1340
15.01.2026 17:19:41	86,150	-0,205	-2,0550	-0,414	-4,1433
15.01.2026 17:19:41	86,200	-0,207	-2,0679	-0,415	-4,1493
15.01.2026 17:19:41	86,250	-0,208	-2,0842	-0,417	-4,1674
15.01.2026 17:19:41	86,300	-0,209	-2,0922	-0,417	-4,1692
15.01.2026 17:19:41	86,350	-0,210	-2,1035	-0,418	-4,1835
15.01.2026 17:19:41	86,400	-0,211	-2,1107	-0,419	-4,1871
15.01.2026 17:19:41	86,450	-0,212	-2,1152	-0,419	-4,1934
15.01.2026 17:19:41	86,500	-0,213	-2,1261	-0,420	-4,1972
15.01.2026 17:19:41	86,550	-0,214	-2,1370	-0,421	-4,2083
15.01.2026 17:19:41	86,600	-0,215	-2,1474	-0,421	-4,2113
15.01.2026 17:19:41	86,650	-0,216	-2,1629	-0,422	-4,2240
15.01.2026 17:19:41	86,700	-0,218	-2,1751	-0,423	-4,2297
15.01.2026 17:19:41	86,750	-0,218	-2,1838	-0,424	-4,2380
15.01.2026 17:19:41	86,800	-0,220	-2,1977	-0,425	-4,2473
15.01.2026 17:19:41	86,850	-0,221	-2,2054	-0,426	-4,2576
15.01.2026 17:19:41	86,900	-0,221	-2,2119	-0,426	-4,2590
15.01.2026 17:19:41	86,950	-0,222	-2,2195	-0,427	-4,2698
15.01.2026 17:19:42	87,000	-0,222	-2,2233	-0,427	-4,2686
15.01.2026 17:19:42	87,050	-0,223	-2,2324	-0,428	-4,2764
15.01.2026 17:19:42	87,100	-0,224	-2,2448	-0,428	-4,2784
15.01.2026 17:19:42	87,150	-0,227	-2,2654	-0,429	-4,2948
15.01.2026 17:19:42	87,200	-0,228	-2,2757	-0,430	-4,3009
15.01.2026 17:19:42	87,250	-0,229	-2,2867	-0,431	-4,3131
15.01.2026 17:19:42	87,300	-0,229	-2,2901	-0,431	-4,3132
15.01.2026 17:19:42	87,350	-0,230	-2,2975	-0,432	-4,3231
15.01.2026 17:19:42	87,400	-0,230	-2,3028	-0,432	-4,3225
15.01.2026 17:19:42	87,450	-0,231	-2,3079	-0,433	-4,3301
15.01.2026 17:19:42	87,500	-0,232	-2,3162	-0,433	-4,3327
15.01.2026 17:19:42	87,550	-0,232	-2,3218	-0,434	-4,3382
15.01.2026 17:19:42	87,600	-0,233	-2,3305	-0,434	-4,3407
15.01.2026 17:19:42	87,650	-0,234	-2,3354	-0,435	-4,3475
15.01.2026 17:19:42	87,700	-0,234	-2,3436	-0,435	-4,3496
15.01.2026 17:19:42	87,750	-0,236	-2,3572	-0,436	-4,3587
15.01.2026 17:19:42	87,800	-0,237	-2,3722	-0,436	-4,3649
15.01.2026 17:19:42	87,850	-0,239	-2,3923	-0,438	-4,3778
15.01.2026 17:19:42	87,900	-0,241	-2,4140	-0,439	-4,3883
15.01.2026 17:19:42	87,950	-0,244	-2,4383	-0,440	-4,4040
15.01.2026 17:19:43	88,000	-0,246	-2,4646	-0,442	-4,4184
15.01.2026 17:19:43	88,050	-0,249	-2,4883	-0,444	-4,4351
15.01.2026 17:19:43	88,100	-0,252	-2,5187	-0,445	-4,4505
15.01.2026 17:19:43	88,150	-0,254	-2,5409	-0,447	-4,4675
15.01.2026 17:19:43	88,200	-0,256	-2,5638	-0,448	-4,4811
15.01.2026 17:19:43	88,250	-0,258	-2,5801	-0,450	-4,4954
15.01.2026 17:19:43	88,300	-0,259	-2,5940	-0,450	-4,5021
15.01.2026 17:19:43	88,350	-0,261	-2,6114	-0,452	-4,5156
15.01.2026 17:19:43	88,400	-0,262	-2,6219	-0,452	-4,5187
15.01.2026 17:19:43	88,450	-0,263	-2,6332	-0,453	-4,5272
15.01.2026 17:19:43	88,500	-0,265	-2,6478	-0,453	-4,5347
15.01.2026 17:19:43	88,550	-0,267	-2,6661	-0,455	-4,5483
15.01.2026 17:19:43	88,600	-0,268	-2,6769	-0,455	-4,5514
15.01.2026 17:19:43	88,650	-0,269	-2,6879	-0,456	-4,5612
15.01.2026 17:19:43	88,700	-0,270	-2,6952	-0,457	-4,5652
15.01.2026 17:19:43	88,750	-0,270	-2,7040	-0,457	-4,5723
15.01.2026 17:19:43	88,800	-0,271	-2,7105	-0,457	-4,5747
15.01.2026 17:19:43	88,850	-0,272	-2,7163	-0,458	-4,5789
15.01.2026 17:19:43	88,900	-0,272	-2,7245	-0,458	-4,5821
15.01.2026 17:19:43	88,950	-0,274	-2,7357	-0,459	-4,5878
15.01.2026 17:19:44	89,000	-0,276	-2,7562	-0,460	-4,5958
15.01.2026 17:19:44	89,050	-0,278	-2,7797	-0,461	-4,6066
15.01.2026 17:19:44	89,100	-0,280	-2,7986	-0,461	-4,6142
15.01.2026 17:19:44	89,150	-0,282	-2,8211	-0,463	-4,6331
15.01.2026 17:19:44	89,200	-0,283	-2,8333	-0,464	-4,6389
15.01.2026 17:19:44	89,250	-0,285	-2,8453	-0,465	-4,6485
15.01.2026 17:19:44	89,300	-0,285	-2,8528	-0,465	-4,6527
15.01.2026 17:19:44	89,350	-0,286	-2,8585	-0,466	-4,6571
15.01.2026 17:19:44	89,400	-0,286	-2,8637	-0,466	-4,6569
15.01.2026 17:19:44	89,450	-0,288	-2,8806	-0,467	-4,6661
15.01.2026 17:19:44	89,500	-0,290	-2,8953	-0,467	-4,6706
15.01.2026 17:19:44	89,550	-0,291	-2,9128	-0,468	-4,6826
15.01.2026 17:19:44	89,600	-0,292	-2,9227	-0,469	-4,6858
15.01.2026 17:19:44	89,650	-0,293	-2,9320	-0,469	-4,6935
15.01.2026 17:19:44	89,700	-0,294	-2,9393	-0,469	-4,6949
15.01.2026 17:19:44	89,750	-0,295	-2,9495	-0,470	-4,7027
15.01.2026 17:19:44	89,800	-0,295	-2,9528	-0,470	-4,7026
15.01.2026 17:19:44	89,850	-0,297	-2,9721	-0,471	-4,7143
15.01.2026 17:19:44	89,900	-0,299	-2,9861	-0,472	-4,7192
15.01.2026 17:19:44	89,950	-0,301	-3,0059	-0,473	-4,7286
15.01.2026 17:19:45	90,000	-0,302	-3,0240	-0,474	-4,7355
15.01.2026 17:19:45	90,050	-0,304	-3,0380	-0,474	-4,7442
15.01.2026 17:19:45	90,100	-0,305	-3,0507	-0,475	-4,7516
15.01.2026 17:19:45	90,150	-0,306	-3,0581	-0,476	-4,7566
15.01.2026 17:19:45	90,200	-0,307	-3,0661	-0,476	-4,7599
15.01.2026 17:19:45	90,250	-0,308	-3,0804	-0,477	-4,7675
15.01.2026 17:19:45	90,300	-0,309	-3,0919	-0,477	-4,7707
15.01.2026 17:19:45	90,350	-0,311	-3,1068	-0,478	-4,7780
15.01.2026 17:19:45	90,400	-0,312	-3,1163	-0,478	-4,7819
15.01.2026 17:19:45	90,450	-0,313	-3,1280	-0,479	-4,7896
15.01.2026 17:19:45	90,500	-0,314	-3,1424	-0,480	-4,7965
15.01.2026 17:19:45	90,550	-0,315	-3,1459	-0,480	-4,7950
15.01.2026 17:19:45	90,600	-0,316	-3,1571	-0,480	-4,8016
15.01.2026 17:19:45	90,650	-0,316	-3,1622	-0,480	-4,8038
15.01.2026 17:19:45	90,700	-0,317	-3,1712	-0,481	-4,8090
15.01.2026 17:19:45	90,750	-0,318	-3,1839	-0,482	-4,8157
15.01.2026 17:19:45	90,800	-0,320	-3,1965	-0,482	-4,8198
15.01.2026 17:19:45	90,850	-0,321	-3,2089	-0,483	-4,8272
15.01.2026 17:19:45	90,900	-0,322	-3,2162	-0,483	-4,8299
15.01.2026 17:19:45	90,950	-0,322	-3,2235	-0,483	-4,8345
15.01.2026 17:19:46	91,000	-0,323	-3,2283	-0,484	-4,8380
15.01.2026 17:19:46	91,050	-0,324	-3,2384	-0,484	-4,8408
15.01.2026 17:19:46	91,100	-0,325	-3,2537	-0,485	-4,8465
15.01.2026 17:19:46	91,150	-0,328	-3,2797	-0,486	-4,8555
15.01.2026 17:19:46	91,200	-0,330	-3,3045	-0,486	-4,8647
15.01.2026 17:19:46	91,250	-0,332	-3,3222	-0,487	-4,8738
15.01.2026 17:19:46	91,300	-0,334	-3,3371	-0,488	-4,8820
15.01.2026 17:19:46	91,350	-0,335	-3,3473	-0,489	-4,8868
15.01.2026 17:19:46	91,400	-0,335	-3,3503	-0,489	-4,8889
15.01.2026 17:19:46	91,450	-0,336	-3,3579	-0,489	-4,8920
15.01.2026 17:19:46	91,500	-0,336	-3,3645	-0,490	-4,8990
15.01.2026 17:19:46	91,550	-0,337	-3,3717	-0,490	-4,9007
15.01.2026 17:19:46	91,600	-0,338	-3,3835	-0,490	-4,9026
15.01.2026 17:19:46	91,650	-0,341	-3,4106	-0,491	-4,9114
15.01.2026 17:19:46	91,700	-0,344	-3,4408	-0,492	-4,9230
15.01.2026 17:19:46	91,750	-0,348	-3,4756	-0,494	-4,9364
15.01.2026 17:19:46	91,800	-0,351	-3,5105	-0,495	-4,9508
15.01.2026 17:19:46	91,850	-0,355	-3,5461	-0,496	-4,9626
15.01.2026 17:19:46	91,900	-0,358	-3,5765	-0,498	-4,9795
15.01.2026 17:19:46	91,950	-0,360	-3,6047	-0,499	-4,9895
15.01.2026 17:19:47	92,000	-0,363	-3,6336	-0,500	-5,0011
15.01.2026 17:19:47	92,050	-0,366	-3,6576	-0,501	-5,0115
15.01.2026 17:19:47	92,100	-0,369	-3,6918	-0,503	-5,0282
15.01.2026 17:19:47	92,150	-0,371	-3,7131	-0,503	-5,0336
15.01.2026 17:19:47	92,200	-0,373	-3,7295	-0,504	-5,0423
15.01.2026 17:19:47	92,250	-0,374	-3,7389	-0,505	-5,0454
15.01.2026 17:19:47	92,300	-0,375	-3,7468	-0,505	-5,0492
15.01.2026 17:19:47	92,350	-0,376	-3,7630	-0,505	-5,0537
15.01.2026 17:19:47	92,400	-0,378	-3,7843	-0,506	-5,0612
15.01.2026 17:19:47	92,450	-0,381	-3,8145	-0,507	-5,0673
15.01.2026 17:19:47	92,500	-0,385	-3,8477	-0,508	-5,0818
15.01.2026 17:19:47	92,550	-0,387	-3,8722	-0,509	-5,0911
15.01.2026 17:19:47	92,600	-0,389	-3,8855	-0,510	-5,0984
15.01.2026 17:19:47	92,650	-0,390	-3,8976	-0,510	-5,1022
15.01.2026 17:19:47	92,700	-0,390	-3,9018	-0,510	-5,1045
15.01.2026 17:19:47	92,750	-0,391	-3,9140	-0,511	-5,1106
15.01.2026 17:19:47	92,800	-0,392	-3,9242	-0,512	-5,1151
15.01.2026 17:19:47	92,850	-0,395	-3,9451	-0,512	-5,1164
15.01.2026 17:19:47	92,900	-0,397	-3,9750	-0,513	-5,1284
15.01.2026 17:19:47	92,950	-0,400	-4,0031	-0,514	-5,1361
15.01.2026 17:19:48	93,000	-0,402	-4,0221	-0,514	-5,1439
15.01.2026 17:19:48	93,050	-0,404	-4,0384	-0,515	-5,1493
15.01.2026 17:19:48	93,100	-0,404	-4,0441	-0,515	-5,1518
15.01.2026 17:19:48	93,150	-0,405	-4,0537	-0,516	-5,1578
15.01.2026 17:19:48	93,200	-0,406	-4,0570	-0,516	-5,1599
15.01.2026 17:19:48	93,250	-0,407	-4,0656	-0,516	-5,1584
15.01.2026 17:19:48	93,300	-0,409	-4,0868	-0,517	-5,1670
15.01.2026 17:19:48	93,350	-0,411	-4,1100	-0,517	-5,1696
15.01.2026 17:19:48	93,400	-0,414	-4,1372	-0,518	-5,1801
15.01.2026 17:19:48	93,450	-0,416	-4,1640	-0,519	-5,1871
15.01.2026 17:19:48	93,500	-0,419	-4,1880	-0,520	-5,1959
15.01.2026 17:19:48	93,550	-0,421	-4,2094	-0,520	-5,2008
15.01.2026 17:19:48	93,600	-0,423	-4,2286	-0,521	-5,2130
15.01.2026 17:19:48	93,650	-0,424	-4,2390	-0,521	-5,2136
15.01.2026 17:19:48	93,700	-0,425	-4,2450	-0,522	-5,2170
15.01.2026 17:19:48	93,750	-0,425	-4,2528	-0,522	-5,2152
15.01.2026 17:19:48	93,800	-0,426	-4,2590	-0,522	-5,2211
15.01.2026 17:19:48	93,850	-0,426	-4,2650	-0,522	-5,2231
15.01.2026 17:19:48	93,900	-0,427	-4,2678	-0,523	-5,2256
15.01.2026 17:19:48	93,950	-0,428	-4,2758	-0,522	-5,2241
15.01.2026 17:19:49	94,000	-0,429	-4,2859	-0,523	-5,2289
15.01.2026 17:19:49	94,050	-0,430	-4,2974	-0,523	-5,2289
15.01.2026 17:19:49	94,100	-0,431	-4,3094	-0,524	-5,2372
15.01.2026 17:19:49	94,150	-0,432	-4,3228	-0,524	-5,2372
15.01.2026 17:19:49	94,200	-0,433	-4,3315	-0,524	-5,2424
15.01.2026 17:19:49	94,250	-0,434	-4,3394	-0,524	-5,2427
15.01.2026 17:19:49	94,300	-0,434	-4,3420	-0,525	-5,2468
15.01.2026 17:19:49	94,350	-0,434	-4,3416	-0,524	-5,2421
15.01.2026 17:19:49	94,400	-0,435	-4,3460	-0,525	-5,2483
15.01.2026 17:19:49	94,450	-0,435	-4,3454	-0,524	-5,2441
15.01.2026 17:19:49	94,500	-0,435	-4,3504	-0,525	-5,2502
15.01.2026 17:19:49	94,550	-0,435	-4,3500	-0,525	-5,2451
15.01.2026 17:19:49	94,600	-0,436	-4,3613	-0,525	-5,2521
15.01.2026 17:19:49	94,650	-0,437	-4,3730	-0,525	-5,2514
15.01.2026 17:19:49	94,700	-0,439	-4,3924	-0,526	-5,2599
15.01.2026 17:19:49	94,750	-0,442	-4,4163	-0,526	-5,2628
15.01.2026 17:19:49	94,800	-0,444	-4,4437	-0,527	-5,2745
15.01.2026 17:19:49	94,850	-0,448	-4,4752	-0,528	-5,2780
15.01.2026 17:19:49	94,900	-0,450	-4,5033	-0,529	-5,2885
15.01.2026 17:19:49	94,950	-0,454	-4,5350	-0,530	-5,2952
15.01.2026 17:19:50	95,000	-0,456	-4,5568	-0,531	-5,3052
15.01.2026 17:19:50	95,050	-0,457	-4,5694	-0,531	-5,3059
15.01.2026 17:19:50	95,100	-0,458	-4,5809	-0,531	-5,3121
15.01.2026 17:19:50	95,150	-0,460	-4,6014	-0,531	-5,3129
15.01.2026 17:19:50	95,200	-0,463	-4,6251	-0,532	-5,3218
15.01.2026 17:19:50	95,250	-0,464	-4,6447	-0,532	-5,3246
15.01.2026 17:19:50	95,300	-0,466	-4,6602	-0,533	-5,3328
15.01.2026 17:19:50	95,350	-0,467	-4,6712	-0,533	-5,3327
15.01.2026 17:19:50	95,400	-0,468	-4,6815	-0,534	-5,3384
15.01.2026 17:19:50	95,450	-0,470	-4,6980	-0,534	-5,3405
15.01.2026 17:19:50	95,500	-0,472	-4,7161	-0,535	-5,3473
15.01.2026 17:19:50	95,550	-0,474	-4,7366	-0,535	-5,3469
15.01.2026 17:19:50	95,600	-0,475	-4,7490	-0,536	-5,3555
15.01.2026 17:19:50	95,650	-0,476	-4,7592	-0,535	-5,3548
15.01.2026 17:19:50	95,700	-0,476	-4,7625	-0,536	-5,3586
15.01.2026 17:19:50	95,750	-0,476	-4,7645	-0,536	-5,3558
15.01.2026 17:19:50	95,800	-0,477	-4,7698	-0,536	-5,3637
15.01.2026 17:19:50	95,850	-0,477	-4,7686	-0,536	-5,3569
15.01.2026 17:19:50	95,900	-0,477	-4,7721	-0,536	-5,3635
15.01.2026 17:19:50	95,950	-0,478	-4,7785	-0,536	-5,3595
15.01.2026 17:19:51	96,000	-0,479	-4,7904	-0,537	-5,3663
15.01.2026 17:19:51	96,050	-0,482	-4,8223	-0,537	-5,3702
15.01.2026 17:19:51	96,100	-0,486	-4,8584	-0,538	-5,3816
15.01.2026 17:19:51	96,150	-0,488	-4,8818	-0,538	-5,3828
15.01.2026 17:19:51	96,200	-0,490	-4,8972	-0,539	-5,3938
15.01.2026 17:19:51	96,250	-0,491	-4,9073	-0,539	-5,3920
15.01.2026 17:19:51	96,300	-0,491	-4,9110	-0,540	-5,3984
15.01.2026 17:19:51	96,350	-0,491	-4,9128	-0,539	-5,3928
15.01.2026 17:19:51	96,400	-0,491	-4,9126	-0,540	-5,3979
15.01.2026 17:19:51	96,450	-0,492	-4,9191	-0,539	-5,3947
15.01.2026 17:19:51	96,500	-0,494	-4,9369	-0,540	-5,4033
15.01.2026 17:19:51	96,550	-0,494	-4,9438	-0,540	-5,3980
15.01.2026 17:19:51	96,600	-0,496	-4,9574	-0,540	-5,4048
15.01.2026 17:19:51	96,650	-0,497	-4,9730	-0,540	-5,4039
15.01.2026 17:19:51	96,700	-0,500	-4,9966	-0,541	-5,4144
15.01.2026 17:19:51	96,750	-0,502	-5,0241	-0,542	-5,4159
15.01.2026 17:19:51	96,800	-0,508	-5,0808	-0,543	-5,4328
15.01.2026 17:19:51	96,850	-0,514	-5,1398	-0,544	-5,4417
15.01.2026 17:19:51	96,900	-0,517	-5,1705	-0,545	-5,4547
15.01.2026 17:19:51	96,950	-0,519	-5,1870	-0,545	-5,4543
15.01.2026 17:19:52	97,000	-0,520	-5,1978	-0,546	-5,4626
15.01.2026 17:19:52	97,050	-0,520	-5,2022	-0,546	-5,4584
15.01.2026 17:19:52	97,100	-0,520	-5,2048	-0,546	-5,4640
15.01.2026 17:19:52	97,150	-0,520	-5,2042	-0,546	-5,4571
15.01.2026 17:19:52	97,200	-0,521	-5,2084	-0,546	-5,4635
15.01.2026 17:19:52	97,250	-0,522	-5,2155	-0,546	-5,4615
15.01.2026 17:19:52	97,300	-0,522	-5,2210	-0,547	-5,4669
15.01.2026 17:19:52	97,350	-0,522	-5,2236	-0,546	-5,4620
15.01.2026 17:19:52	97,400	-0,523	-5,2271	-0,547	-5,4698
15.01.2026 17:19:52	97,450	-0,523	-5,2328	-0,547	-5,4670
15.01.2026 17:19:52	97,500	-0,524	-5,2374	-0,547	-5,4706
15.01.2026 17:19:52	97,550	-0,525	-5,2466	-0,547	-5,4675
15.01.2026 17:19:52	97,600	-0,526	-5,2628	-0,548	-5,4767
15.01.2026 17:19:52	97,650	-0,528	-5,2836	-0,547	-5,4725
15.01.2026 17:19:52	97,700	-0,531	-5,3080	-0,548	-5,4849
15.01.2026 17:19:52	97,750	-0,532	-5,3235	-0,548	-5,4824
15.01.2026 17:19:52	97,800	-0,533	-5,3324	-0,549	-5,4894
15.01.2026 17:19:52	97,850	-0,534	-5,3372	-0,549	-5,4864
15.01.2026 17:19:52	97,900	-0,534	-5,3393	-0,549	-5,4917
15.01.2026 17:19:52	97,950	-0,534	-5,3430	-0,549	-5,4913
15.01.2026 17:19:53	98,000	-0,534	-5,3425	-0,549	-5,4925
15.01.2026 17:19:53	98,050	-0,534	-5,3416	-0,549	-5,4856
15.01.2026 17:19:53	98,100	-0,535	-5,3513	-0,549	-5,4931
15.01.2026 17:19:53	98,150	-0,536	-5,3622	-0,549	-5,4904
15.01.2026 17:19:53	98,200	-0,537	-5,3689	-0,549	-5,4949
15.01.2026 17:19:53	98,250	-0,538	-5,3810	-0,549	-5,4923
15.01.2026 17:19:53	98,300	-0,539	-5,3906	-0,550	-5,5027
15.01.2026 17:19:53	98,350	-0,541	-5,4059	-0,550	-5,4980
15.01.2026 17:19:53	98,400	-0,542	-5,4243	-0,551	-5,5087
15.01.2026 17:19:53	98,450	-0,544	-5,4414	-0,551	-5,5066
15.01.2026 17:19:53	98,500	-0,547	-5,4671	-0,552	-5,5164
15.01.2026 17:19:53	98,550	-0,550	-5,4961	-0,552	-5,5168
15.01.2026 17:19:53	98,600	-0,553	-5,5296	-0,553	-5,5271
15.01.2026 17:19:53	98,650	-0,557	-5,5680	-0,553	-5,5279
15.01.2026 17:19:53	98,700	-0,561	-5,6055	-0,554	-5,5415
15.01.2026 17:19:53	98,750	-0,564	-5,6368	-0,554	-5,5440
15.01.2026 17:19:53	98,800	-0,565	-5,6526	-0,555	-5,5513
15.01.2026 17:19:53	98,850	-0,566	-5,6623	-0,555	-5,5453
15.01.2026 17:19:53	98,900	-0,567	-5,6702	-0,555	-5,5533
15.01.2026 17:19:53	98,950	-0,567	-5,6747	-0,555	-5,5492
15.01.2026 17:19:54	99,000	-0,568	-5,6796	-0,556	-5,5559
15.01.2026 17:19:54	99,050	-0,569	-5,6852	-0,555	-5,5525
15.01.2026 17:19:54	99,100	-0,569	-5,6918	-0,556	-5,5613
15.01.2026 17:19:54	99,150	-0,569	-5,6945	-0,555	-5,5527
15.01.2026 17:19:54	99,200	-0,570	-5,6989	-0,556	-5,5597
15.01.2026 17:19:54	99,250	-0,570	-5,6995	-0,555	-5,5530
15.01.2026 17:19:54	99,300	-0,571	-5,7051	-0,556	-5,5627
15.01.2026 17:19:54	99,350	-0,571	-5,7115	-0,556	-5,5577
15.01.2026 17:19:54	99,400	-0,572	-5,7177	-0,556	-5,5612
15.01.2026 17:19:54	99,450	-0,573	-5,7308	-0,556	-5,5604
15.01.2026 17:19:54	99,500	-0,574	-5,7419	-0,557	-5,5670
15.01.2026 17:19:54	99,550	-0,575	-5,7526	-0,556	-5,5635
15.01.2026 17:19:54	99,600	-0,577	-5,7739	-0,557	-5,5734
15.01.2026 17:19:54	99,650	-0,581	-5,8087	-0,557	-5,5729
15.01.2026 17:19:54	99,700	-0,583	-5,8327	-0,558	-5,5844
15.01.2026 17:19:54	99,750	-0,584	-5,8423	-0,558	-5,5795
15.01.2026 17:19:54	99,800	-0,585	-5,8506	-0,559	-5,5892
15.01.2026 17:19:54	99,850	-0,585	-5,8499	-0,558	-5,5805
15.01.2026 17:19:54	99,900	-0,585	-5,8520	-0,559	-5,5875
15.01.2026 17:19:54	99,950	-0,585	-5,8516	-0,558	-5,5807
15.01.2026 17:19:55	100,000	-0,585	-5,8543	-0,559	-5,5891
15.01.2026 17:19:55	100,050	-0,585	-5,8495	-0,558	-5,5783
15.01.2026 17:19:55	100,100	-0,586	-5,8567	-0,559	-5,5897
15.01.2026 17:19:55	100,150	-0,586	-5,8571	-0,558	-5,5818
15.01.2026 17:19:55	100,200	-0,587	-5,8684	-0,559	-5,5896
15.01.2026 17:19:55	100,250	-0,588	-5,8823	-0,559	-5,5853
15.01.2026 17:19:55	100,300	-0,589	-5,8909	-0,559	-5,5943
15.01.2026 17:19:55	100,350	-0,590	-5,8996	-0,559	-5,5893
15.01.2026 17:19:55	100,400	-0,591	-5,9110	-0,560	-5,5957
15.01.2026 17:19:55	100,450	-0,594	-5,9352	-0,559	-5,5925
15.01.2026 17:19:55	100,500	-0,597	-5,9735	-0,560	-5,6050
15.01.2026 17:19:55	100,550	-0,601	-6,0060	-0,561	-5,6055
15.01.2026 17:19:55	100,600	-0,603	-6,0305	-0,562	-5,6170
15.01.2026 17:19:55	100,650	-0,605	-6,0475	-0,561	-5,6120
15.01.2026 17:19:55	100,700	-0,607	-6,0673	-0,562	-5,6222
15.01.2026 17:19:55	100,750	-0,608	-6,0815	-0,562	-5,6194
15.01.2026 17:19:55	100,800	-0,609	-6,0863	-0,563	-5,6258
15.01.2026 17:19:55	100,850	-0,609	-6,0936	-0,562	-5,6215
15.01.2026 17:19:55	100,900	-0,610	-6,1034	-0,563	-5,6297
15.01.2026 17:19:55	100,950	-0,611	-6,1115	-0,562	-5,6213
15.01.2026 17:19:56	101,000	-0,613	-6,1294	-0,563	-5,6304
15.01.2026 17:19:56	101,050	-0,614	-6,1401	-0,563	-5,6277
15.01.2026 17:19:56	101,100	-0,615	-6,1487	-0,564	-5,6354
15.01.2026 17:19:56	101,150	-0,616	-6,1631	-0,563	-5,6305
15.01.2026 17:19:56	101,200	-0,618	-6,1763	-0,564	-5,6380
15.01.2026 17:19:56	101,250	-0,618	-6,1831	-0,563	-5,6336
15.01.2026 17:19:56	101,300	-0,619	-6,1885	-0,564	-5,6422
15.01.2026 17:19:56	101,350	-0,619	-6,1892	-0,564	-5,6366
15.01.2026 17:19:56	101,400	-0,619	-6,1883	-0,564	-5,6408
15.01.2026 17:19:56	101,450	-0,619	-6,1908	-0,564	-5,6365
15.01.2026 17:19:56	101,500	-0,620	-6,1953	-0,564	-5,6441
15.01.2026 17:19:56	101,550	-0,621	-6,2077	-0,564	-5,6382
15.01.2026 17:19:56	101,600	-0,623	-6,2343	-0,565	-5,6488
15.01.2026 17:19:56	101,650	-0,626	-6,2619	-0,565	-5,6458
15.01.2026 17:19:56	101,700	-0,628	-6,2825	-0,566	-5,6551
15.01.2026 17:19:56	101,750	-0,630	-6,3017	-0,565	-5,6533
15.01.2026 17:19:56	101,800	-0,631	-6,3126	-0,566	-5,6606
15.01.2026 17:19:56	101,850	-0,633	-6,3267	-0,565	-5,6550
15.01.2026 17:19:56	101,900	-0,634	-6,3367	-0,567	-5,6655
15.01.2026 17:19:56	101,950	-0,634	-6,3424	-0,566	-5,6610
15.01.2026 17:19:57	102,000	-0,634	-6,3434	-0,566	-5,6646
15.01.2026 17:19:57	102,050	-0,634	-6,3447	-0,566	-5,6576
15.01.2026 17:19:57	102,100	-0,634	-6,3447	-0,566	-5,6645
15.01.2026 17:19:57	102,150	-0,635	-6,3495	-0,566	-5,6602
15.01.2026 17:19:57	102,200	-0,636	-6,3573	-0,567	-5,6664
15.01.2026 17:19:57	102,250	-0,637	-6,3680	-0,566	-5,6612
15.01.2026 17:19:57	102,300	-0,638	-6,3822	-0,567	-5,6717
15.01.2026 17:19:57	102,350	-0,640	-6,4003	-0,567	-5,6662
15.01.2026 17:19:57	102,400	-0,642	-6,4227	-0,568	-5,6790
15.01.2026 17:19:57	102,450	-0,644	-6,4435	-0,567	-5,6733
15.01.2026 17:19:57	102,500	-0,645	-6,4548	-0,568	-5,6813
15.01.2026 17:19:57	102,550	-0,646	-6,4590	-0,568	-5,6759
15.01.2026 17:19:57	102,600	-0,646	-6,4614	-0,568	-5,6844
15.01.2026 17:19:57	102,650	-0,646	-6,4603	-0,568	-5,6760
15.01.2026 17:19:57	102,700	-0,646	-6,4613	-0,568	-5,6837
15.01.2026 17:19:57	102,750	-0,646	-6,4619	-0,568	-5,6759
15.01.2026 17:19:57	102,800	-0,647	-6,4701	-0,568	-5,6839
15.01.2026 17:19:57	102,850	-0,648	-6,4833	-0,568	-5,6758
15.01.2026 17:19:57	102,900	-0,651	-6,5050	-0,569	-5,6870
15.01.2026 17:19:57	102,950	-0,653	-6,5316	-0,569	-5,6856
15.01.2026 17:19:58	103,000	-0,656	-6,5617	-0,570	-5,6971
15.01.2026 17:19:58	103,050	-0,659	-6,5889	-0,569	-5,6917
15.01.2026 17:19:58	103,100	-0,661	-6,6104	-0,570	-5,7037
15.01.2026 17:19:58	103,150	-0,663	-6,6280	-0,570	-5,6975
15.01.2026 17:19:58	103,200	-0,665	-6,6467	-0,571	-5,7065
15.01.2026 17:19:58	103,250	-0,667	-6,6680	-0,570	-5,7048
15.01.2026 17:19:58	103,300	-0,668	-6,6797	-0,571	-5,7124
15.01.2026 17:19:58	103,350	-0,669	-6,6901	-0,571	-5,7071
15.01.2026 17:19:58	103,400	-0,670	-6,7029	-0,572	-5,7150
15.01.2026 17:19:58	103,450	-0,672	-6,7168	-0,571	-5,7115
15.01.2026 17:19:58	103,500	-0,675	-6,7488	-0,572	-5,7223
15.01.2026 17:19:58	103,550	-0,680	-6,8003	-0,572	-5,7201
15.01.2026 17:19:58	103,600	-0,684	-6,8423	-0,574	-5,7361
15.01.2026 17:19:58	103,650	-0,686	-6,8572	-0,573	-5,7309
15.01.2026 17:19:58	103,700	-0,686	-6,8602	-0,574	-5,7372
15.01.2026 17:19:58	103,750	-0,686	-6,8621	-0,573	-5,7308
15.01.2026 17:19:58	103,800	-0,686	-6,8636	-0,574	-5,7366
15.01.2026 17:19:58	103,850	-0,687	-6,8742	-0,573	-5,7323
15.01.2026 17:19:58	103,900	-0,689	-6,8867	-0,574	-5,7412
15.01.2026 17:19:58	103,950	-0,689	-6,8908	-0,573	-5,7332
15.01.2026 17:19:59	104,000	-0,690	-6,8968	-0,574	-5,7445
15.01.2026 17:19:59	104,050	-0,689	-6,8942	-0,573	-5,7337
15.01.2026 17:19:59	104,100	-0,690	-6,8986	-0,574	-5,7436
15.01.2026 17:19:59	104,150	-0,690	-6,9012	-0,574	-5,7384
15.01.2026 17:19:59	104,200	-0,690	-6,9010	-0,574	-5,7424
15.01.2026 17:19:59	104,250	-0,691	-6,9132	-0,574	-5,7354
15.01.2026 17:19:59	104,300	-0,694	-6,9385	-0,575	-5,7484
15.01.2026 17:19:59	104,350	-0,696	-6,9586	-0,574	-5,7404
15.01.2026 17:19:59	104,400	-0,698	-6,9828	-0,575	-5,7523
15.01.2026 17:19:59	104,450	-0,702	-7,0205	-0,575	-5,7476
15.01.2026 17:19:59	104,500	-0,707	-7,0694	-0,576	-5,7637
15.01.2026 17:19:59	104,550	-0,711	-7,1065	-0,576	-5,7593
15.01.2026 17:19:59	104,600	-0,713	-7,1339	-0,577	-5,7727
15.01.2026 17:19:59	104,650	-0,715	-7,1464	-0,577	-5,7653
15.01.2026 17:19:59	104,700	-0,715	-7,1505	-0,577	-5,7732
15.01.2026 17:19:59	104,750	-0,715	-7,1517	-0,577	-5,7653
15.01.2026 17:19:59	104,800	-0,716	-7,1621	-0,578	-5,7765
15.01.2026 17:19:59	104,850	-0,717	-7,1750	-0,577	-5,7711
15.01.2026 17:19:59	104,900	-0,719	-7,1923	-0,578	-5,7790
15.01.2026 17:19:59	104,950	-0,722	-7,2201	-0,578	-5,7759
15.01.2026 17:20:00	105,000	-0,724	-7,2389	-0,578	-5,7847
15.01.2026 17:20:00	105,050	-0,725	-7,2534	-0,578	-5,7774
15.01.2026 17:20:00	105,100	-0,726	-7,2643	-0,578	-5,7844
15.01.2026 17:20:00	105,150	-0,728	-7,2768	-0,578	-5,7817
15.01.2026 17:20:00	105,200	-0,728	-7,2821	-0,579	-5,7880
15.01.2026 17:20:00	105,250	-0,729	-7,2881	-0,578	-5,7795
15.01.2026 17:20:00	105,300	-0,730	-7,2997	-0,579	-5,7906
15.01.2026 17:20:00	105,350	-0,731	-7,3095	-0,578	-5,7820
15.01.2026 17:20:00	105,400	-0,732	-7,3157	-0,579	-5,7934
15.01.2026 17:20:00	105,450	-0,732	-7,3177	-0,579	-5,7873
15.01.2026 17:20:00	105,500	-0,732	-7,3166	-0,579	-5,7925
15.01.2026 17:20:00	105,550	-0,732	-7,3182	-0,579	-5,7861
15.01.2026 17:20:00	105,600	-0,732	-7,3203	-0,580	-5,7955
15.01.2026 17:20:00	105,650	-0,733	-7,3326	-0,579	-5,7866
15.01.2026 17:20:00	105,700	-0,736	-7,3570	-0,580	-5,7994
15.01.2026 17:20:00	105,750	-0,737	-7,3745	-0,579	-5,7918
15.01.2026 17:20:00	105,800	-0,740	-7,3967	-0,580	-5,8024
15.01.2026 17:20:00	105,850	-0,742	-7,4230	-0,580	-5,7969
15.01.2026 17:20:00	105,900	-0,745	-7,4456	-0,581	-5,8081
15.01.2026 17:20:00	105,950	-0,746	-7,4567	-0,580	-5,8020
15.01.2026 17:20:01	106,000	-0,746	-7,4604	-0,581	-5,8095
15.01.2026 17:20:01	106,050	-0,746	-7,4619	-0,580	-5,8027
15.01.2026 17:20:01	106,100	-0,746	-7,4594	-0,581	-5,8062
15.01.2026 17:20:01	106,150	-0,746	-7,4630	-0,580	-5,8032
15.01.2026 17:20:01	106,200	-0,747	-7,4655	-0,581	-5,8121
15.01.2026 17:20:01	106,250	-0,747	-7,4702	-0,580	-5,8036
15.01.2026 17:20:01	106,300	-0,748	-7,4785	-0,581	-5,8129
15.01.2026 17:20:01	106,350	-0,748	-7,4811	-0,580	-5,8047
15.01.2026 17:20:01	106,400	-0,749	-7,4874	-0,581	-5,8112
15.01.2026 17:20:01	106,450	-0,750	-7,5045	-0,581	-5,8064
15.01.2026 17:20:01	106,500	-0,753	-7,5279	-0,582	-5,8176
15.01.2026 17:20:01	106,550	-0,755	-7,5530	-0,581	-5,8116
15.01.2026 17:20:01	106,600	-0,758	-7,5769	-0,582	-5,8229
15.01.2026 17:20:01	106,650	-0,760	-7,5956	-0,581	-5,8133
15.01.2026 17:20:01	106,700	-0,762	-7,6200	-0,583	-5,8263
15.01.2026 17:20:01	106,750	-0,765	-7,6473	-0,582	-5,8218
15.01.2026 17:20:01	106,800	-0,767	-7,6661	-0,583	-5,8328
15.01.2026 17:20:01	106,850	-0,768	-7,6768	-0,583	-5,8264
15.01.2026 17:20:01	106,900	-0,768	-7,6780	-0,583	-5,8342
15.01.2026 17:20:01	106,950	-0,768	-7,6815	-0,583	-5,8271
15.01.2026 17:20:02	107,000	-0,769	-7,6859	-0,583	-5,8336
15.01.2026 17:20:02	107,050	-0,770	-7,6963	-0,583	-5,8256
15.01.2026 17:20:02	107,100	-0,771	-7,7118	-0,584	-5,8383
15.01.2026 17:20:02	107,150	-0,772	-7,7243	-0,583	-5,8324
15.01.2026 17:20:02	107,200	-0,773	-7,7283	-0,584	-5,8378
15.01.2026 17:20:02	107,250	-0,774	-7,7375	-0,583	-5,8332
15.01.2026 17:20:02	107,300	-0,774	-7,7374	-0,584	-5,8389
15.01.2026 17:20:02	107,350	-0,774	-7,7403	-0,583	-5,8322
15.01.2026 17:20:02	107,400	-0,774	-7,7377	-0,584	-5,8381
15.01.2026 17:20:02	107,450	-0,774	-7,7428	-0,583	-5,8345
15.01.2026 17:20:02	107,500	-0,774	-7,7440	-0,584	-5,8428
15.01.2026 17:20:02	107,550	-0,774	-7,7436	-0,583	-5,8315
15.01.2026 17:20:02	107,600	-0,775	-7,7470	-0,584	-5,8409
15.01.2026 17:20:02	107,650	-0,774	-7,7438	-0,583	-5,8318
15.01.2026 17:20:02	107,700	-0,775	-7,7471	-0,584	-5,8423
15.01.2026 17:20:02	107,750	-0,775	-7,7503	-0,583	-5,8314
15.01.2026 17:20:02	107,800	-0,777	-7,7663	-0,584	-5,8414
15.01.2026 17:20:02	107,850	-0,779	-7,7935	-0,584	-5,8388
15.01.2026 17:20:02	107,900	-0,782	-7,8166	-0,585	-5,8459
15.01.2026 17:20:02	107,950	-0,784	-7,8403	-0,584	-5,8409
15.01.2026 17:20:03	108,000	-0,788	-7,8760	-0,585	-5,8543
15.01.2026 17:20:03	108,050	-0,790	-7,9012	-0,585	-5,8487
15.01.2026 17:20:03	108,100	-0,791	-7,9132	-0,586	-5,8598
15.01.2026 17:20:03	108,150	-0,791	-7,9122	-0,585	-5,8473
15.01.2026 17:20:03	108,200	-0,791	-7,9117	-0,586	-5,8568
15.01.2026 17:20:03	108,250	-0,792	-7,9208	-0,585	-5,8525
15.01.2026 17:20:03	108,300	-0,792	-7,9227	-0,586	-5,8577
15.01.2026 17:20:03	108,350	-0,795	-7,9451	-0,585	-5,8529
15.01.2026 17:20:03	108,400	-0,797	-7,9719	-0,587	-5,8658
15.01.2026 17:20:03	108,450	-0,799	-7,9901	-0,586	-5,8569
15.01.2026 17:20:03	108,500	-0,801	-8,0117	-0,587	-5,8689
15.01.2026 17:20:03	108,550	-0,802	-8,0214	-0,586	-5,8598
15.01.2026 17:20:03	108,600	-0,803	-8,0289	-0,587	-5,8705
15.01.2026 17:20:03	108,650	-0,804	-8,0398	-0,586	-5,8616
15.01.2026 17:20:03	108,700	-0,806	-8,0604	-0,587	-5,8733
15.01.2026 17:20:03	108,750	-0,808	-8,0846	-0,587	-5,8656
15.01.2026 17:20:03	108,800	-0,811	-8,1092	-0,588	-5,8793
15.01.2026 17:20:03	108,850	-0,813	-8,1337	-0,587	-5,8720
15.01.2026 17:20:03	108,900	-0,816	-8,1648	-0,588	-5,8838
15.01.2026 17:20:03	108,950	-0,819	-8,1928	-0,588	-5,8788
15.01.2026 17:20:04	109,000	-0,821	-8,2099	-0,589	-5,8882
15.01.2026 17:20:04	109,050	-0,822	-8,2249	-0,588	-5,8804
15.01.2026 17:20:04	109,100	-0,824	-8,2383	-0,589	-5,8903
15.01.2026 17:20:04	109,150	-0,826	-8,2632	-0,588	-5,8847
15.01.2026 17:20:04	109,200	-0,829	-8,2877	-0,590	-5,8974
15.01.2026 17:20:04	109,250	-0,829	-8,2928	-0,589	-5,8866
15.01.2026 17:20:04	109,300	-0,829	-8,2863	-0,590	-5,8967
15.01.2026 17:20:04	109,350	-0,828	-8,2762	-0,589	-5,8890
15.01.2026 17:20:04	109,400	-0,828	-8,2762	-0,590	-5,8954
15.01.2026 17:20:04	109,450	-0,828	-8,2763	-0,589	-5,8862
15.01.2026 17:20:04	109,500	-0,828	-8,2787	-0,590	-5,8961
15.01.2026 17:20:04	109,550	-0,828	-8,2834	-0,589	-5,8873
15.01.2026 17:20:04	109,600	-0,829	-8,2922	-0,590	-5,8971
15.01.2026 17:20:04	109,650	-0,830	-8,3008	-0,589	-5,8888
15.01.2026 17:20:04	109,700	-0,831	-8,3107	-0,590	-5,8988
15.01.2026 17:20:04	109,750	-0,832	-8,3208	-0,589	-5,8900
15.01.2026 17:20:04	109,800	-0,833	-8,3299	-0,590	-5,8999
15.01.2026 17:20:04	109,850	-0,833	-8,3332	-0,589	-5,8921
15.01.2026 17:20:04	109,900	-0,834	-8,3357	-0,590	-5,8979
15.01.2026 17:20:04	109,950	-0,834	-8,3394	-0,589	-5,8922
15.01.2026 17:20:05	110,000	-0,835	-8,3538	-0,590	-5,9010
15.01.2026 17:20:05	110,050	-0,838	-8,3767	-0,589	-5,8948
15.01.2026 17:20:05	110,100	-0,841	-8,4073	-0,590	-5,9044
15.01.2026 17:20:05	110,150	-0,844	-8,4418	-0,590	-5,8984
15.01.2026 17:20:05	110,200	-0,847	-8,4730	-0,591	-5,9135
15.01.2026 17:20:05	110,250	-0,848	-8,4817	-0,591	-5,9053
15.01.2026 17:20:05	110,300	-0,848	-8,4815	-0,591	-5,9115
15.01.2026 17:20:05	110,350	-0,849	-8,4860	-0,591	-5,9061
15.01.2026 17:20:05	110,400	-0,849	-8,4872	-0,591	-5,9146
15.01.2026 17:20:05	110,450	-0,849	-8,4895	-0,590	-5,9028
15.01.2026 17:20:05	110,500	-0,850	-8,5033	-0,592	-5,9170
15.01.2026 17:20:05	110,550	-0,852	-8,5151	-0,591	-5,9088
15.01.2026 17:20:05	110,600	-0,853	-8,5259	-0,592	-5,9196
15.01.2026 17:20:05	110,650	-0,854	-8,5354	-0,591	-5,9105
15.01.2026 17:20:05	110,700	-0,856	-8,5552	-0,592	-5,9191
15.01.2026 17:20:05	110,750	-0,858	-8,5754	-0,591	-5,9127
15.01.2026 17:20:05	110,800	-0,859	-8,5928	-0,592	-5,9236
15.01.2026 17:20:05	110,850	-0,861	-8,6054	-0,591	-5,9148
15.01.2026 17:20:05	110,900	-0,863	-8,6268	-0,593	-5,9263
15.01.2026 17:20:05	110,950	-0,866	-8,6555	-0,592	-5,9231
15.01.2026 17:20:06	111,000	-0,868	-8,6782	-0,593	-5,9303
15.01.2026 17:20:06	111,050	-0,871	-8,7080	-0,593	-5,9251
15.01.2026 17:20:06	111,100	-0,874	-8,7362	-0,594	-5,9364
15.01.2026 17:20:06	111,150	-0,875	-8,7467	-0,593	-5,9284
15.01.2026 17:20:06	111,200	-0,876	-8,7581	-0,594	-5,9370
15.01.2026 17:20:06	111,250	-0,877	-8,7688	-0,593	-5,9304
15.01.2026 17:20:06	111,300	-0,877	-8,7712	-0,594	-5,9369
15.01.2026 17:20:06	111,350	-0,878	-8,7823	-0,593	-5,9328
15.01.2026 17:20:06	111,400	-0,879	-8,7871	-0,594	-5,9415
15.01.2026 17:20:06	111,450	-0,879	-8,7882	-0,593	-5,9336
15.01.2026 17:20:06	111,500	-0,880	-8,8013	-0,594	-5,9422
15.01.2026 17:20:06	111,550	-0,882	-8,8205	-0,594	-5,9382
15.01.2026 17:20:06	111,600	-0,884	-8,8381	-0,595	-5,9450
15.01.2026 17:20:06	111,650	-0,887	-8,8671	-0,594	-5,9369
15.01.2026 17:20:06	111,700	-0,890	-8,9047	-0,595	-5,9522
15.01.2026 17:20:06	111,750	-0,892	-8,9219	-0,594	-5,9435
15.01.2026 17:20:06	111,800	-0,893	-8,9285	-0,595	-5,9549
15.01.2026 17:20:06	111,850	-0,893	-8,9293	-0,595	-5,9460
15.01.2026 17:20:06	111,900	-0,893	-8,9349	-0,596	-5,9563
15.01.2026 17:20:06	111,950	-0,894	-8,9372	-0,595	-5,9468
15.01.2026 17:20:07	112,000	-0,895	-8,9457	-0,595	-5,9534
15.01.2026 17:20:07	112,050	-0,896	-8,9633	-0,595	-5,9465
15.01.2026 17:20:07	112,100	-0,899	-8,9879	-0,596	-5,9563
15.01.2026 17:20:07	112,150	-0,902	-9,0161	-0,595	-5,9502
15.01.2026 17:20:07	112,200	-0,905	-9,0497	-0,596	-5,9613
15.01.2026 17:20:07	112,250	-0,908	-9,0831	-0,596	-5,9591
15.01.2026 17:20:07	112,300	-0,910	-9,1040	-0,597	-5,9653
15.01.2026 17:20:07	112,350	-0,913	-9,1299	-0,596	-5,9643
15.01.2026 17:20:07	112,400	-0,915	-9,1517	-0,597	-5,9715
15.01.2026 17:20:07	112,450	-0,918	-9,1796	-0,597	-5,9654
15.01.2026 17:20:07	112,500	-0,921	-9,2073	-0,598	-5,9771
15.01.2026 17:20:07	112,550	-0,924	-9,2354	-0,597	-5,9693
15.01.2026 17:20:07	112,600	-0,926	-9,2557	-0,598	-5,9765
15.01.2026 17:20:07	112,650	-0,927	-9,2722	-0,597	-5,9749
15.01.2026 17:20:07	112,700	-0,927	-9,2748	-0,598	-5,9801
15.01.2026 17:20:07	112,750	-0,928	-9,2787	-0,597	-5,9740
15.01.2026 17:20:07	112,800	-0,928	-9,2779	-0,598	-5,9799
15.01.2026 17:20:07	112,850	-0,928	-9,2791	-0,597	-5,9742
15.01.2026 17:20:07	112,900	-0,928	-9,2764	-0,598	-5,9821
15.01.2026 17:20:07	112,950	-0,928	-9,2765	-0,597	-5,9726
15.01.2026 17:20:08	113,000	-0,928	-9,2790	-0,598	-5,9827
15.01.2026 17:20:08	113,050	-0,928	-9,2823	-0,597	-5,9741
15.01.2026 17:20:08	113,100	-0,929	-9,2949	-0,598	-5,9822
15.01.2026 17:20:08	113,150	-0,931	-9,3098	-0,598	-5,9787
15.01.2026 17:20:08	113,200	-0,932	-9,3199	-0,599	-5,9870
15.01.2026 17:20:08	113,250	-0,933	-9,3318	-0,598	-5,9780
15.01.2026 17:20:08	113,300	-0,937	-9,3717	-0,599	-5,9881
15.01.2026 17:20:08	113,350	-0,941	-9,4116	-0,598	-5,9826
15.01.2026 17:20:08	113,400	-0,944	-9,4427	-0,599	-5,9944
15.01.2026 17:20:08	113,450	-0,947	-9,4666	-0,599	-5,9886
15.01.2026 17:20:08	113,500	-0,948	-9,4779	-0,600	-5,9982
15.01.2026 17:20:08	113,550	-0,948	-9,4809	-0,599	-5,9905
15.01.2026 17:20:08	113,600	-0,948	-9,4808	-0,600	-5,9959
15.01.2026 17:20:08	113,650	-0,949	-9,4869	-0,599	-5,9880
15.01.2026 17:20:08	113,700	-0,949	-9,4945	-0,600	-5,9990
15.01.2026 17:20:08	113,750	-0,951	-9,5095	-0,599	-5,9901
15.01.2026 17:20:08	113,800	-0,954	-9,5360	-0,600	-6,0029
15.01.2026 17:20:08	113,850	-0,956	-9,5576	-0,599	-5,9929
15.01.2026 17:20:08	113,900	-0,958	-9,5788	-0,601	-6,0064
15.01.2026 17:20:08	113,950	-0,959	-9,5858	-0,600	-5,9975
15.01.2026 17:20:09	114,000	-0,962	-9,6154	-0,601	-6,0074
15.01.2026 17:20:09	114,050	-0,966	-9,6649	-0,600	-6,0045
15.01.2026 17:20:09	114,100	-0,970	-9,7027	-0,601	-6,0142
15.01.2026 17:20:09	114,150	-0,973	-9,7305	-0,601	-6,0100
15.01.2026 17:20:09	114,200	-0,974	-9,7397	-0,602	-6,0184
15.01.2026 17:20:09	114,250	-0,975	-9,7492	-0,601	-6,0109
15.01.2026 17:20:09	114,300	-0,977	-9,7718	-0,602	-6,0214
15.01.2026 17:20:09	114,350	-0,980	-9,7980	-0,601	-6,0116
15.01.2026 17:20:09	114,400	-0,983	-9,8349	-0,602	-6,0242
15.01.2026 17:20:09	114,450	-0,985	-9,8531	-0,602	-6,0178
15.01.2026 17:20:09	114,500	-0,986	-9,8572	-0,602	-6,0247
15.01.2026 17:20:09	114,550	-0,986	-9,8631	-0,602	-6,0181
15.01.2026 17:20:09	114,600	-0,986	-9,8638	-0,602	-6,0250
15.01.2026 17:20:09	114,650	-0,987	-9,8654	-0,602	-6,0186
15.01.2026 17:20:09	114,700	-0,987	-9,8655	-0,603	-6,0260
15.01.2026 17:20:09	114,750	-0,987	-9,8661	-0,602	-6,0217
15.01.2026 17:20:09	114,800	-0,987	-9,8678	-0,603	-6,0262
15.01.2026 17:20:09	114,850	-0,988	-9,8832	-0,602	-6,0210
15.01.2026 17:20:09	114,900	-0,990	-9,8991	-0,603	-6,0277
15.01.2026 17:20:09	114,950	-0,993	-9,9267	-0,602	-6,0234
15.01.2026 17:20:10	115,000	-0,996	-9,9570	-0,603	-6,0341
15.01.2026 17:20:10	115,050	-0,999	-9,9853	-0,603	-6,0274
15.01.2026 17:20:10	115,100	-1,002	-10,0224	-0,604	-6,0376
15.01.2026 17:20:10	115,150	-1,006	-10,0629	-0,603	-6,0314
15.01.2026 17:20:10	115,200	-1,010	-10,1015	-0,604	-6,0446
15.01.2026 17:20:10	115,250	-1,013	-10,1280	-0,604	-6,0397
15.01.2026 17:20:10	115,300	-1,015	-10,1512	-0,605	-6,0466
15.01.2026 17:20:10	115,350	-1,019	-10,1905	-0,604	-6,0435
15.01.2026 17:20:10	115,400	-1,023	-10,2304	-0,605	-6,0536
15.01.2026 17:20:10	115,450	-1,025	-10,2512	-0,605	-6,0477
15.01.2026 17:20:10	115,500	-1,027	-10,2677	-0,606	-6,0581
15.01.2026 17:20:10	115,550	-1,027	-10,2723	-0,605	-6,0494
15.01.2026 17:20:10	115,600	-1,027	-10,2698	-0,605	-6,0527
15.01.2026 17:20:10	115,650	-1,027	-10,2714	-0,605	-6,0480
15.01.2026 17:20:10	115,700	-1,027	-10,2747	-0,606	-6,0567
15.01.2026 17:20:10	115,750	-1,027	-10,2746	-0,605	-6,0476
15.01.2026 17:20:10	115,800	-1,028	-10,2812	-0,606	-6,0581
15.01.2026 17:20:10	115,850	-1,028	-10,2801	-0,605	-6,0498
15.01.2026 17:20:10	115,900	-1,028	-10,2783	-0,605	-6,0546
15.01.2026 17:20:10	115,950	-1,027	-10,2741	-0,605	-6,0474
15.01.2026 17:20:11	116,000	-1,021	-10,2092	-0,605	-6,0519
15.01.2026 17:20:11	116,050	-1,015	-10,1465	-0,604	-6,0440
15.01.2026 17:20:11	116,100	-1,012	-10,1151	-0,605	-6,0456
15.01.2026 17:20:11	116,150	-1,010	-10,0974	-0,604	-6,0390
15.01.2026 17:20:11	116,200	-1,008	-10,0784	-0,604	-6,0438
15.01.2026 17:20:11	116,250	-1,007	-10,0697	-0,604	-6,0404
15.01.2026 17:20:11	116,300	-1,006	-10,0630	-0,604	-6,0435
15.01.2026 17:20:11	116,350	-1,005	-10,0474	-0,604	-6,0375
15.01.2026 17:20:11	116,400	-1,002	-10,0246	-0,604	-6,0431
15.01.2026 17:20:11	116,450	-1,001	-10,0113	-0,603	-6,0346
15.01.2026 17:20:11	116,500	-1,000	-10,0007	-0,604	-6,0398
15.01.2026 17:20:11	116,550	-0,999	-9,9910	-0,603	-6,0335
15.01.2026 17:20:11	116,600	-0,998	-9,9805	-0,604	-6,0413
15.01.2026 17:20:11	116,650	-0,997	-9,9699	-0,603	-6,0330
15.01.2026 17:20:11	116,700	-0,994	-9,9434	-0,604	-6,0365
15.01.2026 17:20:11	116,750	-0,991	-9,9141	-0,603	-6,0319
15.01.2026 17:20:11	116,800	-0,989	-9,8862	-0,604	-6,0356
15.01.2026 17:20:11	116,850	-0,987	-9,8724	-0,603	-6,0281
15.01.2026 17:20:11	116,900	-0,985	-9,8539	-0,603	-6,0333
15.01.2026 17:20:11	116,950	-0,983	-9,8340	-0,603	-6,0282
15.01.2026 17:20:12	117,000	-0,983	-9,8254	-0,603	-6,0315
15.01.2026 17:20:12	117,050	-0,982	-9,8198	-0,603	-6,0270
15.01.2026 17:20:12	117,100	-0,979	-9,7931	-0,603	-6,0308
15.01.2026 17:20:12	117,150	-0,977	-9,7729	-0,602	-6,0196
15.01.2026 17:20:12	117,200	-0,975	-9,7545	-0,603	-6,0296
15.01.2026 17:20:12	117,250	-0,975	-9,7454	-0,602	-6,0216
15.01.2026 17:20:12	117,300	-0,974	-9,7425	-0,603	-6,0283
15.01.2026 17:20:12	117,350	-0,974	-9,7443	-0,602	-6,0224
15.01.2026 17:20:12	117,400	-0,974	-9,7410	-0,603	-6,0262
15.01.2026 17:20:12	117,450	-0,975	-9,7451	-0,602	-6,0231
15.01.2026 17:20:12	117,500	-0,974	-9,7436	-0,603	-6,0280
15.01.2026 17:20:12	117,550	-0,974	-9,7431	-0,602	-6,0217
15.01.2026 17:20:12	117,600	-0,973	-9,7346	-0,603	-6,0264
15.01.2026 17:20:12	117,650	-0,970	-9,7028	-0,602	-6,0182
15.01.2026 17:20:12	117,700	-0,968	-9,6767	-0,602	-6,0245
15.01.2026 17:20:12	117,750	-0,966	-9,6607	-0,602	-6,0150
15.01.2026 17:20:12	117,800	-0,966	-9,6558	-0,602	-6,0248
15.01.2026 17:20:12	117,850	-0,964	-9,6360	-0,601	-6,0141
15.01.2026 17:20:12	117,900	-0,960	-9,6049	-0,602	-6,0208
15.01.2026 17:20:12	117,950	-0,956	-9,5612	-0,601	-6,0074
15.01.2026 17:20:13	118,000	-0,954	-9,5431	-0,602	-6,0179
15.01.2026 17:20:13	118,050	-0,952	-9,5248	-0,601	-6,0102
15.01.2026 17:20:13	118,100	-0,950	-9,5009	-0,601	-6,0135
15.01.2026 17:20:13	118,150	-0,948	-9,4826	-0,601	-6,0059
15.01.2026 17:20:13	118,200	-0,947	-9,4653	-0,601	-6,0122
15.01.2026 17:20:13	118,250	-0,945	-9,4469	-0,601	-6,0056
15.01.2026 17:20:13	118,300	-0,943	-9,4259	-0,601	-6,0093
15.01.2026 17:20:13	118,350	-0,940	-9,3987	-0,600	-5,9999
15.01.2026 17:20:13	118,400	-0,937	-9,3662	-0,600	-6,0048
15.01.2026 17:20:13	118,450	-0,934	-9,3448	-0,600	-5,9982
15.01.2026 17:20:13	118,500	-0,933	-9,3326	-0,600	-6,0044
15.01.2026 17:20:13	118,550	-0,933	-9,3251	-0,600	-5,9978
15.01.2026 17:20:13	118,600	-0,931	-9,3090	-0,600	-6,0033
15.01.2026 17:20:13	118,650	-0,929	-9,2912	-0,600	-5,9957
15.01.2026 17:20:13	118,700	-0,926	-9,2583	-0,600	-6,0015
15.01.2026 17:20:13	118,750	-0,923	-9,2312	-0,599	-5,9942
15.01.2026 17:20:13	118,800	-0,921	-9,2111	-0,600	-5,9983
15.01.2026 17:20:13	118,850	-0,919	-9,1852	-0,599	-5,9874
15.01.2026 17:20:13	118,900	-0,918	-9,1785	-0,600	-5,9965
15.01.2026 17:20:13	118,950	-0,917	-9,1697	-0,599	-5,9875
15.01.2026 17:20:14	119,000	-0,916	-9,1598	-0,599	-5,9929
15.01.2026 17:20:14	119,050	-0,915	-9,1499	-0,599	-5,9869
15.01.2026 17:20:14	119,100	-0,914	-9,1420	-0,599	-5,9928
15.01.2026 17:20:14	119,150	-0,914	-9,1399	-0,599	-5,9890
15.01.2026 17:20:14	119,200	-0,912	-9,1238	-0,599	-5,9914
15.01.2026 17:20:14	119,250	-0,910	-9,1018	-0,598	-5,9826
15.01.2026 17:20:14	119,300	-0,908	-9,0776	-0,599	-5,9923
15.01.2026 17:20:14	119,350	-0,905	-9,0509	-0,598	-5,9826
15.01.2026 17:20:14	119,400	-0,904	-9,0413	-0,599	-5,9854
15.01.2026 17:20:14	119,450	-0,904	-9,0419	-0,598	-5,9804
15.01.2026 17:20:14	119,500	-0,905	-9,0516	-0,599	-5,9887
15.01.2026 17:20:14	119,550	-0,905	-9,0542	-0,598	-5,9824
15.01.2026 17:20:14	119,600	-0,905	-9,0479	-0,599	-5,9860
15.01.2026 17:20:14	119,650	-0,903	-9,0329	-0,598	-5,9813
15.01.2026 17:20:14	119,700	-0,900	-9,0001	-0,598	-5,9844
15.01.2026 17:20:14	119,750	-0,897	-8,9681	-0,598	-5,9762
15.01.2026 17:20:14	119,800	-0,894	-8,9354	-0,598	-5,9804
15.01.2026 17:20:14	119,850	-0,890	-8,8960	-0,597	-5,9711
15.01.2026 17:20:14	119,900	-0,886	-8,8560	-0,598	-5,9751
15.01.2026 17:20:14	119,950	-0,882	-8,8214	-0,597	-5,9664
15.01.2026 17:20:15	120,000	-0,881	-8,8126	-0,597	-5,9738
15.01.2026 17:20:15	120,050	-0,881	-8,8105	-0,597	-5,9655
15.01.2026 17:20:15	120,100	-0,881	-8,8102	-0,597	-5,9726
15.01.2026 17:20:15	120,150	-0,881	-8,8091	-0,596	-5,9650
15.01.2026 17:20:15	120,200	-0,881	-8,8077	-0,597	-5,9743
15.01.2026 17:20:15	120,250	-0,878	-8,7757	-0,596	-5,9631
15.01.2026 17:20:15	120,300	-0,875	-8,7458	-0,597	-5,9681
15.01.2026 17:20:15	120,350	-0,873	-8,7264	-0,596	-5,9631
15.01.2026 17:20:15	120,400	-0,869	-8,6927	-0,597	-5,9652
15.01.2026 17:20:15	120,450	-0,866	-8,6622	-0,596	-5,9563
15.01.2026 17:20:15	120,500	-0,862	-8,6157	-0,596	-5,9603
15.01.2026 17:20:15	120,550	-0,856	-8,5607	-0,595	-5,9496
15.01.2026 17:20:15	120,600	-0,853	-8,5281	-0,596	-5,9580
15.01.2026 17:20:15	120,650	-0,848	-8,4836	-0,594	-5,9448
15.01.2026 17:20:15	120,700	-0,847	-8,4651	-0,595	-5,9517
15.01.2026 17:20:15	120,750	-0,845	-8,4524	-0,594	-5,9420
15.01.2026 17:20:15	120,800	-0,845	-8,4504	-0,595	-5,9508
15.01.2026 17:20:15	120,850	-0,845	-8,4483	-0,594	-5,9428
15.01.2026 17:20:15	120,900	-0,845	-8,4525	-0,595	-5,9494
15.01.2026 17:20:15	120,950	-0,845	-8,4546	-0,594	-5,9444
15.01.2026 17:20:16	121,000	-0,845	-8,4489	-0,595	-5,9488
15.01.2026 17:20:16	121,050	-0,842	-8,4186	-0,594	-5,9433
15.01.2026 17:20:16	121,100	-0,838	-8,3796	-0,595	-5,9461
15.01.2026 17:20:16	121,150	-0,835	-8,3516	-0,594	-5,9358
15.01.2026 17:20:16	121,200	-0,833	-8,3314	-0,594	-5,9421
15.01.2026 17:20:16	121,250	-0,832	-8,3165	-0,594	-5,9366
15.01.2026 17:20:16	121,300	-0,830	-8,3044	-0,594	-5,9402
15.01.2026 17:20:16	121,350	-0,830	-8,2967	-0,594	-5,9351
15.01.2026 17:20:16	121,400	-0,828	-8,2778	-0,594	-5,9369
15.01.2026 17:20:16	121,450	-0,826	-8,2568	-0,593	-5,9286
15.01.2026 17:20:16	121,500	-0,825	-8,2487	-0,594	-5,9358
15.01.2026 17:20:16	121,550	-0,824	-8,2413	-0,593	-5,9304
15.01.2026 17:20:16	121,600	-0,822	-8,2163	-0,593	-5,9306
15.01.2026 17:20:16	121,650	-0,820	-8,1966	-0,593	-5,9272
15.01.2026 17:20:16	121,700	-0,817	-8,1730	-0,593	-5,9297
15.01.2026 17:20:16	121,750	-0,816	-8,1612	-0,592	-5,9221
15.01.2026 17:20:16	121,800	-0,815	-8,1513	-0,593	-5,9285
15.01.2026 17:20:16	121,850	-0,813	-8,1304	-0,592	-5,9216
15.01.2026 17:20:16	121,900	-0,809	-8,0900	-0,593	-5,9269
15.01.2026 17:20:16	121,950	-0,804	-8,0419	-0,591	-5,9143
15.01.2026 17:20:17	122,000	-0,803	-8,0258	-0,592	-5,9174
15.01.2026 17:20:17	122,050	-0,802	-8,0235	-0,591	-5,9115
15.01.2026 17:20:17	122,100	-0,803	-8,0251	-0,592	-5,9194
15.01.2026 17:20:17	122,150	-0,803	-8,0259	-0,591	-5,9140
15.01.2026 17:20:17	122,200	-0,803	-8,0277	-0,592	-5,9200
15.01.2026 17:20:17	122,250	-0,803	-8,0280	-0,592	-5,9165
15.01.2026 17:20:17	122,300	-0,801	-8,0115	-0,592	-5,9188
15.01.2026 17:20:17	122,350	-0,800	-7,9994	-0,591	-5,9147
15.01.2026 17:20:17	122,400	-0,799	-7,9861	-0,592	-5,9157
15.01.2026 17:20:17	122,450	-0,797	-7,9652	-0,591	-5,9082
15.01.2026 17:20:17	122,500	-0,794	-7,9419	-0,591	-5,9136
15.01.2026 17:20:17	122,550	-0,792	-7,9166	-0,591	-5,9061
15.01.2026 17:20:17	122,600	-0,789	-7,8941	-0,591	-5,9120
15.01.2026 17:20:17	122,650	-0,786	-7,8633	-0,590	-5,9029
15.01.2026 17:20:17	122,700	-0,785	-7,8488	-0,591	-5,9066
15.01.2026 17:20:17	122,750	-0,785	-7,8460	-0,590	-5,8995
15.01.2026 17:20:17	122,800	-0,785	-7,8461	-0,591	-5,9071
15.01.2026 17:20:17	122,850	-0,785	-7,8461	-0,590	-5,9002
15.01.2026 17:20:17	122,900	-0,784	-7,8377	-0,591	-5,9052
15.01.2026 17:20:17	122,950	-0,780	-7,8017	-0,589	-5,8947
15.01.2026 17:20:18	123,000	-0,777	-7,7714	-0,590	-5,8984
15.01.2026 17:20:18	123,050	-0,776	-7,7584	-0,590	-5,8958
15.01.2026 17:20:18	123,100	-0,774	-7,7427	-0,590	-5,8986
15.01.2026 17:20:18	123,150	-0,772	-7,7248	-0,589	-5,8931
15.01.2026 17:20:18	123,200	-0,770	-7,6977	-0,589	-5,8927
15.01.2026 17:20:18	123,250	-0,767	-7,6728	-0,589	-5,8897
15.01.2026 17:20:18	123,300	-0,765	-7,6520	-0,589	-5,8928
15.01.2026 17:20:18	123,350	-0,764	-7,6389	-0,589	-5,8862
15.01.2026 17:20:18	123,400	-0,761	-7,6139	-0,589	-5,8874
15.01.2026 17:20:18	123,450	-0,758	-7,5757	-0,588	-5,8814
15.01.2026 17:20:18	123,500	-0,754	-7,5358	-0,588	-5,8828
15.01.2026 17:20:18	123,550	-0,752	-7,5207	-0,587	-5,8743
15.01.2026 17:20:18	123,600	-0,752	-7,5208	-0,588	-5,8810
15.01.2026 17:20:18	123,650	-0,752	-7,5188	-0,587	-5,8737
15.01.2026 17:20:18	123,700	-0,752	-7,5245	-0,588	-5,8848
15.01.2026 17:20:18	123,750	-0,752	-7,5212	-0,588	-5,8770
15.01.2026 17:20:18	123,800	-0,752	-7,5209	-0,588	-5,8830
15.01.2026 17:20:18	123,850	-0,751	-7,5073	-0,587	-5,8747
15.01.2026 17:20:18	123,900	-0,748	-7,4850	-0,588	-5,8758
15.01.2026 17:20:18	123,950	-0,747	-7,4697	-0,587	-5,8719
15.01.2026 17:20:19	124,000	-0,745	-7,4549	-0,588	-5,8752
15.01.2026 17:20:19	124,050	-0,743	-7,4288	-0,587	-5,8683
15.01.2026 17:20:19	124,100	-0,739	-7,3930	-0,587	-5,8694
15.01.2026 17:20:19	124,150	-0,736	-7,3631	-0,586	-5,8610
15.01.2026 17:20:19	124,200	-0,736	-7,3561	-0,587	-5,8664
15.01.2026 17:20:19	124,250	-0,735	-7,3499	-0,586	-5,8615
15.01.2026 17:20:19	124,300	-0,734	-7,3430	-0,587	-5,8681
15.01.2026 17:20:19	124,350	-0,733	-7,3307	-0,586	-5,8621
15.01.2026 17:20:19	124,400	-0,732	-7,3225	-0,586	-5,8641
15.01.2026 17:20:19	124,450	-0,731	-7,3144	-0,586	-5,8594
15.01.2026 17:20:19	124,500	-0,730	-7,3045	-0,586	-5,8642
15.01.2026 17:20:19	124,550	-0,729	-7,2922	-0,586	-5,8580
15.01.2026 17:20:19	124,600	-0,728	-7,2790	-0,586	-5,8603
15.01.2026 17:20:19	124,650	-0,727	-7,2669	-0,585	-5,8522
15.01.2026 17:20:19	124,700	-0,726	-7,2608	-0,586	-5,8600
15.01.2026 17:20:19	124,750	-0,725	-7,2454	-0,585	-5,8510
15.01.2026 17:20:19	124,800	-0,723	-7,2335	-0,586	-5,8573
15.01.2026 17:20:19	124,850	-0,721	-7,2117	-0,585	-5,8514
15.01.2026 17:20:19	124,900	-0,718	-7,1811	-0,585	-5,8520
15.01.2026 17:20:19	124,950	-0,714	-7,1433	-0,584	-5,8422
15.01.2026 17:20:20	125,000	-0,711	-7,1109	-0,585	-5,8468
15.01.2026 17:20:20	125,050	-0,708	-7,0846	-0,584	-5,8400
15.01.2026 17:20:20	125,100	-0,707	-7,0739	-0,584	-5,8437
15.01.2026 17:20:20	125,150	-0,707	-7,0719	-0,584	-5,8387
15.01.2026 17:20:20	125,200	-0,707	-7,0735	-0,584	-5,8444
15.01.2026 17:20:20	125,250	-0,707	-7,0692	-0,584	-5,8355
15.01.2026 17:20:20	125,300	-0,707	-7,0726	-0,584	-5,8439
15.01.2026 17:20:20	125,350	-0,706	-7,0626	-0,583	-5,8347
15.01.2026 17:20:20	125,400	-0,706	-7,0585	-0,584	-5,8423
15.01.2026 17:20:20	125,450	-0,704	-7,0406	-0,584	-5,8367
15.01.2026 17:20:20	125,500	-0,702	-7,0156	-0,584	-5,8407
15.01.2026 17:20:20	125,550	-0,699	-6,9876	-0,583	-5,8321
15.01.2026 17:20:20	125,600	-0,696	-6,9575	-0,584	-5,8365
15.01.2026 17:20:20	125,650	-0,694	-6,9390	-0,583	-5,8274
15.01.2026 17:20:20	125,700	-0,693	-6,9326	-0,583	-5,8332
15.01.2026 17:20:20	125,750	-0,693	-6,9251	-0,583	-5,8251
15.01.2026 17:20:20	125,800	-0,693	-6,9260	-0,583	-5,8319
15.01.2026 17:20:20	125,850	-0,693	-6,9283	-0,583	-5,8290
15.01.2026 17:20:20	125,900	-0,692	-6,9241	-0,583	-5,8296
15.01.2026 17:20:20	125,950	-0,692	-6,9203	-0,583	-5,8254
15.01.2026 17:20:21	126,000	-0,687	-6,8719	-0,583	-5,8271
15.01.2026 17:20:21	126,050	-0,683	-6,8331	-0,582	-5,8190
15.01.2026 17:20:21	126,100	-0,682	-6,8208	-0,582	-5,8226
15.01.2026 17:20:21	126,150	-0,681	-6,8141	-0,582	-5,8165
15.01.2026 17:20:21	126,200	-0,681	-6,8098	-0,582	-5,8220
15.01.2026 17:20:21	126,250	-0,680	-6,7997	-0,582	-5,8167
15.01.2026 17:20:21	126,300	-0,678	-6,7848	-0,582	-5,8160
15.01.2026 17:20:21	126,350	-0,677	-6,7736	-0,581	-5,8118
15.01.2026 17:20:21	126,400	-0,676	-6,7595	-0,582	-5,8150
15.01.2026 17:20:21	126,450	-0,674	-6,7396	-0,581	-5,8094
15.01.2026 17:20:21	126,500	-0,671	-6,7054	-0,581	-5,8107
15.01.2026 17:20:21	126,550	-0,667	-6,6671	-0,580	-5,8046
15.01.2026 17:20:21	126,600	-0,664	-6,6355	-0,581	-5,8067
15.01.2026 17:20:21	126,650	-0,660	-6,6027	-0,579	-5,7948
15.01.2026 17:20:21	126,700	-0,659	-6,5866	-0,580	-5,8016
15.01.2026 17:20:21	126,750	-0,656	-6,5584	-0,579	-5,7904
15.01.2026 17:20:21	126,800	-0,652	-6,5231	-0,579	-5,7922
15.01.2026 17:20:21	126,850	-0,649	-6,4950	-0,579	-5,7872
15.01.2026 17:20:21	126,900	-0,648	-6,4806	-0,578	-5,7847
15.01.2026 17:20:21	126,950	-0,648	-6,4806	-0,578	-5,7816
15.01.2026 17:20:22	127,000	-0,648	-6,4840	-0,579	-5,7912
15.01.2026 17:20:22	127,050	-0,648	-6,4818	-0,579	-5,7851
15.01.2026 17:20:22	127,100	-0,647	-6,4730	-0,578	-5,7850
15.01.2026 17:20:22	127,150	-0,645	-6,4549	-0,578	-5,7810
15.01.2026 17:20:22	127,200	-0,642	-6,4213	-0,578	-5,7832
15.01.2026 17:20:22	127,250	-0,639	-6,3901	-0,578	-5,7752
15.01.2026 17:20:22	127,300	-0,635	-6,3503	-0,577	-5,7744
15.01.2026 17:20:22	127,350	-0,633	-6,3270	-0,577	-5,7692
15.01.2026 17:20:22	127,400	-0,632	-6,3174	-0,577	-5,7726
15.01.2026 17:20:22	127,450	-0,631	-6,3053	-0,577	-5,7656
15.01.2026 17:20:22	127,500	-0,630	-6,2956	-0,577	-5,7688
15.01.2026 17:20:22	127,550	-0,630	-6,2967	-0,577	-5,7688
15.01.2026 17:20:22	127,600	-0,629	-6,2882	-0,577	-5,7699
15.01.2026 17:20:22	127,650	-0,628	-6,2817	-0,576	-5,7642
15.01.2026 17:20:22	127,700	-0,627	-6,2745	-0,577	-5,7670
15.01.2026 17:20:22	127,750	-0,626	-6,2619	-0,576	-5,7630
15.01.2026 17:20:22	127,800	-0,624	-6,2447	-0,576	-5,7639
15.01.2026 17:20:22	127,850	-0,622	-6,2174	-0,576	-5,7580
15.01.2026 17:20:22	127,900	-0,618	-6,1819	-0,576	-5,7579
15.01.2026 17:20:22	127,950	-0,616	-6,1552	-0,575	-5,7515
15.01.2026 17:20:23	128,000	-0,612	-6,1237	-0,575	-5,7531
15.01.2026 17:20:23	128,050	-0,608	-6,0767	-0,574	-5,7441
15.01.2026 17:20:23	128,100	-0,604	-6,0413	-0,574	-5,7442
15.01.2026 17:20:23	128,150	-0,602	-6,0237	-0,574	-5,7357
15.01.2026 17:20:23	128,200	-0,602	-6,0190	-0,574	-5,7393
15.01.2026 17:20:23	128,250	-0,602	-6,0220	-0,574	-5,7390
15.01.2026 17:20:23	128,300	-0,602	-6,0194	-0,574	-5,7402
15.01.2026 17:20:23	128,350	-0,602	-6,0196	-0,574	-5,7377
15.01.2026 17:20:23	128,400	-0,602	-6,0197	-0,574	-5,7417
15.01.2026 17:20:23	128,450	-0,601	-6,0149	-0,573	-5,7343
15.01.2026 17:20:23	128,500	-0,600	-5,9985	-0,574	-5,7373
15.01.2026 17:20:23	128,550	-0,598	-5,9795	-0,573	-5,7321
15.01.2026 17:20:23	128,600	-0,596	-5,9563	-0,574	-5,7352
15.01.2026 17:20:23	128,650	-0,593	-5,9280	-0,573	-5,7275
15.01.2026 17:20:23	128,700	-0,590	-5,9043	-0,573	-5,7266
15.01.2026 17:20:23	128,750	-0,589	-5,8879	-0,572	-5,7174
15.01.2026 17:20:23	128,800	-0,588	-5,8774	-0,573	-5,7252
15.01.2026 17:20:23	128,850	-0,586	-5,8609	-0,572	-5,7185
15.01.2026 17:20:23	128,900	-0,586	-5,8557	-0,572	-5,7208
15.01.2026 17:20:23	128,950	-0,585	-5,8548	-0,572	-5,7175
15.01.2026 17:20:24	129,000	-0,586	-5,8575	-0,572	-5,7233
15.01.2026 17:20:24	129,050	-0,585	-5,8538	-0,572	-5,7168
15.01.2026 17:20:24	129,100	-0,585	-5,8534	-0,572	-5,7185
15.01.2026 17:20:24	129,150	-0,585	-5,8454	-0,572	-5,7153
15.01.2026 17:20:24	129,200	-0,583	-5,8291	-0,572	-5,7195
15.01.2026 17:20:24	129,250	-0,581	-5,8129	-0,572	-5,7159
15.01.2026 17:20:24	129,300	-0,579	-5,7886	-0,571	-5,7146
15.01.2026 17:20:24	129,350	-0,576	-5,7606	-0,570	-5,7049
15.01.2026 17:20:24	129,400	-0,573	-5,7340	-0,571	-5,7074
15.01.2026 17:20:24	129,450	-0,570	-5,7046	-0,570	-5,7007
15.01.2026 17:20:24	129,500	-0,569	-5,6869	-0,570	-5,6995
15.01.2026 17:20:24	129,550	-0,568	-5,6831	-0,570	-5,6969
15.01.2026 17:20:24	129,600	-0,568	-5,6822	-0,570	-5,7001
15.01.2026 17:20:24	129,650	-0,568	-5,6817	-0,570	-5,6967
15.01.2026 17:20:24	129,700	-0,568	-5,6831	-0,570	-5,7008
15.01.2026 17:20:24	129,750	-0,567	-5,6748	-0,570	-5,6975
15.01.2026 17:20:24	129,800	-0,566	-5,6559	-0,570	-5,6998
15.01.2026 17:20:24	129,850	-0,563	-5,6273	-0,569	-5,6910
15.01.2026 17:20:24	129,900	-0,561	-5,6052	-0,569	-5,6924
15.01.2026 17:20:24	129,950	-0,559	-5,5861	-0,569	-5,6854
15.01.2026 17:20:25	130,000	-0,558	-5,5769	-0,569	-5,6888
15.01.2026 17:20:25	130,050	-0,556	-5,5611	-0,568	-5,6821
15.01.2026 17:20:25	130,100	-0,555	-5,5463	-0,568	-5,6815
15.01.2026 17:20:25	130,150	-0,555	-5,5453	-0,568	-5,6818
15.01.2026 17:20:25	130,200	-0,554	-5,5437	-0,568	-5,6837
15.01.2026 17:20:25	130,250	-0,554	-5,5428	-0,568	-5,6804
15.01.2026 17:20:25	130,300	-0,554	-5,5393	-0,568	-5,6807
15.01.2026 17:20:25	130,350	-0,554	-5,5424	-0,568	-5,6820
15.01.2026 17:20:25	130,400	-0,554	-5,5392	-0,568	-5,6811
15.01.2026 17:20:25	130,450	-0,554	-5,5411	-0,568	-5,6806
15.01.2026 17:20:25	130,500	-0,553	-5,5259	-0,568	-5,6792
15.01.2026 17:20:25	130,550	-0,549	-5,4928	-0,567	-5,6734
15.01.2026 17:20:25	130,600	-0,547	-5,4671	-0,568	-5,6760
15.01.2026 17:20:25	130,650	-0,545	-5,4453	-0,567	-5,6681
15.01.2026 17:20:25	130,700	-0,541	-5,4104	-0,566	-5,6646
15.01.2026 17:20:25	130,750	-0,536	-5,3618	-0,566	-5,6551
15.01.2026 17:20:25	130,800	-0,533	-5,3304	-0,566	-5,6561
15.01.2026 17:20:25	130,850	-0,530	-5,3046	-0,565	-5,6483
15.01.2026 17:20:25	130,900	-0,529	-5,2870	-0,565	-5,6486
15.01.2026 17:20:25	130,950	-0,528	-5,2805	-0,565	-5,6468
15.01.2026 17:20:26	131,000	-0,527	-5,2689	-0,565	-5,6459
15.01.2026 17:20:26	131,050	-0,526	-5,2604	-0,564	-5,6413
15.01.2026 17:20:26	131,100	-0,525	-5,2514	-0,564	-5,6399
15.01.2026 17:20:26	131,150	-0,525	-5,2455	-0,564	-5,6390
15.01.2026 17:20:26	131,200	-0,523	-5,2321	-0,564	-5,6390
15.01.2026 17:20:26	131,250	-0,521	-5,2133	-0,563	-5,6334
15.01.2026 17:20:26	131,300	-0,518	-5,1848	-0,563	-5,6331
15.01.2026 17:20:26	131,350	-0,514	-5,1450	-0,563	-5,6265
15.01.2026 17:20:26	131,400	-0,512	-5,1174	-0,562	-5,6227
15.01.2026 17:20:26	131,450	-0,511	-5,1070	-0,562	-5,6166
15.01.2026 17:20:26	131,500	-0,510	-5,1044	-0,562	-5,6208
15.01.2026 17:20:26	131,550	-0,510	-5,1034	-0,562	-5,6188
15.01.2026 17:20:26	131,600	-0,511	-5,1057	-0,562	-5,6227
15.01.2026 17:20:26	131,650	-0,510	-5,1027	-0,562	-5,6168
15.01.2026 17:20:26	131,700	-0,510	-5,1015	-0,562	-5,6200
15.01.2026 17:20:26	131,750	-0,510	-5,0958	-0,562	-5,6163
15.01.2026 17:20:26	131,800	-0,508	-5,0793	-0,562	-5,6164
15.01.2026 17:20:26	131,850	-0,507	-5,0670	-0,561	-5,6119
15.01.2026 17:20:26	131,900	-0,505	-5,0451	-0,561	-5,6118
15.01.2026 17:20:26	131,950	-0,502	-5,0202	-0,561	-5,6060
15.01.2026 17:20:27	132,000	-0,500	-4,9986	-0,561	-5,6073
15.01.2026 17:20:27	132,050	-0,498	-4,9810	-0,560	-5,5984
15.01.2026 17:20:27	132,100	-0,496	-4,9642	-0,560	-5,5993
15.01.2026 17:20:27	132,150	-0,496	-4,9560	-0,559	-5,5948
15.01.2026 17:20:27	132,200	-0,495	-4,9537	-0,560	-5,5980
15.01.2026 17:20:27	132,250	-0,495	-4,9511	-0,559	-5,5938
15.01.2026 17:20:27	132,300	-0,495	-4,9512	-0,560	-5,5973
15.01.2026 17:20:27	132,350	-0,495	-4,9494	-0,559	-5,5925
15.01.2026 17:20:27	132,400	-0,495	-4,9489	-0,560	-5,5961
15.01.2026 17:20:27	132,450	-0,493	-4,9290	-0,559	-5,5919
15.01.2026 17:20:27	132,500	-0,489	-4,8898	-0,559	-5,5886
15.01.2026 17:20:27	132,550	-0,485	-4,8483	-0,558	-5,5792
15.01.2026 17:20:27	132,600	-0,481	-4,8075	-0,558	-5,5760
15.01.2026 17:20:27	132,650	-0,477	-4,7711	-0,556	-5,5647
15.01.2026 17:20:27	132,700	-0,474	-4,7425	-0,556	-5,5620
15.01.2026 17:20:27	132,750	-0,472	-4,7208	-0,556	-5,5551
15.01.2026 17:20:27	132,800	-0,470	-4,7050	-0,556	-5,5566
15.01.2026 17:20:27	132,850	-0,468	-4,6831	-0,555	-5,5497
15.01.2026 17:20:27	132,900	-0,466	-4,6635	-0,555	-5,5492
15.01.2026 17:20:27	132,950	-0,465	-4,6467	-0,554	-5,5431
15.01.2026 17:20:28	133,000	-0,463	-4,6341	-0,555	-5,5453
15.01.2026 17:20:28	133,050	-0,462	-4,6223	-0,554	-5,5408
15.01.2026 17:20:28	133,100	-0,460	-4,6018	-0,554	-5,5386
15.01.2026 17:20:28	133,150	-0,458	-4,5841	-0,553	-5,5335
15.01.2026 17:20:28	133,200	-0,457	-4,5696	-0,553	-5,5325
15.01.2026 17:20:28	133,250	-0,456	-4,5631	-0,553	-5,5270
15.01.2026 17:20:28	133,300	-0,456	-4,5643	-0,553	-5,5325
15.01.2026 17:20:28	133,350	-0,456	-4,5610	-0,553	-5,5274
15.01.2026 17:20:28	133,400	-0,456	-4,5618	-0,553	-5,5283
15.01.2026 17:20:28	133,450	-0,456	-4,5631	-0,553	-5,5305
15.01.2026 17:20:28	133,500	-0,455	-4,5516	-0,553	-5,5306
15.01.2026 17:20:28	133,550	-0,453	-4,5300	-0,552	-5,5197
15.01.2026 17:20:28	133,600	-0,453	-4,5267	-0,553	-5,5267
15.01.2026 17:20:28	133,650	-0,452	-4,5207	-0,552	-5,5211
15.01.2026 17:20:28	133,700	-0,452	-4,5178	-0,552	-5,5221
15.01.2026 17:20:28	133,750	-0,451	-4,5142	-0,552	-5,5183
15.01.2026 17:20:28	133,800	-0,452	-4,5172	-0,552	-5,5221
15.01.2026 17:20:28	133,850	-0,449	-4,4937	-0,551	-5,5140
15.01.2026 17:20:28	133,900	-0,443	-4,4315	-0,551	-5,5089
15.01.2026 17:20:28	133,950	-0,437	-4,3749	-0,550	-5,4968
15.01.2026 17:20:29	134,000	-0,434	-4,3376	-0,549	-5,4891
15.01.2026 17:20:29	134,050	-0,431	-4,3133	-0,548	-5,4817
15.01.2026 17:20:29	134,100	-0,430	-4,3001	-0,548	-5,4816
15.01.2026 17:20:29	134,150	-0,429	-4,2912	-0,548	-5,4778
15.01.2026 17:20:29	134,200	-0,428	-4,2845	-0,548	-5,4772
15.01.2026 17:20:29	134,250	-0,427	-4,2742	-0,547	-5,4724
15.01.2026 17:20:29	134,300	-0,426	-4,2583	-0,547	-5,4731
15.01.2026 17:20:29	134,350	-0,424	-4,2399	-0,547	-5,4657
15.01.2026 17:20:29	134,400	-0,422	-4,2200	-0,546	-5,4644
15.01.2026 17:20:29	134,450	-0,420	-4,1985	-0,546	-5,4597
15.01.2026 17:20:29	134,500	-0,416	-4,1574	-0,545	-5,4507
15.01.2026 17:20:29	134,550	-0,412	-4,1245	-0,544	-5,4436
15.01.2026 17:20:29	134,600	-0,409	-4,0911	-0,544	-5,4377
15.01.2026 17:20:29	134,650	-0,407	-4,0655	-0,543	-5,4304
15.01.2026 17:20:29	134,700	-0,405	-4,0538	-0,543	-5,4305
15.01.2026 17:20:29	134,750	-0,404	-4,0436	-0,542	-5,4232
15.01.2026 17:20:29	134,800	-0,405	-4,0461	-0,543	-5,4305
15.01.2026 17:20:29	134,850	-0,404	-4,0393	-0,542	-5,4225
15.01.2026 17:20:29	134,900	-0,404	-4,0357	-0,542	-5,4232
15.01.2026 17:20:29	134,950	-0,403	-4,0299	-0,542	-5,4205
15.01.2026 17:20:30	135,000	-0,401	-4,0130	-0,542	-5,4176
15.01.2026 17:20:30	135,050	-0,400	-3,9990	-0,541	-5,4147
15.01.2026 17:20:30	135,100	-0,398	-3,9789	-0,541	-5,4131
15.01.2026 17:20:30	135,150	-0,397	-3,9653	-0,541	-5,4069
15.01.2026 17:20:30	135,200	-0,395	-3,9497	-0,540	-5,4042
15.01.2026 17:20:30	135,250	-0,394	-3,9447	-0,540	-5,4024
15.01.2026 17:20:30	135,300	-0,394	-3,9377	-0,540	-5,4023
15.01.2026 17:20:30	135,350	-0,394	-3,9365	-0,540	-5,4004
15.01.2026 17:20:30	135,400	-0,392	-3,9180	-0,540	-5,3970
15.01.2026 17:20:30	135,450	-0,389	-3,8850	-0,539	-5,3901
15.01.2026 17:20:30	135,500	-0,386	-3,8602	-0,539	-5,3859
15.01.2026 17:20:30	135,550	-0,384	-3,8388	-0,538	-5,3779
15.01.2026 17:20:30	135,600	-0,382	-3,8183	-0,538	-5,3782
15.01.2026 17:20:30	135,650	-0,378	-3,7811	-0,536	-5,3641
15.01.2026 17:20:30	135,700	-0,375	-3,7468	-0,536	-5,3589
15.01.2026 17:20:30	135,750	-0,373	-3,7254	-0,535	-5,3518
15.01.2026 17:20:30	135,800	-0,370	-3,6962	-0,534	-5,3439
15.01.2026 17:20:30	135,850	-0,368	-3,6766	-0,534	-5,3380
15.01.2026 17:20:30	135,900	-0,366	-3,6576	-0,534	-5,3352
15.01.2026 17:20:30	135,950	-0,364	-3,6387	-0,533	-5,3260
15.01.2026 17:20:31	136,000	-0,363	-3,6275	-0,533	-5,3265
15.01.2026 17:20:31	136,050	-0,362	-3,6174	-0,532	-5,3221
15.01.2026 17:20:31	136,100	-0,361	-3,6103	-0,532	-5,3210
15.01.2026 17:20:31	136,150	-0,361	-3,6068	-0,532	-5,3179
15.01.2026 17:20:31	136,200	-0,360	-3,6024	-0,532	-5,3177
15.01.2026 17:20:31	136,250	-0,360	-3,6045	-0,532	-5,3182
15.01.2026 17:20:31	136,300	-0,360	-3,6041	-0,532	-5,3210
15.01.2026 17:20:31	136,350	-0,360	-3,6022	-0,532	-5,3164
15.01.2026 17:20:31	136,400	-0,360	-3,6004	-0,532	-5,3172
15.01.2026 17:20:31	136,450	-0,360	-3,6012	-0,532	-5,3154
15.01.2026 17:20:31	136,500	-0,360	-3,5981	-0,532	-5,3194
15.01.2026 17:20:31	136,550	-0,358	-3,5756	-0,531	-5,3100
15.01.2026 17:20:31	136,600	-0,356	-3,5634	-0,531	-5,3102
15.01.2026 17:20:31	136,650	-0,355	-3,5514	-0,530	-5,3030
15.01.2026 17:20:31	136,700	-0,354	-3,5373	-0,530	-5,3017
15.01.2026 17:20:31	136,750	-0,353	-3,5254	-0,530	-5,2985
15.01.2026 17:20:31	136,800	-0,350	-3,5008	-0,529	-5,2935
15.01.2026 17:20:31	136,850	-0,348	-3,4788	-0,529	-5,2857
15.01.2026 17:20:31	136,900	-0,346	-3,4557	-0,528	-5,2799
15.01.2026 17:20:31	136,950	-0,344	-3,4416	-0,527	-5,2727
15.01.2026 17:20:32	137,000	-0,343	-3,4256	-0,527	-5,2711
15.01.2026 17:20:32	137,050	-0,339	-3,3895	-0,526	-5,2605
15.01.2026 17:20:32	137,100	-0,336	-3,3597	-0,526	-5,2551
15.01.2026 17:20:32	137,150	-0,333	-3,3330	-0,524	-5,2421
15.01.2026 17:20:32	137,200	-0,331	-3,3089	-0,524	-5,2377
15.01.2026 17:20:32	137,250	-0,329	-3,2934	-0,523	-5,2308
15.01.2026 17:20:32	137,300	-0,328	-3,2807	-0,523	-5,2304
15.01.2026 17:20:32	137,350	-0,326	-3,2613	-0,522	-5,2192
15.01.2026 17:20:32	137,400	-0,325	-3,2531	-0,522	-5,2190
15.01.2026 17:20:32	137,450	-0,325	-3,2462	-0,522	-5,2152
15.01.2026 17:20:32	137,500	-0,324	-3,2398	-0,522	-5,2161
15.01.2026 17:20:32	137,550	-0,323	-3,2312	-0,521	-5,2104
15.01.2026 17:20:32	137,600	-0,322	-3,2177	-0,521	-5,2083
15.01.2026 17:20:32	137,650	-0,320	-3,2045	-0,520	-5,2040
15.01.2026 17:20:32	137,700	-0,319	-3,1874	-0,520	-5,2013
15.01.2026 17:20:32	137,750	-0,316	-3,1644	-0,519	-5,1892
15.01.2026 17:20:32	137,800	-0,315	-3,1466	-0,519	-5,1880
15.01.2026 17:20:32	137,850	-0,312	-3,1150	-0,518	-5,1758
15.01.2026 17:20:32	137,900	-0,308	-3,0831	-0,517	-5,1688
15.01.2026 17:20:32	137,950	-0,306	-3,0564	-0,516	-5,1599
15.01.2026 17:20:33	138,000	-0,303	-3,0280	-0,515	-5,1505
15.01.2026 17:20:33	138,050	-0,301	-3,0112	-0,514	-5,1399
15.01.2026 17:20:33	138,100	-0,299	-2,9929	-0,514	-5,1362
15.01.2026 17:20:33	138,150	-0,297	-2,9701	-0,513	-5,1270
15.01.2026 17:20:33	138,200	-0,295	-2,9486	-0,512	-5,1230
15.01.2026 17:20:33	138,250	-0,293	-2,9327	-0,511	-5,1146
15.01.2026 17:20:33	138,300	-0,292	-2,9198	-0,511	-5,1109
15.01.2026 17:20:33	138,350	-0,291	-2,9137	-0,510	-5,1047
15.01.2026 17:20:33	138,400	-0,291	-2,9102	-0,511	-5,1072
15.01.2026 17:20:33	138,450	-0,291	-2,9059	-0,510	-5,1020
15.01.2026 17:20:33	138,500	-0,290	-2,9012	-0,510	-5,1003
15.01.2026 17:20:33	138,550	-0,289	-2,8878	-0,509	-5,0946
15.01.2026 17:20:33	138,600	-0,286	-2,8633	-0,509	-5,0931
15.01.2026 17:20:33	138,650	-0,284	-2,8358	-0,508	-5,0809
15.01.2026 17:20:33	138,700	-0,282	-2,8163	-0,507	-5,0735
15.01.2026 17:20:33	138,750	-0,281	-2,8057	-0,507	-5,0679
15.01.2026 17:20:33	138,800	-0,279	-2,7919	-0,506	-5,0638
15.01.2026 17:20:33	138,850	-0,278	-2,7846	-0,506	-5,0585
15.01.2026 17:20:33	138,900	-0,278	-2,7769	-0,506	-5,0560
15.01.2026 17:20:33	138,950	-0,277	-2,7726	-0,505	-5,0525
15.01.2026 17:20:34	139,000	-0,277	-2,7701	-0,505	-5,0546
15.01.2026 17:20:34	139,050	-0,277	-2,7683	-0,505	-5,0513
15.01.2026 17:20:34	139,100	-0,276	-2,7608	-0,505	-5,0495
15.01.2026 17:20:34	139,150	-0,275	-2,7485	-0,504	-5,0423
15.01.2026 17:20:34	139,200	-0,273	-2,7332	-0,504	-5,0400
15.01.2026 17:20:34	139,250	-0,272	-2,7193	-0,503	-5,0330
15.01.2026 17:20:34	139,300	-0,270	-2,7003	-0,503	-5,0296
15.01.2026 17:20:34	139,350	-0,268	-2,6782	-0,502	-5,0202
15.01.2026 17:20:34	139,400	-0,265	-2,6489	-0,501	-5,0136
15.01.2026 17:20:34	139,450	-0,261	-2,6101	-0,500	-4,9966
15.01.2026 17:20:34	139,500	-0,257	-2,5708	-0,498	-4,9827
15.01.2026 17:20:34	139,550	-0,254	-2,5416	-0,497	-4,9665
15.01.2026 17:20:34	139,600	-0,252	-2,5153	-0,496	-4,9570
15.01.2026 17:20:34	139,650	-0,250	-2,4951	-0,494	-4,9443
15.01.2026 17:20:34	139,700	-0,248	-2,4814	-0,494	-4,9393
15.01.2026 17:20:34	139,750	-0,247	-2,4737	-0,493	-4,9348
15.01.2026 17:20:34	139,800	-0,247	-2,4674	-0,493	-4,9337
15.01.2026 17:20:34	139,850	-0,246	-2,4610	-0,493	-4,9272
15.01.2026 17:20:34	139,900	-0,246	-2,4553	-0,492	-4,9245
15.01.2026 17:20:34	139,950	-0,245	-2,4540	-0,492	-4,9242
15.01.2026 17:20:35	140,000	-0,244	-2,4386	-0,492	-4,9200
15.01.2026 17:20:35	140,050	-0,243	-2,4265	-0,492	-4,9155
15.01.2026 17:20:35	140,100	-0,241	-2,4092	-0,491	-4,9102
15.01.2026 17:20:35	140,150	-0,240	-2,3987	-0,490	-4,9034
15.01.2026 17:20:35	140,200	-0,238	-2,3836	-0,490	-4,8988
15.01.2026 17:20:35	140,250	-0,236	-2,3576	-0,489	-4,8879
15.01.2026 17:20:35	140,300	-0,231	-2,3085	-0,487	-4,8728
15.01.2026 17:20:35	140,350	-0,226	-2,2563	-0,485	-4,8490
15.01.2026 17:20:35	140,400	-0,222	-2,2199	-0,483	-4,8306
15.01.2026 17:20:35	140,450	-0,219	-2,1887	-0,481	-4,8127
15.01.2026 17:20:35	140,500	-0,216	-2,1564	-0,480	-4,7993
15.01.2026 17:20:35	140,550	-0,214	-2,1357	-0,479	-4,7854
15.01.2026 17:20:35	140,600	-0,212	-2,1197	-0,478	-4,7772
15.01.2026 17:20:35	140,650	-0,211	-2,1055	-0,477	-4,7661
15.01.2026 17:20:35	140,700	-0,209	-2,0947	-0,476	-4,7619
15.01.2026 17:20:35	140,750	-0,209	-2,0860	-0,476	-4,7567
15.01.2026 17:20:35	140,800	-0,208	-2,0769	-0,475	-4,7535
15.01.2026 17:20:35	140,850	-0,207	-2,0658	-0,475	-4,7453
15.01.2026 17:20:35	140,900	-0,205	-2,0500	-0,474	-4,7412
15.01.2026 17:20:35	140,950	-0,204	-2,0361	-0,473	-4,7311
15.01.2026 17:20:36	141,000	-0,203	-2,0256	-0,473	-4,7277
15.01.2026 17:20:36	141,050	-0,202	-2,0196	-0,472	-4,7212
15.01.2026 17:20:36	141,100	-0,201	-2,0128	-0,472	-4,7194
15.01.2026 17:20:36	141,150	-0,201	-2,0051	-0,471	-4,7137
15.01.2026 17:20:36	141,200	-0,198	-1,9819	-0,471	-4,7074
15.01.2026 17:20:36	141,250	-0,195	-1,9523	-0,469	-4,6927
15.01.2026 17:20:36	141,300	-0,193	-1,9261	-0,468	-4,6814
15.01.2026 17:20:36	141,350	-0,190	-1,8974	-0,467	-4,6659
15.01.2026 17:20:36	141,400	-0,187	-1,8665	-0,465	-4,6517
15.01.2026 17:20:36	141,450	-0,185	-1,8476	-0,464	-4,6373
15.01.2026 17:20:36	141,500	-0,183	-1,8296	-0,463	-4,6273
15.01.2026 17:20:36	141,550	-0,182	-1,8169	-0,462	-4,6155
15.01.2026 17:20:36	141,600	-0,181	-1,8091	-0,461	-4,6127
15.01.2026 17:20:36	141,650	-0,180	-1,8023	-0,461	-4,6058
15.01.2026 17:20:36	141,700	-0,180	-1,7973	-0,461	-4,6067
15.01.2026 17:20:36	141,750	-0,179	-1,7927	-0,460	-4,5997
15.01.2026 17:20:36	141,800	-0,179	-1,7882	-0,460	-4,5996
15.01.2026 17:20:36	141,850	-0,178	-1,7829	-0,459	-4,5928
15.01.2026 17:20:36	141,900	-0,178	-1,7815	-0,459	-4,5929
15.01.2026 17:20:36	141,950	-0,178	-1,7751	-0,459	-4,5892
15.01.2026 17:20:37	142,000	-0,176	-1,7632	-0,459	-4,5870
15.01.2026 17:20:37	142,050	-0,175	-1,7480	-0,458	-4,5780
15.01.2026 17:20:37	142,100	-0,173	-1,7280	-0,457	-4,5711
15.01.2026 17:20:37	142,150	-0,170	-1,6997	-0,455	-4,5546
15.01.2026 17:20:37	142,200	-0,168	-1,6799	-0,454	-4,5438
15.01.2026 17:20:37	142,250	-0,167	-1,6693	-0,454	-4,5350
15.01.2026 17:20:37	142,300	-0,166	-1,6614	-0,453	-4,5319
15.01.2026 17:20:37	142,350	-0,165	-1,6506	-0,452	-4,5202
15.01.2026 17:20:37	142,400	-0,164	-1,6442	-0,452	-4,5195
15.01.2026 17:20:37	142,450	-0,164	-1,6403	-0,451	-4,5122
15.01.2026 17:20:37	142,500	-0,163	-1,6311	-0,451	-4,5104
15.01.2026 17:20:37	142,550	-0,161	-1,6125	-0,450	-4,5018
15.01.2026 17:20:37	142,600	-0,159	-1,5912	-0,449	-4,4928
15.01.2026 17:20:37	142,650	-0,157	-1,5680	-0,448	-4,4786
15.01.2026 17:20:37	142,700	-0,154	-1,5402	-0,447	-4,4668
15.01.2026 17:20:37	142,750	-0,151	-1,5063	-0,444	-4,4440
15.01.2026 17:20:37	142,800	-0,148	-1,4847	-0,443	-4,4305
15.01.2026 17:20:37	142,850	-0,146	-1,4641	-0,442	-4,4163
15.01.2026 17:20:37	142,900	-0,144	-1,4376	-0,440	-4,4049
15.01.2026 17:20:37	142,950	-0,140	-1,4017	-0,438	-4,3806
15.01.2026 17:20:38	143,000	-0,137	-1,3736	-0,436	-4,3642
15.01.2026 17:20:38	143,050	-0,135	-1,3536	-0,435	-4,3457
15.01.2026 17:20:38	143,100	-0,134	-1,3400	-0,434	-4,3370
15.01.2026 17:20:38	143,150	-0,133	-1,3267	-0,432	-4,3246
15.01.2026 17:20:38	143,200	-0,131	-1,3146	-0,432	-4,3190
15.01.2026 17:20:38	143,250	-0,130	-1,3045	-0,431	-4,3078
15.01.2026 17:20:38	143,300	-0,130	-1,2951	-0,431	-4,3054
15.01.2026 17:20:38	143,350	-0,128	-1,2786	-0,429	-4,2929
15.01.2026 17:20:38	143,400	-0,126	-1,2599	-0,428	-4,2842
15.01.2026 17:20:38	143,450	-0,124	-1,2365	-0,427	-4,2669
15.01.2026 17:20:38	143,500	-0,122	-1,2160	-0,426	-4,2573
15.01.2026 17:20:38	143,550	-0,120	-1,1977	-0,424	-4,2427
15.01.2026 17:20:38	143,600	-0,118	-1,1789	-0,423	-4,2314
15.01.2026 17:20:38	143,650	-0,116	-1,1646	-0,421	-4,2143
15.01.2026 17:20:38	143,700	-0,116	-1,1568	-0,421	-4,2118
15.01.2026 17:20:38	143,750	-0,115	-1,1514	-0,420	-4,2011
15.01.2026 17:20:38	143,800	-0,115	-1,1531	-0,420	-4,2041
15.01.2026 17:20:38	143,850	-0,115	-1,1478	-0,420	-4,1977
15.01.2026 17:20:38	143,900	-0,114	-1,1374	-0,420	-4,1980
15.01.2026 17:20:38	143,950	-0,112	-1,1217	-0,418	-4,1846
15.01.2026 17:20:39	144,000	-0,111	-1,1090	-0,418	-4,1805
15.01.2026 17:20:39	144,050	-0,108	-1,0834	-0,416	-4,1631
15.01.2026 17:20:39	144,100	-0,106	-1,0621	-0,415	-4,1523
15.01.2026 17:20:39	144,150	-0,104	-1,0391	-0,413	-4,1336
15.01.2026 17:20:39	144,200	-0,102	-1,0207	-0,412	-4,1225
15.01.2026 17:20:39	144,250	-0,100	-0,9961	-0,410	-4,0992
15.01.2026 17:20:39	144,300	-0,098	-0,9807	-0,409	-4,0909
15.01.2026 17:20:39	144,350	-0,096	-0,9635	-0,407	-4,0744
15.01.2026 17:20:39	144,400	-0,094	-0,9423	-0,406	-4,0636
15.01.2026 17:20:39	144,450	-0,092	-0,9205	-0,405	-4,0456
15.01.2026 17:20:39	144,500	-0,090	-0,9006	-0,403	-4,0314
15.01.2026 17:20:39	144,550	-0,089	-0,8867	-0,402	-4,0151
15.01.2026 17:20:39	144,600	-0,087	-0,8728	-0,401	-4,0069
15.01.2026 17:20:39	144,650	-0,086	-0,8643	-0,400	-3,9976
15.01.2026 17:20:39	144,700	-0,085	-0,8508	-0,399	-3,9883
15.01.2026 17:20:39	144,750	-0,084	-0,8376	-0,397	-3,9747
15.01.2026 17:20:39	144,800	-0,082	-0,8192	-0,396	-3,9643
15.01.2026 17:20:39	144,850	-0,080	-0,8024	-0,395	-3,9505
15.01.2026 17:20:39	144,900	-0,078	-0,7833	-0,394	-3,9376
15.01.2026 17:20:39	144,950	-0,077	-0,7693	-0,393	-3,9253
15.01.2026 17:20:40	145,000	-0,075	-0,7487	-0,391	-3,9117
15.01.2026 17:20:40	145,050	-0,073	-0,7255	-0,389	-3,8919
15.01.2026 17:20:40	145,100	-0,071	-0,7095	-0,388	-3,8802
15.01.2026 17:20:40	145,150	-0,069	-0,6905	-0,386	-3,8600
15.01.2026 17:20:40	145,200	-0,068	-0,6809	-0,385	-3,8525
15.01.2026 17:20:40	145,250	-0,067	-0,6718	-0,384	-3,8408
15.01.2026 17:20:40	145,300	-0,066	-0,6641	-0,383	-3,8340
15.01.2026 17:20:40	145,350	-0,066	-0,6553	-0,382	-3,8238
15.01.2026 17:20:40	145,400	-0,065	-0,6483	-0,382	-3,8201
15.01.2026 17:20:40	145,450	-0,064	-0,6401	-0,381	-3,8103
15.01.2026 17:20:40	145,500	-0,063	-0,6297	-0,381	-3,8053
15.01.2026 17:20:40	145,550	-0,061	-0,6141	-0,379	-3,7896
15.01.2026 17:20:40	145,600	-0,061	-0,6056	-0,379	-3,7871
15.01.2026 17:20:40	145,650	-0,059	-0,5895	-0,377	-3,7701
15.01.2026 17:20:40	145,700	-0,058	-0,5753	-0,376	-3,7623
15.01.2026 17:20:40	145,750	-0,056	-0,5586	-0,375	-3,7468
15.01.2026 17:20:40	145,800	-0,054	-0,5375	-0,373	-3,7339
15.01.2026 17:20:40	145,850	-0,051	-0,5140	-0,371	-3,7106
15.01.2026 17:20:40	145,900	-0,049	-0,4914	-0,370	-3,6951
15.01.2026 17:20:40	145,950	-0,047	-0,4738	-0,367	-3,6742
15.01.2026 17:20:41	146,000	-0,046	-0,4577	-0,366	-3,6588
15.01.2026 17:20:41	146,050	-0,045	-0,4451	-0,364	-3,6414
15.01.2026 17:20:41	146,100	-0,044	-0,4362	-0,363	-3,6348
15.01.2026 17:20:41	146,150	-0,042	-0,4229	-0,362	-3,6187
15.01.2026 17:20:41	146,200	-0,041	-0,4130	-0,361	-3,6112
15.01.2026 17:20:41	146,250	-0,040	-0,3969	-0,360	-3,5951
15.01.2026 17:20:41	146,300	-0,038	-0,3812	-0,358	-3,5838
15.01.2026 17:20:41	146,350	-0,036	-0,3635	-0,357	-3,5652
15.01.2026 17:20:41	146,400	-0,034	-0,3436	-0,355	-3,5516
15.01.2026 17:20:41	146,450	-0,033	-0,3263	-0,353	-3,5301
15.01.2026 17:20:41	146,500	-0,031	-0,3080	-0,352	-3,5165
15.01.2026 17:20:41	146,550	-0,029	-0,2880	-0,349	-3,4943
15.01.2026 17:20:41	146,600	-0,026	-0,2626	-0,347	-3,4721
15.01.2026 17:20:41	146,650	-0,024	-0,2447	-0,345	-3,4496
15.01.2026 17:20:41	146,700	-0,022	-0,2203	-0,343	-3,4296
15.01.2026 17:20:41	146,750	-0,021	-0,2075	-0,341	-3,4095
15.01.2026 17:20:41	146,800	-0,019	-0,1854	-0,339	-3,3875
15.01.2026 17:20:41	146,850	-0,017	-0,1684	-0,336	-3,3649
15.01.2026 17:20:41	146,900	-0,016	-0,1562	-0,335	-3,3505
15.01.2026 17:20:41	146,950	-0,014	-0,1441	-0,333	-3,3308
15.01.2026 17:20:42	147,000	-0,013	-0,1333	-0,332	-3,3194
15.01.2026 17:20:42	147,050	-0,012	-0,1222	-0,330	-3,2989
15.01.2026 17:20:42	147,100	-0,012	-0,1157	-0,329	-3,2928
15.01.2026 17:20:42	147,150	-0,011	-0,1066	-0,328	-3,2789
15.01.2026 17:20:42	147,200	-0,010	-0,1025	-0,327	-3,2744
15.01.2026 17:20:42	147,250	-0,009	-0,0946	-0,326	-3,2606
15.01.2026 17:20:42	147,300	-0,009	-0,0906	-0,326	-3,2579
15.01.2026 17:20:42	147,350	-0,008	-0,0848	-0,325	-3,2473
15.01.2026 17:20:42	147,400	-0,008	-0,0777	-0,324	-3,2419
15.01.2026 17:20:42	147,450	-0,007	-0,0673	-0,323	-3,2279
15.01.2026 17:20:42	147,500	-0,006	-0,0626	-0,322	-3,2247
15.01.2026 17:20:42	147,550	-0,006	-0,0567	-0,321	-3,2133
15.01.2026 17:20:42	147,600	-0,005	-0,0500	-0,321	-3,2077
15.01.2026 17:20:42	147,650	-0,004	-0,0423	-0,320	-3,1952
15.01.2026 17:20:42	147,700	-0,004	-0,0356	-0,319	-3,1895
15.01.2026 17:20:42	147,750	-0,003	-0,0282	-0,318	-3,1759
15.01.2026 17:20:42	147,800	-0,002	-0,0212	-0,317	-3,1694
15.01.2026 17:20:42	147,850	-0,002	-0,0238	-0,317	-3,1659
15.01.2026 17:20:42	147,900	-0,001	-0,0133	-0,316	-3,1571
15.01.2026 17:20:42	147,950	-0,001	-0,0114	-0,315	-3,1492
15.01.2026 17:20:43	148,000	-9,247E-4	-0,0092	-0,315	-3,1485
15.01.2026 17:20:43	148,050	-8,197E-4	-0,0082	-0,314	-3,1419
15.01.2026 17:20:43	148,100	-4,132E-4	-0,0041	-0,314	-3,1405
15.01.2026 17:20:43	148,150	-2,899E-4	-0,0029	-0,313	-3,1337
15.01.2026 17:20:43	148,200	2,521E-4	0,0025	-0,313	-3,1293
15.01.2026 17:20:43	148,250	5,426E-4	0,0054	-0,312	-3,1232
15.01.2026 17:20:43	148,300	6,061E-4	0,0061	-0,313	-3,1251
15.01.2026 17:20:43	148,350	4,584E-4	0,0046	-0,312	-3,1212
15.01.2026 17:20:43	148,400	9,662E-4	0,0097	-0,312	-3,1172
15.01.2026 17:20:43	148,450	7,928E-4	0,0079	-0,311	-3,1147
15.01.2026 17:20:43	148,500	0,001	0,0103	-0,312	-3,1162
15.01.2026 17:20:43	148,550	6,354E-4	0,0064	-0,312	-3,1153
15.01.2026 17:20:43	148,600	0,001	0,0122	-0,311	-3,1122
15.01.2026 17:20:43	148,650	0,001	0,0143	-0,311	-3,1075
15.01.2026 17:20:43	148,700	0,002	0,0178	-0,311	-3,1063
15.01.2026 17:20:43	148,750	0,002	0,0191	-0,310	-3,0988
15.01.2026 17:20:43	148,800	0,002	0,0191	-0,310	-3,1023
15.01.2026 17:20:43	148,850	0,002	0,0162	-0,310	-3,1011
15.01.2026 17:20:43	148,900	0,002	0,0170	-0,310	-3,1021
15.01.2026 17:20:43	148,950	0,002	0,0171	-0,310	-3,0987
15.01.2026 17:20:44	149,000	0,002	0,0175	-0,310	-3,1018
15.01.2026 17:20:44	149,050	0,002	0,0181	-0,310	-3,0961
15.01.2026 17:20:44	149,100	0,002	0,0214	-0,310	-3,0996
15.01.2026 17:20:44	149,150	0,002	0,0250	-0,309	-3,0923
15.01.2026 17:20:44	149,200	0,003	0,0309	-0,309	-3,0898
15.01.2026 17:20:44	149,250	0,003	0,0328	-0,308	-3,0844
15.01.2026 17:20:44	149,300	0,004	0,0413	-0,308	-3,0798
15.01.2026 17:20:44	149,350	0,004	0,0445	-0,307	-3,0728
15.01.2026 17:20:44	149,400	0,005	0,0526	-0,306	-3,0643
15.01.2026 17:20:44	149,450	0,006	0,0561	-0,305	-3,0550
15.01.2026 17:20:44	149,500	0,006	0,0629	-0,305	-3,0495
15.01.2026 17:20:44	149,550	0,007	0,0699	-0,304	-3,0375
15.01.2026 17:20:44	149,600	0,008	0,0779	-0,303	-3,0292
15.01.2026 17:20:44	149,650	0,009	0,0885	-0,301	-3,0124
15.01.2026 17:20:44	149,700	0,009	0,0947	-0,301	-3,0052
15.01.2026 17:20:44	149,750	0,010	0,1035	-0,299	-2,9895
15.01.2026 17:20:44	149,800	0,011	0,1134	-0,298	-2,9789
15.01.2026 17:20:44	149,850	0,013	0,1261	-0,296	-2,9572
15.01.2026 17:20:44	149,900	0,013	0,1333	-0,295	-2,9484
15.01.2026 17:20:44	149,950	0,014	0,1407	-0,293	-2,9307
15.01.2026 17:20:45	150,000	0,014	0,1441	-0,292	-2,9246
15.01.2026 17:20:45	150,050	0,015	0,1526	-0,291	-2,9066
15.01.2026 17:20:45	150,100	0,016	0,1580	-0,290	-2,8996
15.01.2026 17:20:45	150,150	0,017	0,1658	-0,288	-2,8836
15.01.2026 17:20:45	150,200	0,017	0,1682	-0,288	-2,8785
15.01.2026 17:20:45	150,250	0,018	0,1774	-0,286	-2,8602
15.01.2026 17:20:45	150,300	0,018	0,1827	-0,285	-2,8538
15.01.2026 17:20:45	150,350	0,019	0,1917	-0,284	-2,8379
15.01.2026 17:20:45	150,400	0,020	0,1970	-0,283	-2,8285
15.01.2026 17:20:45	150,450	0,020	0,2000	-0,282	-2,8168
15.01.2026 17:20:45	150,500	0,021	0,2063	-0,281	-2,8086
15.01.2026 17:20:45	150,550	0,021	0,2124	-0,279	-2,7931
15.01.2026 17:20:45	150,600	0,022	0,2175	-0,278	-2,7848
15.01.2026 17:20:45	150,650	0,023	0,2255	-0,277	-2,7674
15.01.2026 17:20:45	150,700	0,024	0,2353	-0,275	-2,7538
15.01.2026 17:20:45	150,750	0,024	0,2419	-0,274	-2,7362
15.01.2026 17:20:45	150,800	0,025	0,2516	-0,272	-2,7214
15.01.2026 17:20:45	150,850	0,026	0,2575	-0,270	-2,7016
15.01.2026 17:20:45	150,900	0,026	0,2630	-0,269	-2,6891
15.01.2026 17:20:45	150,950	0,027	0,2722	-0,267	-2,6664
15.01.2026 17:20:46	151,000	0,027	0,2743	-0,266	-2,6590
15.01.2026 17:20:46	151,050	0,028	0,2807	-0,264	-2,6399
15.01.2026 17:20:46	151,100	0,029	0,2866	-0,263	-2,6285
15.01.2026 17:20:46	151,150	0,030	0,2956	-0,260	-2,6036
15.01.2026 17:20:46	151,200	0,030	0,3022	-0,259	-2,5877
15.01.2026 17:20:46	151,250	0,031	0,3088	-0,256	-2,5639
15.01.2026 17:20:46	151,300	0,032	0,3160	-0,255	-2,5456
15.01.2026 17:20:46	151,350	0,033	0,3297	-0,251	-2,5119
15.01.2026 17:20:46	151,400	0,034	0,3364	-0,249	-2,4891
15.01.2026 17:20:46	151,450	0,034	0,3417	-0,246	-2,4603
15.01.2026 17:20:46	151,500	0,035	0,3497	-0,244	-2,4353
15.01.2026 17:20:46	151,550	0,036	0,3552	-0,240	-2,4038
15.01.2026 17:20:46	151,600	0,036	0,3617	-0,238	-2,3796
15.01.2026 17:20:46	151,650	0,037	0,3661	-0,235	-2,3490
15.01.2026 17:20:46	151,700	0,037	0,3723	-0,233	-2,3275
15.01.2026 17:20:46	151,750	0,038	0,3760	-0,230	-2,2992
15.01.2026 17:20:46	151,800	0,038	0,3773	-0,228	-2,2818
15.01.2026 17:20:46	151,850	0,038	0,3835	-0,225	-2,2526
15.01.2026 17:20:46	151,900	0,039	0,3878	-0,223	-2,2329
15.01.2026 17:20:46	151,950	0,039	0,3928	-0,220	-2,2042
15.01.2026 17:20:47	152,000	0,040	0,4028	-0,218	-2,1768
15.01.2026 17:20:47	152,050	0,041	0,4072	-0,214	-2,1444
15.01.2026 17:20:47	152,100	0,041	0,4134	-0,212	-2,1163
15.01.2026 17:20:47	152,150	0,042	0,4190	-0,208	-2,0793
15.01.2026 17:20:47	152,200	0,043	0,4304	-0,205	-2,0465
15.01.2026 17:20:47	152,250	0,044	0,4416	-0,200	-2,0023
15.01.2026 17:20:47	152,300	0,045	0,4476	-0,197	-1,9688
15.01.2026 17:20:47	152,350	0,046	0,4578	-0,192	-1,9219
15.01.2026 17:20:47	152,400	0,047	0,4674	-0,188	-1,8845
15.01.2026 17:20:47	152,450	0,047	0,4712	-0,185	-1,8456
15.01.2026 17:20:47	152,500	0,048	0,4796	-0,181	-1,8114
15.01.2026 17:20:47	152,550	0,048	0,4846	-0,177	-1,7729
15.01.2026 17:20:47	152,600	0,049	0,4913	-0,174	-1,7401
15.01.2026 17:20:47	152,650	0,049	0,4928	-0,171	-1,7077
15.01.2026 17:20:47	152,700	0,051	0,5087	-0,167	-1,6670
15.01.2026 17:20:47	152,750	0,051	0,5133	-0,163	-1,6291
15.01.2026 17:20:47	152,800	0,052	0,5215	-0,159	-1,5932
15.01.2026 17:20:47	152,850	0,054	0,5388	-0,154	-1,5407
15.01.2026 17:20:47	152,900	0,055	0,5520	-0,150	-1,4962
15.01.2026 17:20:47	152,950	0,057	0,5667	-0,144	-1,4381
15.01.2026 17:20:48	153,000	0,058	0,5785	-0,139	-1,3879
15.01.2026 17:20:48	153,050	0,059	0,5905	-0,133	-1,3303
15.01.2026 17:20:48	153,100	0,060	0,5999	-0,128	-1,2844
15.01.2026 17:20:48	153,150	0,061	0,6118	-0,123	-1,2286
15.01.2026 17:20:48	153,200	0,062	0,6233	-0,118	-1,1835
15.01.2026 17:20:48	153,250	0,063	0,6313	-0,113	-1,1347
15.01.2026 17:20:48	153,300	0,065	0,6458	-0,109	-1,0885
15.01.2026 17:20:48	153,350	0,066	0,6621	-0,103	-1,0324
15.01.2026 17:20:48	153,400	0,068	0,6770	-0,098	-0,9844
15.01.2026 17:20:48	153,450	0,069	0,6934	-0,092	-0,9239
15.01.2026 17:20:48	153,500	0,070	0,7043	-0,088	-0,8769
15.01.2026 17:20:48	153,550	0,072	0,7209	-0,082	-0,8172
15.01.2026 17:20:48	153,600	0,073	0,7324	-0,077	-0,7722
15.01.2026 17:20:48	153,650	0,075	0,7460	-0,072	-0,7181
15.01.2026 17:20:48	153,700	0,076	0,7593	-0,068	-0,6773
15.01.2026 17:20:48	153,750	0,078	0,7843	-0,062	-0,6163
15.01.2026 17:20:48	153,800	0,080	0,8045	-0,056	-0,5644
15.01.2026 17:20:48	153,850	0,083	0,8299	-0,050	-0,4963
15.01.2026 17:20:48	153,900	0,085	0,8508	-0,044	-0,4419
15.01.2026 17:20:48	153,950	0,087	0,8716	-0,038	-0,3776
15.01.2026 17:20:49	154,000	0,089	0,8865	-0,033	-0,3309
15.01.2026 17:20:49	154,050	0,090	0,9009	-0,028	-0,2782
15.01.2026 17:20:49	154,100	0,092	0,9205	-0,023	-0,2323
15.01.2026 17:20:49	154,150	0,093	0,9319	-0,019	-0,1860
15.01.2026 17:20:49	154,200	0,095	0,9479	-0,015	-0,1478
15.01.2026 17:20:49	154,250	0,097	0,9662	-0,010	-0,1004
15.01.2026 17:20:49	154,300	0,098	0,9806	-0,007	-0,0678
15.01.2026 17:20:49	154,350	0,100	1,0033	-0,002	-0,0194
15.01.2026 17:20:49	154,400	0,103	1,0270	0,002	0,0217
15.01.2026 17:20:49	154,450	0,104	1,0431	0,007	0,0654
15.01.2026 17:20:49	154,500	0,106	1,0621	0,010	0,0999
15.01.2026 17:20:49	154,550	0,108	1,0766	0,014	0,1376
15.01.2026 17:20:49	154,600	0,109	1,0892	0,016	0,1639
15.01.2026 17:20:49	154,650	0,110	1,1041	0,020	0,1993
15.01.2026 17:20:49	154,700	0,111	1,1131	0,022	0,2191
15.01.2026 17:20:49	154,750	0,113	1,1268	0,025	0,2514
15.01.2026 17:20:49	154,800	0,114	1,1437	0,027	0,2731
15.01.2026 17:20:49	154,850	0,116	1,1613	0,031	0,3062
15.01.2026 17:20:49	154,900	0,118	1,1773	0,033	0,3261
15.01.2026 17:20:49	154,950	0,119	1,1946	0,036	0,3577
15.01.2026 17:20:50	155,000	0,121	1,2067	0,038	0,3750
15.01.2026 17:20:50	155,050	0,122	1,2219	0,040	0,4025
15.01.2026 17:20:50	155,100	0,123	1,2316	0,042	0,4173
15.01.2026 17:20:50	155,150	0,125	1,2474	0,045	0,4465
15.01.2026 17:20:50	155,200	0,126	1,2635	0,046	0,4624
15.01.2026 17:20:50	155,250	0,128	1,2751	0,049	0,4864
15.01.2026 17:20:50	155,300	0,129	1,2900	0,050	0,5003
15.01.2026 17:20:50	155,350	0,130	1,3032	0,052	0,5240
15.01.2026 17:20:50	155,400	0,132	1,3191	0,054	0,5404
15.01.2026 17:20:50	155,450	0,133	1,3331	0,056	0,5649
15.01.2026 17:20:50	155,500	0,135	1,3454	0,058	0,5777
15.01.2026 17:20:50	155,550	0,135	1,3525	0,060	0,5954
15.01.2026 17:20:50	155,600	0,137	1,3658	0,061	0,6091
15.01.2026 17:20:50	155,650	0,137	1,3738	0,063	0,6273
15.01.2026 17:20:50	155,700	0,139	1,3884	0,064	0,6359
15.01.2026 17:20:50	155,750	0,141	1,4050	0,066	0,6599
15.01.2026 17:20:50	155,800	0,141	1,4135	0,067	0,6672
15.01.2026 17:20:50	155,850	0,143	1,4281	0,069	0,6899
15.01.2026 17:20:50	155,900	0,144	1,4411	0,070	0,6981
15.01.2026 17:20:50	155,950	0,146	1,4614	0,072	0,7230
15.01.2026 17:20:51	156,000	0,148	1,4756	0,073	0,7331
15.01.2026 17:20:51	156,050	0,150	1,4992	0,076	0,7645
15.01.2026 17:20:51	156,100	0,151	1,5111	0,077	0,7741
15.01.2026 17:20:51	156,150	0,152	1,5242	0,080	0,7956
15.01.2026 17:20:51	156,200	0,154	1,5372	0,081	0,8083
15.01.2026 17:20:51	156,250	0,155	1,5468	0,083	0,8264
15.01.2026 17:20:51	156,300	0,156	1,5592	0,083	0,8345
15.01.2026 17:20:51	156,350	0,157	1,5704	0,085	0,8508
15.01.2026 17:20:51	156,400	0,158	1,5847	0,086	0,8588
15.01.2026 17:20:51	156,450	0,160	1,5989	0,088	0,8775
15.01.2026 17:20:51	156,500	0,161	1,6123	0,089	0,8886
15.01.2026 17:20:51	156,550	0,163	1,6275	0,091	0,9087
15.01.2026 17:20:51	156,600	0,164	1,6400	0,092	0,9181
15.01.2026 17:20:51	156,650	0,165	1,6481	0,093	0,9337
15.01.2026 17:20:51	156,700	0,166	1,6552	0,094	0,9366
15.01.2026 17:20:51	156,750	0,166	1,6609	0,095	0,9496
15.01.2026 17:20:51	156,800	0,167	1,6669	0,095	0,9506
15.01.2026 17:20:51	156,850	0,167	1,6722	0,096	0,9625
15.01.2026 17:20:51	156,900	0,168	1,6849	0,097	0,9670
15.01.2026 17:20:51	156,950	0,170	1,6988	0,098	0,9826
15.01.2026 17:20:52	157,000	0,172	1,7183	0,099	0,9921
15.01.2026 17:20:52	157,050	0,173	1,7304	0,101	1,0092
15.01.2026 17:20:52	157,100	0,175	1,7472	0,102	1,0174
15.01.2026 17:20:52	157,150	0,177	1,7663	0,104	1,0386
15.01.2026 17:20:52	157,200	0,178	1,7840	0,105	1,0496
15.01.2026 17:20:52	157,250	0,181	1,8063	0,107	1,0736
15.01.2026 17:20:52	157,300	0,182	1,8241	0,108	1,0826
15.01.2026 17:20:52	157,350	0,185	1,8549	0,111	1,1134
15.01.2026 17:20:52	157,400	0,187	1,8727	0,112	1,1228
15.01.2026 17:20:52	157,450	0,190	1,8979	0,115	1,1506
15.01.2026 17:20:52	157,500	0,192	1,9231	0,117	1,1658
15.01.2026 17:20:52	157,550	0,194	1,9430	0,119	1,1912
15.01.2026 17:20:52	157,600	0,196	1,9571	0,120	1,1989
15.01.2026 17:20:52	157,650	0,197	1,9746	0,122	1,2222
15.01.2026 17:20:52	157,700	0,198	1,9845	0,123	1,2275
15.01.2026 17:20:52	157,750	0,200	1,9959	0,124	1,2415
15.01.2026 17:20:52	157,800	0,202	2,0166	0,125	1,2510
15.01.2026 17:20:52	157,850	0,203	2,0315	0,127	1,2676
15.01.2026 17:20:52	157,900	0,205	2,0520	0,128	1,2772
15.01.2026 17:20:52	157,950	0,207	2,0686	0,130	1,2960
15.01.2026 17:20:53	158,000	0,208	2,0844	0,130	1,3032
15.01.2026 17:20:53	158,050	0,210	2,0960	0,132	1,3173
15.01.2026 17:20:53	158,100	0,211	2,1137	0,133	1,3254
15.01.2026 17:20:53	158,150	0,213	2,1282	0,134	1,3427
15.01.2026 17:20:53	158,200	0,215	2,1476	0,135	1,3516
15.01.2026 17:20:53	158,250	0,216	2,1622	0,137	1,3679
15.01.2026 17:20:53	158,300	0,217	2,1730	0,137	1,3713
15.01.2026 17:20:53	158,350	0,218	2,1832	0,139	1,3884
15.01.2026 17:20:53	158,400	0,219	2,1906	0,139	1,3886
15.01.2026 17:20:53	158,450	0,220	2,1965	0,140	1,3995
15.01.2026 17:20:53	158,500	0,220	2,2023	0,140	1,3982
15.01.2026 17:20:53	158,550	0,221	2,2103	0,141	1,4091
15.01.2026 17:20:53	158,600	0,222	2,2203	0,141	1,4077
15.01.2026 17:20:53	158,650	0,224	2,2404	0,143	1,4269
15.01.2026 17:20:53	158,700	0,225	2,2484	0,143	1,4259
15.01.2026 17:20:53	158,750	0,227	2,2681	0,145	1,4460
15.01.2026 17:20:53	158,800	0,228	2,2783	0,145	1,4483
15.01.2026 17:20:53	158,850	0,229	2,2866	0,146	1,4613
15.01.2026 17:20:53	158,900	0,230	2,2951	0,146	1,4597
15.01.2026 17:20:53	158,950	0,231	2,3057	0,147	1,4742
15.01.2026 17:20:54	159,000	0,232	2,3197	0,148	1,4780
15.01.2026 17:20:54	159,050	0,233	2,3340	0,149	1,4920
15.01.2026 17:20:54	159,100	0,235	2,3514	0,149	1,4942
15.01.2026 17:20:54	159,150	0,238	2,3764	0,152	1,5160
15.01.2026 17:20:54	159,200	0,239	2,3940	0,152	1,5211
15.01.2026 17:20:54	159,250	0,241	2,4135	0,154	1,5402
15.01.2026 17:20:54	159,300	0,243	2,4337	0,155	1,5501
15.01.2026 17:20:54	159,350	0,245	2,4460	0,156	1,5637
15.01.2026 17:20:54	159,400	0,246	2,4615	0,157	1,5695
15.01.2026 17:20:54	159,450	0,247	2,4745	0,158	1,5830
15.01.2026 17:20:54	159,500	0,249	2,4864	0,158	1,5845
15.01.2026 17:20:54	159,550	0,250	2,4997	0,160	1,6000
15.01.2026 17:20:54	159,600	0,251	2,5123	0,160	1,6016
15.01.2026 17:20:54	159,650	0,252	2,5206	0,161	1,6138
15.01.2026 17:20:54	159,700	0,253	2,5269	0,161	1,6128
15.01.2026 17:20:54	159,750	0,254	2,5376	0,163	1,6284
15.01.2026 17:20:54	159,800	0,254	2,5391	0,162	1,6229
15.01.2026 17:20:54	159,850	0,254	2,5432	0,163	1,6307
15.01.2026 17:20:54	159,900	0,254	2,5430	0,162	1,6231
15.01.2026 17:20:54	159,950	0,255	2,5549	0,164	1,6391
15.01.2026 17:20:55	160,000	0,256	2,5591	0,163	1,6349
15.01.2026 17:20:55	160,050	0,257	2,5668	0,164	1,6428
15.01.2026 17:20:55	160,100	0,257	2,5746	0,164	1,6432
15.01.2026 17:20:55	160,150	0,258	2,5829	0,166	1,6551
15.01.2026 17:20:55	160,200	0,259	2,5882	0,165	1,6520
15.01.2026 17:20:55	160,250	0,259	2,5949	0,166	1,6634
15.01.2026 17:20:55	160,300	0,260	2,6026	0,166	1,6599
15.01.2026 17:20:55	160,350	0,261	2,6056	0,167	1,6670
15.01.2026 17:20:55	160,400	0,261	2,6138	0,167	1,6662
15.01.2026 17:20:55	160,450	0,263	2,6254	0,168	1,6775
15.01.2026 17:20:55	160,500	0,263	2,6339	0,168	1,6775
15.01.2026 17:20:55	160,550	0,265	2,6469	0,169	1,6904
15.01.2026 17:20:55	160,600	0,266	2,6608	0,169	1,6907
15.01.2026 17:20:55	160,650	0,268	2,6796	0,171	1,7078
15.01.2026 17:20:55	160,700	0,269	2,6933	0,171	1,7080
15.01.2026 17:20:55	160,750	0,271	2,7102	0,172	1,7241
15.01.2026 17:20:55	160,800	0,272	2,7230	0,173	1,7281
15.01.2026 17:20:55	160,850	0,273	2,7343	0,174	1,7380
15.01.2026 17:20:55	160,900	0,275	2,7478	0,174	1,7411
15.01.2026 17:20:55	160,950	0,276	2,7600	0,175	1,7528
15.01.2026 17:20:56	161,000	0,277	2,7738	0,176	1,7555
15.01.2026 17:20:56	161,050	0,279	2,7868	0,177	1,7705
15.01.2026 17:20:56	161,100	0,280	2,7956	0,177	1,7698
15.01.2026 17:20:56	161,150	0,280	2,8047	0,178	1,7807
15.01.2026 17:20:56	161,200	0,282	2,8182	0,178	1,7810
15.01.2026 17:20:56	161,250	0,283	2,8329	0,179	1,7939
15.01.2026 17:20:56	161,300	0,285	2,8460	0,179	1,7949
15.01.2026 17:20:56	161,350	0,285	2,8537	0,181	1,8070
15.01.2026 17:20:56	161,400	0,286	2,8618	0,181	1,8060
15.01.2026 17:20:56	161,450	0,287	2,8673	0,182	1,8154
15.01.2026 17:20:56	161,500	0,287	2,8717	0,181	1,8130
15.01.2026 17:20:56	161,550	0,288	2,8762	0,182	1,8218
15.01.2026 17:20:56	161,600	0,288	2,8770	0,182	1,8161
15.01.2026 17:20:56	161,650	0,288	2,8785	0,182	1,8240
15.01.2026 17:20:56	161,700	0,288	2,8806	0,182	1,8195
15.01.2026 17:20:56	161,750	0,288	2,8845	0,183	1,8275
15.01.2026 17:20:56	161,800	0,289	2,8887	0,182	1,8211
15.01.2026 17:20:56	161,850	0,290	2,8995	0,183	1,8318
15.01.2026 17:20:56	161,900	0,291	2,9081	0,183	1,8295
15.01.2026 17:20:56	161,950	0,292	2,9206	0,184	1,8428
15.01.2026 17:20:57	162,000	0,293	2,9333	0,184	1,8408
15.01.2026 17:20:57	162,050	0,295	2,9523	0,186	1,8572
15.01.2026 17:20:57	162,100	0,297	2,9682	0,186	1,8555
15.01.2026 17:20:57	162,150	0,299	2,9911	0,187	1,8736
15.01.2026 17:20:57	162,200	0,302	3,0187	0,188	1,8816
15.01.2026 17:20:57	162,250	0,304	3,0443	0,190	1,9001
15.01.2026 17:20:57	162,300	0,307	3,0670	0,191	1,9058
15.01.2026 17:20:57	162,350	0,309	3,0880	0,192	1,9223
15.01.2026 17:20:57	162,400	0,311	3,1091	0,193	1,9282
15.01.2026 17:20:57	162,450	0,313	3,1265	0,194	1,9428
15.01.2026 17:20:57	162,500	0,314	3,1431	0,195	1,9451
15.01.2026 17:20:57	162,550	0,316	3,1577	0,196	1,9603
15.01.2026 17:20:57	162,600	0,317	3,1688	0,196	1,9584
15.01.2026 17:20:57	162,650	0,318	3,1817	0,197	1,9692
15.01.2026 17:20:57	162,700	0,319	3,1935	0,197	1,9696
15.01.2026 17:20:57	162,750	0,321	3,2085	0,198	1,9841
15.01.2026 17:20:57	162,800	0,322	3,2154	0,198	1,9819
15.01.2026 17:20:57	162,850	0,322	3,2221	0,199	1,9887
15.01.2026 17:20:57	162,900	0,323	3,2339	0,199	1,9912
15.01.2026 17:20:57	162,950	0,324	3,2418	0,200	2,0003
15.01.2026 17:20:58	163,000	0,325	3,2468	0,200	1,9973
15.01.2026 17:20:58	163,050	0,325	3,2529	0,201	2,0073
15.01.2026 17:20:58	163,100	0,326	3,2557	0,200	2,0032
15.01.2026 17:20:58	163,150	0,326	3,2580	0,201	2,0094
15.01.2026 17:20:58	163,200	0,326	3,2633	0,201	2,0071
15.01.2026 17:20:58	163,250	0,326	3,2638	0,201	2,0125
15.01.2026 17:20:58	163,300	0,327	3,2711	0,201	2,0108
15.01.2026 17:20:58	163,350	0,327	3,2746	0,202	2,0172
15.01.2026 17:20:58	163,400	0,329	3,2860	0,202	2,0165
15.01.2026 17:20:58	163,450	0,329	3,2947	0,202	2,0235
15.01.2026 17:20:58	163,500	0,330	3,3020	0,202	2,0226
15.01.2026 17:20:58	163,550	0,331	3,3103	0,203	2,0305
15.01.2026 17:20:58	163,600	0,331	3,3144	0,203	2,0267
15.01.2026 17:20:58	163,650	0,333	3,3257	0,204	2,0365
15.01.2026 17:20:58	163,700	0,334	3,3401	0,204	2,0398
15.01.2026 17:20:58	163,750	0,335	3,3499	0,205	2,0481
15.01.2026 17:20:58	163,800	0,336	3,3636	0,205	2,0493
15.01.2026 17:20:58	163,850	0,338	3,3763	0,206	2,0599
15.01.2026 17:20:58	163,900	0,338	3,3829	0,206	2,0559
15.01.2026 17:20:58	163,950	0,340	3,3974	0,207	2,0706
15.01.2026 17:20:59	164,000	0,340	3,4039	0,207	2,0672
15.01.2026 17:20:59	164,050	0,341	3,4100	0,207	2,0747
15.01.2026 17:20:59	164,100	0,341	3,4139	0,207	2,0717
15.01.2026 17:20:59	164,150	0,342	3,4229	0,208	2,0804
15.01.2026 17:20:59	164,200	0,343	3,4264	0,208	2,0766
15.01.2026 17:20:59	164,250	0,343	3,4289	0,208	2,0839
15.01.2026 17:20:59	164,300	0,343	3,4321	0,208	2,0806
15.01.2026 17:20:59	164,350	0,344	3,4364	0,209	2,0896
15.01.2026 17:20:59	164,400	0,343	3,4337	0,208	2,0811
15.01.2026 17:20:59	164,450	0,344	3,4351	0,209	2,0878
15.01.2026 17:20:59	164,500	0,344	3,4356	0,208	2,0820
15.01.2026 17:20:59	164,550	0,344	3,4377	0,209	2,0901
15.01.2026 17:20:59	164,600	0,342	3,4181	0,208	2,0800
15.01.2026 17:20:59	164,650	0,339	3,3875	0,208	2,0813
15.01.2026 17:20:59	164,700	0,337	3,3660	0,208	2,0756
15.01.2026 17:20:59	164,750	0,335	3,3513	0,207	2,0749
15.01.2026 17:20:59	164,800	0,335	3,3463	0,207	2,0726
15.01.2026 17:20:59	164,850	0,333	3,3265	0,208	2,0760
15.01.2026 17:20:59	164,900	0,331	3,3097	0,207	2,0656
15.01.2026 17:20:59	164,950	0,330	3,3027	0,207	2,0716
15.01.2026 17:21:00	165,000	0,329	3,2904	0,206	2,0635
15.01.2026 17:21:00	165,050	0,328	3,2844	0,207	2,0703
15.01.2026 17:21:00	165,100	0,327	3,2718	0,206	2,0617
15.01.2026 17:21:00	165,150	0,326	3,2554	0,206	2,0631
15.01.2026 17:21:00	165,200	0,324	3,2447	0,206	2,0580
15.01.2026 17:21:00	165,250	0,323	3,2299	0,206	2,0588
15.01.2026 17:21:00	165,300	0,322	3,2192	0,205	2,0549
15.01.2026 17:21:00	165,350	0,321	3,2093	0,206	2,0593
15.01.2026 17:21:00	165,400	0,320	3,1960	0,205	2,0485
15.01.2026 17:21:00	165,450	0,319	3,1865	0,205	2,0524
15.01.2026 17:21:00	165,500	0,317	3,1735	0,204	2,0424
15.01.2026 17:21:00	165,550	0,316	3,1629	0,205	2,0518
15.01.2026 17:21:00	165,600	0,315	3,1457	0,204	2,0406
15.01.2026 17:21:00	165,650	0,313	3,1339	0,205	2,0463
15.01.2026 17:21:00	165,700	0,312	3,1158	0,204	2,0375
15.01.2026 17:21:00	165,750	0,310	3,1007	0,204	2,0364
15.01.2026 17:21:00	165,800	0,309	3,0889	0,203	2,0286
15.01.2026 17:21:00	165,850	0,308	3,0824	0,203	2,0346
15.01.2026 17:21:00	165,900	0,307	3,0728	0,203	2,0301
15.01.2026 17:21:00	165,950	0,306	3,0622	0,203	2,0309
15.01.2026 17:21:01	166,000	0,306	3,0577	0,203	2,0262
15.01.2026 17:21:01	166,050	0,305	3,0524	0,203	2,0279
15.01.2026 17:21:01	166,100	0,305	3,0517	0,202	2,0237
15.01.2026 17:21:01	166,150	0,305	3,0468	0,203	2,0273
15.01.2026 17:21:01	166,200	0,305	3,0503	0,203	2,0259
15.01.2026 17:21:01	166,250	0,305	3,0461	0,203	2,0291
15.01.2026 17:21:01	166,300	0,304	3,0446	0,202	2,0245
15.01.2026 17:21:01	166,350	0,303	3,0337	0,202	2,0239
15.01.2026 17:21:01	166,400	0,303	3,0261	0,202	2,0185
15.01.2026 17:21:01	166,450	0,301	3,0111	0,202	2,0205
15.01.2026 17:21:01	166,500	0,299	2,9941	0,201	2,0139
15.01.2026 17:21:01	166,550	0,297	2,9728	0,201	2,0149
15.01.2026 17:21:01	166,600	0,295	2,9536	0,201	2,0070
15.01.2026 17:21:01	166,650	0,294	2,9414	0,201	2,0102
15.01.2026 17:21:01	166,700	0,293	2,9312	0,200	1,9998
15.01.2026 17:21:01	166,750	0,293	2,9285	0,200	2,0036
15.01.2026 17:21:01	166,800	0,292	2,9245	0,200	1,9966
15.01.2026 17:21:01	166,850	0,293	2,9265	0,200	2,0036
15.01.2026 17:21:01	166,900	0,292	2,9204	0,200	1,9970
15.01.2026 17:21:01	166,950	0,291	2,9075	0,200	1,9984
15.01.2026 17:21:02	167,000	0,290	2,8954	0,199	1,9921
15.01.2026 17:21:02	167,050	0,288	2,8804	0,200	1,9953
15.01.2026 17:21:02	167,100	0,286	2,8616	0,199	1,9872
15.01.2026 17:21:02	167,150	0,284	2,8414	0,199	1,9865
15.01.2026 17:21:02	167,200	0,283	2,8278	0,198	1,9787
15.01.2026 17:21:02	167,250	0,281	2,8060	0,198	1,9770
15.01.2026 17:21:02	167,300	0,279	2,7853	0,197	1,9691
15.01.2026 17:21:02	167,350	0,276	2,7636	0,197	1,9688
15.01.2026 17:21:02	167,400	0,274	2,7422	0,196	1,9572
15.01.2026 17:21:02	167,450	0,271	2,7134	0,196	1,9577
15.01.2026 17:21:02	167,500	0,268	2,6771	0,194	1,9437
15.01.2026 17:21:02	167,550	0,266	2,6564	0,194	1,9425
15.01.2026 17:21:02	167,600	0,264	2,6387	0,193	1,9317
15.01.2026 17:21:02	167,650	0,263	2,6282	0,193	1,9322
15.01.2026 17:21:02	167,700	0,262	2,6237	0,193	1,9268
15.01.2026 17:21:02	167,750	0,262	2,6202	0,193	1,9312
15.01.2026 17:21:02	167,800	0,262	2,6174	0,193	1,9251
15.01.2026 17:21:02	167,850	0,262	2,6161	0,193	1,9296
15.01.2026 17:21:02	167,900	0,260	2,6005	0,192	1,9214
15.01.2026 17:21:02	167,950	0,258	2,5820	0,192	1,9223
15.01.2026 17:21:03	168,000	0,257	2,5704	0,192	1,9161
15.01.2026 17:21:03	168,050	0,256	2,5572	0,191	1,9148
15.01.2026 17:21:03	168,100	0,255	2,5491	0,191	1,9084
15.01.2026 17:21:03	168,150	0,254	2,5408	0,191	1,9097
15.01.2026 17:21:03	168,200	0,253	2,5342	0,191	1,9053
15.01.2026 17:21:03	168,250	0,253	2,5256	0,191	1,9085
15.01.2026 17:21:03	168,300	0,251	2,5113	0,190	1,8963
15.01.2026 17:21:03	168,350	0,250	2,4978	0,190	1,8961
15.01.2026 17:21:03	168,400	0,248	2,4838	0,189	1,8898
15.01.2026 17:21:03	168,450	0,247	2,4689	0,189	1,8917
15.01.2026 17:21:03	168,500	0,245	2,4507	0,188	1,8803
15.01.2026 17:21:03	168,550	0,243	2,4298	0,188	1,8811
15.01.2026 17:21:03	168,600	0,241	2,4081	0,187	1,8664
15.01.2026 17:21:03	168,650	0,240	2,4013	0,187	1,8699
15.01.2026 17:21:03	168,700	0,239	2,3899	0,186	1,8608
15.01.2026 17:21:03	168,750	0,237	2,3746	0,186	1,8616
15.01.2026 17:21:03	168,800	0,236	2,3578	0,185	1,8521
15.01.2026 17:21:03	168,850	0,235	2,3497	0,185	1,8525
15.01.2026 17:21:03	168,900	0,234	2,3429	0,185	1,8457
15.01.2026 17:21:03	168,950	0,234	2,3422	0,185	1,8518
15.01.2026 17:21:04	169,000	0,234	2,3369	0,184	1,8423
15.01.2026 17:21:04	169,050	0,233	2,3337	0,184	1,8447
15.01.2026 17:21:04	169,100	0,234	2,3367	0,184	1,8444
15.01.2026 17:21:04	169,150	0,234	2,3354	0,185	1,8490
15.01.2026 17:21:04	169,200	0,233	2,3270	0,184	1,8428
15.01.2026 17:21:04	169,250	0,232	2,3215	0,185	1,8486
15.01.2026 17:21:04	169,300	0,231	2,3063	0,184	1,8367
15.01.2026 17:21:04	169,350	0,229	2,2922	0,184	1,8354
15.01.2026 17:21:04	169,400	0,228	2,2781	0,183	1,8281
15.01.2026 17:21:04	169,450	0,226	2,2609	0,183	1,8269
15.01.2026 17:21:04	169,500	0,224	2,2431	0,182	1,8164
15.01.2026 17:21:04	169,550	0,222	2,2238	0,181	1,8116
15.01.2026 17:21:04	169,600	0,221	2,2138	0,180	1,8049
15.01.2026 17:21:04	169,650	0,221	2,2059	0,181	1,8064
15.01.2026 17:21:04	169,700	0,219	2,1929	0,180	1,7968
15.01.2026 17:21:04	169,750	0,217	2,1695	0,180	1,7957
15.01.2026 17:21:04	169,800	0,214	2,1426	0,178	1,7799
15.01.2026 17:21:04	169,850	0,213	2,1315	0,178	1,7811
15.01.2026 17:21:04	169,900	0,212	2,1198	0,177	1,7684
15.01.2026 17:21:04	169,950	0,212	2,1153	0,177	1,7733
15.01.2026 17:21:05	170,000	0,211	2,1114	0,177	1,7675
15.01.2026 17:21:05	170,050	0,211	2,1076	0,177	1,7704
15.01.2026 17:21:05	170,100	0,210	2,1019	0,176	1,7627
15.01.2026 17:21:05	170,150	0,209	2,0945	0,176	1,7647
15.01.2026 17:21:05	170,200	0,209	2,0890	0,176	1,7576
15.01.2026 17:21:05	170,250	0,208	2,0833	0,176	1,7610
15.01.2026 17:21:05	170,300	0,208	2,0758	0,175	1,7528
15.01.2026 17:21:05	170,350	0,207	2,0702	0,176	1,7581
15.01.2026 17:21:05	170,400	0,206	2,0584	0,175	1,7473
15.01.2026 17:21:05	170,450	0,205	2,0525	0,175	1,7519
15.01.2026 17:21:05	170,500	0,204	2,0407	0,174	1,7400
15.01.2026 17:21:05	170,550	0,204	2,0359	0,174	1,7438
15.01.2026 17:21:05	170,600	0,202	2,0235	0,173	1,7327
15.01.2026 17:21:05	170,650	0,202	2,0168	0,174	1,7352
15.01.2026 17:21:05	170,700	0,200	2,0039	0,173	1,7281
15.01.2026 17:21:05	170,750	0,199	1,9854	0,172	1,7247
15.01.2026 17:21:05	170,800	0,197	1,9707	0,171	1,7130
15.01.2026 17:21:05	170,850	0,196	1,9621	0,171	1,7129
15.01.2026 17:21:05	170,900	0,196	1,9595	0,171	1,7084
15.01.2026 17:21:05	170,950	0,195	1,9539	0,171	1,7104
15.01.2026 17:21:06	171,000	0,195	1,9508	0,170	1,7047
15.01.2026 17:21:06	171,050	0,194	1,9415	0,171	1,7061
15.01.2026 17:21:06	171,100	0,193	1,9284	0,170	1,6952
15.01.2026 17:21:06	171,150	0,192	1,9176	0,170	1,6966
15.01.2026 17:21:06	171,200	0,190	1,8962	0,168	1,6833
15.01.2026 17:21:06	171,250	0,188	1,8762	0,168	1,6824
15.01.2026 17:21:06	171,300	0,186	1,8555	0,167	1,6670
15.01.2026 17:21:06	171,350	0,183	1,8344	0,166	1,6621
15.01.2026 17:21:06	171,400	0,182	1,8198	0,165	1,6538
15.01.2026 17:21:06	171,450	0,180	1,8001	0,165	1,6458
15.01.2026 17:21:06	171,500	0,179	1,7892	0,164	1,6359
15.01.2026 17:21:06	171,550	0,178	1,7822	0,164	1,6365
15.01.2026 17:21:06	171,600	0,178	1,7770	0,163	1,6293
15.01.2026 17:21:06	171,650	0,177	1,7724	0,163	1,6307
15.01.2026 17:21:06	171,700	0,176	1,7633	0,162	1,6228
15.01.2026 17:21:06	171,750	0,175	1,7549	0,162	1,6238
15.01.2026 17:21:06	171,800	0,175	1,7462	0,161	1,6135
15.01.2026 17:21:06	171,850	0,174	1,7403	0,162	1,6155
15.01.2026 17:21:06	171,900	0,174	1,7375	0,161	1,6130
15.01.2026 17:21:06	171,950	0,173	1,7274	0,161	1,6109
15.01.2026 17:21:07	172,000	0,172	1,7181	0,160	1,6011
15.01.2026 17:21:07	172,050	0,171	1,7098	0,160	1,6021
15.01.2026 17:21:07	172,100	0,170	1,7042	0,160	1,5960
15.01.2026 17:21:07	172,150	0,169	1,6932	0,160	1,5952
15.01.2026 17:21:07	172,200	0,168	1,6837	0,158	1,5846
15.01.2026 17:21:07	172,250	0,168	1,6779	0,159	1,5872
15.01.2026 17:21:07	172,300	0,166	1,6632	0,157	1,5730
15.01.2026 17:21:07	172,350	0,165	1,6531	0,158	1,5753
15.01.2026 17:21:07	172,400	0,164	1,6388	0,157	1,5652
15.01.2026 17:21:07	172,450	0,162	1,6203	0,156	1,5595
15.01.2026 17:21:07	172,500	0,161	1,6096	0,155	1,5511
15.01.2026 17:21:07	172,550	0,159	1,5949	0,155	1,5483
15.01.2026 17:21:07	172,600	0,158	1,5827	0,154	1,5372
15.01.2026 17:21:07	172,650	0,157	1,5704	0,154	1,5356
15.01.2026 17:21:07	172,700	0,156	1,5566	0,152	1,5235
15.01.2026 17:21:07	172,750	0,154	1,5447	0,152	1,5197
15.01.2026 17:21:07	172,800	0,153	1,5348	0,151	1,5117
15.01.2026 17:21:07	172,850	0,152	1,5212	0,151	1,5086
15.01.2026 17:21:07	172,900	0,151	1,5066	0,150	1,4973
15.01.2026 17:21:07	172,950	0,149	1,4903	0,149	1,4944
15.01.2026 17:21:08	173,000	0,147	1,4750	0,148	1,4825
15.01.2026 17:21:08	173,050	0,146	1,4618	0,148	1,4782
15.01.2026 17:21:08	173,100	0,145	1,4538	0,147	1,4690
15.01.2026 17:21:08	173,150	0,145	1,4472	0,147	1,4682
15.01.2026 17:21:08	173,200	0,144	1,4419	0,146	1,4604
15.01.2026 17:21:08	173,250	0,143	1,4320	0,146	1,4593
15.01.2026 17:21:08	173,300	0,143	1,4255	0,145	1,4533
15.01.2026 17:21:08	173,350	0,141	1,4110	0,145	1,4489
15.01.2026 17:21:08	173,400	0,140	1,3983	0,144	1,4375
15.01.2026 17:21:08	173,450	0,139	1,3856	0,144	1,4357
15.01.2026 17:21:08	173,500	0,137	1,3722	0,142	1,4234
15.01.2026 17:21:08	173,550	0,135	1,3509	0,142	1,4160
15.01.2026 17:21:08	173,600	0,134	1,3394	0,141	1,4069
15.01.2026 17:21:08	173,650	0,132	1,3231	0,140	1,4002
15.01.2026 17:21:08	173,700	0,131	1,3111	0,139	1,3890
15.01.2026 17:21:08	173,750	0,130	1,2979	0,139	1,3852
15.01.2026 17:21:08	173,800	0,129	1,2911	0,138	1,3766
15.01.2026 17:21:08	173,850	0,128	1,2837	0,137	1,3750
15.01.2026 17:21:08	173,900	0,128	1,2799	0,137	1,3671
15.01.2026 17:21:08	173,950	0,127	1,2747	0,137	1,3687
15.01.2026 17:21:09	174,000	0,127	1,2695	0,136	1,3595
15.01.2026 17:21:09	174,050	0,127	1,2692	0,136	1,3647
15.01.2026 17:21:09	174,100	0,127	1,2658	0,136	1,3566
15.01.2026 17:21:09	174,150	0,126	1,2624	0,136	1,3601
15.01.2026 17:21:09	174,200	0,125	1,2542	0,135	1,3509
15.01.2026 17:21:09	174,250	0,125	1,2459	0,135	1,3519
15.01.2026 17:21:09	174,300	0,124	1,2446	0,135	1,3490
15.01.2026 17:21:09	174,350	0,123	1,2317	0,134	1,3437
15.01.2026 17:21:09	174,400	0,122	1,2200	0,133	1,3314
15.01.2026 17:21:09	174,450	0,121	1,2107	0,133	1,3317
15.01.2026 17:21:09	174,500	0,120	1,1989	0,132	1,3216
15.01.2026 17:21:09	174,550	0,118	1,1838	0,132	1,3178
15.01.2026 17:21:09	174,600	0,116	1,1625	0,130	1,3027
15.01.2026 17:21:09	174,650	0,114	1,1414	0,130	1,2960
15.01.2026 17:21:09	174,700	0,112	1,1224	0,128	1,2771
15.01.2026 17:21:09	174,750	0,111	1,1133	0,127	1,2739
15.01.2026 17:21:09	174,800	0,110	1,1042	0,126	1,2631
15.01.2026 17:21:09	174,850	0,110	1,0957	0,126	1,2593
15.01.2026 17:21:09	174,900	0,109	1,0858	0,125	1,2466
15.01.2026 17:21:09	174,950	0,108	1,0845	0,125	1,2504
15.01.2026 17:21:10	175,000	0,108	1,0768	0,124	1,2402
15.01.2026 17:21:10	175,050	0,107	1,0706	0,124	1,2407
15.01.2026 17:21:10	175,100	0,106	1,0617	0,123	1,2319
15.01.2026 17:21:10	175,150	0,105	1,0536	0,123	1,2326
15.01.2026 17:21:10	175,200	0,104	1,0398	0,122	1,2195
15.01.2026 17:21:10	175,250	0,103	1,0302	0,122	1,2164
15.01.2026 17:21:10	175,300	0,102	1,0216	0,121	1,2079
15.01.2026 17:21:10	175,350	0,101	1,0121	0,120	1,2032
15.01.2026 17:21:10	175,400	0,100	1,0022	0,119	1,1935
15.01.2026 17:21:10	175,450	0,099	0,9904	0,119	1,1882
15.01.2026 17:21:10	175,500	0,099	0,9852	0,118	1,1807
15.01.2026 17:21:10	175,550	0,097	0,9721	0,117	1,1747
15.01.2026 17:21:10	175,600	0,096	0,9646	0,117	1,1673
15.01.2026 17:21:10	175,650	0,095	0,9525	0,116	1,1627
15.01.2026 17:21:10	175,700	0,094	0,9418	0,115	1,1526
15.01.2026 17:21:10	175,750	0,093	0,9306	0,115	1,1484
15.01.2026 17:21:10	175,800	0,092	0,9213	0,114	1,1386
15.01.2026 17:21:10	175,850	0,091	0,9116	0,114	1,1350
15.01.2026 17:21:10	175,900	0,090	0,8996	0,112	1,1220
15.01.2026 17:21:10	175,950	0,089	0,8892	0,112	1,1191
15.01.2026 17:21:11	176,000	0,088	0,8762	0,111	1,1057
15.01.2026 17:21:11	176,050	0,087	0,8656	0,110	1,1015
15.01.2026 17:21:11	176,100	0,085	0,8533	0,109	1,0892
15.01.2026 17:21:11	176,150	0,084	0,8450	0,109	1,0871
15.01.2026 17:21:11	176,200	0,083	0,8321	0,107	1,0724
15.01.2026 17:21:11	176,250	0,082	0,8205	0,107	1,0676
15.01.2026 17:21:11	176,300	0,081	0,8101	0,106	1,0574
15.01.2026 17:21:11	176,350	0,080	0,8021	0,105	1,0526
15.01.2026 17:21:11	176,400	0,080	0,7968	0,104	1,0448
15.01.2026 17:21:11	176,450	0,080	0,7951	0,105	1,0460
15.01.2026 17:21:11	176,500	0,079	0,7875	0,103	1,0348
15.01.2026 17:21:11	176,550	0,079	0,7852	0,104	1,0367
15.01.2026 17:21:11	176,600	0,078	0,7781	0,103	1,0285
15.01.2026 17:21:11	176,650	0,077	0,7684	0,103	1,0269
15.01.2026 17:21:11	176,700	0,076	0,7581	0,102	1,0166
15.01.2026 17:21:11	176,750	0,075	0,7474	0,101	1,0112
15.01.2026 17:21:11	176,800	0,073	0,7338	0,100	0,9987
15.01.2026 17:21:11	176,850	0,073	0,7295	0,100	0,9987
15.01.2026 17:21:11	176,900	0,072	0,7152	0,099	0,9858
15.01.2026 17:21:11	176,950	0,070	0,6995	0,098	0,9783
15.01.2026 17:21:12	177,000	0,069	0,6875	0,096	0,9624
15.01.2026 17:21:12	177,050	0,068	0,6792	0,096	0,9606
15.01.2026 17:21:12	177,100	0,067	0,6666	0,095	0,9467
15.01.2026 17:21:12	177,150	0,065	0,6506	0,094	0,9353
15.01.2026 17:21:12	177,200	0,064	0,6415	0,093	0,9273
15.01.2026 17:21:12	177,250	0,063	0,6287	0,092	0,9197
15.01.2026 17:21:12	177,300	0,062	0,6155	0,091	0,9051
15.01.2026 17:21:12	177,350	0,060	0,6040	0,090	0,8994
15.01.2026 17:21:12	177,400	0,060	0,5950	0,089	0,8901
15.01.2026 17:21:12	177,450	0,058	0,5806	0,088	0,8793
15.01.2026 17:21:12	177,500	0,057	0,5715	0,087	0,8699
15.01.2026 17:21:12	177,550	0,056	0,5612	0,086	0,8614
15.01.2026 17:21:12	177,600	0,056	0,5577	0,085	0,8539
15.01.2026 17:21:12	177,650	0,055	0,5469	0,085	0,8461
15.01.2026 17:21:12	177,700	0,055	0,5473	0,084	0,8433
15.01.2026 17:21:12	177,750	0,054	0,5426	0,084	0,8410
15.01.2026 17:21:12	177,800	0,054	0,5384	0,083	0,8337
15.01.2026 17:21:12	177,850	0,053	0,5298	0,083	0,8294
15.01.2026 17:21:12	177,900	0,052	0,5211	0,082	0,8202
15.01.2026 17:21:12	177,950	0,051	0,5099	0,082	0,8164
15.01.2026 17:21:13	178,000	0,049	0,4940	0,080	0,8000
15.01.2026 17:21:13	178,050	0,048	0,4792	0,079	0,7923
15.01.2026 17:21:13	178,100	0,047	0,4669	0,078	0,7779
15.01.2026 17:21:13	178,150	0,046	0,4560	0,077	0,7712
15.01.2026 17:21:13	178,200	0,045	0,4463	0,076	0,7580
15.01.2026 17:21:13	178,250	0,043	0,4324	0,075	0,7472
15.01.2026 17:21:13	178,300	0,043	0,4258	0,074	0,7359
15.01.2026 17:21:13	178,350	0,042	0,4211	0,073	0,7335
15.01.2026 17:21:13	178,400	0,041	0,4126	0,072	0,7215
15.01.2026 17:21:13	178,450	0,041	0,4058	0,072	0,7191
15.01.2026 17:21:13	178,500	0,040	0,3950	0,071	0,7094
15.01.2026 17:21:13	178,550	0,038	0,3832	0,070	0,7009
15.01.2026 17:21:13	178,600	0,037	0,3706	0,068	0,6847
15.01.2026 17:21:13	178,650	0,036	0,3622	0,068	0,6790
15.01.2026 17:21:13	178,700	0,035	0,3533	0,067	0,6686
15.01.2026 17:21:13	178,750	0,034	0,3416	0,066	0,6592
15.01.2026 17:21:13	178,800	0,034	0,3351	0,065	0,6503
15.01.2026 17:21:13	178,850	0,032	0,3215	0,064	0,6411
15.01.2026 17:21:13	178,900	0,031	0,3106	0,063	0,6283
15.01.2026 17:21:13	178,950	0,030	0,2996	0,062	0,6204
15.01.2026 17:21:14	179,000	0,029	0,2863	0,060	0,6045
15.01.2026 17:21:14	179,050	0,027	0,2722	0,059	0,5920
15.01.2026 17:21:14	179,100	0,026	0,2628	0,058	0,5791
15.01.2026 17:21:14	179,150	0,025	0,2535	0,057	0,5716
15.01.2026 17:21:14	179,200	0,024	0,2422	0,056	0,5566
15.01.2026 17:21:14	179,250	0,023	0,2292	0,055	0,5453
15.01.2026 17:21:14	179,300	0,022	0,2155	0,053	0,5311
15.01.2026 17:21:14	179,350	0,020	0,1963	0,052	0,5170
15.01.2026 17:21:14	179,400	0,018	0,1781	0,049	0,4941
15.01.2026 17:21:14	179,450	0,016	0,1621	0,048	0,4795
15.01.2026 17:21:14	179,500	0,015	0,1500	0,046	0,4614
15.01.2026 17:21:14	179,550	0,014	0,1423	0,045	0,4511
15.01.2026 17:21:14	179,600	0,013	0,1332	0,044	0,4356
15.01.2026 17:21:14	179,650	0,012	0,1209	0,042	0,4243
15.01.2026 17:21:14	179,700	0,011	0,1115	0,041	0,4088
15.01.2026 17:21:14	179,750	0,010	0,1010	0,040	0,3991
15.01.2026 17:21:14	179,800	0,009	0,0911	0,038	0,3834
15.01.2026 17:21:14	179,850	0,008	0,0794	0,037	0,3719
15.01.2026 17:21:14	179,900	0,008	0,0784	0,036	0,3637
15.01.2026 17:21:14	179,950	0,007	0,0699	0,036	0,3552
15.01.2026 17:21:15	180,000	0,006	0,0616	0,034	0,3417
15.01.2026 17:21:15	180,050	0,006	0,0593	0,034	0,3390
15.01.2026 17:21:15	180,100	0,006	0,0569	0,033	0,3315
15.01.2026 17:21:15	180,150	0,005	0,0509	0,033	0,3259
15.01.2026 17:21:15	180,200	0,004	0,0449	0,032	0,3159
15.01.2026 17:21:15	180,250	0,005	0,0475	0,032	0,3196
15.01.2026 17:21:15	180,300	0,004	0,0439	0,031	0,3108
15.01.2026 17:21:15	180,350	0,004	0,0413	0,031	0,3102
15.01.2026 17:21:15	180,400	0,004	0,0373	0,030	0,3015
15.01.2026 17:21:15	180,450	0,004	0,0367	0,030	0,3027
15.01.2026 17:21:15	180,500	0,004	0,0370	0,030	0,2995
15.01.2026 17:21:15	180,550	0,003	0,0336	0,030	0,2969
15.01.2026 17:21:15	180,600	0,003	0,0309	0,029	0,2915
15.01.2026 17:21:15	180,650	0,003	0,0297	0,029	0,2914
15.01.2026 17:21:15	180,700	0,003	0,0261	0,028	0,2846
15.01.2026 17:21:15	180,750	0,003	0,0307	0,029	0,2909
15.01.2026 17:21:15	180,800	0,003	0,0266	0,028	0,2842
15.01.2026 17:21:15	180,850	0,003	0,0250	0,028	0,2845
15.01.2026 17:21:15	180,900	0,003	0,0267	0,028	0,2826
15.01.2026 17:21:15	180,950	0,002	0,0210	0,028	0,2796
15.01.2026 17:21:16	181,000	0,002	0,0227	0,028	0,2780
15.01.2026 17:21:16	181,050	0,002	0,0228	0,028	0,2809
15.01.2026 17:21:16	181,100	0,002	0,0208	0,027	0,2749
15.01.2026 17:21:16	181,150	0,002	0,0207	0,028	0,2771
15.01.2026 17:21:16	181,200	0,002	0,0191	0,027	0,2724
15.01.2026 17:21:16	181,250	0,002	0,0186	0,027	0,2741
15.01.2026 17:21:16	181,300	0,002	0,0175	0,027	0,2711
15.01.2026 17:21:16	181,350	0,002	0,0206	0,028	0,2766
15.01.2026 17:21:16	181,400	0,002	0,0201	0,027	0,2738
15.01.2026 17:21:16	181,450	0,002	0,0191	0,027	0,2738
15.01.2026 17:21:16	181,500	0,002	0,0201	0,027	0,2727
15.01.2026 17:21:16	181,550	0,002	0,0209	0,028	0,2759
15.01.2026 17:21:16	181,600	0,002	0,0201	0,027	0,2723
15.01.2026 17:21:16	181,650	0,002	0,0186	0,027	0,2732
15.01.2026 17:21:16	181,700	0,002	0,0179	0,027	0,2697
15.01.2026 17:21:16	181,750	0,002	0,0174	0,027	0,2716
15.01.2026 17:21:16	181,800	0,002	0,0166	0,027	0,2684
15.01.2026 17:21:16	181,850	0,002	0,0209	0,027	0,2741
15.01.2026 17:21:16	181,900	0,002	0,0179	0,027	0,2699
15.01.2026 17:21:16	181,950	0,002	0,0196	0,027	0,2729
15.01.2026 17:21:17	182,000	0,002	0,0187	0,027	0,2698
15.01.2026 17:21:17	182,050	0,001	0,0140	0,027	0,2680
15.01.2026 17:21:17	182,100	0,002	0,0183	0,027	0,2695
15.01.2026 17:21:17	182,150	0,002	0,0190	0,027	0,2725
15.01.2026 17:21:17	182,200	0,002	0,0169	0,027	0,2695
15.01.2026 17:21:17	182,250	7,953E-4	0,0080	0,027	0,2652
15.01.2026 17:21:17	182,300	2,020E-4	0,0020	0,026	0,2598
15.01.2026 17:21:17	182,350	-8,197E-4	-0,0082	0,025	0,2504
15.01.2026 17:21:17	182,400	-0,001	-0,0101	0,024	0,2441
15.01.2026 17:21:17	182,450	-0,002	-0,0160	0,024	0,2384
15.01.2026 17:21:17	182,500	-0,003	-0,0285	0,022	0,2233
15.01.2026 17:21:17	182,550	-0,004	-0,0390	0,021	0,2132
15.01.2026 17:21:17	182,600	-0,005	-0,0539	0,019	0,1931
15.01.2026 17:21:17	182,650	-0,006	-0,0636	0,018	0,1788
15.01.2026 17:21:17	182,700	-0,007	-0,0721	0,016	0,1620
15.01.2026 17:21:17	182,750	-0,008	-0,0808	0,015	0,1493
15.01.2026 17:21:17	182,800	-0,009	-0,0863	0,014	0,1378
15.01.2026 17:21:17	182,850	-0,009	-0,0930	0,013	0,1285
15.01.2026 17:21:17	182,900	-0,011	-0,1056	0,011	0,1102
15.01.2026 17:21:17	182,950	-0,012	-0,1153	0,010	0,0956
15.01.2026 17:21:18	183,000	-0,012	-0,1207	0,008	0,0828
15.01.2026 17:21:18	183,050	-0,013	-0,1336	0,007	0,0672
15.01.2026 17:21:18	183,100	-0,014	-0,1449	0,005	0,0469
15.01.2026 17:21:18	183,150	-0,015	-0,1532	0,003	0,0330
15.01.2026 17:21:18	183,200	-0,016	-0,1633	0,001	0,0107
15.01.2026 17:21:18	183,250	-0,017	-0,1690	-1,968E-4	-0,0020
15.01.2026 17:21:18	183,300	-0,018	-0,1801	-0,002	-0,0223
15.01.2026 17:21:18	183,350	-0,018	-0,1822	-0,003	-0,0305
15.01.2026 17:21:18	183,400	-0,019	-0,1906	-0,005	-0,0470
15.01.2026 17:21:18	183,450	-0,020	-0,1984	-0,006	-0,0613
15.01.2026 17:21:18	183,500	-0,021	-0,2095	-0,008	-0,0822
15.01.2026 17:21:18	183,550	-0,022	-0,2217	-0,010	-0,1024
15.01.2026 17:21:18	183,600	-0,023	-0,2297	-0,012	-0,1219
15.01.2026 17:21:18	183,650	-0,024	-0,2379	-0,014	-0,1412
15.01.2026 17:21:18	183,700	-0,025	-0,2468	-0,016	-0,1644
15.01.2026 17:21:18	183,750	-0,025	-0,2530	-0,018	-0,1831
15.01.2026 17:21:18	183,800	-0,026	-0,2561	-0,020	-0,2007
15.01.2026 17:21:18	183,850	-0,026	-0,2624	-0,022	-0,2183
15.01.2026 17:21:18	183,900	-0,027	-0,2695	-0,024	-0,2392
15.01.2026 17:21:18	183,950	-0,027	-0,2738	-0,025	-0,2538
15.01.2026 17:21:19	184,000	-0,027	-0,2750	-0,027	-0,2670
15.01.2026 17:21:19	184,050	-0,028	-0,2811	-0,028	-0,2813
15.01.2026 17:21:19	184,100	-0,029	-0,2852	-0,030	-0,2978
15.01.2026 17:21:19	184,150	-0,029	-0,2907	-0,031	-0,3112
15.01.2026 17:21:19	184,200	-0,030	-0,2955	-0,033	-0,3288
15.01.2026 17:21:19	184,250	-0,030	-0,2987	-0,034	-0,3423
15.01.2026 17:21:19	184,300	-0,030	-0,3041	-0,036	-0,3622
15.01.2026 17:21:19	184,350	-0,031	-0,3082	-0,038	-0,3764
15.01.2026 17:21:19	184,400	-0,032	-0,3158	-0,040	-0,4002
15.01.2026 17:21:19	184,450	-0,032	-0,3190	-0,042	-0,4176
15.01.2026 17:21:19	184,500	-0,033	-0,3257	-0,044	-0,4440
15.01.2026 17:21:19	184,550	-0,033	-0,3324	-0,047	-0,4682
15.01.2026 17:21:19	184,600	-0,034	-0,3359	-0,049	-0,4926
15.01.2026 17:21:19	184,650	-0,034	-0,3402	-0,052	-0,5164
15.01.2026 17:21:19	184,700	-0,035	-0,3478	-0,055	-0,5466
15.01.2026 17:21:19	184,750	-0,035	-0,3544	-0,057	-0,5711
15.01.2026 17:21:19	184,800	-0,036	-0,3555	-0,059	-0,5943
15.01.2026 17:21:19	184,850	-0,036	-0,3578	-0,061	-0,6133
15.01.2026 17:21:19	184,900	-0,037	-0,3667	-0,064	-0,6436
15.01.2026 17:21:19	184,950	-0,037	-0,3724	-0,067	-0,6700
15.01.2026 17:21:20	185,000	-0,038	-0,3785	-0,070	-0,7012
15.01.2026 17:21:20	185,050	-0,038	-0,3844	-0,073	-0,7302
15.01.2026 17:21:20	185,100	-0,039	-0,3897	-0,076	-0,7614
15.01.2026 17:21:20	185,150	-0,040	-0,3957	-0,079	-0,7906
15.01.2026 17:21:20	185,200	-0,040	-0,4029	-0,082	-0,8250
15.01.2026 17:21:20	185,250	-0,041	-0,4132	-0,086	-0,8596
15.01.2026 17:21:20	185,300	-0,042	-0,4190	-0,090	-0,8966
15.01.2026 17:21:20	185,350	-0,043	-0,4275	-0,093	-0,9326
15.01.2026 17:21:20	185,400	-0,043	-0,4333	-0,097	-0,9706
15.01.2026 17:21:20	185,450	-0,044	-0,4401	-0,100	-1,0049
15.01.2026 17:21:20	185,500	-0,045	-0,4495	-0,105	-1,0471
15.01.2026 17:21:20	185,550	-0,046	-0,4578	-0,108	-1,0843
15.01.2026 17:21:20	185,600	-0,046	-0,4629	-0,112	-1,1199
15.01.2026 17:21:20	185,650	-0,047	-0,4696	-0,116	-1,1558
15.01.2026 17:21:20	185,700	-0,048	-0,4803	-0,120	-1,1969
15.01.2026 17:21:20	185,750	-0,049	-0,4889	-0,123	-1,2340
15.01.2026 17:21:20	185,800	-0,050	-0,4957	-0,127	-1,2738
15.01.2026 17:21:20	185,850	-0,050	-0,5047	-0,131	-1,3138
15.01.2026 17:21:20	185,900	-0,052	-0,5170	-0,136	-1,3612
15.01.2026 17:21:20	185,950	-0,052	-0,5250	-0,140	-1,4029
15.01.2026 17:21:21	186,000	-0,053	-0,5345	-0,145	-1,4465
15.01.2026 17:21:21	186,050	-0,054	-0,5443	-0,149	-1,4890
15.01.2026 17:21:21	186,100	-0,055	-0,5548	-0,154	-1,5365
15.01.2026 17:21:21	186,150	-0,056	-0,5620	-0,158	-1,5772
15.01.2026 17:21:21	186,200	-0,058	-0,5754	-0,163	-1,6278
15.01.2026 17:21:21	186,250	-0,059	-0,5874	-0,167	-1,6733
15.01.2026 17:21:21	186,300	-0,060	-0,5952	-0,172	-1,7171
15.01.2026 17:21:21	186,350	-0,061	-0,6055	-0,176	-1,7603
15.01.2026 17:21:21	186,400	-0,061	-0,6136	-0,180	-1,8032
15.01.2026 17:21:21	186,450	-0,063	-0,6273	-0,185	-1,8479
15.01.2026 17:21:21	186,500	-0,063	-0,6327	-0,189	-1,8869
15.01.2026 17:21:21	186,550	-0,064	-0,6448	-0,193	-1,9297
15.01.2026 17:21:21	186,600	-0,065	-0,6536	-0,197	-1,9700
15.01.2026 17:21:21	186,650	-0,066	-0,6616	-0,201	-2,0052
15.01.2026 17:21:21	186,700	-0,067	-0,6687	-0,204	-2,0409
15.01.2026 17:21:21	186,750	-0,068	-0,6805	-0,208	-2,0776
15.01.2026 17:21:21	186,800	-0,069	-0,6939	-0,212	-2,1215
15.01.2026 17:21:21	186,850	-0,071	-0,7065	-0,216	-2,1593
15.01.2026 17:21:21	186,900	-0,072	-0,7188	-0,220	-2,2012
15.01.2026 17:21:21	186,950	-0,073	-0,7287	-0,224	-2,2381
15.01.2026 17:21:22	187,000	-0,074	-0,7444	-0,228	-2,2819
15.01.2026 17:21:22	187,050	-0,077	-0,7659	-0,233	-2,3303
15.01.2026 17:21:22	187,100	-0,078	-0,7817	-0,238	-2,3767
15.01.2026 17:21:22	187,150	-0,080	-0,7993	-0,242	-2,4237
15.01.2026 17:21:22	187,200	-0,081	-0,8136	-0,247	-2,4701
15.01.2026 17:21:22	187,250	-0,083	-0,8251	-0,251	-2,5086
15.01.2026 17:21:22	187,300	-0,084	-0,8356	-0,255	-2,5476
15.01.2026 17:21:22	187,350	-0,085	-0,8503	-0,259	-2,5867
15.01.2026 17:21:22	187,400	-0,087	-0,8684	-0,263	-2,6304
15.01.2026 17:21:22	187,450	-0,088	-0,8803	-0,266	-2,6644
15.01.2026 17:21:22	187,500	-0,090	-0,8958	-0,270	-2,7031
15.01.2026 17:21:22	187,550	-0,091	-0,9067	-0,273	-2,7348
15.01.2026 17:21:22	187,600	-0,092	-0,9227	-0,277	-2,7726
15.01.2026 17:21:22	187,650	-0,094	-0,9360	-0,280	-2,8047
15.01.2026 17:21:22	187,700	-0,095	-0,9509	-0,284	-2,8390
15.01.2026 17:21:22	187,750	-0,096	-0,9604	-0,287	-2,8662
15.01.2026 17:21:22	187,800	-0,097	-0,9718	-0,289	-2,8944
15.01.2026 17:21:22	187,850	-0,099	-0,9865	-0,292	-2,9227
15.01.2026 17:21:22	187,900	-0,100	-1,0013	-0,295	-2,9508
15.01.2026 17:21:22	187,950	-0,102	-1,0187	-0,298	-2,9808
15.01.2026 17:21:23	188,000	-0,103	-1,0273	-0,300	-3,0045
15.01.2026 17:21:23	188,050	-0,104	-1,0414	-0,303	-3,0308
15.01.2026 17:21:23	188,100	-0,106	-1,0593	-0,306	-3,0612
15.01.2026 17:21:23	188,150	-0,107	-1,0713	-0,308	-3,0846
15.01.2026 17:21:23	188,200	-0,109	-1,0860	-0,311	-3,1109
15.01.2026 17:21:23	188,250	-0,110	-1,0998	-0,313	-3,1340
15.01.2026 17:21:23	188,300	-0,112	-1,1175	-0,316	-3,1626
15.01.2026 17:21:23	188,350	-0,113	-1,1327	-0,319	-3,1899
15.01.2026 17:21:23	188,400	-0,114	-1,1413	-0,321	-3,2099
15.01.2026 17:21:23	188,450	-0,115	-1,1528	-0,323	-3,2288
15.01.2026 17:21:23	188,500	-0,116	-1,1610	-0,325	-3,2471
15.01.2026 17:21:23	188,550	-0,117	-1,1733	-0,327	-3,2657
15.01.2026 17:21:23	188,600	-0,118	-1,1794	-0,328	-3,2805
15.01.2026 17:21:23	188,650	-0,119	-1,1862	-0,329	-3,2931
15.01.2026 17:21:23	188,700	-0,120	-1,1959	-0,331	-3,3073
15.01.2026 17:21:23	188,750	-0,121	-1,2074	-0,332	-3,3214
15.01.2026 17:21:23	188,800	-0,122	-1,2184	-0,334	-3,3382
15.01.2026 17:21:23	188,850	-0,123	-1,2290	-0,335	-3,3518
15.01.2026 17:21:23	188,900	-0,124	-1,2420	-0,337	-3,3687
15.01.2026 17:21:23	188,950	-0,125	-1,2529	-0,338	-3,3822
15.01.2026 17:21:24	189,000	-0,126	-1,2635	-0,340	-3,3970
15.01.2026 17:21:24	189,050	-0,128	-1,2757	-0,341	-3,4106
15.01.2026 17:21:24	189,100	-0,129	-1,2910	-0,343	-3,4310
15.01.2026 17:21:24	189,150	-0,130	-1,3037	-0,345	-3,4471
15.01.2026 17:21:24	189,200	-0,131	-1,3145	-0,346	-3,4629
15.01.2026 17:21:24	189,250	-0,132	-1,3223	-0,347	-3,4745
15.01.2026 17:21:24	189,300	-0,133	-1,3300	-0,349	-3,4871
15.01.2026 17:21:24	189,350	-0,134	-1,3404	-0,350	-3,5011
15.01.2026 17:21:24	189,400	-0,135	-1,3496	-0,351	-3,5119
15.01.2026 17:21:24	189,450	-0,136	-1,3594	-0,352	-3,5222
15.01.2026 17:21:24	189,500	-0,137	-1,3719	-0,354	-3,5385
15.01.2026 17:21:24	189,550	-0,138	-1,3843	-0,355	-3,5518
15.01.2026 17:21:24	189,600	-0,139	-1,3920	-0,356	-3,5623
15.01.2026 17:21:24	189,650	-0,141	-1,4053	-0,358	-3,5772
15.01.2026 17:21:24	189,700	-0,141	-1,4128	-0,359	-3,5871
15.01.2026 17:21:24	189,750	-0,142	-1,4222	-0,360	-3,5986
15.01.2026 17:21:24	189,800	-0,143	-1,4331	-0,361	-3,6117
15.01.2026 17:21:24	189,850	-0,144	-1,4424	-0,362	-3,6227
15.01.2026 17:21:24	189,900	-0,145	-1,4467	-0,363	-3,6302
15.01.2026 17:21:24	189,950	-0,146	-1,4573	-0,364	-3,6395
15.01.2026 17:21:25	190,000	-0,147	-1,4713	-0,365	-3,6531
15.01.2026 17:21:25	190,050	-0,148	-1,4816	-0,366	-3,6640
15.01.2026 17:21:25	190,100	-0,149	-1,4895	-0,367	-3,6749
15.01.2026 17:21:25	190,150	-0,150	-1,4987	-0,368	-3,6838
15.01.2026 17:21:25	190,200	-0,151	-1,5074	-0,369	-3,6948
15.01.2026 17:21:25	190,250	-0,151	-1,5136	-0,370	-3,7014
15.01.2026 17:21:25	190,300	-0,152	-1,5217	-0,371	-3,7107
15.01.2026 17:21:25	190,350	-0,153	-1,5350	-0,372	-3,7240
15.01.2026 17:21:25	190,400	-0,154	-1,5426	-0,373	-3,7307
15.01.2026 17:21:25	190,450	-0,155	-1,5530	-0,374	-3,7411
15.01.2026 17:21:25	190,500	-0,156	-1,5630	-0,375	-3,7512
15.01.2026 17:21:25	190,550	-0,158	-1,5761	-0,376	-3,7636
15.01.2026 17:21:25	190,600	-0,158	-1,5845	-0,377	-3,7713
15.01.2026 17:21:25	190,650	-0,160	-1,5973	-0,378	-3,7846
15.01.2026 17:21:25	190,700	-0,160	-1,6010	-0,379	-3,7901
15.01.2026 17:21:25	190,750	-0,161	-1,6069	-0,380	-3,7973
15.01.2026 17:21:25	190,800	-0,162	-1,6158	-0,381	-3,8068
15.01.2026 17:21:25	190,850	-0,162	-1,6185	-0,381	-3,8098
15.01.2026 17:21:25	190,900	-0,162	-1,6249	-0,382	-3,8168
15.01.2026 17:21:25	190,950	-0,163	-1,6338	-0,383	-3,8259
15.01.2026 17:21:26	191,000	-0,163	-1,6329	-0,383	-3,8260
15.01.2026 17:21:26	191,050	-0,164	-1,6411	-0,383	-3,8335
15.01.2026 17:21:26	191,100	-0,164	-1,6420	-0,384	-3,8361
15.01.2026 17:21:26	191,150	-0,165	-1,6453	-0,384	-3,8402
15.01.2026 17:21:26	191,200	-0,165	-1,6461	-0,384	-3,8419
15.01.2026 17:21:26	191,250	-0,165	-1,6483	-0,384	-3,8426
15.01.2026 17:21:26	191,300	-0,165	-1,6528	-0,385	-3,8491
15.01.2026 17:21:26	191,350	-0,165	-1,6516	-0,385	-3,8509
15.01.2026 17:21:26	191,400	-0,164	-1,6436	-0,385	-3,8466
15.01.2026 17:21:26	191,450	-0,164	-1,6382	-0,384	-3,8441
15.01.2026 17:21:26	191,500	-0,163	-1,6332	-0,385	-3,8456
15.01.2026 17:21:26	191,550	-0,163	-1,6314	-0,385	-3,8457
15.01.2026 17:21:26	191,600	-0,163	-1,6295	-0,385	-3,8469
15.01.2026 17:21:26	191,650	-0,162	-1,6186	-0,384	-3,8412
15.01.2026 17:21:26	191,700	-0,162	-1,6155	-0,385	-3,8450
15.01.2026 17:21:26	191,750	-0,161	-1,6065	-0,384	-3,8425
15.01.2026 17:21:26	191,800	-0,159	-1,5931	-0,384	-3,8378
15.01.2026 17:21:26	191,850	-0,158	-1,5824	-0,384	-3,8377
15.01.2026 17:21:26	191,900	-0,157	-1,5706	-0,384	-3,8364
15.01.2026 17:21:26	191,950	-0,155	-1,5535	-0,383	-3,8285
15.01.2026 17:21:27	192,000	-0,155	-1,5498	-0,383	-3,8327
15.01.2026 17:21:27	192,050	-0,154	-1,5388	-0,383	-3,8284
15.01.2026 17:21:27	192,100	-0,153	-1,5282	-0,383	-3,8266
15.01.2026 17:21:27	192,150	-0,152	-1,5223	-0,382	-3,8238
15.01.2026 17:21:27	192,200	-0,152	-1,5193	-0,382	-3,8230
15.01.2026 17:21:27	192,250	-0,152	-1,5156	-0,382	-3,8192
15.01.2026 17:21:27	192,300	-0,152	-1,5172	-0,382	-3,8222
15.01.2026 17:21:27	192,350	-0,152	-1,5159	-0,382	-3,8204
15.01.2026 17:21:27	192,400	-0,151	-1,5141	-0,382	-3,8205
15.01.2026 17:21:27	192,450	-0,151	-1,5096	-0,382	-3,8204
15.01.2026 17:21:27	192,500	-0,150	-1,4966	-0,382	-3,8175
15.01.2026 17:21:27	192,550	-0,148	-1,4800	-0,381	-3,8149
15.01.2026 17:21:27	192,600	-0,146	-1,4636	-0,381	-3,8118
15.01.2026 17:21:27	192,650	-0,145	-1,4488	-0,380	-3,8042
15.01.2026 17:21:27	192,700	-0,143	-1,4338	-0,380	-3,8006
15.01.2026 17:21:27	192,750	-0,143	-1,4254	-0,380	-3,8003
15.01.2026 17:21:27	192,800	-0,141	-1,4058	-0,379	-3,7940
15.01.2026 17:21:27	192,850	-0,139	-1,3874	-0,379	-3,7911
15.01.2026 17:21:27	192,900	-0,136	-1,3580	-0,378	-3,7819
15.01.2026 17:21:27	192,950	-0,133	-1,3295	-0,377	-3,7730
15.01.2026 17:21:28	193,000	-0,131	-1,3136	-0,377	-3,7677
15.01.2026 17:21:28	193,050	-0,130	-1,3035	-0,376	-3,7621
15.01.2026 17:21:28	193,100	-0,130	-1,2987	-0,376	-3,7622
15.01.2026 17:21:28	193,150	-0,129	-1,2946	-0,376	-3,7608
15.01.2026 17:21:28	193,200	-0,129	-1,2881	-0,376	-3,7567
15.01.2026 17:21:28	193,250	-0,128	-1,2830	-0,376	-3,7564
15.01.2026 17:21:28	193,300	-0,127	-1,2695	-0,375	-3,7509
15.01.2026 17:21:28	193,350	-0,126	-1,2630	-0,375	-3,7511
15.01.2026 17:21:28	193,400	-0,125	-1,2463	-0,374	-3,7423
15.01.2026 17:21:28	193,450	-0,124	-1,2367	-0,374	-3,7418
15.01.2026 17:21:28	193,500	-0,122	-1,2174	-0,374	-3,7370
15.01.2026 17:21:28	193,550	-0,120	-1,1950	-0,373	-3,7254
15.01.2026 17:21:28	193,600	-0,118	-1,1793	-0,372	-3,7208
15.01.2026 17:21:28	193,650	-0,116	-1,1631	-0,371	-3,7141
15.01.2026 17:21:28	193,700	-0,115	-1,1535	-0,371	-3,7098
15.01.2026 17:21:28	193,750	-0,115	-1,1481	-0,371	-3,7081
15.01.2026 17:21:28	193,800	-0,114	-1,1407	-0,370	-3,7036
15.01.2026 17:21:28	193,850	-0,114	-1,1389	-0,370	-3,7034
15.01.2026 17:21:28	193,900	-0,114	-1,1369	-0,370	-3,7034
15.01.2026 17:21:28	193,950	-0,113	-1,1263	-0,370	-3,6974
15.01.2026 17:21:29	194,000	-0,111	-1,1134	-0,369	-3,6944
15.01.2026 17:21:29	194,050	-0,110	-1,0974	-0,369	-3,6886
15.01.2026 17:21:29	194,100	-0,108	-1,0793	-0,368	-3,6835
15.01.2026 17:21:29	194,150	-0,106	-1,0617	-0,368	-3,6770
15.01.2026 17:21:29	194,200	-0,104	-1,0388	-0,366	-3,6649
15.01.2026 17:21:29	194,250	-0,102	-1,0200	-0,366	-3,6584
15.01.2026 17:21:29	194,300	-0,100	-0,9995	-0,365	-3,6492
15.01.2026 17:21:29	194,350	-0,098	-0,9824	-0,364	-3,6414
15.01.2026 17:21:29	194,400	-0,097	-0,9661	-0,363	-3,6341
15.01.2026 17:21:29	194,450	-0,095	-0,9532	-0,363	-3,6273
15.01.2026 17:21:29	194,500	-0,094	-0,9355	-0,362	-3,6203
15.01.2026 17:21:29	194,550	-0,091	-0,9148	-0,361	-3,6103
15.01.2026 17:21:29	194,600	-0,090	-0,8989	-0,360	-3,6036
15.01.2026 17:21:29	194,650	-0,089	-0,8874	-0,360	-3,5960
15.01.2026 17:21:29	194,700	-0,088	-0,8780	-0,359	-3,5911
15.01.2026 17:21:29	194,750	-0,087	-0,8695	-0,358	-3,5843
15.01.2026 17:21:29	194,800	-0,086	-0,8621	-0,358	-3,5840
15.01.2026 17:21:29	194,850	-0,085	-0,8485	-0,357	-3,5746
15.01.2026 17:21:29	194,900	-0,084	-0,8382	-0,357	-3,5707
15.01.2026 17:21:29	194,950	-0,083	-0,8276	-0,356	-3,5643
15.01.2026 17:21:30	195,000	-0,081	-0,8149	-0,356	-3,5598
15.01.2026 17:21:30	195,050	-0,080	-0,7983	-0,355	-3,5507
15.01.2026 17:21:30	195,100	-0,078	-0,7834	-0,354	-3,5436
15.01.2026 17:21:30	195,150	-0,077	-0,7668	-0,353	-3,5331
15.01.2026 17:21:30	195,200	-0,075	-0,7527	-0,353	-3,5255
15.01.2026 17:21:30	195,250	-0,074	-0,7428	-0,352	-3,5195
15.01.2026 17:21:30	195,300	-0,073	-0,7344	-0,351	-3,5149
15.01.2026 17:21:30	195,350	-0,072	-0,7233	-0,351	-3,5054
15.01.2026 17:21:30	195,400	-0,072	-0,7207	-0,350	-3,5048
15.01.2026 17:21:30	195,450	-0,072	-0,7174	-0,350	-3,5008
15.01.2026 17:21:30	195,500	-0,071	-0,7129	-0,350	-3,4989
15.01.2026 17:21:30	195,550	-0,071	-0,7129	-0,350	-3,4973
15.01.2026 17:21:30	195,600	-0,071	-0,7069	-0,350	-3,4975
15.01.2026 17:21:30	195,650	-0,070	-0,6973	-0,349	-3,4919
15.01.2026 17:21:30	195,700	-0,068	-0,6843	-0,348	-3,4835
15.01.2026 17:21:30	195,750	-0,067	-0,6732	-0,348	-3,4778
15.01.2026 17:21:30	195,800	-0,066	-0,6619	-0,347	-3,4718
15.01.2026 17:21:30	195,850	-0,066	-0,6557	-0,347	-3,4685
15.01.2026 17:21:30	195,900	-0,064	-0,6420	-0,346	-3,4598
15.01.2026 17:21:30	195,950	-0,063	-0,6325	-0,345	-3,4527
15.01.2026 17:21:31	196,000	-0,062	-0,6212	-0,345	-3,4462
15.01.2026 17:21:31	196,050	-0,061	-0,6119	-0,344	-3,4392
15.01.2026 17:21:31	196,100	-0,060	-0,6011	-0,343	-3,4341
15.01.2026 17:21:31	196,150	-0,059	-0,5869	-0,342	-3,4235
15.01.2026 17:21:31	196,200	-0,058	-0,5764	-0,342	-3,4184
15.01.2026 17:21:31	196,250	-0,056	-0,5622	-0,341	-3,4067
15.01.2026 17:21:31	196,300	-0,056	-0,5550	-0,340	-3,4028
15.01.2026 17:21:31	196,350	-0,055	-0,5478	-0,340	-3,3955
15.01.2026 17:21:31	196,400	-0,054	-0,5395	-0,339	-3,3912
15.01.2026 17:21:31	196,450	-0,052	-0,5235	-0,338	-3,3828
15.01.2026 17:21:31	196,500	-0,051	-0,5068	-0,337	-3,3721
15.01.2026 17:21:31	196,550	-0,049	-0,4923	-0,336	-3,3613
15.01.2026 17:21:31	196,600	-0,048	-0,4758	-0,335	-3,3516
15.01.2026 17:21:31	196,650	-0,046	-0,4616	-0,334	-3,3388
15.01.2026 17:21:31	196,700	-0,045	-0,4465	-0,333	-3,3283
15.01.2026 17:21:31	196,750	-0,044	-0,4360	-0,332	-3,3199
15.01.2026 17:21:31	196,800	-0,042	-0,4243	-0,331	-3,3101
15.01.2026 17:21:31	196,850	-0,041	-0,4105	-0,330	-3,2985
15.01.2026 17:21:31	196,900	-0,040	-0,3995	-0,329	-3,2899
15.01.2026 17:21:31	196,950	-0,039	-0,3904	-0,328	-3,2809
15.01.2026 17:21:32	197,000	-0,038	-0,3812	-0,327	-3,2742
15.01.2026 17:21:32	197,050	-0,037	-0,3723	-0,327	-3,2653
15.01.2026 17:21:32	197,100	-0,037	-0,3668	-0,326	-3,2627
15.01.2026 17:21:32	197,150	-0,036	-0,3565	-0,325	-3,2514
15.01.2026 17:21:32	197,200	-0,034	-0,3438	-0,324	-3,2432
15.01.2026 17:21:32	197,250	-0,034	-0,3363	-0,324	-3,2365
15.01.2026 17:21:32	197,300	-0,033	-0,3272	-0,323	-3,2306
15.01.2026 17:21:32	197,350	-0,032	-0,3157	-0,322	-3,2200
15.01.2026 17:21:32	197,400	-0,031	-0,3073	-0,321	-3,2119
15.01.2026 17:21:32	197,450	-0,030	-0,2998	-0,321	-3,2055
15.01.2026 17:21:32	197,500	-0,029	-0,2881	-0,320	-3,1956
15.01.2026 17:21:32	197,550	-0,028	-0,2802	-0,319	-3,1893
15.01.2026 17:21:32	197,600	-0,027	-0,2703	-0,318	-3,1804
15.01.2026 17:21:32	197,650	-0,026	-0,2613	-0,317	-3,1687
15.01.2026 17:21:32	197,700	-0,026	-0,2560	-0,317	-3,1654
15.01.2026 17:21:32	197,750	-0,025	-0,2480	-0,315	-3,1539
15.01.2026 17:21:32	197,800	-0,024	-0,2423	-0,315	-3,1502
15.01.2026 17:21:32	197,850	-0,024	-0,2375	-0,314	-3,1445
15.01.2026 17:21:32	197,900	-0,023	-0,2331	-0,314	-3,1418
15.01.2026 17:21:32	197,950	-0,022	-0,2235	-0,313	-3,1308
15.01.2026 17:21:33	198,000	-0,022	-0,2203	-0,313	-3,1284
15.01.2026 17:21:33	198,050	-0,022	-0,2183	-0,313	-3,1258
15.01.2026 17:21:33	198,100	-0,021	-0,2106	-0,312	-3,1181
15.01.2026 17:21:33	198,150	-0,020	-0,2042	-0,311	-3,1115
15.01.2026 17:21:33	198,200	-0,020	-0,1958	-0,310	-3,1046
15.01.2026 17:21:33	198,250	-0,019	-0,1924	-0,310	-3,0992
15.01.2026 17:21:33	198,300	-0,019	-0,1873	-0,310	-3,0958
15.01.2026 17:21:33	198,350	-0,019	-0,1855	-0,309	-3,0917
15.01.2026 17:21:33	198,400	-0,018	-0,1813	-0,309	-3,0883
15.01.2026 17:21:33	198,450	-0,018	-0,1788	-0,308	-3,0831
15.01.2026 17:21:33	198,500	-0,018	-0,1752	-0,308	-3,0807
15.01.2026 17:21:33	198,550	-0,018	-0,1758	-0,308	-3,0807
15.01.2026 17:21:33	198,600	-0,017	-0,1697	-0,308	-3,0763
15.01.2026 17:21:33	198,650	-0,016	-0,1625	-0,307	-3,0692
15.01.2026 17:21:33	198,700	-0,015	-0,1531	-0,306	-3,0627
15.01.2026 17:21:33	198,750	-0,014	-0,1416	-0,305	-3,0520
15.01.2026 17:21:33	198,800	-0,013	-0,1313	-0,304	-3,0438
15.01.2026 17:21:33	198,850	-0,012	-0,1227	-0,303	-3,0324
15.01.2026 17:21:33	198,900	-0,011	-0,1131	-0,302	-3,0230
15.01.2026 17:21:33	198,950	-0,010	-0,1031	-0,301	-3,0119
15.01.2026 17:21:34	199,000	-0,010	-0,0951	-0,300	-3,0036
15.01.2026 17:21:34	199,050	-0,009	-0,0875	-0,299	-2,9929
15.01.2026 17:21:34	199,100	-0,008	-0,0781	-0,298	-2,9841
15.01.2026 17:21:34	199,150	-0,007	-0,0691	-0,297	-2,9718
15.01.2026 17:21:34	199,200	-0,006	-0,0611	-0,296	-2,9645
15.01.2026 17:21:34	199,250	-0,005	-0,0520	-0,295	-2,9517
15.01.2026 17:21:34	199,300	-0,005	-0,0462	-0,295	-2,9458
15.01.2026 17:21:34	199,350	-0,004	-0,0391	-0,294	-2,9358
15.01.2026 17:21:34	199,400	-0,003	-0,0309	-0,293	-2,9272
15.01.2026 17:21:34	199,450	-0,002	-0,0228	-0,292	-2,9158
15.01.2026 17:21:34	199,500	-0,002	-0,0178	-0,291	-2,9090
15.01.2026 17:21:34	199,550	-0,001	-0,0127	-0,290	-2,8995
15.01.2026 17:21:34	199,600	-8,160E-4	-0,0082	-0,290	-2,8959
15.01.2026 17:21:34	199,650	-9,222E-4	-0,0092	-0,289	-2,8924
15.01.2026 17:21:34	199,700	-4,181E-4	-0,0042	-0,289	-2,8881
15.01.2026 17:21:34	199,750	-3,351E-4	-0,0034	-0,288	-2,8833
15.01.2026 17:21:34	199,800	-1,129E-4	-0,0011	-0,288	-2,8823
15.01.2026 17:21:34	199,850	1,044E-4	0,0010	-0,288	-2,8762
15.01.2026 17:21:34	199,900	4,608E-4	0,0046	-0,287	-2,8728
15.01.2026 17:21:34	199,950	2,448E-4	0,0024	-0,287	-2,8722
15.01.2026 17:21:35	200,000	6,000E-4	0,0060	-0,287	-2,8701
15.01.2026 17:21:35	200,050	4,022E-4	0,0040	-0,287	-2,8684
15.01.2026 17:21:35	200,100	0,002	0,0173	-0,286	-2,8611
15.01.2026 17:21:35	200,150	0,002	0,0162	-0,286	-2,8570
15.01.2026 17:21:35	200,200	0,002	0,0196	-0,285	-2,8532
15.01.2026 17:21:35	200,250	0,002	0,0176	-0,285	-2,8507
15.01.2026 17:21:35	200,300	0,002	0,0177	-0,285	-2,8521
15.01.2026 17:21:35	200,350	0,002	0,0192	-0,285	-2,8481
15.01.2026 17:21:35	200,400	0,002	0,0230	-0,285	-2,8488
15.01.2026 17:21:35	200,450	0,003	0,0311	-0,284	-2,8412
15.01.2026 17:21:35	200,500	0,004	0,0393	-0,284	-2,8350
15.01.2026 17:21:35	200,550	0,005	0,0460	-0,282	-2,8243
15.01.2026 17:21:35	200,600	0,006	0,0607	-0,281	-2,8106
15.01.2026 17:21:35	200,650	0,007	0,0654	-0,280	-2,8002
15.01.2026 17:21:35	200,700	0,008	0,0785	-0,279	-2,7871
15.01.2026 17:21:35	200,750	0,009	0,0903	-0,277	-2,7716
15.01.2026 17:21:35	200,800	0,010	0,1049	-0,275	-2,7529
15.01.2026 17:21:35	200,850	0,012	0,1164	-0,274	-2,7359
15.01.2026 17:21:35	200,900	0,013	0,1291	-0,272	-2,7179
15.01.2026 17:21:35	200,950	0,014	0,1435	-0,269	-2,6941
15.01.2026 17:21:36	201,000	0,016	0,1570	-0,268	-2,6750
15.01.2026 17:21:36	201,050	0,017	0,1741	-0,265	-2,6465
15.01.2026 17:21:36	201,100	0,018	0,1835	-0,263	-2,6298
15.01.2026 17:21:36	201,150	0,020	0,1973	-0,260	-2,6043
15.01.2026 17:21:36	201,200	0,021	0,2084	-0,258	-2,5848
15.01.2026 17:21:36	201,250	0,022	0,2200	-0,256	-2,5592
15.01.2026 17:21:36	201,300	0,023	0,2318	-0,254	-2,5383
15.01.2026 17:21:36	201,350	0,025	0,2453	-0,251	-2,5110
15.01.2026 17:21:36	201,400	0,026	0,2576	-0,249	-2,4865
15.01.2026 17:21:36	201,450	0,027	0,2703	-0,246	-2,4556
15.01.2026 17:21:36	201,500	0,028	0,2831	-0,243	-2,4283
15.01.2026 17:21:36	201,550	0,029	0,2901	-0,240	-2,4013
15.01.2026 17:21:36	201,600	0,030	0,2988	-0,238	-2,3777
15.01.2026 17:21:36	201,650	0,031	0,3067	-0,235	-2,3480
15.01.2026 17:21:36	201,700	0,031	0,3111	-0,233	-2,3307
15.01.2026 17:21:36	201,750	0,031	0,3134	-0,231	-2,3077
15.01.2026 17:21:36	201,800	0,032	0,3220	-0,229	-2,2859
15.01.2026 17:21:36	201,850	0,032	0,3245	-0,227	-2,2650
15.01.2026 17:21:36	201,900	0,033	0,3307	-0,225	-2,2462
15.01.2026 17:21:36	201,950	0,033	0,3340	-0,223	-2,2260
15.01.2026 17:21:37	202,000	0,034	0,3383	-0,221	-2,2065
15.01.2026 17:21:37	202,050	0,035	0,3490	-0,218	-2,1759
15.01.2026 17:21:37	202,100	0,035	0,3541	-0,215	-2,1517
15.01.2026 17:21:37	202,150	0,036	0,3600	-0,212	-2,1224
15.01.2026 17:21:37	202,200	0,036	0,3622	-0,210	-2,0992
15.01.2026 17:21:37	202,250	0,037	0,3719	-0,206	-2,0637
15.01.2026 17:21:37	202,300	0,037	0,3728	-0,204	-2,0419
15.01.2026 17:21:37	202,350	0,038	0,3797	-0,201	-2,0084
15.01.2026 17:21:37	202,400	0,039	0,3867	-0,198	-1,9805
15.01.2026 17:21:37	202,450	0,039	0,3918	-0,195	-1,9487
15.01.2026 17:21:37	202,500	0,040	0,3992	-0,192	-1,9185
15.01.2026 17:21:37	202,550	0,040	0,4046	-0,189	-1,8857
15.01.2026 17:21:37	202,600	0,041	0,4083	-0,186	-1,8585
15.01.2026 17:21:37	202,650	0,042	0,4155	-0,182	-1,8239
15.01.2026 17:21:37	202,700	0,042	0,4212	-0,180	-1,7972
15.01.2026 17:21:37	202,750	0,043	0,4264	-0,176	-1,7646
15.01.2026 17:21:37	202,800	0,043	0,4316	-0,173	-1,7347
15.01.2026 17:21:37	202,850	0,044	0,4368	-0,170	-1,7042
15.01.2026 17:21:37	202,900	0,044	0,4404	-0,168	-1,6759
15.01.2026 17:21:37	202,950	0,045	0,4461	-0,164	-1,6417
15.01.2026 17:21:38	203,000	0,045	0,4523	-0,161	-1,6121
15.01.2026 17:21:38	203,050	0,046	0,4575	-0,158	-1,5771
15.01.2026 17:21:38	203,100	0,046	0,4627	-0,155	-1,5488
15.01.2026 17:21:38	203,150	0,047	0,4696	-0,151	-1,5121
15.01.2026 17:21:38	203,200	0,048	0,4755	-0,148	-1,4837
15.01.2026 17:21:38	203,250	0,048	0,4825	-0,145	-1,4483
15.01.2026 17:21:38	203,300	0,048	0,4849	-0,142	-1,4220
15.01.2026 17:21:38	203,350	0,049	0,4911	-0,139	-1,3858
15.01.2026 17:21:38	203,400	0,050	0,4976	-0,136	-1,3551
15.01.2026 17:21:38	203,450	0,050	0,5020	-0,132	-1,3215
15.01.2026 17:21:38	203,500	0,051	0,5077	-0,129	-1,2913
15.01.2026 17:21:38	203,550	0,051	0,5145	-0,126	-1,2554
15.01.2026 17:21:38	203,600	0,052	0,5201	-0,123	-1,2275
15.01.2026 17:21:38	203,650	0,053	0,5256	-0,119	-1,1923
15.01.2026 17:21:38	203,700	0,054	0,5359	-0,116	-1,1577
15.01.2026 17:21:38	203,750	0,054	0,5389	-0,112	-1,1233
15.01.2026 17:21:38	203,800	0,055	0,5485	-0,109	-1,0888
15.01.2026 17:21:38	203,850	0,056	0,5576	-0,105	-1,0487
15.01.2026 17:21:38	203,900	0,056	0,5616	-0,102	-1,0195
15.01.2026 17:21:38	203,950	0,057	0,5733	-0,098	-0,9761
15.01.2026 17:21:39	204,000	0,058	0,5781	-0,094	-0,9443
15.01.2026 17:21:39	204,050	0,059	0,5887	-0,090	-0,9015
15.01.2026 17:21:39	204,100	0,059	0,5933	-0,087	-0,8713
15.01.2026 17:21:39	204,150	0,060	0,6001	-0,083	-0,8342
15.01.2026 17:21:39	204,200	0,061	0,6066	-0,080	-0,8047
15.01.2026 17:21:39	204,250	0,061	0,6102	-0,077	-0,7727
15.01.2026 17:21:39	204,300	0,062	0,6201	-0,074	-0,7410
15.01.2026 17:21:39	204,350	0,062	0,6221	-0,071	-0,7120
15.01.2026 17:21:39	204,400	0,063	0,6291	-0,068	-0,6847
15.01.2026 17:21:39	204,450	0,063	0,6317	-0,066	-0,6574
15.01.2026 17:21:39	204,500	0,064	0,6415	-0,063	-0,6295
15.01.2026 17:21:39	204,550	0,065	0,6487	-0,060	-0,5966
15.01.2026 17:21:39	204,600	0,066	0,6577	-0,057	-0,5698
15.01.2026 17:21:39	204,650	0,067	0,6661	-0,054	-0,5353
15.01.2026 17:21:39	204,700	0,067	0,6738	-0,051	-0,5066
15.01.2026 17:21:39	204,750	0,068	0,6841	-0,047	-0,4724
15.01.2026 17:21:39	204,800	0,069	0,6905	-0,045	-0,4461
15.01.2026 17:21:39	204,850	0,070	0,7028	-0,041	-0,4084
15.01.2026 17:21:39	204,900	0,071	0,7111	-0,038	-0,3789
15.01.2026 17:21:39	204,950	0,072	0,7218	-0,034	-0,3438
15.01.2026 17:21:40	205,000	0,073	0,7297	-0,032	-0,3168
15.01.2026 17:21:40	205,050	0,074	0,7408	-0,028	-0,2813
15.01.2026 17:21:40	205,100	0,075	0,7520	-0,025	-0,2537
15.01.2026 17:21:40	205,150	0,076	0,7604	-0,022	-0,2198
15.01.2026 17:21:40	205,200	0,077	0,7745	-0,019	-0,1894
15.01.2026 17:21:40	205,250	0,078	0,7820	-0,016	-0,1591
15.01.2026 17:21:40	205,300	0,080	0,7981	-0,013	-0,1261
15.01.2026 17:21:40	205,350	0,081	0,8072	-0,009	-0,0943
15.01.2026 17:21:40	205,400	0,082	0,8206	-0,006	-0,0646
15.01.2026 17:21:40	205,450	0,083	0,8266	-0,004	-0,0372
15.01.2026 17:21:40	205,500	0,083	0,8336	-0,002	-0,0161
15.01.2026 17:21:40	205,550	0,085	0,8473	0,002	0,0179
15.01.2026 17:21:40	205,600	0,086	0,8586	0,004	0,0405
15.01.2026 17:21:40	205,650	0,087	0,8686	0,007	0,0685
15.01.2026 17:21:40	205,700	0,088	0,8825	0,009	0,0930
15.01.2026 17:21:40	205,750	0,089	0,8907	0,012	0,1180
15.01.2026 17:21:40	205,800	0,090	0,9026	0,014	0,1408
15.01.2026 17:21:40	205,850	0,091	0,9115	0,017	0,1655
15.01.2026 17:21:40	205,900	0,092	0,9240	0,019	0,1857
15.01.2026 17:21:40	205,950	0,093	0,9325	0,021	0,2091
15.01.2026 17:21:41	206,000	0,094	0,9444	0,023	0,2286
15.01.2026 17:21:41	206,050	0,095	0,9542	0,025	0,2510
15.01.2026 17:21:41	206,100	0,096	0,9584	0,026	0,2615
15.01.2026 17:21:41	206,150	0,097	0,9667	0,028	0,2833
15.01.2026 17:21:41	206,200	0,098	0,9759	0,030	0,2968
15.01.2026 17:21:41	206,250	0,098	0,9817	0,031	0,3113
15.01.2026 17:21:41	206,300	0,099	0,9910	0,032	0,3244
15.01.2026 17:21:41	206,350	0,100	1,0005	0,034	0,3432
15.01.2026 17:21:41	206,400	0,101	1,0064	0,035	0,3495
15.01.2026 17:21:41	206,450	0,101	1,0136	0,037	0,3666
15.01.2026 17:21:41	206,500	0,102	1,0186	0,037	0,3735
15.01.2026 17:21:41	206,550	0,103	1,0264	0,039	0,3888
15.01.2026 17:21:41	206,600	0,103	1,0343	0,040	0,3956
15.01.2026 17:21:41	206,650	0,104	1,0403	0,041	0,4108
15.01.2026 17:21:41	206,700	0,105	1,0464	0,042	0,4178
15.01.2026 17:21:41	206,750	0,106	1,0570	0,044	0,4358
15.01.2026 17:21:41	206,800	0,106	1,0648	0,044	0,4428
15.01.2026 17:21:41	206,850	0,107	1,0696	0,045	0,4542
15.01.2026 17:21:41	206,900	0,108	1,0813	0,047	0,4654
15.01.2026 17:21:41	206,950	0,109	1,0886	0,048	0,4794
15.01.2026 17:21:42	207,000	0,109	1,0948	0,049	0,4858
15.01.2026 17:21:42	207,050	0,110	1,1034	0,050	0,5002
15.01.2026 17:21:42	207,100	0,111	1,1140	0,051	0,5088
15.01.2026 17:21:42	207,150	0,112	1,1239	0,052	0,5240
15.01.2026 17:21:42	207,200	0,114	1,1378	0,054	0,5364
15.01.2026 17:21:42	207,250	0,115	1,1500	0,055	0,5533
15.01.2026 17:21:42	207,300	0,116	1,1619	0,056	0,5647
15.01.2026 17:21:42	207,350	0,117	1,1728	0,058	0,5840
15.01.2026 17:21:42	207,400	0,118	1,1830	0,059	0,5939
15.01.2026 17:21:42	207,450	0,119	1,1933	0,061	0,6098
15.01.2026 17:21:42	207,500	0,120	1,2022	0,062	0,6186
15.01.2026 17:21:42	207,550	0,121	1,2114	0,063	0,6341
15.01.2026 17:21:42	207,600	0,122	1,2242	0,064	0,6439
15.01.2026 17:21:42	207,650	0,123	1,2331	0,066	0,6586
15.01.2026 17:21:42	207,700	0,124	1,2442	0,067	0,6680
15.01.2026 17:21:42	207,750	0,125	1,2499	0,068	0,6780
15.01.2026 17:21:42	207,800	0,126	1,2570	0,068	0,6831
15.01.2026 17:21:42	207,850	0,127	1,2701	0,070	0,7004
15.01.2026 17:21:42	207,900	0,128	1,2780	0,071	0,7064
15.01.2026 17:21:42	207,950	0,129	1,2861	0,072	0,7196
15.01.2026 17:21:43	208,000	0,129	1,2938	0,072	0,7245
15.01.2026 17:21:43	208,050	0,130	1,2984	0,073	0,7340
15.01.2026 17:21:43	208,100	0,131	1,3084	0,074	0,7396
15.01.2026 17:21:43	208,150	0,132	1,3162	0,075	0,7527
15.01.2026 17:21:43	208,200	0,133	1,3263	0,076	0,7597
15.01.2026 17:21:43	208,250	0,133	1,3284	0,077	0,7650
15.01.2026 17:21:43	208,300	0,134	1,3413	0,077	0,7746
15.01.2026 17:21:43	208,350	0,135	1,3521	0,079	0,7877
15.01.2026 17:21:43	208,400	0,136	1,3595	0,079	0,7919
15.01.2026 17:21:43	208,450	0,137	1,3690	0,080	0,8043
15.01.2026 17:21:43	208,500	0,138	1,3817	0,081	0,8119
15.01.2026 17:21:43	208,550	0,139	1,3914	0,083	0,8251
15.01.2026 17:21:43	208,600	0,141	1,4051	0,083	0,8346
15.01.2026 17:21:43	208,650	0,141	1,4117	0,085	0,8470
15.01.2026 17:21:43	208,700	0,141	1,4134	0,085	0,8453
15.01.2026 17:21:43	208,750	0,142	1,4236	0,086	0,8602
15.01.2026 17:21:43	208,800	0,143	1,4282	0,086	0,8618
15.01.2026 17:21:43	208,850	0,143	1,4329	0,087	0,8691
15.01.2026 17:21:43	208,900	0,144	1,4408	0,087	0,8733
15.01.2026 17:21:43	208,950	0,145	1,4527	0,089	0,8869
15.01.2026 17:21:44	209,000	0,146	1,4560	0,089	0,8870
15.01.2026 17:21:44	209,050	0,146	1,4596	0,089	0,8947
15.01.2026 17:21:44	209,100	0,147	1,4676	0,090	0,8982
15.01.2026 17:21:44	209,150	0,147	1,4746	0,091	0,9090
15.01.2026 17:21:44	209,200	0,148	1,4833	0,091	0,9118
15.01.2026 17:21:44	209,250	0,149	1,4874	0,092	0,9192
15.01.2026 17:21:44	209,300	0,149	1,4905	0,092	0,9188
15.01.2026 17:21:44	209,350	0,149	1,4945	0,093	0,9275
15.01.2026 17:21:44	209,400	0,150	1,4979	0,093	0,9264
15.01.2026 17:21:44	209,450	0,150	1,5012	0,093	0,9349
15.01.2026 17:21:44	209,500	0,150	1,5037	0,093	0,9333
15.01.2026 17:21:44	209,550	0,150	1,5044	0,094	0,9392
15.01.2026 17:21:44	209,600	0,151	1,5054	0,094	0,9355
15.01.2026 17:21:44	209,650	0,151	1,5060	0,094	0,9410
15.01.2026 17:21:44	209,700	0,151	1,5106	0,094	0,9397
15.01.2026 17:21:44	209,750	0,151	1,5100	0,095	0,9453
15.01.2026 17:21:44	209,800	0,150	1,5039	0,094	0,9427
15.01.2026 17:21:44	209,850	0,149	1,4918	0,094	0,9432
15.01.2026 17:21:44	209,900	0,148	1,4832	0,094	0,9385
15.01.2026 17:21:44	209,950	0,148	1,4760	0,094	0,9387
15.01.2026 17:21:45	210,000	0,148	1,4760	0,094	0,9372
15.01.2026 17:21:45	210,050	0,146	1,4647	0,094	0,9390
15.01.2026 17:21:45	210,100	0,146	1,4559	0,093	0,9329
15.01.2026 17:21:45	210,150	0,144	1,4406	0,093	0,9326
15.01.2026 17:21:45	210,200	0,143	1,4299	0,093	0,9261
15.01.2026 17:21:45	210,250	0,143	1,4307	0,093	0,9344
15.01.2026 17:21:45	210,300	0,142	1,4245	0,093	0,9271
15.01.2026 17:21:45	210,350	0,142	1,4219	0,093	0,9311
15.01.2026 17:21:45	210,400	0,142	1,4153	0,093	0,9255
15.01.2026 17:21:45	210,450	0,140	1,4039	0,093	0,9265
15.01.2026 17:21:45	210,500	0,140	1,3967	0,092	0,9227
15.01.2026 17:21:45	210,550	0,139	1,3869	0,092	0,9238
15.01.2026 17:21:45	210,600	0,137	1,3746	0,092	0,9165
15.01.2026 17:21:45	210,650	0,136	1,3599	0,092	0,9158
15.01.2026 17:21:45	210,700	0,135	1,3533	0,091	0,9124
15.01.2026 17:21:45	210,750	0,134	1,3436	0,092	0,9154
15.01.2026 17:21:45	210,800	0,133	1,3256	0,090	0,9037
15.01.2026 17:21:45	210,850	0,131	1,3142	0,090	0,9036
15.01.2026 17:21:45	210,900	0,130	1,3031	0,090	0,8954
15.01.2026 17:21:45	210,950	0,129	1,2925	0,090	0,8973
15.01.2026 17:21:46	211,000	0,128	1,2826	0,089	0,8912
15.01.2026 17:21:46	211,050	0,127	1,2747	0,089	0,8933
15.01.2026 17:21:46	211,100	0,127	1,2652	0,089	0,8861
15.01.2026 17:21:46	211,150	0,126	1,2585	0,089	0,8870
15.01.2026 17:21:46	211,200	0,125	1,2531	0,088	0,8837
15.01.2026 17:21:46	211,250	0,124	1,2426	0,088	0,8845
15.01.2026 17:21:46	211,300	0,123	1,2346	0,088	0,8792
15.01.2026 17:21:46	211,350	0,122	1,2245	0,088	0,8799
15.01.2026 17:21:46	211,400	0,122	1,2155	0,087	0,8729
15.01.2026 17:21:46	211,450	0,121	1,2065	0,087	0,8724
15.01.2026 17:21:46	211,500	0,120	1,1960	0,086	0,8629
15.01.2026 17:21:46	211,550	0,119	1,1866	0,087	0,8657
15.01.2026 17:21:46	211,600	0,118	1,1790	0,086	0,8614
15.01.2026 17:21:46	211,650	0,117	1,1675	0,086	0,8582
15.01.2026 17:21:46	211,700	0,116	1,1581	0,085	0,8533
15.01.2026 17:21:46	211,750	0,115	1,1471	0,085	0,8544
15.01.2026 17:21:46	211,800	0,113	1,1313	0,084	0,8425
15.01.2026 17:21:46	211,850	0,112	1,1169	0,084	0,8422
15.01.2026 17:21:46	211,900	0,110	1,1024	0,083	0,8326
15.01.2026 17:21:46	211,950	0,109	1,0903	0,083	0,8318
15.01.2026 17:21:47	212,000	0,108	1,0811	0,083	0,8275
15.01.2026 17:21:47	212,050	0,107	1,0680	0,082	0,8248
15.01.2026 17:21:47	212,100	0,105	1,0539	0,081	0,8141
15.01.2026 17:21:47	212,150	0,105	1,0452	0,082	0,8158
15.01.2026 17:21:47	212,200	0,104	1,0389	0,081	0,8086
15.01.2026 17:21:47	212,250	0,103	1,0324	0,081	0,8089
15.01.2026 17:21:47	212,300	0,103	1,0317	0,081	0,8060
15.01.2026 17:21:47	212,350	0,103	1,0272	0,081	0,8055
15.01.2026 17:21:47	212,400	0,102	1,0195	0,080	0,7991
15.01.2026 17:21:47	212,450	0,101	1,0144	0,080	0,8006
15.01.2026 17:21:47	212,500	0,101	1,0101	0,080	0,7977
15.01.2026 17:21:47	212,550	0,100	0,9965	0,080	0,7966
15.01.2026 17:21:47	212,600	0,098	0,9836	0,079	0,7856
15.01.2026 17:21:47	212,650	0,097	0,9695	0,078	0,7834
15.01.2026 17:21:47	212,700	0,096	0,9597	0,078	0,7780
15.01.2026 17:21:47	212,750	0,095	0,9509	0,078	0,7790
15.01.2026 17:21:47	212,800	0,094	0,9387	0,077	0,7664
15.01.2026 17:21:47	212,850	0,093	0,9338	0,077	0,7674
15.01.2026 17:21:47	212,900	0,093	0,9262	0,076	0,7600
15.01.2026 17:21:47	212,950	0,092	0,9182	0,076	0,7604
15.01.2026 17:21:48	213,000	0,091	0,9117	0,075	0,7537
15.01.2026 17:21:48	213,050	0,090	0,9038	0,075	0,7523
15.01.2026 17:21:48	213,100	0,090	0,9017	0,075	0,7507
15.01.2026 17:21:48	213,150	0,089	0,8939	0,075	0,7523
15.01.2026 17:21:48	213,200	0,088	0,8826	0,074	0,7415
15.01.2026 17:21:48	213,250	0,087	0,8702	0,074	0,7396
15.01.2026 17:21:48	213,300	0,085	0,8531	0,073	0,7289
15.01.2026 17:21:48	213,350	0,084	0,8397	0,073	0,7254
15.01.2026 17:21:48	213,400	0,083	0,8302	0,072	0,7171
15.01.2026 17:21:48	213,450	0,082	0,8201	0,072	0,7152
15.01.2026 17:21:48	213,500	0,081	0,8120	0,071	0,7073
15.01.2026 17:21:48	213,550	0,080	0,8003	0,070	0,7049
15.01.2026 17:21:48	213,600	0,080	0,7965	0,070	0,6980
15.01.2026 17:21:48	213,650	0,079	0,7931	0,070	0,7011
15.01.2026 17:21:48	213,700	0,079	0,7907	0,069	0,6945
15.01.2026 17:21:48	213,750	0,078	0,7847	0,070	0,6956
15.01.2026 17:21:48	213,800	0,078	0,7765	0,069	0,6883
15.01.2026 17:21:48	213,850	0,077	0,7671	0,069	0,6882
15.01.2026 17:21:48	213,900	0,076	0,7618	0,068	0,6815
15.01.2026 17:21:48	213,950	0,075	0,7496	0,068	0,6790
15.01.2026 17:21:49	214,000	0,074	0,7366	0,067	0,6680
15.01.2026 17:21:49	214,050	0,073	0,7308	0,067	0,6711
15.01.2026 17:21:49	214,100	0,072	0,7152	0,066	0,6554
15.01.2026 17:21:49	214,150	0,071	0,7131	0,066	0,6595
15.01.2026 17:21:49	214,200	0,070	0,7016	0,065	0,6493
15.01.2026 17:21:49	214,250	0,070	0,6963	0,065	0,6502
15.01.2026 17:21:49	214,300	0,068	0,6792	0,064	0,6375
15.01.2026 17:21:49	214,350	0,067	0,6657	0,064	0,6360
15.01.2026 17:21:49	214,400	0,065	0,6478	0,062	0,6223
15.01.2026 17:21:49	214,450	0,063	0,6322	0,062	0,6155
15.01.2026 17:21:49	214,500	0,062	0,6228	0,060	0,6046
15.01.2026 17:21:49	214,550	0,061	0,6120	0,060	0,6002
15.01.2026 17:21:49	214,600	0,061	0,6076	0,059	0,5912
15.01.2026 17:21:49	214,650	0,060	0,6007	0,059	0,5929
15.01.2026 17:21:49	214,700	0,059	0,5903	0,058	0,5828
15.01.2026 17:21:49	214,750	0,058	0,5819	0,058	0,5809
15.01.2026 17:21:49	214,800	0,057	0,5745	0,057	0,5749
15.01.2026 17:21:49	214,850	0,055	0,5548	0,057	0,5662
15.01.2026 17:21:49	214,900	0,054	0,5411	0,055	0,5545
15.01.2026 17:21:49	214,950	0,053	0,5288	0,055	0,5512
15.01.2026 17:21:50	215,000	0,051	0,5133	0,054	0,5357
15.01.2026 17:21:50	215,050	0,050	0,5025	0,053	0,5317
15.01.2026 17:21:50	215,100	0,048	0,4850	0,052	0,5170
15.01.2026 17:21:50	215,150	0,047	0,4668	0,051	0,5101
15.01.2026 17:21:50	215,200	0,045	0,4541	0,049	0,4949
15.01.2026 17:21:50	215,250	0,044	0,4431	0,049	0,4886
15.01.2026 17:21:50	215,300	0,043	0,4310	0,047	0,4729
15.01.2026 17:21:50	215,350	0,043	0,4261	0,047	0,4723
15.01.2026 17:21:50	215,400	0,042	0,4230	0,047	0,4670
15.01.2026 17:21:50	215,450	0,042	0,4218	0,047	0,4686
15.01.2026 17:21:50	215,500	0,042	0,4151	0,046	0,4583
15.01.2026 17:21:50	215,550	0,041	0,4091	0,046	0,4592
15.01.2026 17:21:50	215,600	0,040	0,4000	0,045	0,4498
15.01.2026 17:21:50	215,650	0,040	0,3954	0,045	0,4479
15.01.2026 17:21:50	215,700	0,039	0,3854	0,044	0,4394
15.01.2026 17:21:50	215,750	0,037	0,3750	0,043	0,4349
15.01.2026 17:21:50	215,800	0,036	0,3625	0,042	0,4235
15.01.2026 17:21:50	215,850	0,034	0,3427	0,041	0,4118
15.01.2026 17:21:50	215,900	0,033	0,3311	0,040	0,3989
15.01.2026 17:21:50	215,950	0,032	0,3210	0,039	0,3926
15.01.2026 17:21:51	216,000	0,031	0,3132	0,038	0,3815
15.01.2026 17:21:51	216,050	0,030	0,2999	0,037	0,3725
15.01.2026 17:21:51	216,100	0,029	0,2900	0,036	0,3604
15.01.2026 17:21:51	216,150	0,029	0,2860	0,036	0,3595
15.01.2026 17:21:51	216,200	0,028	0,2778	0,035	0,3489
15.01.2026 17:21:51	216,250	0,027	0,2683	0,034	0,3430
15.01.2026 17:21:51	216,300	0,026	0,2596	0,033	0,3326
15.01.2026 17:21:51	216,350	0,025	0,2527	0,033	0,3310
15.01.2026 17:21:51	216,400	0,024	0,2380	0,032	0,3156
15.01.2026 17:21:51	216,450	0,022	0,2244	0,031	0,3060
15.01.2026 17:21:51	216,500	0,021	0,2144	0,029	0,2925
15.01.2026 17:21:51	216,550	0,021	0,2073	0,029	0,2882
15.01.2026 17:21:51	216,600	0,020	0,1962	0,027	0,2746
15.01.2026 17:21:51	216,650	0,019	0,1874	0,027	0,2678
15.01.2026 17:21:51	216,700	0,018	0,1751	0,025	0,2526
15.01.2026 17:21:51	216,750	0,017	0,1661	0,025	0,2477
15.01.2026 17:21:51	216,800	0,016	0,1625	0,024	0,2393
15.01.2026 17:21:51	216,850	0,015	0,1543	0,023	0,2308
15.01.2026 17:21:51	216,900	0,015	0,1500	0,022	0,2235
15.01.2026 17:21:51	216,950	0,015	0,1496	0,022	0,2239
15.01.2026 17:21:52	217,000	0,014	0,1408	0,021	0,2123
15.01.2026 17:21:52	217,050	0,014	0,1364	0,021	0,2104
15.01.2026 17:21:52	217,100	0,013	0,1310	0,020	0,2017
15.01.2026 17:21:52	217,150	0,012	0,1238	0,020	0,1983
15.01.2026 17:21:52	217,200	0,012	0,1154	0,019	0,1865
15.01.2026 17:21:52	217,250	0,011	0,1060	0,018	0,1809
15.01.2026 17:21:52	217,300	0,010	0,0983	0,017	0,1679
15.01.2026 17:21:52	217,350	0,009	0,0910	0,016	0,1637
15.01.2026 17:21:52	217,400	0,008	0,0801	0,015	0,1498
15.01.2026 17:21:52	217,450	0,007	0,0719	0,014	0,1433
15.01.2026 17:21:52	217,500	0,007	0,0668	0,013	0,1332
15.01.2026 17:21:52	217,550	0,006	0,0616	0,013	0,1263
15.01.2026 17:21:52	217,600	0,005	0,0549	0,011	0,1148
15.01.2026 17:21:52	217,650	0,005	0,0490	0,011	0,1101
15.01.2026 17:21:52	217,700	0,005	0,0476	0,010	0,1035
15.01.2026 17:21:52	217,750	0,004	0,0407	0,010	0,0986
15.01.2026 17:21:52	217,800	0,004	0,0402	0,009	0,0934
15.01.2026 17:21:52	217,850	0,004	0,0353	0,009	0,0906
15.01.2026 17:21:52	217,900	0,004	0,0359	0,009	0,0867
15.01.2026 17:21:52	217,950	0,003	0,0318	0,008	0,0837
15.01.2026 17:21:53	218,000	0,003	0,0326	0,008	0,0810
15.01.2026 17:21:53	218,050	0,003	0,0294	0,008	0,0789
15.01.2026 17:21:53	218,100	0,003	0,0272	0,008	0,0754
15.01.2026 17:21:53	218,150	0,003	0,0282	0,008	0,0754
15.01.2026 17:21:53	218,200	0,003	0,0297	0,007	0,0742
15.01.2026 17:21:53	218,250	0,003	0,0256	0,007	0,0732
15.01.2026 17:21:53	218,300	0,002	0,0246	0,007	0,0680
15.01.2026 17:21:53	218,350	0,002	0,0245	0,007	0,0711
15.01.2026 17:21:53	218,400	0,002	0,0230	0,007	0,0666
15.01.2026 17:21:53	218,450	0,002	0,0222	0,007	0,0670
15.01.2026 17:21:53	218,500	0,002	0,0218	0,006	0,0644
15.01.2026 17:21:53	218,550	0,002	0,0206	0,007	0,0666
15.01.2026 17:21:53	218,600	0,002	0,0213	0,006	0,0629
15.01.2026 17:21:53	218,650	0,002	0,0209	0,006	0,0644
15.01.2026 17:21:53	218,700	0,002	0,0206	0,006	0,0616
15.01.2026 17:21:53	218,750	0,002	0,0191	0,006	0,0633
15.01.2026 17:21:53	218,800	0,002	0,0213	0,006	0,0616
15.01.2026 17:21:53	218,850	0,002	0,0190	0,006	0,0623
15.01.2026 17:21:53	218,900	0,002	0,0198	0,006	0,0603
15.01.2026 17:21:53	218,950	0,002	0,0174	0,006	0,0608
15.01.2026 17:21:54	219,000	0,002	0,0176	0,006	0,0587
15.01.2026 17:21:54	219,050	0,002	0,0162	0,006	0,0583
15.01.2026 17:21:54	219,100	0,002	0,0210	0,006	0,0618
15.01.2026 17:21:54	219,150	0,002	0,0197	0,006	0,0614
15.01.2026 17:21:54	219,200	0,002	0,0178	0,006	0,0581
15.01.2026 17:21:54	219,250	0,002	0,0191	0,006	0,0612
15.01.2026 17:21:54	219,300	0,002	0,0185	0,006	0,0599
15.01.2026 17:21:54	219,350	0,001	0,0147	0,006	0,0598
15.01.2026 17:21:54	219,400	5,255E-4	0,0053	0,005	0,0521
15.01.2026 17:21:54	219,450	-2,936E-4	-0,0029	0,005	0,0458
15.01.2026 17:21:54	219,500	-0,001	-0,0130	0,003	0,0330
15.01.2026 17:21:54	219,550	-0,002	-0,0208	0,002	0,0246
15.01.2026 17:21:54	219,600	-0,003	-0,0273	0,001	0,0139
15.01.2026 17:21:54	219,650	-0,004	-0,0356	5,442E-4	0,0054
15.01.2026 17:21:54	219,700	-0,005	-0,0490	-0,001	-0,0127
15.01.2026 17:21:54	219,750	-0,006	-0,0562	-0,002	-0,0222
15.01.2026 17:21:54	219,800	-0,006	-0,0643	-0,004	-0,0370
15.01.2026 17:21:54	219,850	-0,007	-0,0727	-0,005	-0,0479
15.01.2026 17:21:54	219,900	-0,008	-0,0820	-0,006	-0,0622
15.01.2026 17:21:54	219,950	-0,009	-0,0886	-0,007	-0,0726
15.01.2026 17:21:55	220,000	-0,010	-0,1002	-0,009	-0,0893
15.01.2026 17:21:55	220,050	-0,011	-0,1085	-0,010	-0,1026
15.01.2026 17:21:55	220,100	-0,012	-0,1197	-0,012	-0,1210
15.01.2026 17:21:55	220,150	-0,013	-0,1287	-0,013	-0,1349
15.01.2026 17:21:55	220,200	-0,013	-0,1349	-0,015	-0,1497
15.01.2026 17:21:55	220,250	-0,014	-0,1384	-0,016	-0,1600
15.01.2026 17:21:55	220,300	-0,014	-0,1448	-0,017	-0,1736
15.01.2026 17:21:55	220,350	-0,015	-0,1497	-0,018	-0,1821
15.01.2026 17:21:55	220,400	-0,016	-0,1601	-0,020	-0,1986
15.01.2026 17:21:55	220,450	-0,016	-0,1646	-0,021	-0,2078
15.01.2026 17:21:55	220,500	-0,018	-0,1765	-0,023	-0,2270
15.01.2026 17:21:55	220,550	-0,018	-0,1848	-0,024	-0,2432
15.01.2026 17:21:55	220,600	-0,020	-0,1953	-0,026	-0,2617
15.01.2026 17:21:55	220,650	-0,021	-0,2073	-0,028	-0,2831
15.01.2026 17:21:55	220,700	-0,021	-0,2142	-0,030	-0,3024
15.01.2026 17:21:55	220,750	-0,022	-0,2182	-0,031	-0,3149
15.01.2026 17:21:55	220,800	-0,023	-0,2311	-0,034	-0,3410
15.01.2026 17:21:55	220,850	-0,023	-0,2347	-0,035	-0,3548
15.01.2026 17:21:55	220,900	-0,024	-0,2388	-0,037	-0,3708
15.01.2026 17:21:55	220,950	-0,025	-0,2467	-0,039	-0,3896
15.01.2026 17:21:56	221,000	-0,025	-0,2539	-0,041	-0,4103
15.01.2026 17:21:56	221,050	-0,026	-0,2610	-0,043	-0,4280
15.01.2026 17:21:56	221,100	-0,027	-0,2654	-0,045	-0,4465
15.01.2026 17:21:56	221,150	-0,027	-0,2738	-0,047	-0,4676
15.01.2026 17:21:56	221,200	-0,028	-0,2815	-0,049	-0,4912
15.01.2026 17:21:56	221,250	-0,028	-0,2839	-0,051	-0,5108
15.01.2026 17:21:56	221,300	-0,029	-0,2929	-0,054	-0,5381
15.01.2026 17:21:56	221,350	-0,030	-0,3001	-0,056	-0,5637
15.01.2026 17:21:56	221,400	-0,030	-0,3028	-0,059	-0,5861
15.01.2026 17:21:56	221,450	-0,031	-0,3109	-0,061	-0,6147
15.01.2026 17:21:56	221,500	-0,032	-0,3217	-0,065	-0,6491
15.01.2026 17:21:56	221,550	-0,033	-0,3286	-0,068	-0,6818
15.01.2026 17:21:56	221,600	-0,033	-0,3346	-0,072	-0,7160
15.01.2026 17:21:56	221,650	-0,034	-0,3421	-0,075	-0,7504
15.01.2026 17:21:56	221,700	-0,035	-0,3480	-0,078	-0,7847
15.01.2026 17:21:56	221,750	-0,035	-0,3538	-0,082	-0,8191
15.01.2026 17:21:56	221,800	-0,036	-0,3642	-0,086	-0,8591
15.01.2026 17:21:56	221,850	-0,037	-0,3691	-0,090	-0,8953
15.01.2026 17:21:56	221,900	-0,038	-0,3773	-0,093	-0,9331
15.01.2026 17:21:56	221,950	-0,038	-0,3799	-0,097	-0,9672
15.01.2026 17:21:57	222,000	-0,039	-0,3870	-0,100	-1,0027
15.01.2026 17:21:57	222,050	-0,039	-0,3917	-0,104	-1,0361
15.01.2026 17:21:57	222,100	-0,040	-0,3978	-0,107	-1,0687
15.01.2026 17:21:57	222,150	-0,040	-0,4029	-0,110	-1,1006
15.01.2026 17:21:57	222,200	-0,041	-0,4081	-0,113	-1,1337
15.01.2026 17:21:57	222,250	-0,042	-0,4153	-0,117	-1,1673
15.01.2026 17:21:57	222,300	-0,042	-0,4221	-0,120	-1,2014
15.01.2026 17:21:57	222,350	-0,043	-0,4297	-0,124	-1,2387
15.01.2026 17:21:57	222,400	-0,044	-0,4352	-0,127	-1,2709
15.01.2026 17:21:57	222,450	-0,044	-0,4416	-0,131	-1,3056
15.01.2026 17:21:57	222,500	-0,045	-0,4508	-0,134	-1,3423
15.01.2026 17:21:57	222,550	-0,046	-0,4560	-0,138	-1,3782
15.01.2026 17:21:57	222,600	-0,046	-0,4647	-0,142	-1,4175
15.01.2026 17:21:57	222,650	-0,047	-0,4720	-0,146	-1,4564
15.01.2026 17:21:57	222,700	-0,048	-0,4783	-0,149	-1,4937
15.01.2026 17:21:57	222,750	-0,049	-0,4868	-0,153	-1,5329
15.01.2026 17:21:57	222,800	-0,049	-0,4939	-0,157	-1,5696
15.01.2026 17:21:57	222,850	-0,050	-0,4981	-0,160	-1,6042
15.01.2026 17:21:57	222,900	-0,050	-0,5038	-0,163	-1,6344
15.01.2026 17:21:57	222,950	-0,051	-0,5103	-0,167	-1,6695
15.01.2026 17:21:58	223,000	-0,052	-0,5170	-0,170	-1,7020
15.01.2026 17:21:58	223,050	-0,052	-0,5234	-0,173	-1,7334
15.01.2026 17:21:58	223,100	-0,053	-0,5278	-0,176	-1,7626
15.01.2026 17:21:58	223,150	-0,054	-0,5406	-0,180	-1,8011
15.01.2026 17:21:58	223,200	-0,055	-0,5483	-0,183	-1,8339
15.01.2026 17:21:58	223,250	-0,056	-0,5568	-0,187	-1,8694
15.01.2026 17:21:58	223,300	-0,056	-0,5632	-0,190	-1,9020
15.01.2026 17:21:58	223,350	-0,057	-0,5695	-0,193	-1,9345
15.01.2026 17:21:58	223,400	-0,058	-0,5784	-0,197	-1,9669
15.01.2026 17:21:58	223,450	-0,059	-0,5887	-0,200	-2,0040
15.01.2026 17:21:58	223,500	-0,059	-0,5948	-0,203	-2,0350
15.01.2026 17:21:58	223,550	-0,061	-0,6077	-0,207	-2,0735
15.01.2026 17:21:58	223,600	-0,061	-0,6140	-0,210	-2,1048
15.01.2026 17:21:58	223,650	-0,062	-0,6211	-0,214	-2,1397
15.01.2026 17:21:58	223,700	-0,063	-0,6334	-0,217	-2,1744
15.01.2026 17:21:58	223,750	-0,064	-0,6415	-0,221	-2,2084
15.01.2026 17:21:58	223,800	-0,065	-0,6522	-0,224	-2,2429
15.01.2026 17:21:58	223,850	-0,066	-0,6639	-0,228	-2,2790
15.01.2026 17:21:58	223,900	-0,067	-0,6729	-0,231	-2,3105
15.01.2026 17:21:58	223,950	-0,068	-0,6849	-0,235	-2,3482
15.01.2026 17:21:59	224,000	-0,070	-0,6987	-0,238	-2,3836
15.01.2026 17:21:59	224,050	-0,071	-0,7085	-0,242	-2,4175
15.01.2026 17:21:59	224,100	-0,072	-0,7219	-0,245	-2,4534
15.01.2026 17:21:59	224,150	-0,073	-0,7299	-0,249	-2,4851
15.01.2026 17:21:59	224,200	-0,074	-0,7445	-0,252	-2,5186
15.01.2026 17:21:59	224,250	-0,075	-0,7547	-0,255	-2,5527
15.01.2026 17:21:59	224,300	-0,077	-0,7658	-0,258	-2,5833
15.01.2026 17:21:59	224,350	-0,078	-0,7752	-0,261	-2,6129
15.01.2026 17:21:59	224,400	-0,078	-0,7833	-0,264	-2,6364
15.01.2026 17:21:59	224,450	-0,079	-0,7940	-0,267	-2,6658
15.01.2026 17:21:59	224,500	-0,081	-0,8057	-0,269	-2,6907
15.01.2026 17:21:59	224,550	-0,082	-0,8170	-0,272	-2,7189
15.01.2026 17:21:59	224,600	-0,083	-0,8273	-0,274	-2,7413
15.01.2026 17:21:59	224,650	-0,084	-0,8360	-0,277	-2,7660
15.01.2026 17:21:59	224,700	-0,085	-0,8454	-0,279	-2,7870
15.01.2026 17:21:59	224,750	-0,085	-0,8532	-0,281	-2,8095
15.01.2026 17:21:59	224,800	-0,086	-0,8622	-0,283	-2,8265
15.01.2026 17:21:59	224,850	-0,087	-0,8712	-0,285	-2,8490
15.01.2026 17:21:59	224,900	-0,088	-0,8773	-0,286	-2,8619
15.01.2026 17:21:59	224,950	-0,089	-0,8864	-0,288	-2,8833
15.01.2026 17:22:00	225,000	-0,090	-0,8958	-0,290	-2,8981
15.01.2026 17:22:00	225,050	-0,090	-0,9020	-0,291	-2,9145
15.01.2026 17:22:00	225,100	-0,091	-0,9117	-0,293	-2,9297
15.01.2026 17:22:00	225,150	-0,092	-0,9198	-0,295	-2,9483
15.01.2026 17:22:00	225,200	-0,093	-0,9280	-0,296	-2,9610
15.01.2026 17:22:00	225,250	-0,093	-0,9322	-0,298	-2,9752
15.01.2026 17:22:00	225,300	-0,094	-0,9419	-0,299	-2,9871
15.01.2026 17:22:00	225,350	-0,095	-0,9463	-0,300	-3,0008
15.01.2026 17:22:00	225,400	-0,096	-0,9565	-0,301	-3,0118
15.01.2026 17:22:00	225,450	-0,096	-0,9625	-0,303	-3,0269
15.01.2026 17:22:00	225,500	-0,097	-0,9652	-0,303	-3,0321
15.01.2026 17:22:00	225,550	-0,097	-0,9718	-0,305	-3,0462
15.01.2026 17:22:00	225,600	-0,098	-0,9793	-0,306	-3,0556
15.01.2026 17:22:00	225,650	-0,098	-0,9827	-0,306	-3,0648
15.01.2026 17:22:00	225,700	-0,099	-0,9888	-0,307	-3,0714
15.01.2026 17:22:00	225,750	-0,099	-0,9927	-0,308	-3,0834
15.01.2026 17:22:00	225,800	-0,100	-0,9988	-0,309	-3,0897
15.01.2026 17:22:00	225,850	-0,100	-1,0034	-0,310	-3,0999
15.01.2026 17:22:00	225,900	-0,101	-1,0089	-0,310	-3,1040
15.01.2026 17:22:00	225,950	-0,101	-1,0121	-0,311	-3,1132
15.01.2026 17:22:01	226,000	-0,102	-1,0182	-0,312	-3,1192
15.01.2026 17:22:01	226,050	-0,103	-1,0264	-0,313	-3,1329
15.01.2026 17:22:01	226,100	-0,103	-1,0310	-0,314	-3,1364
15.01.2026 17:22:01	226,150	-0,103	-1,0343	-0,315	-3,1465
15.01.2026 17:22:01	226,200	-0,104	-1,0374	-0,315	-3,1499
15.01.2026 17:22:01	226,250	-0,104	-1,0369	-0,315	-3,1547
15.01.2026 17:22:01	226,300	-0,104	-1,0398	-0,316	-3,1575
15.01.2026 17:22:01	226,350	-0,104	-1,0393	-0,316	-3,1645
15.01.2026 17:22:01	226,400	-0,103	-1,0276	-0,316	-3,1571
15.01.2026 17:22:01	226,450	-0,102	-1,0219	-0,316	-3,1600
15.01.2026 17:22:01	226,500	-0,101	-1,0144	-0,316	-3,1578
15.01.2026 17:22:01	226,550	-0,100	-1,0040	-0,316	-3,1570
15.01.2026 17:22:01	226,600	-0,100	-1,0014	-0,316	-3,1558
15.01.2026 17:22:01	226,650	-0,099	-0,9892	-0,316	-3,1553
15.01.2026 17:22:01	226,700	-0,098	-0,9801	-0,315	-3,1489
15.01.2026 17:22:01	226,750	-0,097	-0,9699	-0,315	-3,1476
15.01.2026 17:22:01	226,800	-0,096	-0,9623	-0,314	-3,1442
15.01.2026 17:22:01	226,850	-0,096	-0,9596	-0,315	-3,1482
15.01.2026 17:22:01	226,900	-0,095	-0,9540	-0,314	-3,1428
15.01.2026 17:22:01	226,950	-0,094	-0,9441	-0,315	-3,1452
15.01.2026 17:22:02	227,000	-0,092	-0,9192	-0,313	-3,1342
15.01.2026 17:22:02	227,050	-0,090	-0,9049	-0,313	-3,1348
15.01.2026 17:22:02	227,100	-0,089	-0,8940	-0,313	-3,1259
15.01.2026 17:22:02	227,150	-0,089	-0,8874	-0,313	-3,1277
15.01.2026 17:22:02	227,200	-0,088	-0,8810	-0,312	-3,1217
15.01.2026 17:22:02	227,250	-0,088	-0,8782	-0,312	-3,1238
15.01.2026 17:22:02	227,300	-0,088	-0,8780	-0,312	-3,1216
15.01.2026 17:22:02	227,350	-0,087	-0,8747	-0,312	-3,1226
15.01.2026 17:22:02	227,400	-0,088	-0,8756	-0,312	-3,1196
15.01.2026 17:22:02	227,450	-0,087	-0,8722	-0,312	-3,1208
15.01.2026 17:22:02	227,500	-0,087	-0,8683	-0,312	-3,1199
15.01.2026 17:22:02	227,550	-0,086	-0,8584	-0,312	-3,1195
15.01.2026 17:22:02	227,600	-0,085	-0,8495	-0,311	-3,1112
15.01.2026 17:22:02	227,650	-0,084	-0,8390	-0,311	-3,1108
15.01.2026 17:22:02	227,700	-0,083	-0,8287	-0,310	-3,1031
15.01.2026 17:22:02	227,750	-0,082	-0,8163	-0,310	-3,1035
15.01.2026 17:22:02	227,800	-0,080	-0,8022	-0,309	-3,0947
15.01.2026 17:22:02	227,850	-0,079	-0,7878	-0,309	-3,0934
15.01.2026 17:22:02	227,900	-0,077	-0,7743	-0,309	-3,0851
15.01.2026 17:22:02	227,950	-0,076	-0,7570	-0,308	-3,0815
15.01.2026 17:22:03	228,000	-0,074	-0,7438	-0,307	-3,0726
15.01.2026 17:22:03	228,050	-0,073	-0,7321	-0,307	-3,0722
15.01.2026 17:22:03	228,100	-0,072	-0,7242	-0,307	-3,0657
15.01.2026 17:22:03	228,150	-0,072	-0,7182	-0,307	-3,0662
15.01.2026 17:22:03	228,200	-0,071	-0,7137	-0,306	-3,0602
15.01.2026 17:22:03	228,250	-0,071	-0,7066	-0,306	-3,0588
15.01.2026 17:22:03	228,300	-0,071	-0,7056	-0,305	-3,0548
15.01.2026 17:22:03	228,350	-0,071	-0,7065	-0,306	-3,0602
15.01.2026 17:22:03	228,400	-0,070	-0,7004	-0,305	-3,0540
15.01.2026 17:22:03	228,450	-0,069	-0,6883	-0,305	-3,0515
15.01.2026 17:22:03	228,500	-0,068	-0,6810	-0,304	-3,0445
15.01.2026 17:22:03	228,550	-0,067	-0,6724	-0,305	-3,0467
15.01.2026 17:22:03	228,600	-0,066	-0,6615	-0,304	-3,0376
15.01.2026 17:22:03	228,650	-0,065	-0,6491	-0,304	-3,0369
15.01.2026 17:22:03	228,700	-0,063	-0,6309	-0,302	-3,0242
15.01.2026 17:22:03	228,750	-0,062	-0,6157	-0,302	-3,0219
15.01.2026 17:22:03	228,800	-0,060	-0,6016	-0,301	-3,0098
15.01.2026 17:22:03	228,850	-0,059	-0,5905	-0,301	-3,0086
15.01.2026 17:22:03	228,900	-0,058	-0,5812	-0,300	-2,9989
15.01.2026 17:22:03	228,950	-0,057	-0,5675	-0,300	-2,9960
15.01.2026 17:22:04	229,000	-0,056	-0,5551	-0,299	-2,9862
15.01.2026 17:22:04	229,050	-0,055	-0,5459	-0,299	-2,9858
15.01.2026 17:22:04	229,100	-0,054	-0,5354	-0,297	-2,9748
15.01.2026 17:22:04	229,150	-0,053	-0,5294	-0,298	-2,9762
15.01.2026 17:22:04	229,200	-0,052	-0,5229	-0,297	-2,9668
15.01.2026 17:22:04	229,250	-0,052	-0,5179	-0,297	-2,9677
15.01.2026 17:22:04	229,300	-0,051	-0,5142	-0,296	-2,9603
15.01.2026 17:22:04	229,350	-0,051	-0,5122	-0,296	-2,9646
15.01.2026 17:22:04	229,400	-0,051	-0,5129	-0,296	-2,9609
15.01.2026 17:22:04	229,450	-0,051	-0,5087	-0,296	-2,9620
15.01.2026 17:22:04	229,500	-0,050	-0,5044	-0,296	-2,9554
15.01.2026 17:22:04	229,550	-0,050	-0,5018	-0,296	-2,9597
15.01.2026 17:22:04	229,600	-0,049	-0,4926	-0,295	-2,9502
15.01.2026 17:22:04	229,650	-0,049	-0,4874	-0,295	-2,9534
15.01.2026 17:22:04	229,700	-0,048	-0,4771	-0,294	-2,9429
15.01.2026 17:22:04	229,750	-0,047	-0,4673	-0,294	-2,9426
15.01.2026 17:22:04	229,800	-0,046	-0,4558	-0,293	-2,9288
15.01.2026 17:22:04	229,850	-0,045	-0,4480	-0,293	-2,9298
15.01.2026 17:22:04	229,900	-0,044	-0,4408	-0,292	-2,9193
15.01.2026 17:22:04	229,950	-0,043	-0,4254	-0,292	-2,9156
15.01.2026 17:22:05	230,000	-0,041	-0,4141	-0,291	-2,9064
15.01.2026 17:22:05	230,050	-0,041	-0,4098	-0,291	-2,9073
15.01.2026 17:22:05	230,100	-0,040	-0,3983	-0,289	-2,8941
15.01.2026 17:22:05	230,150	-0,039	-0,3916	-0,289	-2,8939
15.01.2026 17:22:05	230,200	-0,038	-0,3817	-0,288	-2,8822
15.01.2026 17:22:05	230,250	-0,038	-0,3794	-0,289	-2,8852
15.01.2026 17:22:05	230,300	-0,038	-0,3767	-0,288	-2,8780
15.01.2026 17:22:05	230,350	-0,037	-0,3721	-0,288	-2,8799
15.01.2026 17:22:05	230,400	-0,037	-0,3688	-0,287	-2,8712
15.01.2026 17:22:05	230,450	-0,037	-0,3680	-0,288	-2,8761
15.01.2026 17:22:05	230,500	-0,036	-0,3637	-0,287	-2,8680
15.01.2026 17:22:05	230,550	-0,035	-0,3543	-0,287	-2,8686
15.01.2026 17:22:05	230,600	-0,035	-0,3455	-0,286	-2,8583
15.01.2026 17:22:05	230,650	-0,034	-0,3390	-0,286	-2,8598
15.01.2026 17:22:05	230,700	-0,033	-0,3298	-0,285	-2,8484
15.01.2026 17:22:05	230,750	-0,032	-0,3204	-0,285	-2,8477
15.01.2026 17:22:05	230,800	-0,031	-0,3072	-0,283	-2,8325
15.01.2026 17:22:05	230,850	-0,029	-0,2941	-0,283	-2,8291
15.01.2026 17:22:05	230,900	-0,029	-0,2853	-0,282	-2,8180
15.01.2026 17:22:05	230,950	-0,027	-0,2719	-0,281	-2,8137
15.01.2026 17:22:06	231,000	-0,026	-0,2626	-0,280	-2,8013
15.01.2026 17:22:06	231,050	-0,025	-0,2474	-0,279	-2,7948
15.01.2026 17:22:06	231,100	-0,024	-0,2356	-0,278	-2,7801
15.01.2026 17:22:06	231,150	-0,022	-0,2224	-0,277	-2,7745
15.01.2026 17:22:06	231,200	-0,021	-0,2110	-0,276	-2,7609
15.01.2026 17:22:06	231,250	-0,020	-0,1989	-0,276	-2,7558
15.01.2026 17:22:06	231,300	-0,018	-0,1798	-0,273	-2,7348
15.01.2026 17:22:06	231,350	-0,017	-0,1717	-0,273	-2,7317
15.01.2026 17:22:06	231,400	-0,016	-0,1599	-0,272	-2,7178
15.01.2026 17:22:06	231,450	-0,015	-0,1475	-0,271	-2,7099
15.01.2026 17:22:06	231,500	-0,014	-0,1380	-0,269	-2,6939
15.01.2026 17:22:06	231,550	-0,013	-0,1281	-0,269	-2,6897
15.01.2026 17:22:06	231,600	-0,012	-0,1208	-0,268	-2,6773
15.01.2026 17:22:06	231,650	-0,011	-0,1130	-0,267	-2,6743
15.01.2026 17:22:06	231,700	-0,011	-0,1052	-0,266	-2,6610
15.01.2026 17:22:06	231,750	-0,010	-0,0990	-0,266	-2,6593
15.01.2026 17:22:06	231,800	-0,009	-0,0928	-0,265	-2,6473
15.01.2026 17:22:06	231,850	-0,009	-0,0872	-0,265	-2,6463
15.01.2026 17:22:06	231,900	-0,008	-0,0788	-0,263	-2,6329
15.01.2026 17:22:06	231,950	-0,007	-0,0724	-0,263	-2,6312
15.01.2026 17:22:07	232,000	-0,006	-0,0637	-0,262	-2,6165
15.01.2026 17:22:07	232,050	-0,006	-0,0588	-0,262	-2,6160
15.01.2026 17:22:07	232,100	-0,006	-0,0571	-0,261	-2,6083
15.01.2026 17:22:07	232,150	-0,005	-0,0500	-0,260	-2,6044
15.01.2026 17:22:07	232,200	-0,005	-0,0459	-0,259	-2,5943
15.01.2026 17:22:07	232,250	-0,004	-0,0401	-0,259	-2,5946
15.01.2026 17:22:07	232,300	-0,004	-0,0366	-0,258	-2,5832
15.01.2026 17:22:07	232,350	-0,003	-0,0308	-0,258	-2,5829
15.01.2026 17:22:07	232,400	-0,003	-0,0254	-0,257	-2,5719
15.01.2026 17:22:07	232,450	-0,002	-0,0208	-0,257	-2,5725
15.01.2026 17:22:07	232,500	-0,002	-0,0166	-0,256	-2,5603
15.01.2026 17:22:07	232,550	-0,001	-0,0135	-0,256	-2,5625
15.01.2026 17:22:07	232,600	-6,598E-4	-0,0066	-0,255	-2,5477
15.01.2026 17:22:07	232,650	-2,838E-4	-0,0028	-0,255	-2,5493
15.01.2026 17:22:07	232,700	-6,104E-7	-6,1035E-6	-0,254	-2,5390
15.01.2026 17:22:07	232,750	2,106E-4	0,0021	-0,254	-2,5418
15.01.2026 17:22:07	232,800	5,109E-4	0,0051	-0,253	-2,5315
15.01.2026 17:22:07	232,850	6,000E-4	0,0060	-0,254	-2,5360
15.01.2026 17:22:07	232,900	4,523E-4	0,0045	-0,253	-2,5283
15.01.2026 17:22:07	232,950	7,611E-4	0,0076	-0,253	-2,5325
15.01.2026 17:22:08	233,000	0,001	0,0114	-0,252	-2,5216
15.01.2026 17:22:08	233,050	0,001	0,0113	-0,253	-2,5269
15.01.2026 17:22:08	233,100	8,441E-4	0,0084	-0,252	-2,5201
15.01.2026 17:22:08	233,150	0,001	0,0124	-0,253	-2,5269
15.01.2026 17:22:08	233,200	0,002	0,0197	-0,251	-2,5146
15.01.2026 17:22:08	233,250	0,002	0,0203	-0,252	-2,5175
15.01.2026 17:22:08	233,300	0,003	0,0287	-0,250	-2,5035
15.01.2026 17:22:08	233,350	0,003	0,0330	-0,251	-2,5064
15.01.2026 17:22:08	233,400	0,004	0,0439	-0,249	-2,4880
15.01.2026 17:22:08	233,450	0,005	0,0507	-0,249	-2,4856
15.01.2026 17:22:08	233,500	0,005	0,0546	-0,247	-2,4727
15.01.2026 17:22:08	233,550	0,006	0,0632	-0,247	-2,4684
15.01.2026 17:22:08	233,600	0,007	0,0681	-0,245	-2,4529
15.01.2026 17:22:08	233,650	0,008	0,0763	-0,245	-2,4496
15.01.2026 17:22:08	233,700	0,008	0,0836	-0,243	-2,4335
15.01.2026 17:22:08	233,750	0,009	0,0883	-0,243	-2,4312
15.01.2026 17:22:08	233,800	0,009	0,0919	-0,242	-2,4176
15.01.2026 17:22:08	233,850	0,010	0,0960	-0,242	-2,4159
15.01.2026 17:22:08	233,900	0,010	0,0978	-0,241	-2,4050
15.01.2026 17:22:08	233,950	0,010	0,1016	-0,241	-2,4070
15.01.2026 17:22:09	234,000	0,010	0,1027	-0,240	-2,3969
15.01.2026 17:22:09	234,050	0,011	0,1106	-0,239	-2,3939
15.01.2026 17:22:09	234,100	0,012	0,1158	-0,238	-2,3799
15.01.2026 17:22:09	234,150	0,012	0,1207	-0,238	-2,3796
15.01.2026 17:22:09	234,200	0,013	0,1278	-0,236	-2,3623
15.01.2026 17:22:09	234,250	0,014	0,1352	-0,236	-2,3589
15.01.2026 17:22:09	234,300	0,014	0,1406	-0,234	-2,3436
15.01.2026 17:22:09	234,350	0,015	0,1498	-0,234	-2,3362
15.01.2026 17:22:09	234,400	0,016	0,1558	-0,232	-2,3172
15.01.2026 17:22:09	234,450	0,016	0,1588	-0,232	-2,3169
15.01.2026 17:22:09	234,500	0,016	0,1618	-0,230	-2,3014
15.01.2026 17:22:09	234,550	0,017	0,1709	-0,230	-2,2966
15.01.2026 17:22:09	234,600	0,017	0,1740	-0,228	-2,2811
15.01.2026 17:22:09	234,650	0,018	0,1809	-0,228	-2,2776
15.01.2026 17:22:09	234,700	0,019	0,1863	-0,226	-2,2591
15.01.2026 17:22:09	234,750	0,019	0,1907	-0,226	-2,2554
15.01.2026 17:22:09	234,800	0,019	0,1924	-0,224	-2,2416
15.01.2026 17:22:09	234,850	0,020	0,1974	-0,224	-2,2383
15.01.2026 17:22:09	234,900	0,020	0,2017	-0,222	-2,2230
15.01.2026 17:22:09	234,950	0,021	0,2059	-0,222	-2,2208
15.01.2026 17:22:10	235,000	0,021	0,2097	-0,221	-2,2056
15.01.2026 17:22:10	235,050	0,021	0,2128	-0,221	-2,2063
15.01.2026 17:22:10	235,100	0,022	0,2171	-0,219	-2,1918
15.01.2026 17:22:10	235,150	0,022	0,2241	-0,219	-2,1870
15.01.2026 17:22:10	235,200	0,023	0,2328	-0,216	-2,1640
15.01.2026 17:22:10	235,250	0,023	0,2342	-0,216	-2,1621
15.01.2026 17:22:10	235,300	0,024	0,2419	-0,214	-2,1412
15.01.2026 17:22:10	235,350	0,024	0,2421	-0,214	-2,1397
15.01.2026 17:22:10	235,400	0,025	0,2503	-0,212	-2,1168
15.01.2026 17:22:10	235,450	0,026	0,2553	-0,211	-2,1120
15.01.2026 17:22:10	235,500	0,026	0,2570	-0,210	-2,0952
15.01.2026 17:22:10	235,550	0,026	0,2620	-0,209	-2,0899
15.01.2026 17:22:10	235,600	0,027	0,2660	-0,207	-2,0707
15.01.2026 17:22:10	235,650	0,027	0,2705	-0,207	-2,0652
15.01.2026 17:22:10	235,700	0,028	0,2751	-0,205	-2,0461
15.01.2026 17:22:10	235,750	0,028	0,2804	-0,204	-2,0375
15.01.2026 17:22:10	235,800	0,028	0,2826	-0,202	-2,0198
15.01.2026 17:22:10	235,850	0,029	0,2858	-0,201	-2,0145
15.01.2026 17:22:10	235,900	0,029	0,2905	-0,199	-1,9919
15.01.2026 17:22:10	235,950	0,029	0,2942	-0,198	-1,9839
15.01.2026 17:22:11	236,000	0,030	0,2975	-0,196	-1,9622
15.01.2026 17:22:11	236,050	0,030	0,3026	-0,195	-1,9545
15.01.2026 17:22:11	236,100	0,031	0,3064	-0,193	-1,9322
15.01.2026 17:22:11	236,150	0,031	0,3100	-0,193	-1,9252
15.01.2026 17:22:11	236,200	0,032	0,3161	-0,190	-1,8986
15.01.2026 17:22:11	236,250	0,032	0,3224	-0,189	-1,8855
15.01.2026 17:22:11	236,300	0,033	0,3258	-0,186	-1,8596
15.01.2026 17:22:11	236,350	0,033	0,3309	-0,184	-1,8447
15.01.2026 17:22:11	236,400	0,034	0,3390	-0,181	-1,8097
15.01.2026 17:22:11	236,450	0,035	0,3470	-0,179	-1,7870
15.01.2026 17:22:11	236,500	0,035	0,3511	-0,175	-1,7526
15.01.2026 17:22:11	236,550	0,036	0,3588	-0,173	-1,7276
15.01.2026 17:22:11	236,600	0,036	0,3614	-0,169	-1,6921
15.01.2026 17:22:11	236,650	0,037	0,3659	-0,167	-1,6733
15.01.2026 17:22:11	236,700	0,037	0,3740	-0,163	-1,6337
15.01.2026 17:22:11	236,750	0,038	0,3765	-0,161	-1,6139
15.01.2026 17:22:11	236,800	0,038	0,3845	-0,157	-1,5740
15.01.2026 17:22:11	236,850	0,039	0,3914	-0,155	-1,5496
15.01.2026 17:22:11	236,900	0,039	0,3926	-0,152	-1,5153
15.01.2026 17:22:11	236,950	0,040	0,3966	-0,149	-1,4948
15.01.2026 17:22:12	237,000	0,040	0,3998	-0,146	-1,4594
15.01.2026 17:22:12	237,050	0,041	0,4069	-0,144	-1,4385
15.01.2026 17:22:12	237,100	0,041	0,4090	-0,140	-1,4048
15.01.2026 17:22:12	237,150	0,041	0,4112	-0,139	-1,3877
15.01.2026 17:22:12	237,200	0,042	0,4199	-0,135	-1,3510
15.01.2026 17:22:12	237,250	0,042	0,4243	-0,133	-1,3302
15.01.2026 17:22:12	237,300	0,043	0,4270	-0,130	-1,2959
15.01.2026 17:22:12	237,350	0,043	0,4349	-0,127	-1,2717
15.01.2026 17:22:12	237,400	0,044	0,4444	-0,123	-1,2300
15.01.2026 17:22:12	237,450	0,045	0,4490	-0,120	-1,2033
15.01.2026 17:22:12	237,500	0,046	0,4566	-0,116	-1,1589
15.01.2026 17:22:12	237,550	0,046	0,4641	-0,113	-1,1299
15.01.2026 17:22:12	237,600	0,047	0,4681	-0,109	-1,0901
15.01.2026 17:22:12	237,650	0,048	0,4756	-0,106	-1,0629
15.01.2026 17:22:12	237,700	0,048	0,4821	-0,102	-1,0215
15.01.2026 17:22:12	237,750	0,049	0,4878	-0,100	-0,9962
15.01.2026 17:22:12	237,800	0,050	0,4977	-0,095	-0,9501
15.01.2026 17:22:12	237,850	0,051	0,5068	-0,092	-0,9192
15.01.2026 17:22:12	237,900	0,051	0,5146	-0,087	-0,8730
15.01.2026 17:22:12	237,950	0,052	0,5218	-0,084	-0,8439
15.01.2026 17:22:13	238,000	0,053	0,5281	-0,080	-0,7989
15.01.2026 17:22:13	238,050	0,054	0,5358	-0,077	-0,7691
15.01.2026 17:22:13	238,100	0,054	0,5437	-0,072	-0,7250
15.01.2026 17:22:13	238,150	0,055	0,5472	-0,070	-0,7013
15.01.2026 17:22:13	238,200	0,056	0,5576	-0,066	-0,6571
15.01.2026 17:22:13	238,250	0,056	0,5627	-0,063	-0,6340
15.01.2026 17:22:13	238,300	0,057	0,5686	-0,060	-0,5952
15.01.2026 17:22:13	238,350	0,058	0,5758	-0,057	-0,5726
15.01.2026 17:22:13	238,400	0,059	0,5860	-0,053	-0,5317
15.01.2026 17:22:13	238,450	0,059	0,5929	-0,051	-0,5101
15.01.2026 17:22:13	238,500	0,060	0,6013	-0,047	-0,4708
15.01.2026 17:22:13	238,550	0,061	0,6084	-0,045	-0,4495
15.01.2026 17:22:13	238,600	0,061	0,6118	-0,042	-0,4164
15.01.2026 17:22:13	238,650	0,062	0,6245	-0,039	-0,3915
15.01.2026 17:22:13	238,700	0,064	0,6361	-0,035	-0,3512
15.01.2026 17:22:13	238,750	0,065	0,6457	-0,033	-0,3283
15.01.2026 17:22:13	238,800	0,066	0,6574	-0,029	-0,2856
15.01.2026 17:22:13	238,850	0,067	0,6673	-0,026	-0,2641
15.01.2026 17:22:13	238,900	0,067	0,6724	-0,023	-0,2300
15.01.2026 17:22:13	238,950	0,068	0,6826	-0,021	-0,2097
15.01.2026 17:22:14	239,000	0,070	0,6960	-0,017	-0,1698
15.01.2026 17:22:14	239,050	0,071	0,7076	-0,015	-0,1488
15.01.2026 17:22:14	239,100	0,072	0,7182	-0,011	-0,1123
15.01.2026 17:22:14	239,150	0,073	0,7262	-0,010	-0,0953
15.01.2026 17:22:14	239,200	0,073	0,7349	-0,006	-0,0627
15.01.2026 17:22:14	239,250	0,075	0,7467	-0,005	-0,0457
15.01.2026 17:22:14	239,300	0,076	0,7567	-0,001	-0,0145
15.01.2026 17:22:14	239,350	0,077	0,7699	2,671E-4	0,0027
15.01.2026 17:22:14	239,400	0,078	0,7780	0,003	0,0324
15.01.2026 17:22:14	239,450	0,079	0,7915	0,005	0,0489
15.01.2026 17:22:14	239,500	0,080	0,8034	0,008	0,0807
15.01.2026 17:22:14	239,550	0,081	0,8139	0,009	0,0937
15.01.2026 17:22:14	239,600	0,083	0,8256	0,012	0,1235
15.01.2026 17:22:14	239,650	0,084	0,8362	0,013	0,1345
15.01.2026 17:22:14	239,700	0,085	0,8454	0,016	0,1612
15.01.2026 17:22:14	239,750	0,086	0,8606	0,017	0,1744
15.01.2026 17:22:14	239,800	0,087	0,8706	0,020	0,2007
15.01.2026 17:22:14	239,850	0,089	0,8856	0,021	0,2140
15.01.2026 17:22:14	239,900	0,090	0,8958	0,024	0,2400
15.01.2026 17:22:14	239,950	0,091	0,9080	0,025	0,2511
15.01.2026 17:22:15	240,000	0,092	0,9176	0,028	0,2763
15.01.2026 17:22:15	240,050	0,093	0,9303	0,029	0,2855
15.01.2026 17:22:15	240,100	0,094	0,9417	0,031	0,3108
15.01.2026 17:22:15	240,150	0,095	0,9533	0,032	0,3196
15.01.2026 17:22:15	240,200	0,096	0,9620	0,034	0,3399
15.01.2026 17:22:15	240,250	0,097	0,9724	0,035	0,3461
15.01.2026 17:22:15	240,300	0,098	0,9838	0,037	0,3691
15.01.2026 17:22:15	240,350	0,099	0,9910	0,037	0,3730
15.01.2026 17:22:15	240,400	0,100	0,9994	0,039	0,3926
15.01.2026 17:22:15	240,450	0,101	1,0083	0,040	0,3986
15.01.2026 17:22:15	240,500	0,100	1,0045	0,041	0,4099
15.01.2026 17:22:15	240,550	0,100	1,0042	0,041	0,4105
15.01.2026 17:22:15	240,600	0,098	0,9789	0,041	0,4126
15.01.2026 17:22:15	240,650	0,095	0,9524	0,040	0,3971
15.01.2026 17:22:15	240,700	0,094	0,9357	0,040	0,4037
15.01.2026 17:22:15	240,750	0,092	0,9221	0,039	0,3911
15.01.2026 17:22:15	240,800	0,091	0,9127	0,040	0,3970
15.01.2026 17:22:15	240,850	0,090	0,9006	0,039	0,3865
15.01.2026 17:22:15	240,900	0,088	0,8848	0,039	0,3867
15.01.2026 17:22:15	240,950	0,088	0,8833	0,038	0,3828
15.01.2026 17:22:16	241,000	0,087	0,8729	0,039	0,3866
15.01.2026 17:22:16	241,050	0,086	0,8624	0,037	0,3721
15.01.2026 17:22:16	241,100	0,085	0,8522	0,038	0,3780
15.01.2026 17:22:16	241,150	0,084	0,8426	0,037	0,3697
15.01.2026 17:22:16	241,200	0,083	0,8250	0,037	0,3716
15.01.2026 17:22:16	241,250	0,081	0,8086	0,036	0,3583
15.01.2026 17:22:16	241,300	0,080	0,7951	0,036	0,3620
15.01.2026 17:22:16	241,350	0,078	0,7778	0,035	0,3471
15.01.2026 17:22:16	241,400	0,076	0,7615	0,035	0,3495
15.01.2026 17:22:16	241,450	0,074	0,7425	0,033	0,3329
15.01.2026 17:22:16	241,500	0,073	0,7310	0,034	0,3364
15.01.2026 17:22:16	241,550	0,073	0,7263	0,033	0,3270
15.01.2026 17:22:16	241,600	0,072	0,7186	0,033	0,3300
15.01.2026 17:22:16	241,650	0,072	0,7178	0,032	0,3230
15.01.2026 17:22:16	241,700	0,071	0,7146	0,033	0,3297
15.01.2026 17:22:16	241,750	0,071	0,7105	0,032	0,3194
15.01.2026 17:22:16	241,800	0,070	0,7025	0,032	0,3246
15.01.2026 17:22:16	241,850	0,069	0,6883	0,031	0,3097
15.01.2026 17:22:16	241,900	0,068	0,6789	0,032	0,3166
15.01.2026 17:22:16	241,950	0,067	0,6678	0,030	0,3039
15.01.2026 17:22:17	242,000	0,066	0,6555	0,031	0,3065
15.01.2026 17:22:17	242,050	0,064	0,6429	0,029	0,2914
15.01.2026 17:22:17	242,100	0,063	0,6317	0,029	0,2935
15.01.2026 17:22:17	242,150	0,063	0,6261	0,028	0,2832
15.01.2026 17:22:17	242,200	0,062	0,6242	0,029	0,2894
15.01.2026 17:22:17	242,250	0,062	0,6190	0,028	0,2786
15.01.2026 17:22:17	242,300	0,062	0,6162	0,028	0,2849
15.01.2026 17:22:17	242,350	0,062	0,6180	0,028	0,2784
15.01.2026 17:22:17	242,400	0,061	0,6148	0,028	0,2838
15.01.2026 17:22:17	242,450	0,062	0,6162	0,028	0,2781
15.01.2026 17:22:17	242,500	0,061	0,6096	0,028	0,2820
15.01.2026 17:22:17	242,550	0,060	0,6041	0,027	0,2727
15.01.2026 17:22:17	242,600	0,059	0,5930	0,028	0,2764
15.01.2026 17:22:17	242,650	0,058	0,5813	0,026	0,2632
15.01.2026 17:22:17	242,700	0,057	0,5706	0,027	0,2665
15.01.2026 17:22:17	242,750	0,056	0,5581	0,025	0,2515
15.01.2026 17:22:17	242,800	0,055	0,5475	0,025	0,2539
15.01.2026 17:22:17	242,850	0,054	0,5382	0,024	0,2416
15.01.2026 17:22:17	242,900	0,053	0,5296	0,025	0,2467
15.01.2026 17:22:17	242,950	0,052	0,5208	0,023	0,2309
15.01.2026 17:22:18	243,000	0,051	0,5142	0,023	0,2341
15.01.2026 17:22:18	243,050	0,051	0,5127	0,023	0,2269
15.01.2026 17:22:18	243,100	0,051	0,5051	0,023	0,2277
15.01.2026 17:22:18	243,150	0,051	0,5072	0,022	0,2218
15.01.2026 17:22:18	243,200	0,050	0,5045	0,023	0,2281
15.01.2026 17:22:18	243,250	0,050	0,5015	0,022	0,2185
15.01.2026 17:22:18	243,300	0,050	0,4976	0,022	0,2237
15.01.2026 17:22:18	243,350	0,049	0,4943	0,022	0,2165
15.01.2026 17:22:18	243,400	0,049	0,4899	0,022	0,2224
15.01.2026 17:22:18	243,450	0,048	0,4804	0,021	0,2084
15.01.2026 17:22:18	243,500	0,048	0,4775	0,022	0,2166
15.01.2026 17:22:18	243,550	0,047	0,4708	0,020	0,2050
15.01.2026 17:22:18	243,600	0,047	0,4663	0,021	0,2100
15.01.2026 17:22:18	243,650	0,045	0,4545	0,019	0,1929
15.01.2026 17:22:18	243,700	0,045	0,4520	0,020	0,2020
15.01.2026 17:22:18	243,750	0,044	0,4434	0,019	0,1878
15.01.2026 17:22:18	243,800	0,044	0,4374	0,019	0,1929
15.01.2026 17:22:18	243,850	0,043	0,4289	0,018	0,1790
15.01.2026 17:22:18	243,900	0,042	0,4227	0,018	0,1833
15.01.2026 17:22:18	243,950	0,042	0,4160	0,017	0,1727
15.01.2026 17:22:19	244,000	0,041	0,4107	0,018	0,1768
15.01.2026 17:22:19	244,050	0,040	0,3991	0,016	0,1615
15.01.2026 17:22:19	244,100	0,039	0,3931	0,016	0,1645
15.01.2026 17:22:19	244,150	0,039	0,3875	0,015	0,1543
15.01.2026 17:22:19	244,200	0,038	0,3783	0,016	0,1561
15.01.2026 17:22:19	244,250	0,037	0,3677	0,014	0,1402
15.01.2026 17:22:19	244,300	0,036	0,3608	0,015	0,1452
15.01.2026 17:22:19	244,350	0,035	0,3524	0,013	0,1304
15.01.2026 17:22:19	244,400	0,035	0,3453	0,014	0,1359
15.01.2026 17:22:19	244,450	0,034	0,3358	0,012	0,1218
15.01.2026 17:22:19	244,500	0,033	0,3284	0,012	0,1242
15.01.2026 17:22:19	244,550	0,032	0,3209	0,011	0,1106
15.01.2026 17:22:19	244,600	0,031	0,3120	0,011	0,1099
15.01.2026 17:22:19	244,650	0,031	0,3122	0,010	0,1039
15.01.2026 17:22:19	244,700	0,030	0,3041	0,010	0,1042
15.01.2026 17:22:19	244,750	0,030	0,3010	0,009	0,0941
15.01.2026 17:22:19	244,800	0,030	0,2961	0,010	0,0969
15.01.2026 17:22:19	244,850	0,029	0,2931	0,009	0,0887
15.01.2026 17:22:19	244,900	0,029	0,2852	0,009	0,0892
15.01.2026 17:22:19	244,950	0,029	0,2853	0,008	0,0820
15.01.2026 17:22:20	245,000	0,028	0,2799	0,009	0,0854
15.01.2026 17:22:20	245,050	0,027	0,2746	0,007	0,0734
15.01.2026 17:22:20	245,100	0,027	0,2712	0,008	0,0789
15.01.2026 17:22:20	245,150	0,026	0,2647	0,007	0,0658
15.01.2026 17:22:20	245,200	0,026	0,2567	0,007	0,0681
15.01.2026 17:22:20	245,250	0,026	0,2554	0,006	0,0589
15.01.2026 17:22:20	245,300	0,025	0,2498	0,006	0,0611
15.01.2026 17:22:20	245,350	0,024	0,2446	0,005	0,0499
15.01.2026 17:22:20	245,400	0,024	0,2412	0,006	0,0553
15.01.2026 17:22:20	245,450	0,024	0,2359	0,004	0,0440
15.01.2026 17:22:20	245,500	0,023	0,2331	0,005	0,0484
15.01.2026 17:22:20	245,550	0,023	0,2263	0,003	0,0345
15.01.2026 17:22:20	245,600	0,022	0,2226	0,004	0,0392
15.01.2026 17:22:20	245,650	0,022	0,2169	0,003	0,0280
15.01.2026 17:22:20	245,700	0,021	0,2130	0,003	0,0312
15.01.2026 17:22:20	245,750	0,021	0,2120	0,002	0,0234
15.01.2026 17:22:20	245,800	0,021	0,2052	0,002	0,0249
15.01.2026 17:22:20	245,850	0,020	0,1985	0,001	0,0132
15.01.2026 17:22:20	245,900	0,019	0,1927	0,002	0,0160
15.01.2026 17:22:20	245,950	0,019	0,1903	6,675E-4	0,0067
15.01.2026 17:22:21	246,000	0,018	0,1826	6,919E-4	0,0069
15.01.2026 17:22:21	246,050	0,018	0,1818	-2,126E-4	-0,0021
15.01.2026 17:22:21	246,100	0,017	0,1740	-1,125E-4	-0,0011
15.01.2026 17:22:21	246,150	0,017	0,1658	-0,002	-0,0156
15.01.2026 17:22:21	246,200	0,016	0,1615	-0,001	-0,0109
15.01.2026 17:22:21	246,250	0,015	0,1532	-0,003	-0,0264
15.01.2026 17:22:21	246,300	0,015	0,1463	-0,002	-0,0249
15.01.2026 17:22:21	246,350	0,014	0,1371	-0,004	-0,0393
15.01.2026 17:22:21	246,400	0,013	0,1290	-0,004	-0,0416
15.01.2026 17:22:21	246,450	0,012	0,1229	-0,006	-0,0551
15.01.2026 17:22:21	246,500	0,012	0,1171	-0,005	-0,0548
15.01.2026 17:22:21	246,550	0,011	0,1121	-0,007	-0,0662
15.01.2026 17:22:21	246,600	0,011	0,1083	-0,006	-0,0629
15.01.2026 17:22:21	246,650	0,010	0,1013	-0,008	-0,0781
15.01.2026 17:22:21	246,700	0,010	0,0964	-0,008	-0,0771
15.01.2026 17:22:21	246,750	0,009	0,0930	-0,009	-0,0871
15.01.2026 17:22:21	246,800	0,009	0,0921	-0,008	-0,0834
15.01.2026 17:22:21	246,850	0,009	0,0903	-0,009	-0,0934
15.01.2026 17:22:21	246,900	0,009	0,0864	-0,009	-0,0895
15.01.2026 17:22:21	246,950	0,008	0,0821	-0,010	-0,1022
15.01.2026 17:22:22	247,000	0,008	0,0836	-0,009	-0,0928
15.01.2026 17:22:22	247,050	0,008	0,0822	-0,010	-0,1028
15.01.2026 17:22:22	247,100	0,007	0,0722	-0,010	-0,1034
15.01.2026 17:22:22	247,150	0,006	0,0638	-0,012	-0,1174
15.01.2026 17:22:22	247,200	0,006	0,0556	-0,012	-0,1173
15.01.2026 17:22:22	247,250	0,005	0,0498	-0,013	-0,1313
15.01.2026 17:22:22	247,300	0,005	0,0504	-0,012	-0,1248
15.01.2026 17:22:22	247,350	0,004	0,0445	-0,014	-0,1397
15.01.2026 17:22:22	247,400	0,004	0,0417	-0,014	-0,1376
15.01.2026 17:22:22	247,450	0,004	0,0389	-0,015	-0,1484
15.01.2026 17:22:22	247,500	0,003	0,0341	-0,015	-0,1465
15.01.2026 17:22:22	247,550	0,003	0,0330	-0,016	-0,1554
15.01.2026 17:22:22	247,600	0,003	0,0282	-0,016	-0,1554
15.01.2026 17:22:22	247,650	0,003	0,0274	-0,016	-0,1626
15.01.2026 17:22:22	247,700	0,003	0,0305	-0,015	-0,1544
15.01.2026 17:22:22	247,750	0,003	0,0252	-0,017	-0,1669
15.01.2026 17:22:22	247,800	0,003	0,0276	-0,016	-0,1586
15.01.2026 17:22:22	247,850	0,003	0,0267	-0,017	-0,1678
15.01.2026 17:22:22	247,900	0,002	0,0231	-0,016	-0,1625
15.01.2026 17:22:22	247,950	0,002	0,0202	-0,017	-0,1734
15.01.2026 17:22:23	248,000	0,002	0,0192	-0,017	-0,1681
15.01.2026 17:22:23	248,050	0,002	0,0180	-0,018	-0,1775
15.01.2026 17:22:23	248,100	0,002	0,0206	-0,017	-0,1689
15.01.2026 17:22:23	248,150	0,002	0,0189	-0,018	-0,1780
15.01.2026 17:22:23	248,200	0,002	0,0184	-0,017	-0,1705
15.01.2026 17:22:23	248,250	0,002	0,0217	-0,018	-0,1751
15.01.2026 17:22:23	248,300	0,002	0,0195	-0,017	-0,1697
15.01.2026 17:22:23	248,350	0,002	0,0193	-0,018	-0,1768
15.01.2026 17:22:23	248,400	0,001	0,0146	-0,017	-0,1712
15.01.2026 17:22:23	248,450	5,084E-4	0,0051	-0,019	-0,1864
15.01.2026 17:22:23	248,500	-5,829E-4	-0,0058	-0,019	-0,1893
15.01.2026 17:22:23	248,550	-0,002	-0,0152	-0,021	-0,2071
15.01.2026 17:22:23	248,600	-0,002	-0,0192	-0,021	-0,2060
15.01.2026 17:22:23	248,650	-0,002	-0,0237	-0,022	-0,2197
15.01.2026 17:22:23	248,700	-0,003	-0,0340	-0,023	-0,2260
15.01.2026 17:22:23	248,750	-0,004	-0,0397	-0,024	-0,2411
15.01.2026 17:22:23	248,800	-0,005	-0,0468	-0,024	-0,2442
15.01.2026 17:22:23	248,850	-0,005	-0,0529	-0,026	-0,2588
15.01.2026 17:22:23	248,900	-0,006	-0,0593	-0,026	-0,2624
15.01.2026 17:22:23	248,950	-0,007	-0,0675	-0,028	-0,2805
15.01.2026 17:22:24	249,000	-0,007	-0,0713	-0,028	-0,2799
15.01.2026 17:22:24	249,050	-0,008	-0,0784	-0,030	-0,2965
15.01.2026 17:22:24	249,100	-0,008	-0,0815	-0,030	-0,2967
15.01.2026 17:22:24	249,150	-0,009	-0,0870	-0,031	-0,3127
15.01.2026 17:22:24	249,200	-0,009	-0,0931	-0,032	-0,3156
15.01.2026 17:22:24	249,250	-0,010	-0,1001	-0,033	-0,3326
15.01.2026 17:22:24	249,300	-0,011	-0,1050	-0,033	-0,3342
15.01.2026 17:22:24	249,350	-0,011	-0,1142	-0,035	-0,3524
15.01.2026 17:22:24	249,400	-0,011	-0,1146	-0,035	-0,3511
15.01.2026 17:22:24	249,450	-0,012	-0,1227	-0,037	-0,3696
15.01.2026 17:22:24	249,500	-0,013	-0,1282	-0,037	-0,3731
15.01.2026 17:22:24	249,550	-0,013	-0,1316	-0,039	-0,3874
15.01.2026 17:22:24	249,600	-0,013	-0,1341	-0,039	-0,3885
15.01.2026 17:22:24	249,650	-0,014	-0,1444	-0,041	-0,4091
15.01.2026 17:22:24	249,700	-0,015	-0,1471	-0,041	-0,4093
15.01.2026 17:22:24	249,750	-0,015	-0,1518	-0,042	-0,4236
15.01.2026 17:22:24	249,800	-0,016	-0,1593	-0,043	-0,4286
15.01.2026 17:22:24	249,850	-0,016	-0,1636	-0,044	-0,4448
15.01.2026 17:22:24	249,900	-0,017	-0,1676	-0,045	-0,4485
15.01.2026 17:22:24	249,950	-0,017	-0,1687	-0,046	-0,4606
15.01.2026 17:22:25	250,000	-0,017	-0,1725	-0,046	-0,4636
15.01.2026 17:22:25	250,050	-0,018	-0,1818	-0,048	-0,4830
15.01.2026 17:22:25	250,100	-0,018	-0,1807	-0,048	-0,4817
15.01.2026 17:22:25	250,150	-0,019	-0,1862	-0,050	-0,4970
15.01.2026 17:22:25	250,200	-0,019	-0,1891	-0,050	-0,4990
15.01.2026 17:22:25	250,250	-0,019	-0,1912	-0,051	-0,5123
15.01.2026 17:22:25	250,300	-0,019	-0,1941	-0,051	-0,5138
15.01.2026 17:22:25	250,350	-0,020	-0,2020	-0,053	-0,5332
15.01.2026 17:22:25	250,400	-0,021	-0,2058	-0,054	-0,5359
15.01.2026 17:22:25	250,450	-0,021	-0,2062	-0,055	-0,5480
15.01.2026 17:22:25	250,500	-0,021	-0,2105	-0,055	-0,5532
15.01.2026 17:22:25	250,550	-0,022	-0,2159	-0,057	-0,5684
15.01.2026 17:22:25	250,600	-0,022	-0,2152	-0,057	-0,5674
15.01.2026 17:22:25	250,650	-0,022	-0,2187	-0,058	-0,5820
15.01.2026 17:22:25	250,700	-0,022	-0,2190	-0,058	-0,5813
15.01.2026 17:22:25	250,750	-0,022	-0,2230	-0,059	-0,5944
15.01.2026 17:22:25	250,800	-0,023	-0,2276	-0,060	-0,5982
15.01.2026 17:22:25	250,850	-0,023	-0,2303	-0,061	-0,6123
15.01.2026 17:22:25	250,900	-0,023	-0,2322	-0,061	-0,6131
15.01.2026 17:22:25	250,950	-0,023	-0,2315	-0,062	-0,6224
15.01.2026 17:22:26	251,000	-0,023	-0,2344	-0,063	-0,6258
15.01.2026 17:22:26	251,050	-0,024	-0,2379	-0,064	-0,6395
15.01.2026 17:22:26	251,100	-0,024	-0,2406	-0,064	-0,6412
15.01.2026 17:22:26	251,150	-0,024	-0,2406	-0,065	-0,6515
15.01.2026 17:22:26	251,200	-0,024	-0,2422	-0,065	-0,6522
15.01.2026 17:22:26	251,250	-0,024	-0,2443	-0,067	-0,6660
15.01.2026 17:22:26	251,300	-0,024	-0,2438	-0,066	-0,6648
15.01.2026 17:22:26	251,350	-0,025	-0,2494	-0,068	-0,6814
15.01.2026 17:22:26	251,400	-0,025	-0,2503	-0,068	-0,6822
15.01.2026 17:22:26	251,450	-0,026	-0,2565	-0,070	-0,6982
15.01.2026 17:22:26	251,500	-0,026	-0,2595	-0,070	-0,7012
15.01.2026 17:22:26	251,550	-0,026	-0,2606	-0,071	-0,7141
15.01.2026 17:22:26	251,600	-0,026	-0,2622	-0,072	-0,7180
15.01.2026 17:22:26	251,650	-0,026	-0,2590	-0,073	-0,7264
15.01.2026 17:22:26	251,700	-0,027	-0,2659	-0,073	-0,7342
15.01.2026 17:22:26	251,750	-0,026	-0,2644	-0,074	-0,7429
15.01.2026 17:22:26	251,800	-0,027	-0,2661	-0,075	-0,7471
15.01.2026 17:22:26	251,850	-0,027	-0,2698	-0,076	-0,7620
15.01.2026 17:22:26	251,900	-0,027	-0,2716	-0,077	-0,7662
15.01.2026 17:22:26	251,950	-0,027	-0,2740	-0,078	-0,7787
15.01.2026 17:22:27	252,000	-0,027	-0,2732	-0,078	-0,7798
15.01.2026 17:22:27	252,050	-0,028	-0,2769	-0,079	-0,7942
15.01.2026 17:22:27	252,100	-0,028	-0,2767	-0,080	-0,7967
15.01.2026 17:22:27	252,150	-0,028	-0,2807	-0,081	-0,8132
15.01.2026 17:22:27	252,200	-0,028	-0,2847	-0,082	-0,8204
15.01.2026 17:22:27	252,250	-0,028	-0,2815	-0,083	-0,8287
15.01.2026 17:22:27	252,300	-0,029	-0,2869	-0,084	-0,8373
15.01.2026 17:22:27	252,350	-0,029	-0,2862	-0,085	-0,8477
15.01.2026 17:22:27	252,400	-0,029	-0,2909	-0,086	-0,8558
15.01.2026 17:22:27	252,450	-0,029	-0,2910	-0,087	-0,8672
15.01.2026 17:22:27	252,500	-0,029	-0,2943	-0,087	-0,8742
15.01.2026 17:22:27	252,550	-0,030	-0,2950	-0,089	-0,8884
15.01.2026 17:22:27	252,600	-0,030	-0,2957	-0,089	-0,8933
15.01.2026 17:22:27	252,650	-0,030	-0,2998	-0,091	-0,9098
15.01.2026 17:22:27	252,700	-0,030	-0,2985	-0,091	-0,9118
15.01.2026 17:22:27	252,750	-0,030	-0,3027	-0,093	-0,9283
15.01.2026 17:22:27	252,800	-0,031	-0,3058	-0,093	-0,9338
15.01.2026 17:22:27	252,850	-0,031	-0,3062	-0,095	-0,9484
15.01.2026 17:22:27	252,900	-0,031	-0,3133	-0,096	-0,9606
15.01.2026 17:22:27	252,950	-0,031	-0,3121	-0,097	-0,9738
15.01.2026 17:22:28	253,000	-0,031	-0,3120	-0,098	-0,9798
15.01.2026 17:22:28	253,050	-0,032	-0,3161	-0,100	-0,9984
15.01.2026 17:22:28	253,100	-0,032	-0,3203	-0,101	-1,0094
15.01.2026 17:22:28	253,150	-0,032	-0,3192	-0,102	-1,0216
15.01.2026 17:22:28	253,200	-0,032	-0,3219	-0,103	-1,0290
15.01.2026 17:22:28	253,250	-0,032	-0,3204	-0,104	-1,0425
15.01.2026 17:22:28	253,300	-0,033	-0,3260	-0,105	-1,0525
15.01.2026 17:22:28	253,350	-0,033	-0,3308	-0,107	-1,0708
15.01.2026 17:22:28	253,400	-0,033	-0,3304	-0,108	-1,0768
15.01.2026 17:22:28	253,450	-0,033	-0,3334	-0,109	-1,0944
15.01.2026 17:22:28	253,500	-0,033	-0,3334	-0,110	-1,1009
15.01.2026 17:22:28	253,550	-0,034	-0,3383	-0,112	-1,1197
15.01.2026 17:22:28	253,600	-0,034	-0,3425	-0,113	-1,1323
15.01.2026 17:22:28	253,650	-0,034	-0,3405	-0,114	-1,1447
15.01.2026 17:22:28	253,700	-0,034	-0,3432	-0,116	-1,1555
15.01.2026 17:22:28	253,750	-0,035	-0,3474	-0,118	-1,1753
15.01.2026 17:22:28	253,800	-0,035	-0,3498	-0,118	-1,1848
15.01.2026 17:22:28	253,850	-0,035	-0,3518	-0,120	-1,2006
15.01.2026 17:22:28	253,900	-0,036	-0,3563	-0,121	-1,2145
15.01.2026 17:22:28	253,950	-0,036	-0,3590	-0,123	-1,2339
15.01.2026 17:22:29	254,000	-0,036	-0,3618	-0,125	-1,2466
15.01.2026 17:22:29	254,050	-0,037	-0,3658	-0,127	-1,2669
15.01.2026 17:22:29	254,100	-0,037	-0,3662	-0,128	-1,2759
15.01.2026 17:22:29	254,150	-0,037	-0,3706	-0,130	-1,2960
15.01.2026 17:22:29	254,200	-0,037	-0,3690	-0,130	-1,3031
15.01.2026 17:22:29	254,250	-0,037	-0,3723	-0,132	-1,3212
15.01.2026 17:22:29	254,300	-0,037	-0,3738	-0,133	-1,3313
15.01.2026 17:22:29	254,350	-0,038	-0,3799	-0,135	-1,3530
15.01.2026 17:22:29	254,400	-0,038	-0,3804	-0,136	-1,3638
15.01.2026 17:22:29	254,450	-0,038	-0,3839	-0,138	-1,3846
15.01.2026 17:22:29	254,500	-0,039	-0,3862	-0,140	-1,3961
15.01.2026 17:22:29	254,550	-0,039	-0,3916	-0,142	-1,4179
15.01.2026 17:22:29	254,600	-0,039	-0,3918	-0,143	-1,4272
15.01.2026 17:22:29	254,650	-0,040	-0,3986	-0,145	-1,4507
15.01.2026 17:22:29	254,700	-0,040	-0,4027	-0,147	-1,4659
15.01.2026 17:22:29	254,750	-0,041	-0,4062	-0,149	-1,4880
15.01.2026 17:22:29	254,800	-0,041	-0,4100	-0,150	-1,5040
15.01.2026 17:22:29	254,850	-0,041	-0,4143	-0,153	-1,5279
15.01.2026 17:22:29	254,900	-0,042	-0,4182	-0,154	-1,5448
15.01.2026 17:22:29	254,950	-0,042	-0,4218	-0,157	-1,5672
15.01.2026 17:22:30	255,000	-0,043	-0,4258	-0,158	-1,5836
15.01.2026 17:22:30	255,050	-0,044	-0,4350	-0,161	-1,6121
15.01.2026 17:22:30	255,100	-0,044	-0,4350	-0,162	-1,6247
15.01.2026 17:22:30	255,150	-0,044	-0,4406	-0,165	-1,6518
15.01.2026 17:22:30	255,200	-0,044	-0,4394	-0,166	-1,6641
15.01.2026 17:22:30	255,250	-0,045	-0,4481	-0,169	-1,6920
15.01.2026 17:22:30	255,300	-0,045	-0,4537	-0,171	-1,7108
15.01.2026 17:22:30	255,350	-0,046	-0,4583	-0,174	-1,7357
15.01.2026 17:22:30	255,400	-0,047	-0,4668	-0,176	-1,7584
15.01.2026 17:22:30	255,450	-0,047	-0,4744	-0,179	-1,7879
15.01.2026 17:22:30	255,500	-0,047	-0,4750	-0,180	-1,8048
15.01.2026 17:22:30	255,550	-0,048	-0,4787	-0,183	-1,8296
15.01.2026 17:22:30	255,600	-0,049	-0,4862	-0,185	-1,8520
15.01.2026 17:22:30	255,650	-0,049	-0,4900	-0,188	-1,8763
15.01.2026 17:22:30	255,700	-0,050	-0,4961	-0,190	-1,8959
15.01.2026 17:22:30	255,750	-0,050	-0,4993	-0,192	-1,9178
15.01.2026 17:22:30	255,800	-0,050	-0,5019	-0,193	-1,9332
15.01.2026 17:22:30	255,850	-0,051	-0,5081	-0,196	-1,9584
15.01.2026 17:22:30	255,900	-0,052	-0,5155	-0,198	-1,9778
15.01.2026 17:22:30	255,950	-0,052	-0,5178	-0,200	-1,9993
15.01.2026 17:22:31	256,000	-0,052	-0,5246	-0,202	-2,0198
15.01.2026 17:22:31	256,050	-0,053	-0,5275	-0,204	-2,0402
15.01.2026 17:22:31	256,100	-0,053	-0,5344	-0,206	-2,0598
15.01.2026 17:22:31	256,150	-0,054	-0,5404	-0,208	-2,0826
15.01.2026 17:22:31	256,200	-0,054	-0,5442	-0,210	-2,0977
15.01.2026 17:22:31	256,250	-0,055	-0,5536	-0,212	-2,1229
15.01.2026 17:22:31	256,300	-0,056	-0,5581	-0,214	-2,1402
15.01.2026 17:22:31	256,350	-0,057	-0,5669	-0,217	-2,1672
15.01.2026 17:22:31	256,400	-0,057	-0,5744	-0,219	-2,1867
15.01.2026 17:22:31	256,450	-0,058	-0,5804	-0,221	-2,2108
15.01.2026 17:22:31	256,500	-0,059	-0,5866	-0,223	-2,2307
15.01.2026 17:22:31	256,550	-0,060	-0,5957	-0,226	-2,2565
15.01.2026 17:22:31	256,600	-0,060	-0,6047	-0,228	-2,2789
15.01.2026 17:22:31	256,650	-0,061	-0,6095	-0,230	-2,2985
15.01.2026 17:22:31	256,700	-0,062	-0,6178	-0,232	-2,3196
15.01.2026 17:22:31	256,750	-0,062	-0,6226	-0,234	-2,3413
15.01.2026 17:22:31	256,800	-0,063	-0,6310	-0,236	-2,3612
15.01.2026 17:22:31	256,850	-0,064	-0,6358	-0,238	-2,3813
15.01.2026 17:22:31	256,900	-0,064	-0,6388	-0,239	-2,3938
15.01.2026 17:22:31	256,950	-0,065	-0,6451	-0,241	-2,4130
15.01.2026 17:22:32	257,000	-0,065	-0,6507	-0,243	-2,4265
15.01.2026 17:22:32	257,050	-0,066	-0,6555	-0,244	-2,4432
15.01.2026 17:22:32	257,100	-0,065	-0,6539	-0,245	-2,4488
15.01.2026 17:22:32	257,150	-0,066	-0,6625	-0,247	-2,4676
15.01.2026 17:22:32	257,200	-0,067	-0,6655	-0,248	-2,4767
15.01.2026 17:22:32	257,250	-0,067	-0,6689	-0,249	-2,4895
15.01.2026 17:22:32	257,300	-0,067	-0,6737	-0,250	-2,4987
15.01.2026 17:22:32	257,350	-0,068	-0,6778	-0,251	-2,5121
15.01.2026 17:22:32	257,400	-0,068	-0,6822	-0,252	-2,5194
15.01.2026 17:22:32	257,450	-0,068	-0,6805	-0,253	-2,5273
15.01.2026 17:22:32	257,500	-0,068	-0,6810	-0,253	-2,5322
15.01.2026 17:22:32	257,550	-0,068	-0,6807	-0,254	-2,5358
15.01.2026 17:22:32	257,600	-0,068	-0,6807	-0,254	-2,5369
15.01.2026 17:22:32	257,650	-0,068	-0,6786	-0,254	-2,5412
15.01.2026 17:22:32	257,700	-0,068	-0,6804	-0,254	-2,5422
15.01.2026 17:22:32	257,750	-0,068	-0,6829	-0,255	-2,5477
15.01.2026 17:22:32	257,800	-0,068	-0,6811	-0,255	-2,5461
15.01.2026 17:22:32	257,850	-0,068	-0,6812	-0,255	-2,5513
15.01.2026 17:22:32	257,900	-0,067	-0,6667	-0,254	-2,5433
15.01.2026 17:22:32	257,950	-0,066	-0,6585	-0,255	-2,5453
15.01.2026 17:22:33	258,000	-0,065	-0,6500	-0,254	-2,5409
15.01.2026 17:22:33	258,050	-0,065	-0,6477	-0,254	-2,5424
15.01.2026 17:22:33	258,100	-0,064	-0,6446	-0,254	-2,5394
15.01.2026 17:22:33	258,150	-0,064	-0,6372	-0,254	-2,5389
15.01.2026 17:22:33	258,200	-0,062	-0,6219	-0,253	-2,5339
15.01.2026 17:22:33	258,250	-0,061	-0,6123	-0,253	-2,5330
15.01.2026 17:22:33	258,300	-0,060	-0,6047	-0,253	-2,5269
15.01.2026 17:22:33	258,350	-0,060	-0,6022	-0,253	-2,5280
15.01.2026 17:22:33	258,400	-0,060	-0,6020	-0,253	-2,5281
15.01.2026 17:22:33	258,450	-0,060	-0,5967	-0,253	-2,5274
15.01.2026 17:22:33	258,500	-0,059	-0,5893	-0,252	-2,5243
15.01.2026 17:22:33	258,550	-0,058	-0,5782	-0,252	-2,5237
15.01.2026 17:22:33	258,600	-0,057	-0,5685	-0,252	-2,5168
15.01.2026 17:22:33	258,650	-0,056	-0,5592	-0,252	-2,5173
15.01.2026 17:22:33	258,700	-0,055	-0,5523	-0,251	-2,5126
15.01.2026 17:22:33	258,750	-0,054	-0,5417	-0,251	-2,5091
15.01.2026 17:22:33	258,800	-0,054	-0,5376	-0,251	-2,5059
15.01.2026 17:22:33	258,850	-0,053	-0,5330	-0,251	-2,5063
15.01.2026 17:22:33	258,900	-0,053	-0,5274	-0,250	-2,5043
15.01.2026 17:22:33	258,950	-0,052	-0,5201	-0,250	-2,5013
15.01.2026 17:22:34	259,000	-0,051	-0,5128	-0,250	-2,4951
15.01.2026 17:22:34	259,050	-0,051	-0,5062	-0,250	-2,4960
15.01.2026 17:22:34	259,100	-0,050	-0,4957	-0,249	-2,4888
15.01.2026 17:22:34	259,150	-0,049	-0,4900	-0,249	-2,4905
15.01.2026 17:22:34	259,200	-0,048	-0,4792	-0,248	-2,4817
15.01.2026 17:22:34	259,250	-0,047	-0,4699	-0,248	-2,4801
15.01.2026 17:22:34	259,300	-0,047	-0,4675	-0,248	-2,4782
15.01.2026 17:22:34	259,350	-0,046	-0,4563	-0,247	-2,4739
15.01.2026 17:22:34	259,400	-0,045	-0,4475	-0,247	-2,4680
15.01.2026 17:22:34	259,450	-0,044	-0,4441	-0,247	-2,4690
15.01.2026 17:22:34	259,500	-0,044	-0,4369	-0,246	-2,4628
15.01.2026 17:22:34	259,550	-0,043	-0,4306	-0,246	-2,4619
15.01.2026 17:22:34	259,600	-0,042	-0,4209	-0,245	-2,4544
15.01.2026 17:22:34	259,650	-0,042	-0,4169	-0,245	-2,4537
15.01.2026 17:22:34	259,700	-0,041	-0,4114	-0,245	-2,4502
15.01.2026 17:22:34	259,750	-0,040	-0,4029	-0,245	-2,4482
15.01.2026 17:22:34	259,800	-0,040	-0,3961	-0,244	-2,4422
15.01.2026 17:22:34	259,850	-0,039	-0,3870	-0,244	-2,4393
15.01.2026 17:22:34	259,900	-0,038	-0,3816	-0,244	-2,4355
15.01.2026 17:22:34	259,950	-0,037	-0,3710	-0,243	-2,4303
15.01.2026 17:22:35	260,000	-0,036	-0,3630	-0,243	-2,4251
15.01.2026 17:22:35	260,050	-0,036	-0,3554	-0,242	-2,4228
15.01.2026 17:22:35	260,100	-0,035	-0,3474	-0,242	-2,4153
15.01.2026 17:22:35	260,150	-0,034	-0,3427	-0,241	-2,4145
15.01.2026 17:22:35	260,200	-0,033	-0,3328	-0,240	-2,4039
15.01.2026 17:22:35	260,250	-0,033	-0,3287	-0,241	-2,4062
15.01.2026 17:22:35	260,300	-0,032	-0,3249	-0,240	-2,4033
15.01.2026 17:22:35	260,350	-0,032	-0,3157	-0,240	-2,3986
15.01.2026 17:22:35	260,400	-0,031	-0,3084	-0,239	-2,3939
15.01.2026 17:22:35	260,450	-0,030	-0,3016	-0,239	-2,3895
15.01.2026 17:22:35	260,500	-0,029	-0,2933	-0,238	-2,3823
15.01.2026 17:22:35	260,550	-0,029	-0,2866	-0,238	-2,3814
15.01.2026 17:22:35	260,600	-0,028	-0,2777	-0,237	-2,3740
15.01.2026 17:22:35	260,650	-0,027	-0,2689	-0,237	-2,3704
15.01.2026 17:22:35	260,700	-0,026	-0,2596	-0,236	-2,3620
15.01.2026 17:22:35	260,750	-0,025	-0,2515	-0,236	-2,3590
15.01.2026 17:22:35	260,800	-0,024	-0,2402	-0,235	-2,3489
15.01.2026 17:22:35	260,850	-0,023	-0,2303	-0,234	-2,3439
15.01.2026 17:22:35	260,900	-0,022	-0,2205	-0,234	-2,3353
15.01.2026 17:22:35	260,950	-0,021	-0,2095	-0,233	-2,3278
15.01.2026 17:22:36	261,000	-0,020	-0,2032	-0,232	-2,3220
15.01.2026 17:22:36	261,050	-0,019	-0,1949	-0,232	-2,3167
15.01.2026 17:22:36	261,100	-0,019	-0,1868	-0,231	-2,3101
15.01.2026 17:22:36	261,150	-0,018	-0,1799	-0,231	-2,3064
15.01.2026 17:22:36	261,200	-0,017	-0,1712	-0,230	-2,2962
15.01.2026 17:22:36	261,250	-0,017	-0,1691	-0,230	-2,2956
15.01.2026 17:22:36	261,300	-0,016	-0,1633	-0,229	-2,2877
15.01.2026 17:22:36	261,350	-0,016	-0,1609	-0,229	-2,2884
15.01.2026 17:22:36	261,400	-0,016	-0,1575	-0,228	-2,2829
15.01.2026 17:22:36	261,450	-0,016	-0,1579	-0,228	-2,2844
15.01.2026 17:22:36	261,500	-0,016	-0,1550	-0,228	-2,2789
15.01.2026 17:22:36	261,550	-0,015	-0,1461	-0,228	-2,2779
15.01.2026 17:22:36	261,600	-0,013	-0,1315	-0,227	-2,2689
15.01.2026 17:22:36	261,650	-0,012	-0,1222	-0,226	-2,2607
15.01.2026 17:22:36	261,700	-0,011	-0,1140	-0,225	-2,2510
15.01.2026 17:22:36	261,750	-0,011	-0,1062	-0,224	-2,2448
15.01.2026 17:22:36	261,800	-0,010	-0,0995	-0,224	-2,2368
15.01.2026 17:22:36	261,850	-0,009	-0,0944	-0,223	-2,2335
15.01.2026 17:22:36	261,900	-0,009	-0,0862	-0,222	-2,2239
15.01.2026 17:22:36	261,950	-0,008	-0,0835	-0,222	-2,2227
15.01.2026 17:22:37	262,000	-0,008	-0,0839	-0,222	-2,2204
15.01.2026 17:22:37	262,050	-0,008	-0,0778	-0,222	-2,2156
15.01.2026 17:22:37	262,100	-0,007	-0,0739	-0,221	-2,2100
15.01.2026 17:22:37	262,150	-0,007	-0,0749	-0,221	-2,2111
15.01.2026 17:22:37	262,200	-0,007	-0,0690	-0,220	-2,2042
15.01.2026 17:22:37	262,250	-0,006	-0,0593	-0,220	-2,1975
15.01.2026 17:22:37	262,300	-0,005	-0,0539	-0,219	-2,1937
15.01.2026 17:22:37	262,350	-0,004	-0,0423	-0,219	-2,1869
15.01.2026 17:22:37	262,400	-0,003	-0,0327	-0,218	-2,1758
15.01.2026 17:22:37	262,450	-0,002	-0,0237	-0,217	-2,1661
15.01.2026 17:22:37	262,500	-0,002	-0,0176	-0,216	-2,1562
15.01.2026 17:22:37	262,550	-0,002	-0,0157	-0,215	-2,1543
15.01.2026 17:22:37	262,600	-0,001	-0,0127	-0,215	-2,1478
15.01.2026 17:22:37	262,650	-5,719E-4	-0,0057	-0,214	-2,1417
15.01.2026 17:22:37	262,700	-5,829E-4	-0,0058	-0,214	-2,1386
15.01.2026 17:22:37	262,750	-3,235E-5	-3,2349E-4	-0,213	-2,1320
15.01.2026 17:22:37	262,800	3,180E-4	0,0032	-0,213	-2,1274
15.01.2026 17:22:37	262,850	8,661E-4	0,0087	-0,212	-2,1220
15.01.2026 17:22:37	262,900	7,452E-4	0,0075	-0,212	-2,1211
15.01.2026 17:22:37	262,950	7,233E-4	0,0072	-0,212	-2,1230
15.01.2026 17:22:38	263,000	0,001	0,0105	-0,212	-2,1170
15.01.2026 17:22:38	263,050	0,001	0,0118	-0,212	-2,1165
15.01.2026 17:22:38	263,100	0,001	0,0118	-0,211	-2,1141
15.01.2026 17:22:38	263,150	0,001	0,0144	-0,211	-2,1140
15.01.2026 17:22:38	263,200	0,002	0,0186	-0,211	-2,1081
15.01.2026 17:22:38	263,250	0,002	0,0175	-0,211	-2,1097
15.01.2026 17:22:38	263,300	0,002	0,0197	-0,210	-2,1050
15.01.2026 17:22:38	263,350	0,002	0,0217	-0,210	-2,1034
15.01.2026 17:22:38	263,400	0,002	0,0176	-0,211	-2,1051
15.01.2026 17:22:38	263,450	0,002	0,0221	-0,211	-2,1053
15.01.2026 17:22:38	263,500	0,003	0,0267	-0,210	-2,0997
15.01.2026 17:22:38	263,550	0,003	0,0336	-0,210	-2,0952
15.01.2026 17:22:38	263,600	0,004	0,0437	-0,208	-2,0839
15.01.2026 17:22:38	263,650	0,005	0,0478	-0,208	-2,0796
15.01.2026 17:22:38	263,700	0,005	0,0539	-0,207	-2,0698
15.01.2026 17:22:38	263,750	0,006	0,0584	-0,206	-2,0647
15.01.2026 17:22:38	263,800	0,006	0,0630	-0,206	-2,0563
15.01.2026 17:22:38	263,850	0,007	0,0692	-0,205	-2,0507
15.01.2026 17:22:38	263,900	0,008	0,0764	-0,204	-2,0392
15.01.2026 17:22:38	263,950	0,008	0,0815	-0,203	-2,0342
15.01.2026 17:22:39	264,000	0,009	0,0884	-0,202	-2,0230
15.01.2026 17:22:39	264,050	0,009	0,0918	-0,202	-2,0198
15.01.2026 17:22:39	264,100	0,011	0,1101	-0,200	-1,9994
15.01.2026 17:22:39	264,150	0,012	0,1225	-0,198	-1,9845
15.01.2026 17:22:39	264,200	0,013	0,1289	-0,197	-1,9714
15.01.2026 17:22:39	264,250	0,014	0,1399	-0,195	-1,9541
15.01.2026 17:22:39	264,300	0,014	0,1441	-0,194	-1,9407
15.01.2026 17:22:39	264,350	0,015	0,1507	-0,193	-1,9297
15.01.2026 17:22:39	264,400	0,015	0,1528	-0,192	-1,9188
15.01.2026 17:22:39	264,450	0,016	0,1601	-0,191	-1,9085
15.01.2026 17:22:39	264,500	0,017	0,1657	-0,190	-1,8953
15.01.2026 17:22:39	264,550	0,017	0,1701	-0,189	-1,8896
15.01.2026 17:22:39	264,600	0,018	0,1767	-0,188	-1,8753
15.01.2026 17:22:39	264,650	0,019	0,1909	-0,186	-1,8578
15.01.2026 17:22:39	264,700	0,019	0,1936	-0,185	-1,8454
15.01.2026 17:22:39	264,750	0,020	0,2045	-0,183	-1,8290
15.01.2026 17:22:39	264,800	0,021	0,2057	-0,182	-1,8168
15.01.2026 17:22:39	264,850	0,022	0,2165	-0,180	-1,8000
15.01.2026 17:22:39	264,900	0,022	0,2180	-0,179	-1,7877
15.01.2026 17:22:39	264,950	0,022	0,2215	-0,178	-1,7779
15.01.2026 17:22:40	265,000	0,023	0,2257	-0,176	-1,7637
15.01.2026 17:22:40	265,050	0,023	0,2305	-0,175	-1,7545
15.01.2026 17:22:40	265,100	0,024	0,2355	-0,174	-1,7397
15.01.2026 17:22:40	265,150	0,024	0,2387	-0,173	-1,7300
15.01.2026 17:22:40	265,200	0,024	0,2446	-0,171	-1,7145
15.01.2026 17:22:40	265,250	0,025	0,2493	-0,170	-1,7034
15.01.2026 17:22:40	265,300	0,025	0,2541	-0,169	-1,6878
15.01.2026 17:22:40	265,350	0,026	0,2584	-0,168	-1,6775
15.01.2026 17:22:40	265,400	0,026	0,2623	-0,166	-1,6609
15.01.2026 17:22:40	265,450	0,027	0,2682	-0,165	-1,6459
15.01.2026 17:22:40	265,500	0,027	0,2737	-0,163	-1,6270
15.01.2026 17:22:40	265,550	0,028	0,2759	-0,162	-1,6154
15.01.2026 17:22:40	265,600	0,028	0,2809	-0,160	-1,5968
15.01.2026 17:22:40	265,650	0,028	0,2833	-0,158	-1,5849
15.01.2026 17:22:40	265,700	0,028	0,2839	-0,157	-1,5698
15.01.2026 17:22:40	265,750	0,029	0,2887	-0,155	-1,5548
15.01.2026 17:22:40	265,800	0,029	0,2935	-0,154	-1,5357
15.01.2026 17:22:40	265,850	0,030	0,2968	-0,152	-1,5212
15.01.2026 17:22:40	265,900	0,030	0,3006	-0,150	-1,5027
15.01.2026 17:22:40	265,950	0,031	0,3072	-0,148	-1,4850
15.01.2026 17:22:41	266,000	0,031	0,3111	-0,146	-1,4637
15.01.2026 17:22:41	266,050	0,031	0,3114	-0,145	-1,4510
15.01.2026 17:22:41	266,100	0,031	0,3149	-0,143	-1,4316
15.01.2026 17:22:41	266,150	0,032	0,3199	-0,142	-1,4152
15.01.2026 17:22:41	266,200	0,032	0,3204	-0,140	-1,4003
15.01.2026 17:22:41	266,250	0,032	0,3217	-0,139	-1,3889
15.01.2026 17:22:41	266,300	0,033	0,3297	-0,136	-1,3644
15.01.2026 17:22:41	266,350	0,033	0,3320	-0,135	-1,3488
15.01.2026 17:22:41	266,400	0,034	0,3364	-0,133	-1,3259
15.01.2026 17:22:41	266,450	0,034	0,3436	-0,130	-1,3030
15.01.2026 17:22:41	266,500	0,035	0,3464	-0,128	-1,2797
15.01.2026 17:22:41	266,550	0,035	0,3520	-0,126	-1,2567
15.01.2026 17:22:41	266,600	0,036	0,3585	-0,123	-1,2278
15.01.2026 17:22:41	266,650	0,036	0,3634	-0,121	-1,2053
15.01.2026 17:22:41	266,700	0,037	0,3683	-0,117	-1,1746
15.01.2026 17:22:41	266,750	0,037	0,3726	-0,115	-1,1515
15.01.2026 17:22:41	266,800	0,038	0,3773	-0,112	-1,1238
15.01.2026 17:22:41	266,850	0,038	0,3794	-0,110	-1,1039
15.01.2026 17:22:41	266,900	0,039	0,3862	-0,107	-1,0736
15.01.2026 17:22:41	266,950	0,039	0,3867	-0,106	-1,0556
15.01.2026 17:22:42	267,000	0,040	0,3952	-0,103	-1,0269
15.01.2026 17:22:42	267,050	0,040	0,3964	-0,101	-1,0096
15.01.2026 17:22:42	267,100	0,040	0,3997	-0,098	-0,9850
15.01.2026 17:22:42	267,150	0,041	0,4066	-0,096	-0,9612
15.01.2026 17:22:42	267,200	0,041	0,4118	-0,093	-0,9318
15.01.2026 17:22:42	267,250	0,042	0,4183	-0,091	-0,9083
15.01.2026 17:22:42	267,300	0,043	0,4259	-0,088	-0,8782
15.01.2026 17:22:42	267,350	0,043	0,4314	-0,085	-0,8521
15.01.2026 17:22:42	267,400	0,044	0,4375	-0,082	-0,8226
15.01.2026 17:22:42	267,450	0,045	0,4467	-0,079	-0,7945
15.01.2026 17:22:42	267,500	0,046	0,4564	-0,076	-0,7590
15.01.2026 17:22:42	267,550	0,046	0,4609	-0,073	-0,7345
15.01.2026 17:22:42	267,600	0,047	0,4682	-0,070	-0,7033
15.01.2026 17:22:42	267,650	0,048	0,4766	-0,067	-0,6740
15.01.2026 17:22:42	267,700	0,049	0,4877	-0,064	-0,6379
15.01.2026 17:22:42	267,750	0,049	0,4938	-0,061	-0,6120
15.01.2026 17:22:42	267,800	0,050	0,5029	-0,058	-0,5763
15.01.2026 17:22:42	267,850	0,051	0,5112	-0,055	-0,5488
15.01.2026 17:22:42	267,900	0,052	0,5166	-0,052	-0,5204
15.01.2026 17:22:42	267,950	0,053	0,5257	-0,049	-0,4929
15.01.2026 17:22:43	268,000	0,054	0,5358	-0,046	-0,4608
15.01.2026 17:22:43	268,050	0,054	0,5439	-0,044	-0,4365
15.01.2026 17:22:43	268,100	0,055	0,5519	-0,041	-0,4070
15.01.2026 17:22:43	268,150	0,056	0,5588	-0,038	-0,3847
15.01.2026 17:22:43	268,200	0,057	0,5701	-0,035	-0,3539
15.01.2026 17:22:43	268,250	0,058	0,5771	-0,033	-0,3335
15.01.2026 17:22:43	268,300	0,058	0,5841	-0,031	-0,3088
15.01.2026 17:22:43	268,350	0,059	0,5942	-0,029	-0,2874
15.01.2026 17:22:43	268,400	0,060	0,6008	-0,027	-0,2650
15.01.2026 17:22:43	268,450	0,061	0,6093	-0,025	-0,2468
15.01.2026 17:22:43	268,500	0,061	0,6142	-0,023	-0,2265
15.01.2026 17:22:43	268,550	0,062	0,6237	-0,021	-0,2095
15.01.2026 17:22:43	268,600	0,062	0,6214	-0,020	-0,1958
15.01.2026 17:22:43	268,650	0,062	0,6210	-0,019	-0,1892
15.01.2026 17:22:43	268,700	0,061	0,6145	-0,018	-0,1811
15.01.2026 17:22:43	268,750	0,061	0,6062	-0,019	-0,1851
15.01.2026 17:22:43	268,800	0,060	0,5953	-0,018	-0,1841
15.01.2026 17:22:43	268,850	0,058	0,5800	-0,019	-0,1908
15.01.2026 17:22:43	268,900	0,057	0,5718	-0,019	-0,1882
15.01.2026 17:22:43	268,950	0,056	0,5598	-0,019	-0,1942
15.01.2026 17:22:44	269,000	0,055	0,5503	-0,019	-0,1949
15.01.2026 17:22:44	269,050	0,055	0,5483	-0,020	-0,1968
15.01.2026 17:22:44	269,100	0,054	0,5427	-0,020	-0,1975
15.01.2026 17:22:44	269,150	0,054	0,5388	-0,020	-0,2006
15.01.2026 17:22:44	269,200	0,053	0,5270	-0,020	-0,2006
15.01.2026 17:22:44	269,250	0,051	0,5135	-0,021	-0,2083
15.01.2026 17:22:44	269,300	0,051	0,5062	-0,021	-0,2050
15.01.2026 17:22:44	269,350	0,049	0,4922	-0,022	-0,2181
15.01.2026 17:22:44	269,400	0,049	0,4883	-0,022	-0,2160
15.01.2026 17:22:44	269,450	0,049	0,4858	-0,022	-0,2216
15.01.2026 17:22:44	269,500	0,049	0,4889	-0,021	-0,2139
15.01.2026 17:22:44	269,550	0,049	0,4852	-0,022	-0,2197
15.01.2026 17:22:44	269,600	0,048	0,4775	-0,022	-0,2185
15.01.2026 17:22:44	269,650	0,047	0,4674	-0,022	-0,2249
15.01.2026 17:22:44	269,700	0,045	0,4529	-0,023	-0,2284
15.01.2026 17:22:44	269,750	0,044	0,4425	-0,023	-0,2342
15.01.2026 17:22:44	269,800	0,043	0,4314	-0,024	-0,2366
15.01.2026 17:22:44	269,850	0,042	0,4228	-0,024	-0,2449
15.01.2026 17:22:44	269,900	0,042	0,4183	-0,024	-0,2440
15.01.2026 17:22:44	269,950	0,041	0,4104	-0,025	-0,2505
15.01.2026 17:22:45	270,000	0,040	0,4047	-0,025	-0,2486
15.01.2026 17:22:45	270,050	0,040	0,3954	-0,026	-0,2564
15.01.2026 17:22:45	270,100	0,039	0,3897	-0,026	-0,2569
15.01.2026 17:22:45	270,150	0,038	0,3786	-0,027	-0,2662
15.01.2026 17:22:45	270,200	0,037	0,3694	-0,027	-0,2672
15.01.2026 17:22:45	270,250	0,036	0,3631	-0,027	-0,2716
15.01.2026 17:22:45	270,300	0,036	0,3559	-0,027	-0,2734
15.01.2026 17:22:45	270,350	0,035	0,3470	-0,028	-0,2826
15.01.2026 17:22:45	270,400	0,034	0,3439	-0,028	-0,2815
15.01.2026 17:22:45	270,450	0,034	0,3373	-0,029	-0,2864
15.01.2026 17:22:45	270,500	0,033	0,3253	-0,029	-0,2879
15.01.2026 17:22:45	270,550	0,031	0,3134	-0,030	-0,2975
15.01.2026 17:22:45	270,600	0,030	0,2981	-0,030	-0,3047
15.01.2026 17:22:45	270,650	0,029	0,2909	-0,031	-0,3124
15.01.2026 17:22:45	270,700	0,028	0,2814	-0,032	-0,3178
15.01.2026 17:22:45	270,750	0,028	0,2795	-0,032	-0,3209
15.01.2026 17:22:45	270,800	0,027	0,2739	-0,032	-0,3222
15.01.2026 17:22:45	270,850	0,027	0,2711	-0,033	-0,3272
15.01.2026 17:22:45	270,900	0,027	0,2709	-0,032	-0,3237
15.01.2026 17:22:45	270,950	0,027	0,2680	-0,033	-0,3305
15.01.2026 17:22:46	271,000	0,026	0,2614	-0,033	-0,3320
15.01.2026 17:22:46	271,050	0,026	0,2636	-0,033	-0,3334
15.01.2026 17:22:46	271,100	0,026	0,2632	-0,033	-0,3310
15.01.2026 17:22:46	271,150	0,026	0,2580	-0,034	-0,3379
15.01.2026 17:22:46	271,200	0,026	0,2559	-0,033	-0,3335
15.01.2026 17:22:46	271,250	0,025	0,2490	-0,034	-0,3418
15.01.2026 17:22:46	271,300	0,024	0,2407	-0,034	-0,3434
15.01.2026 17:22:46	271,350	0,024	0,2351	-0,035	-0,3491
15.01.2026 17:22:46	271,400	0,022	0,2245	-0,035	-0,3539
15.01.2026 17:22:46	271,450	0,022	0,2159	-0,036	-0,3605
15.01.2026 17:22:46	271,500	0,020	0,2022	-0,036	-0,3648
15.01.2026 17:22:46	271,550	0,019	0,1923	-0,038	-0,3768
15.01.2026 17:22:46	271,600	0,018	0,1833	-0,038	-0,3799
15.01.2026 17:22:46	271,650	0,018	0,1776	-0,039	-0,3895
15.01.2026 17:22:46	271,700	0,017	0,1696	-0,039	-0,3926
15.01.2026 17:22:46	271,750	0,016	0,1642	-0,040	-0,4019
15.01.2026 17:22:46	271,800	0,016	0,1582	-0,040	-0,4032
15.01.2026 17:22:46	271,850	0,015	0,1502	-0,041	-0,4121
15.01.2026 17:22:46	271,900	0,014	0,1423	-0,041	-0,4142
15.01.2026 17:22:46	271,950	0,014	0,1396	-0,042	-0,4207
15.01.2026 17:22:47	272,000	0,013	0,1325	-0,042	-0,4237
15.01.2026 17:22:47	272,050	0,012	0,1246	-0,043	-0,4315
15.01.2026 17:22:47	272,100	0,012	0,1168	-0,044	-0,4364
15.01.2026 17:22:47	272,150	0,011	0,1124	-0,044	-0,4436
15.01.2026 17:22:47	272,200	0,011	0,1065	-0,044	-0,4437
15.01.2026 17:22:47	272,250	0,010	0,0981	-0,046	-0,4551
15.01.2026 17:22:47	272,300	0,009	0,0927	-0,046	-0,4571
15.01.2026 17:22:47	272,350	0,008	0,0835	-0,047	-0,4692
15.01.2026 17:22:47	272,400	0,008	0,0762	-0,047	-0,4723
15.01.2026 17:22:47	272,450	0,007	0,0728	-0,048	-0,4796
15.01.2026 17:22:47	272,500	0,006	0,0640	-0,048	-0,4816
15.01.2026 17:22:47	272,550	0,006	0,0555	-0,050	-0,4958
15.01.2026 17:22:47	272,600	0,005	0,0544	-0,049	-0,4935
15.01.2026 17:22:47	272,650	0,005	0,0496	-0,050	-0,5037
15.01.2026 17:22:47	272,700	0,004	0,0427	-0,051	-0,5065
15.01.2026 17:22:47	272,750	0,004	0,0413	-0,051	-0,5131
15.01.2026 17:22:47	272,800	0,004	0,0401	-0,051	-0,5113
15.01.2026 17:22:47	272,850	0,004	0,0362	-0,052	-0,5189
15.01.2026 17:22:47	272,900	0,003	0,0328	-0,052	-0,5195
15.01.2026 17:22:47	272,950	0,003	0,0304	-0,053	-0,5251
15.01.2026 17:22:48	273,000	0,003	0,0279	-0,053	-0,5257
15.01.2026 17:22:48	273,050	0,003	0,0283	-0,053	-0,5303
15.01.2026 17:22:48	273,100	0,003	0,0264	-0,053	-0,5270
15.01.2026 17:22:48	273,150	0,003	0,0271	-0,053	-0,5309
15.01.2026 17:22:48	273,200	0,003	0,0253	-0,053	-0,5293
15.01.2026 17:22:48	273,250	0,002	0,0241	-0,054	-0,5353
15.01.2026 17:22:48	273,300	0,002	0,0236	-0,053	-0,5317
15.01.2026 17:22:48	273,350	0,002	0,0205	-0,054	-0,5393
15.01.2026 17:22:48	273,400	0,002	0,0231	-0,053	-0,5323
15.01.2026 17:22:48	273,450	0,002	0,0186	-0,054	-0,5413
15.01.2026 17:22:48	273,500	0,002	0,0232	-0,053	-0,5322
15.01.2026 17:22:48	273,550	0,002	0,0201	-0,054	-0,5408
15.01.2026 17:22:48	273,600	0,002	0,0196	-0,054	-0,5353
15.01.2026 17:22:48	273,650	0,001	0,0137	-0,054	-0,5434
15.01.2026 17:22:48	273,700	5,548E-4	0,0055	-0,054	-0,5441
15.01.2026 17:22:48	273,750	-8,710E-4	-0,0087	-0,056	-0,5601
15.01.2026 17:22:48	273,800	-0,002	-0,0174	-0,057	-0,5653
15.01.2026 17:22:48	273,850	-0,003	-0,0268	-0,058	-0,5823
15.01.2026 17:22:48	273,900	-0,003	-0,0325	-0,059	-0,5856
15.01.2026 17:22:48	273,950	-0,004	-0,0393	-0,060	-0,5983
15.01.2026 17:22:49	274,000	-0,004	-0,0430	-0,060	-0,6007
15.01.2026 17:22:49	274,050	-0,005	-0,0524	-0,062	-0,6152
15.01.2026 17:22:49	274,100	-0,006	-0,0610	-0,062	-0,6233
15.01.2026 17:22:49	274,150	-0,007	-0,0679	-0,064	-0,6371
15.01.2026 17:22:49	274,200	-0,007	-0,0745	-0,064	-0,6425
15.01.2026 17:22:49	274,250	-0,008	-0,0780	-0,066	-0,6550
15.01.2026 17:22:49	274,300	-0,008	-0,0846	-0,066	-0,6602
15.01.2026 17:22:49	274,350	-0,009	-0,0896	-0,067	-0,6717
15.01.2026 17:22:49	274,400	-0,010	-0,0965	-0,068	-0,6763
15.01.2026 17:22:49	274,450	-0,010	-0,1024	-0,069	-0,6920
15.01.2026 17:22:49	274,500	-0,011	-0,1097	-0,070	-0,6966
15.01.2026 17:22:49	274,550	-0,012	-0,1159	-0,071	-0,7110
15.01.2026 17:22:49	274,600	-0,012	-0,1242	-0,072	-0,7198
15.01.2026 17:22:49	274,650	-0,013	-0,1279	-0,073	-0,7321
15.01.2026 17:22:49	274,700	-0,014	-0,1373	-0,074	-0,7415
15.01.2026 17:22:49	274,750	-0,014	-0,1424	-0,076	-0,7575
15.01.2026 17:22:49	274,800	-0,015	-0,1494	-0,076	-0,7648
15.01.2026 17:22:49	274,850	-0,016	-0,1557	-0,078	-0,7827
15.01.2026 17:22:49	274,900	-0,016	-0,1606	-0,079	-0,7877
15.01.2026 17:22:49	274,950	-0,016	-0,1639	-0,080	-0,8036
15.01.2026 17:22:50	275,000	-0,016	-0,1630	-0,080	-0,8032
15.01.2026 17:22:50	275,050	-0,017	-0,1669	-0,082	-0,8159
15.01.2026 17:22:50	275,100	-0,017	-0,1741	-0,082	-0,8227
15.01.2026 17:22:50	275,150	-0,017	-0,1734	-0,083	-0,8323
15.01.2026 17:22:50	275,200	-0,018	-0,1764	-0,084	-0,8360
15.01.2026 17:22:50	275,250	-0,018	-0,1791	-0,085	-0,8465
15.01.2026 17:22:50	275,300	-0,019	-0,1866	-0,085	-0,8518
15.01.2026 17:22:50	275,350	-0,019	-0,1896	-0,086	-0,8645
15.01.2026 17:22:50	275,400	-0,019	-0,1919	-0,087	-0,8666
15.01.2026 17:22:50	275,450	-0,020	-0,1966	-0,088	-0,8823
15.01.2026 17:22:50	275,500	-0,020	-0,2008	-0,089	-0,8865
15.01.2026 17:22:50	275,550	-0,020	-0,2028	-0,090	-0,9007
15.01.2026 17:22:50	275,600	-0,021	-0,2064	-0,091	-0,9054
15.01.2026 17:22:50	275,650	-0,021	-0,2109	-0,092	-0,9224
15.01.2026 17:22:50	275,700	-0,021	-0,2147	-0,093	-0,9282
15.01.2026 17:22:50	275,750	-0,022	-0,2189	-0,095	-0,9466
15.01.2026 17:22:50	275,800	-0,023	-0,2280	-0,096	-0,9585
15.01.2026 17:22:50	275,850	-0,023	-0,2280	-0,097	-0,9747
15.01.2026 17:22:50	275,900	-0,023	-0,2333	-0,098	-0,9829
15.01.2026 17:22:50	275,950	-0,024	-0,2372	-0,100	-1,0047
15.01.2026 17:22:51	276,000	-0,024	-0,2405	-0,101	-1,0113
15.01.2026 17:22:51	276,050	-0,025	-0,2464	-0,103	-1,0339
15.01.2026 17:22:51	276,100	-0,025	-0,2511	-0,104	-1,0443
15.01.2026 17:22:51	276,150	-0,025	-0,2533	-0,106	-1,0625
15.01.2026 17:22:51	276,200	-0,026	-0,2555	-0,107	-1,0712
15.01.2026 17:22:51	276,250	-0,026	-0,2601	-0,109	-1,0933
15.01.2026 17:22:51	276,300	-0,026	-0,2626	-0,110	-1,1003
15.01.2026 17:22:51	276,350	-0,027	-0,2688	-0,112	-1,1246
15.01.2026 17:22:51	276,400	-0,027	-0,2739	-0,114	-1,1373
15.01.2026 17:22:51	276,450	-0,028	-0,2752	-0,116	-1,1585
15.01.2026 17:22:51	276,500	-0,028	-0,2789	-0,117	-1,1711
15.01.2026 17:22:51	276,550	-0,029	-0,2855	-0,120	-1,1986
15.01.2026 17:22:51	276,600	-0,029	-0,2909	-0,121	-1,2137
15.01.2026 17:22:51	276,650	-0,030	-0,2956	-0,124	-1,2410
15.01.2026 17:22:51	276,700	-0,030	-0,2991	-0,126	-1,2558
15.01.2026 17:22:51	276,750	-0,030	-0,3034	-0,128	-1,2834
15.01.2026 17:22:51	276,800	-0,031	-0,3065	-0,130	-1,2982
15.01.2026 17:22:51	276,850	-0,031	-0,3107	-0,133	-1,3275
15.01.2026 17:22:51	276,900	-0,032	-0,3175	-0,134	-1,3449
15.01.2026 17:22:51	276,950	-0,032	-0,3208	-0,137	-1,3715
15.01.2026 17:22:52	277,000	-0,032	-0,3248	-0,139	-1,3872
15.01.2026 17:22:52	277,050	-0,033	-0,3293	-0,141	-1,4124
15.01.2026 17:22:52	277,100	-0,033	-0,3291	-0,142	-1,4240
15.01.2026 17:22:52	277,150	-0,034	-0,3378	-0,145	-1,4546
15.01.2026 17:22:52	277,200	-0,034	-0,3401	-0,147	-1,4669
15.01.2026 17:22:52	277,250	-0,035	-0,3459	-0,150	-1,4960
15.01.2026 17:22:52	277,300	-0,035	-0,3515	-0,151	-1,5117
15.01.2026 17:22:52	277,350	-0,036	-0,3575	-0,154	-1,5400
15.01.2026 17:22:52	277,400	-0,036	-0,3606	-0,155	-1,5522
15.01.2026 17:22:52	277,450	-0,037	-0,3662	-0,158	-1,5798
15.01.2026 17:22:52	277,500	-0,037	-0,3699	-0,159	-1,5939
15.01.2026 17:22:52	277,550	-0,037	-0,3734	-0,162	-1,6180
15.01.2026 17:22:52	277,600	-0,038	-0,3758	-0,163	-1,6299
15.01.2026 17:22:52	277,650	-0,038	-0,3774	-0,165	-1,6523
15.01.2026 17:22:52	277,700	-0,038	-0,3831	-0,167	-1,6666
15.01.2026 17:22:52	277,750	-0,039	-0,3860	-0,169	-1,6881
15.01.2026 17:22:52	277,800	-0,039	-0,3892	-0,170	-1,6975
15.01.2026 17:22:52	277,850	-0,039	-0,3933	-0,172	-1,7208
15.01.2026 17:22:52	277,900	-0,040	-0,3962	-0,173	-1,7302
15.01.2026 17:22:52	277,950	-0,040	-0,4023	-0,175	-1,7542
15.01.2026 17:22:53	278,000	-0,041	-0,4051	-0,176	-1,7636
15.01.2026 17:22:53	278,050	-0,041	-0,4086	-0,178	-1,7842
15.01.2026 17:22:53	278,100	-0,041	-0,4085	-0,179	-1,7897
15.01.2026 17:22:53	278,150	-0,042	-0,4163	-0,181	-1,8146
15.01.2026 17:22:53	278,200	-0,042	-0,4181	-0,182	-1,8194
15.01.2026 17:22:53	278,250	-0,042	-0,4217	-0,184	-1,8399
15.01.2026 17:22:53	278,300	-0,043	-0,4284	-0,185	-1,8499
15.01.2026 17:22:53	278,350	-0,043	-0,4290	-0,187	-1,8677
15.01.2026 17:22:53	278,400	-0,043	-0,4288	-0,187	-1,8716
15.01.2026 17:22:53	278,450	-0,044	-0,4360	-0,189	-1,8934
15.01.2026 17:22:53	278,500	-0,044	-0,4413	-0,190	-1,9018
15.01.2026 17:22:53	278,550	-0,044	-0,4445	-0,192	-1,9206
15.01.2026 17:22:53	278,600	-0,045	-0,4464	-0,192	-1,9232
15.01.2026 17:22:53	278,650	-0,045	-0,4492	-0,194	-1,9424
15.01.2026 17:22:53	278,700	-0,045	-0,4548	-0,195	-1,9498
15.01.2026 17:22:53	278,750	-0,046	-0,4562	-0,197	-1,9654
15.01.2026 17:22:53	278,800	-0,046	-0,4582	-0,197	-1,9680
15.01.2026 17:22:53	278,850	-0,046	-0,4633	-0,199	-1,9890
15.01.2026 17:22:53	278,900	-0,047	-0,4652	-0,199	-1,9908
15.01.2026 17:22:53	278,950	-0,047	-0,4688	-0,201	-2,0077
15.01.2026 17:22:54	279,000	-0,047	-0,4701	-0,201	-2,0102
15.01.2026 17:22:54	279,050	-0,048	-0,4782	-0,203	-2,0312
15.01.2026 17:22:54	279,100	-0,048	-0,4822	-0,204	-2,0363
15.01.2026 17:22:54	279,150	-0,048	-0,4838	-0,205	-2,0509
15.01.2026 17:22:54	279,200	-0,049	-0,4874	-0,206	-2,0553
15.01.2026 17:22:54	279,250	-0,049	-0,4885	-0,207	-2,0690
15.01.2026 17:22:54	279,300	-0,049	-0,4948	-0,208	-2,0771
15.01.2026 17:22:54	279,350	-0,050	-0,4956	-0,209	-2,0905
15.01.2026 17:22:54	279,400	-0,050	-0,4968	-0,209	-2,0916
15.01.2026 17:22:54	279,450	-0,049	-0,4935	-0,210	-2,1012
15.01.2026 17:22:54	279,500	-0,049	-0,4922	-0,210	-2,0982
15.01.2026 17:22:54	279,550	-0,049	-0,4904	-0,211	-2,1064
15.01.2026 17:22:54	279,600	-0,049	-0,4870	-0,210	-2,1004
15.01.2026 17:22:54	279,650	-0,048	-0,4815	-0,211	-2,1057
15.01.2026 17:22:54	279,700	-0,047	-0,4692	-0,209	-2,0929
15.01.2026 17:22:54	279,750	-0,047	-0,4679	-0,210	-2,1036
15.01.2026 17:22:54	279,800	-0,046	-0,4598	-0,209	-2,0929
15.01.2026 17:22:54	279,850	-0,045	-0,4536	-0,210	-2,0982
15.01.2026 17:22:54	279,900	-0,045	-0,4480	-0,209	-2,0923
15.01.2026 17:22:54	279,950	-0,043	-0,4289	-0,209	-2,0904
15.01.2026 17:22:55	280,000	-0,041	-0,4147	-0,208	-2,0810
15.01.2026 17:22:55	280,050	-0,040	-0,4044	-0,208	-2,0838
15.01.2026 17:22:55	280,100	-0,039	-0,3928	-0,207	-2,0731
15.01.2026 17:22:55	280,150	-0,038	-0,3845	-0,208	-2,0778
15.01.2026 17:22:55	280,200	-0,038	-0,3753	-0,207	-2,0657
15.01.2026 17:22:55	280,250	-0,037	-0,3711	-0,207	-2,0711
15.01.2026 17:22:55	280,300	-0,037	-0,3709	-0,207	-2,0653
15.01.2026 17:22:55	280,350	-0,037	-0,3675	-0,207	-2,0717
15.01.2026 17:22:55	280,400	-0,036	-0,3593	-0,206	-2,0614
15.01.2026 17:22:55	280,450	-0,035	-0,3497	-0,206	-2,0623
15.01.2026 17:22:55	280,500	-0,035	-0,3498	-0,206	-2,0566
15.01.2026 17:22:55	280,550	-0,034	-0,3394	-0,206	-2,0583
15.01.2026 17:22:55	280,600	-0,033	-0,3318	-0,205	-2,0482
15.01.2026 17:22:55	280,650	-0,032	-0,3243	-0,205	-2,0528
15.01.2026 17:22:55	280,700	-0,031	-0,3128	-0,204	-2,0382
15.01.2026 17:22:55	280,750	-0,031	-0,3076	-0,204	-2,0443
15.01.2026 17:22:55	280,800	-0,030	-0,2992	-0,203	-2,0320
15.01.2026 17:22:55	280,850	-0,029	-0,2919	-0,204	-2,0367
15.01.2026 17:22:55	280,900	-0,028	-0,2811	-0,202	-2,0229
15.01.2026 17:22:55	280,950	-0,027	-0,2702	-0,202	-2,0245
15.01.2026 17:22:56	281,000	-0,025	-0,2535	-0,201	-2,0091
15.01.2026 17:22:56	281,050	-0,025	-0,2491	-0,201	-2,0135
15.01.2026 17:22:56	281,100	-0,024	-0,2389	-0,200	-1,9987
15.01.2026 17:22:56	281,150	-0,023	-0,2317	-0,200	-2,0008
15.01.2026 17:22:56	281,200	-0,023	-0,2309	-0,199	-1,9933
15.01.2026 17:22:56	281,250	-0,023	-0,2268	-0,200	-1,9978
15.01.2026 17:22:56	281,300	-0,023	-0,2272	-0,199	-1,9901
15.01.2026 17:22:56	281,350	-0,022	-0,2226	-0,199	-1,9932
15.01.2026 17:22:56	281,400	-0,022	-0,2221	-0,199	-1,9865
15.01.2026 17:22:56	281,450	-0,022	-0,2193	-0,199	-1,9907
15.01.2026 17:22:56	281,500	-0,022	-0,2189	-0,199	-1,9851
15.01.2026 17:22:56	281,550	-0,021	-0,2101	-0,199	-1,9874
15.01.2026 17:22:56	281,600	-0,020	-0,2045	-0,198	-1,9781
15.01.2026 17:22:56	281,650	-0,019	-0,1928	-0,198	-1,9775
15.01.2026 17:22:56	281,700	-0,018	-0,1804	-0,196	-1,9645
15.01.2026 17:22:56	281,750	-0,017	-0,1668	-0,196	-1,9612
15.01.2026 17:22:56	281,800	-0,016	-0,1572	-0,195	-1,9474
15.01.2026 17:22:56	281,850	-0,015	-0,1535	-0,195	-1,9499
15.01.2026 17:22:56	281,900	-0,014	-0,1449	-0,194	-1,9367
15.01.2026 17:22:56	281,950	-0,014	-0,1408	-0,194	-1,9398
15.01.2026 17:22:57	282,000	-0,014	-0,1364	-0,193	-1,9283
15.01.2026 17:22:57	282,050	-0,013	-0,1309	-0,193	-1,9304
15.01.2026 17:22:57	282,100	-0,013	-0,1284	-0,192	-1,9226
15.01.2026 17:22:57	282,150	-0,012	-0,1238	-0,193	-1,9264
15.01.2026 17:22:57	282,200	-0,011	-0,1149	-0,191	-1,9121
15.01.2026 17:22:57	282,250	-0,011	-0,1104	-0,192	-1,9159
15.01.2026 17:22:57	282,300	-0,010	-0,1020	-0,190	-1,9031
15.01.2026 17:22:57	282,350	-0,010	-0,0994	-0,191	-1,9085
15.01.2026 17:22:57	282,400	-0,009	-0,0930	-0,190	-1,8969
15.01.2026 17:22:57	282,450	-0,008	-0,0840	-0,190	-1,8960
15.01.2026 17:22:57	282,500	-0,008	-0,0777	-0,188	-1,8831
15.01.2026 17:22:57	282,550	-0,007	-0,0745	-0,189	-1,8864
15.01.2026 17:22:57	282,600	-0,007	-0,0679	-0,187	-1,8739
15.01.2026 17:22:57	282,650	-0,006	-0,0607	-0,187	-1,8745
15.01.2026 17:22:57	282,700	-0,006	-0,0599	-0,187	-1,8665
15.01.2026 17:22:57	282,750	-0,005	-0,0540	-0,187	-1,8684
15.01.2026 17:22:57	282,800	-0,005	-0,0504	-0,186	-1,8573
15.01.2026 17:22:57	282,850	-0,005	-0,0459	-0,186	-1,8599
15.01.2026 17:22:57	282,900	-0,004	-0,0422	-0,185	-1,8503
15.01.2026 17:22:57	282,950	-0,004	-0,0368	-0,185	-1,8509
15.01.2026 17:22:58	283,000	-0,003	-0,0309	-0,184	-1,8405
15.01.2026 17:22:58	283,050	-0,002	-0,0235	-0,184	-1,8397
15.01.2026 17:22:58	283,100	-0,002	-0,0177	-0,183	-1,8277
15.01.2026 17:22:58	283,150	-0,001	-0,0102	-0,183	-1,8263
15.01.2026 17:22:58	283,200	-9,955E-4	-0,0100	-0,182	-1,8184
15.01.2026 17:22:58	283,250	-5,554E-5	-5,5542E-4	-0,181	-1,8150
15.01.2026 17:22:58	283,300	-7,996E-5	-7,9956E-4	-0,181	-1,8082
15.01.2026 17:22:58	283,350	1,459E-4	0,0015	-0,181	-1,8124
15.01.2026 17:22:58	283,400	4,242E-4	0,0042	-0,180	-1,8009
15.01.2026 17:22:58	283,450	7,635E-4	0,0076	-0,180	-1,8044
15.01.2026 17:22:58	283,500	0,002	0,0168	-0,179	-1,7926
15.01.2026 17:22:58	283,550	0,002	0,0183	-0,180	-1,7958
15.01.2026 17:22:58	283,600	0,003	0,0277	-0,178	-1,7806
15.01.2026 17:22:58	283,650	0,004	0,0370	-0,178	-1,7814
15.01.2026 17:22:58	283,700	0,005	0,0507	-0,176	-1,7605
15.01.2026 17:22:58	283,750	0,006	0,0606	-0,175	-1,7536
15.01.2026 17:22:58	283,800	0,007	0,0718	-0,173	-1,7337
15.01.2026 17:22:58	283,850	0,008	0,0779	-0,173	-1,7300
15.01.2026 17:22:58	283,900	0,008	0,0819	-0,172	-1,7158
15.01.2026 17:22:58	283,950	0,009	0,0882	-0,171	-1,7135
15.01.2026 17:22:59	284,000	0,009	0,0944	-0,170	-1,6970
15.01.2026 17:22:59	284,050	0,010	0,1035	-0,169	-1,6919
15.01.2026 17:22:59	284,100	0,011	0,1054	-0,168	-1,6804
15.01.2026 17:22:59	284,150	0,011	0,1096	-0,168	-1,6803
15.01.2026 17:22:59	284,200	0,011	0,1114	-0,167	-1,6688
15.01.2026 17:22:59	284,250	0,011	0,1140	-0,167	-1,6696
15.01.2026 17:22:59	284,300	0,012	0,1187	-0,166	-1,6569
15.01.2026 17:22:59	284,350	0,013	0,1265	-0,166	-1,6554
15.01.2026 17:22:59	284,400	0,013	0,1349	-0,164	-1,6363
15.01.2026 17:22:59	284,450	0,014	0,1405	-0,163	-1,6344
15.01.2026 17:22:59	284,500	0,015	0,1468	-0,162	-1,6168
15.01.2026 17:22:59	284,550	0,015	0,1524	-0,162	-1,6156
15.01.2026 17:22:59	284,600	0,016	0,1613	-0,159	-1,5944
15.01.2026 17:22:59	284,650	0,017	0,1651	-0,159	-1,5927
15.01.2026 17:22:59	284,700	0,017	0,1744	-0,157	-1,5697
15.01.2026 17:22:59	284,750	0,018	0,1817	-0,156	-1,5638
15.01.2026 17:22:59	284,800	0,019	0,1871	-0,154	-1,5450
15.01.2026 17:22:59	284,850	0,019	0,1928	-0,154	-1,5389
15.01.2026 17:22:59	284,900	0,020	0,2022	-0,152	-1,5161
15.01.2026 17:22:59	284,950	0,021	0,2080	-0,151	-1,5070
15.01.2026 17:23:00	285,000	0,022	0,2152	-0,149	-1,4866
15.01.2026 17:23:00	285,050	0,022	0,2221	-0,148	-1,4785
15.01.2026 17:23:00	285,100	0,023	0,2284	-0,145	-1,4536
15.01.2026 17:23:00	285,150	0,024	0,2374	-0,144	-1,4422
15.01.2026 17:23:00	285,200	0,025	0,2466	-0,141	-1,4132
15.01.2026 17:23:00	285,250	0,025	0,2507	-0,140	-1,4031
15.01.2026 17:23:00	285,300	0,026	0,2584	-0,138	-1,3768
15.01.2026 17:23:00	285,350	0,026	0,2614	-0,137	-1,3669
15.01.2026 17:23:00	285,400	0,027	0,2672	-0,134	-1,3384
15.01.2026 17:23:00	285,450	0,027	0,2704	-0,133	-1,3264
15.01.2026 17:23:00	285,500	0,028	0,2770	-0,130	-1,2979
15.01.2026 17:23:00	285,550	0,028	0,2821	-0,128	-1,2843
15.01.2026 17:23:00	285,600	0,029	0,2875	-0,126	-1,2576
15.01.2026 17:23:00	285,650	0,029	0,2915	-0,125	-1,2460
15.01.2026 17:23:00	285,700	0,030	0,2994	-0,121	-1,2147
15.01.2026 17:23:00	285,750	0,030	0,3008	-0,120	-1,2048
15.01.2026 17:23:00	285,800	0,030	0,3024	-0,118	-1,1784
15.01.2026 17:23:00	285,850	0,031	0,3105	-0,116	-1,1623
15.01.2026 17:23:00	285,900	0,031	0,3126	-0,114	-1,1361
15.01.2026 17:23:00	285,950	0,032	0,3220	-0,112	-1,1185
15.01.2026 17:23:01	286,000	0,032	0,3234	-0,109	-1,0935
15.01.2026 17:23:01	286,050	0,033	0,3279	-0,108	-1,0807
15.01.2026 17:23:01	286,100	0,033	0,3311	-0,105	-1,0531
15.01.2026 17:23:01	286,150	0,033	0,3346	-0,104	-1,0420
15.01.2026 17:23:01	286,200	0,034	0,3409	-0,101	-1,0123
15.01.2026 17:23:01	286,250	0,034	0,3432	-0,100	-1,0023
15.01.2026 17:23:01	286,300	0,035	0,3475	-0,098	-0,9756
15.01.2026 17:23:01	286,350	0,035	0,3507	-0,097	-0,9668
15.01.2026 17:23:01	286,400	0,036	0,3555	-0,094	-0,9397
15.01.2026 17:23:01	286,450	0,036	0,3624	-0,093	-0,9250
15.01.2026 17:23:01	286,500	0,036	0,3628	-0,090	-0,9037
15.01.2026 17:23:01	286,550	0,037	0,3702	-0,089	-0,8893
15.01.2026 17:23:01	286,600	0,037	0,3734	-0,086	-0,8648
15.01.2026 17:23:01	286,650	0,038	0,3796	-0,085	-0,8524
15.01.2026 17:23:01	286,700	0,038	0,3820	-0,083	-0,8302
15.01.2026 17:23:01	286,750	0,039	0,3858	-0,082	-0,8216
15.01.2026 17:23:01	286,800	0,039	0,3892	-0,080	-0,7974
15.01.2026 17:23:01	286,850	0,039	0,3934	-0,079	-0,7881
15.01.2026 17:23:01	286,900	0,040	0,3978	-0,076	-0,7636
15.01.2026 17:23:01	286,950	0,040	0,4022	-0,076	-0,7558
15.01.2026 17:23:02	287,000	0,041	0,4058	-0,073	-0,7335
15.01.2026 17:23:02	287,050	0,041	0,4131	-0,072	-0,7225
15.01.2026 17:23:02	287,100	0,042	0,4168	-0,070	-0,7007
15.01.2026 17:23:02	287,150	0,042	0,4216	-0,069	-0,6923
15.01.2026 17:23:02	287,200	0,042	0,4245	-0,067	-0,6714
15.01.2026 17:23:02	287,250	0,043	0,4328	-0,066	-0,6608
15.01.2026 17:23:02	287,300	0,044	0,4357	-0,064	-0,6411
15.01.2026 17:23:02	287,350	0,044	0,4409	-0,063	-0,6314
15.01.2026 17:23:02	287,400	0,044	0,4404	-0,061	-0,6144
15.01.2026 17:23:02	287,450	0,045	0,4496	-0,060	-0,6035
15.01.2026 17:23:02	287,500	0,045	0,4503	-0,058	-0,5843
15.01.2026 17:23:02	287,550	0,046	0,4562	-0,058	-0,5770
15.01.2026 17:23:02	287,600	0,045	0,4523	-0,057	-0,5656
15.01.2026 17:23:02	287,650	0,045	0,4502	-0,057	-0,5673
15.01.2026 17:23:02	287,700	0,045	0,4479	-0,056	-0,5571
15.01.2026 17:23:02	287,750	0,044	0,4408	-0,056	-0,5642
15.01.2026 17:23:02	287,800	0,043	0,4344	-0,056	-0,5580
15.01.2026 17:23:02	287,850	0,043	0,4261	-0,057	-0,5674
15.01.2026 17:23:02	287,900	0,041	0,4142	-0,056	-0,5641
15.01.2026 17:23:02	287,950	0,041	0,4083	-0,057	-0,5733
15.01.2026 17:23:03	288,000	0,040	0,4010	-0,057	-0,5662
15.01.2026 17:23:03	288,050	0,040	0,3965	-0,057	-0,5742
15.01.2026 17:23:03	288,100	0,038	0,3841	-0,057	-0,5735
15.01.2026 17:23:03	288,150	0,038	0,3813	-0,058	-0,5794
15.01.2026 17:23:03	288,200	0,037	0,3708	-0,058	-0,5774
15.01.2026 17:23:03	288,250	0,037	0,3673	-0,058	-0,5842
15.01.2026 17:23:03	288,300	0,036	0,3624	-0,058	-0,5786
15.01.2026 17:23:03	288,350	0,036	0,3576	-0,059	-0,5881
15.01.2026 17:23:03	288,400	0,035	0,3506	-0,058	-0,5828
15.01.2026 17:23:03	288,450	0,034	0,3447	-0,059	-0,5915
15.01.2026 17:23:03	288,500	0,034	0,3386	-0,059	-0,5868
15.01.2026 17:23:03	288,550	0,033	0,3292	-0,060	-0,5991
15.01.2026 17:23:03	288,600	0,032	0,3237	-0,059	-0,5937
15.01.2026 17:23:03	288,650	0,032	0,3181	-0,060	-0,6030
15.01.2026 17:23:03	288,700	0,031	0,3112	-0,060	-0,6001
15.01.2026 17:23:03	288,750	0,031	0,3078	-0,061	-0,6072
15.01.2026 17:23:03	288,800	0,030	0,2999	-0,061	-0,6068
15.01.2026 17:23:03	288,850	0,030	0,3012	-0,061	-0,6116
15.01.2026 17:23:03	288,900	0,030	0,3020	-0,060	-0,6037
15.01.2026 17:23:03	288,950	0,030	0,2974	-0,061	-0,6148
15.01.2026 17:23:04	289,000	0,030	0,2991	-0,060	-0,6032
15.01.2026 17:23:04	289,050	0,029	0,2864	-0,062	-0,6197
15.01.2026 17:23:04	289,100	0,028	0,2825	-0,061	-0,6132
15.01.2026 17:23:04	289,150	0,028	0,2826	-0,062	-0,6185
15.01.2026 17:23:04	289,200	0,028	0,2772	-0,062	-0,6163
15.01.2026 17:23:04	289,250	0,028	0,2758	-0,062	-0,6233
15.01.2026 17:23:04	289,300	0,028	0,2756	-0,062	-0,6168
15.01.2026 17:23:04	289,350	0,027	0,2712	-0,063	-0,6284
15.01.2026 17:23:04	289,400	0,027	0,2721	-0,062	-0,6204
15.01.2026 17:23:04	289,450	0,027	0,2679	-0,063	-0,6283
15.01.2026 17:23:04	289,500	0,026	0,2575	-0,063	-0,6257
15.01.2026 17:23:04	289,550	0,025	0,2453	-0,064	-0,6384
15.01.2026 17:23:04	289,600	0,023	0,2331	-0,064	-0,6369
15.01.2026 17:23:04	289,650	0,022	0,2217	-0,065	-0,6499
15.01.2026 17:23:04	289,700	0,021	0,2092	-0,065	-0,6489
15.01.2026 17:23:04	289,750	0,019	0,1909	-0,067	-0,6686
15.01.2026 17:23:04	289,800	0,018	0,1782	-0,067	-0,6706
15.01.2026 17:23:04	289,850	0,017	0,1713	-0,068	-0,6829
15.01.2026 17:23:04	289,900	0,016	0,1624	-0,068	-0,6837
15.01.2026 17:23:04	289,950	0,016	0,1601	-0,069	-0,6927
15.01.2026 17:23:05	290,000	0,015	0,1510	-0,069	-0,6924
15.01.2026 17:23:05	290,050	0,015	0,1475	-0,070	-0,6999
15.01.2026 17:23:05	290,100	0,014	0,1408	-0,070	-0,6983
15.01.2026 17:23:05	290,150	0,013	0,1340	-0,071	-0,7105
15.01.2026 17:23:05	290,200	0,013	0,1295	-0,071	-0,7079
15.01.2026 17:23:05	290,250	0,013	0,1252	-0,072	-0,7181
15.01.2026 17:23:05	290,300	0,012	0,1202	-0,071	-0,7137
15.01.2026 17:23:05	290,350	0,012	0,1165	-0,073	-0,7255
15.01.2026 17:23:05	290,400	0,011	0,1075	-0,073	-0,7256
15.01.2026 17:23:05	290,450	0,011	0,1064	-0,073	-0,7331
15.01.2026 17:23:05	290,500	0,010	0,1012	-0,073	-0,7299
15.01.2026 17:23:05	290,550	0,010	0,0980	-0,074	-0,7391
15.01.2026 17:23:05	290,600	0,009	0,0913	-0,074	-0,7379
15.01.2026 17:23:05	290,650	0,009	0,0866	-0,075	-0,7501
15.01.2026 17:23:05	290,700	0,008	0,0839	-0,075	-0,7455
15.01.2026 17:23:05	290,750	0,008	0,0809	-0,076	-0,7557
15.01.2026 17:23:05	290,800	0,008	0,0760	-0,075	-0,7523
15.01.2026 17:23:05	290,850	0,007	0,0701	-0,077	-0,7654
15.01.2026 17:23:05	290,900	0,007	0,0695	-0,076	-0,7579
15.01.2026 17:23:05	290,950	0,007	0,0666	-0,077	-0,7676
15.01.2026 17:23:06	291,000	0,006	0,0596	-0,077	-0,7670
15.01.2026 17:23:06	291,050	0,005	0,0541	-0,078	-0,7785
15.01.2026 17:23:06	291,100	0,005	0,0484	-0,078	-0,7751
15.01.2026 17:23:06	291,150	0,005	0,0469	-0,079	-0,7850
15.01.2026 17:23:06	291,200	0,004	0,0402	-0,078	-0,7846
15.01.2026 17:23:06	291,250	0,004	0,0396	-0,079	-0,7923
15.01.2026 17:23:06	291,300	0,004	0,0352	-0,079	-0,7888
15.01.2026 17:23:06	291,350	0,003	0,0331	-0,080	-0,8008
15.01.2026 17:23:06	291,400	0,003	0,0305	-0,080	-0,7952
15.01.2026 17:23:06	291,450	0,003	0,0305	-0,080	-0,8038
15.01.2026 17:23:06	291,500	0,003	0,0265	-0,080	-0,7997
15.01.2026 17:23:06	291,550	0,003	0,0281	-0,081	-0,8062
15.01.2026 17:23:06	291,600	0,003	0,0279	-0,080	-0,8004
15.01.2026 17:23:06	291,650	0,002	0,0244	-0,081	-0,8114
15.01.2026 17:23:06	291,700	0,002	0,0236	-0,081	-0,8055
15.01.2026 17:23:06	291,750	0,002	0,0224	-0,081	-0,8117
15.01.2026 17:23:06	291,800	0,002	0,0196	-0,081	-0,8081
15.01.2026 17:23:06	291,850	0,002	0,0184	-0,082	-0,8173
15.01.2026 17:23:06	291,900	0,002	0,0203	-0,081	-0,8079
15.01.2026 17:23:06	291,950	0,002	0,0201	-0,082	-0,8160
15.01.2026 17:23:07	292,000	0,002	0,0172	-0,081	-0,8110
15.01.2026 17:23:07	292,050	0,002	0,0190	-0,082	-0,8164
15.01.2026 17:23:07	292,100	0,002	0,0175	-0,081	-0,8101
15.01.2026 17:23:07	292,150	0,001	0,0147	-0,082	-0,8214
15.01.2026 17:23:07	292,200	0,002	0,0208	-0,081	-0,8096
15.01.2026 17:23:07	292,250	0,002	0,0191	-0,082	-0,8170
15.01.2026 17:23:07	292,300	0,002	0,0193	-0,081	-0,8109
15.01.2026 17:23:07	292,350	0,002	0,0172	-0,082	-0,8199
15.01.2026 17:23:07	292,400	0,002	0,0185	-0,081	-0,8109
15.01.2026 17:23:07	292,450	0,002	0,0154	-0,082	-0,8196
15.01.2026 17:23:07	292,500	7,635E-4	0,0076	-0,082	-0,8161
15.01.2026 17:23:07	292,550	4,498E-4	0,0045	-0,083	-0,8265
15.01.2026 17:23:07	292,600	-1,703E-4	-0,0017	-0,082	-0,8250
15.01.2026 17:23:07	292,650	-7,086E-4	-0,0071	-0,084	-0,8386
15.01.2026 17:23:07	292,700	-8,929E-4	-0,0089	-0,083	-0,8345
15.01.2026 17:23:07	292,750	-0,001	-0,0138	-0,085	-0,8479
15.01.2026 17:23:07	292,800	-0,002	-0,0202	-0,085	-0,8466
15.01.2026 17:23:07	292,850	-0,002	-0,0208	-0,086	-0,8562
15.01.2026 17:23:07	292,900	-0,002	-0,0250	-0,085	-0,8517
15.01.2026 17:23:07	292,950	-0,003	-0,0315	-0,087	-0,8672
15.01.2026 17:23:08	293,000	-0,003	-0,0344	-0,086	-0,8639
15.01.2026 17:23:08	293,050	-0,004	-0,0398	-0,088	-0,8764
15.01.2026 17:23:08	293,100	-0,005	-0,0493	-0,088	-0,8783
15.01.2026 17:23:08	293,150	-0,005	-0,0502	-0,089	-0,8886
15.01.2026 17:23:08	293,200	-0,006	-0,0599	-0,089	-0,8908
15.01.2026 17:23:08	293,250	-0,007	-0,0687	-0,091	-0,9086
15.01.2026 17:23:08	293,300	-0,008	-0,0761	-0,091	-0,9106
15.01.2026 17:23:08	293,350	-0,009	-0,0851	-0,093	-0,9299
15.01.2026 17:23:08	293,400	-0,009	-0,0914	-0,093	-0,9313
15.01.2026 17:23:08	293,450	-0,010	-0,1027	-0,095	-0,9532
15.01.2026 17:23:08	293,500	-0,011	-0,1105	-0,096	-0,9570
15.01.2026 17:23:08	293,550	-0,012	-0,1223	-0,098	-0,9819
15.01.2026 17:23:08	293,600	-0,013	-0,1276	-0,099	-0,9869
15.01.2026 17:23:08	293,650	-0,014	-0,1365	-0,101	-1,0086
15.01.2026 17:23:08	293,700	-0,014	-0,1430	-0,101	-1,0133
15.01.2026 17:23:08	293,750	-0,015	-0,1476	-0,103	-1,0328
15.01.2026 17:23:08	293,800	-0,016	-0,1551	-0,104	-1,0389
15.01.2026 17:23:08	293,850	-0,016	-0,1596	-0,106	-1,0580
15.01.2026 17:23:08	293,900	-0,017	-0,1665	-0,106	-1,0627
15.01.2026 17:23:08	293,950	-0,017	-0,1714	-0,108	-1,0814
15.01.2026 17:23:09	294,000	-0,017	-0,1743	-0,108	-1,0839
15.01.2026 17:23:09	294,050	-0,018	-0,1826	-0,111	-1,1074
15.01.2026 17:23:09	294,100	-0,019	-0,1858	-0,111	-1,1108
15.01.2026 17:23:09	294,150	-0,019	-0,1883	-0,113	-1,1285
15.01.2026 17:23:09	294,200	-0,019	-0,1943	-0,113	-1,1342
15.01.2026 17:23:09	294,250	-0,020	-0,1991	-0,115	-1,1546
15.01.2026 17:23:09	294,300	-0,020	-0,2039	-0,116	-1,1590
15.01.2026 17:23:09	294,350	-0,021	-0,2079	-0,118	-1,1796
15.01.2026 17:23:09	294,400	-0,021	-0,2137	-0,119	-1,1854
15.01.2026 17:23:09	294,450	-0,022	-0,2173	-0,121	-1,2063
15.01.2026 17:23:09	294,500	-0,022	-0,2222	-0,121	-1,2131
15.01.2026 17:23:09	294,550	-0,023	-0,2272	-0,124	-1,2351
15.01.2026 17:23:09	294,600	-0,023	-0,2304	-0,124	-1,2411
15.01.2026 17:23:09	294,650	-0,023	-0,2350	-0,126	-1,2625
15.01.2026 17:23:09	294,700	-0,024	-0,2381	-0,127	-1,2692
15.01.2026 17:23:09	294,750	-0,025	-0,2462	-0,130	-1,2960
15.01.2026 17:23:09	294,800	-0,025	-0,2463	-0,130	-1,2982
15.01.2026 17:23:09	294,850	-0,025	-0,2481	-0,132	-1,3176
15.01.2026 17:23:09	294,900	-0,025	-0,2546	-0,133	-1,3279
15.01.2026 17:23:09	294,950	-0,026	-0,2587	-0,135	-1,3493
15.01.2026 17:23:10	295,000	-0,026	-0,2607	-0,135	-1,3544
15.01.2026 17:23:10	295,050	-0,027	-0,2656	-0,138	-1,3774
15.01.2026 17:23:10	295,100	-0,027	-0,2706	-0,139	-1,3857
15.01.2026 17:23:10	295,150	-0,027	-0,2724	-0,141	-1,4065
15.01.2026 17:23:10	295,200	-0,028	-0,2795	-0,142	-1,4165
15.01.2026 17:23:10	295,250	-0,028	-0,2846	-0,144	-1,4414
15.01.2026 17:23:10	295,300	-0,029	-0,2875	-0,145	-1,4485
15.01.2026 17:23:10	295,350	-0,029	-0,2933	-0,147	-1,4746
15.01.2026 17:23:10	295,400	-0,030	-0,2984	-0,149	-1,4855
15.01.2026 17:23:10	295,450	-0,030	-0,3043	-0,151	-1,5125
15.01.2026 17:23:10	295,500	-0,031	-0,3117	-0,153	-1,5260
15.01.2026 17:23:10	295,550	-0,031	-0,3122	-0,155	-1,5476
15.01.2026 17:23:10	295,600	-0,032	-0,3203	-0,156	-1,5611
15.01.2026 17:23:10	295,650	-0,033	-0,3289	-0,159	-1,5918
15.01.2026 17:23:10	295,700	-0,033	-0,3322	-0,160	-1,6011
15.01.2026 17:23:10	295,750	-0,034	-0,3386	-0,163	-1,6286
15.01.2026 17:23:10	295,800	-0,034	-0,3441	-0,164	-1,6408
15.01.2026 17:23:10	295,850	-0,035	-0,3508	-0,167	-1,6676
15.01.2026 17:23:10	295,900	-0,035	-0,3493	-0,167	-1,6722
15.01.2026 17:23:10	295,950	-0,034	-0,3445	-0,169	-1,6886
15.01.2026 17:23:11	296,000	-0,034	-0,3417	-0,169	-1,6859
15.01.2026 17:23:11	296,050	-0,033	-0,3347	-0,169	-1,6931
15.01.2026 17:23:11	296,100	-0,033	-0,3312	-0,169	-1,6869
15.01.2026 17:23:11	296,150	-0,032	-0,3237	-0,169	-1,6927
15.01.2026 17:23:11	296,200	-0,031	-0,3138	-0,168	-1,6823
15.01.2026 17:23:11	296,250	-0,030	-0,3037	-0,169	-1,6868
15.01.2026 17:23:11	296,300	-0,030	-0,3003	-0,168	-1,6795
15.01.2026 17:23:11	296,350	-0,030	-0,2964	-0,169	-1,6878
15.01.2026 17:23:11	296,400	-0,029	-0,2891	-0,167	-1,6739
15.01.2026 17:23:11	296,450	-0,029	-0,2860	-0,168	-1,6808
15.01.2026 17:23:11	296,500	-0,028	-0,2832	-0,167	-1,6744
15.01.2026 17:23:11	296,550	-0,028	-0,2778	-0,168	-1,6793
15.01.2026 17:23:11	296,600	-0,027	-0,2735	-0,167	-1,6731
15.01.2026 17:23:11	296,650	-0,027	-0,2693	-0,168	-1,6774
15.01.2026 17:23:11	296,700	-0,026	-0,2609	-0,166	-1,6643
15.01.2026 17:23:11	296,750	-0,026	-0,2584	-0,167	-1,6724
15.01.2026 17:23:11	296,800	-0,025	-0,2525	-0,166	-1,6623
15.01.2026 17:23:11	296,850	-0,025	-0,2453	-0,167	-1,6673
15.01.2026 17:23:11	296,900	-0,024	-0,2413	-0,166	-1,6582
15.01.2026 17:23:11	296,950	-0,023	-0,2319	-0,166	-1,6617
15.01.2026 17:23:12	297,000	-0,023	-0,2280	-0,165	-1,6522
15.01.2026 17:23:12	297,050	-0,022	-0,2204	-0,166	-1,6567
15.01.2026 17:23:12	297,100	-0,021	-0,2102	-0,164	-1,6416
15.01.2026 17:23:12	297,150	-0,021	-0,2067	-0,165	-1,6487
15.01.2026 17:23:12	297,200	-0,020	-0,1970	-0,164	-1,6371
15.01.2026 17:23:12	297,250	-0,019	-0,1934	-0,164	-1,6438
15.01.2026 17:23:12	297,300	-0,019	-0,1893	-0,163	-1,6341
15.01.2026 17:23:12	297,350	-0,018	-0,1800	-0,164	-1,6374
15.01.2026 17:23:12	297,400	-0,017	-0,1735	-0,163	-1,6282
15.01.2026 17:23:12	297,450	-0,017	-0,1667	-0,163	-1,6305
15.01.2026 17:23:12	297,500	-0,016	-0,1581	-0,162	-1,6175
15.01.2026 17:23:12	297,550	-0,015	-0,1501	-0,162	-1,6209
15.01.2026 17:23:12	297,600	-0,014	-0,1437	-0,161	-1,6101
15.01.2026 17:23:12	297,650	-0,014	-0,1384	-0,161	-1,6140
15.01.2026 17:23:12	297,700	-0,013	-0,1313	-0,160	-1,6025
15.01.2026 17:23:12	297,750	-0,012	-0,1234	-0,161	-1,6058
15.01.2026 17:23:12	297,800	-0,012	-0,1152	-0,159	-1,5919
15.01.2026 17:23:12	297,850	-0,011	-0,1066	-0,159	-1,5942
15.01.2026 17:23:12	297,900	-0,010	-0,1015	-0,158	-1,5821
15.01.2026 17:23:12	297,950	-0,009	-0,0923	-0,158	-1,5830
15.01.2026 17:23:13	298,000	-0,009	-0,0882	-0,157	-1,5729
15.01.2026 17:23:13	298,050	-0,008	-0,0829	-0,158	-1,5778
15.01.2026 17:23:13	298,100	-0,008	-0,0766	-0,156	-1,5630
15.01.2026 17:23:13	298,150	-0,007	-0,0711	-0,157	-1,5664
15.01.2026 17:23:13	298,200	-0,007	-0,0682	-0,156	-1,5560
15.01.2026 17:23:13	298,250	-0,007	-0,0661	-0,156	-1,5636
15.01.2026 17:23:13	298,300	-0,006	-0,0605	-0,155	-1,5516
15.01.2026 17:23:13	298,350	-0,006	-0,0570	-0,156	-1,5557
15.01.2026 17:23:13	298,400	-0,005	-0,0489	-0,154	-1,5405
15.01.2026 17:23:13	298,450	-0,005	-0,0477	-0,155	-1,5479
15.01.2026 17:23:13	298,500	-0,004	-0,0429	-0,154	-1,5356
15.01.2026 17:23:13	298,550	-0,004	-0,0385	-0,154	-1,5392
15.01.2026 17:23:13	298,600	-0,004	-0,0372	-0,153	-1,5311
15.01.2026 17:23:13	298,650	-0,003	-0,0332	-0,154	-1,5359
15.01.2026 17:23:13	298,700	-0,003	-0,0327	-0,153	-1,5273
15.01.2026 17:23:13	298,750	-0,003	-0,0260	-0,153	-1,5287
15.01.2026 17:23:13	298,800	-0,003	-0,0257	-0,152	-1,5216
15.01.2026 17:23:13	298,850	-0,002	-0,0239	-0,153	-1,5277
15.01.2026 17:23:13	298,900	-0,002	-0,0197	-0,152	-1,5154
15.01.2026 17:23:13	298,950	-0,002	-0,0173	-0,152	-1,5209
15.01.2026 17:23:14	299,000	-0,001	-0,0121	-0,151	-1,5085
15.01.2026 17:23:14	299,050	-0,001	-0,0110	-0,152	-1,5162
15.01.2026 17:23:14	299,100	-6,012E-4	-0,0060	-0,150	-1,5033
15.01.2026 17:23:14	299,150	5,670E-4	0,0057	-0,150	-1,5045
15.01.2026 17:23:14	299,200	0,002	0,0163	-0,149	-1,4888
15.01.2026 17:23:14	299,250	0,002	0,0191	-0,149	-1,4891
15.01.2026 17:23:14	299,300	0,002	0,0172	-0,148	-1,4800
15.01.2026 17:23:14	299,350	0,002	0,0189	-0,149	-1,4853
15.01.2026 17:23:14	299,400	0,003	0,0252	-0,147	-1,4740
15.01.2026 17:23:14	299,450	0,003	0,0287	-0,148	-1,4790
15.01.2026 17:23:14	299,500	0,004	0,0358	-0,147	-1,4653
15.01.2026 17:23:14	299,550	0,004	0,0418	-0,147	-1,4682
15.01.2026 17:23:14	299,600	0,005	0,0480	-0,146	-1,4554
15.01.2026 17:23:14	299,650	0,005	0,0543	-0,145	-1,4550
15.01.2026 17:23:14	299,700	0,006	0,0640	-0,144	-1,4364
15.01.2026 17:23:14	299,750	0,007	0,0710	-0,144	-1,4361
15.01.2026 17:23:14	299,800	0,008	0,0764	-0,142	-1,4215
15.01.2026 17:23:14	299,850	0,008	0,0781	-0,143	-1,4256
15.01.2026 17:23:14	299,900	0,008	0,0834	-0,141	-1,4122
15.01.2026 17:23:14	299,950	0,010	0,0964	-0,141	-1,4090
15.01.2026 17:23:15	300,000	0,011	0,1068	-0,139	-1,3890
15.01.2026 17:23:15	300,050	0,011	0,1109	-0,139	-1,3892
15.01.2026 17:23:15	300,100	0,012	0,1162	-0,137	-1,3739
15.01.2026 17:23:15	300,150	0,012	0,1228	-0,137	-1,3718
15.01.2026 17:23:15	300,200	0,013	0,1280	-0,135	-1,3548
15.01.2026 17:23:15	300,250	0,014	0,1359	-0,135	-1,3528
15.01.2026 17:23:15	300,300	0,014	0,1412	-0,134	-1,3368
15.01.2026 17:23:15	300,350	0,015	0,1457	-0,134	-1,3366
15.01.2026 17:23:15	300,400	0,015	0,1529	-0,132	-1,3188
15.01.2026 17:23:15	300,450	0,016	0,1603	-0,132	-1,3162
15.01.2026 17:23:15	300,500	0,017	0,1659	-0,130	-1,2971
15.01.2026 17:23:15	300,550	0,017	0,1695	-0,130	-1,2974
15.01.2026 17:23:15	300,600	0,018	0,1755	-0,128	-1,2796
15.01.2026 17:23:15	300,650	0,018	0,1783	-0,128	-1,2794
15.01.2026 17:23:15	300,700	0,018	0,1843	-0,126	-1,2614
15.01.2026 17:23:15	300,750	0,018	0,1838	-0,127	-1,2671
15.01.2026 17:23:15	300,800	0,019	0,1895	-0,125	-1,2491
15.01.2026 17:23:15	300,850	0,019	0,1925	-0,125	-1,2483
15.01.2026 17:23:15	300,900	0,019	0,1933	-0,124	-1,2361
15.01.2026 17:23:15	300,950	0,020	0,1985	-0,124	-1,2356
15.01.2026 17:23:16	301,000	0,020	0,1997	-0,122	-1,2241
15.01.2026 17:23:16	301,050	0,020	0,2003	-0,123	-1,2276
15.01.2026 17:23:16	301,100	0,020	0,2038	-0,121	-1,2126
15.01.2026 17:23:16	301,150	0,021	0,2068	-0,122	-1,2154
15.01.2026 17:23:16	301,200	0,021	0,2068	-0,120	-1,2049
15.01.2026 17:23:16	301,250	0,021	0,2111	-0,121	-1,2063
15.01.2026 17:23:16	301,300	0,021	0,2131	-0,119	-1,1930
15.01.2026 17:23:16	301,350	0,022	0,2179	-0,119	-1,1915
15.01.2026 17:23:16	301,400	0,022	0,2185	-0,118	-1,1804
15.01.2026 17:23:16	301,450	0,022	0,2201	-0,118	-1,1824
15.01.2026 17:23:16	301,500	0,022	0,2240	-0,117	-1,1681
15.01.2026 17:23:16	301,550	0,023	0,2336	-0,116	-1,1605
15.01.2026 17:23:16	301,600	0,024	0,2353	-0,115	-1,1455
15.01.2026 17:23:16	301,650	0,024	0,2413	-0,114	-1,1408
15.01.2026 17:23:16	301,700	0,025	0,2482	-0,112	-1,1185
15.01.2026 17:23:16	301,750	0,025	0,2494	-0,112	-1,1174
15.01.2026 17:23:16	301,800	0,026	0,2565	-0,109	-1,0937
15.01.2026 17:23:16	301,850	0,026	0,2603	-0,109	-1,0893
15.01.2026 17:23:16	301,900	0,027	0,2659	-0,107	-1,0669
15.01.2026 17:23:16	301,950	0,027	0,2680	-0,106	-1,0637
15.01.2026 17:23:17	302,000	0,027	0,2712	-0,105	-1,0461
15.01.2026 17:23:17	302,050	0,028	0,2758	-0,104	-1,0407
15.01.2026 17:23:17	302,100	0,028	0,2809	-0,102	-1,0193
15.01.2026 17:23:17	302,150	0,029	0,2881	-0,101	-1,0109
15.01.2026 17:23:17	302,200	0,029	0,2916	-0,099	-0,9894
15.01.2026 17:23:17	302,250	0,030	0,2992	-0,098	-0,9795
15.01.2026 17:23:17	302,300	0,030	0,3030	-0,096	-0,9593
15.01.2026 17:23:17	302,350	0,031	0,3072	-0,095	-0,9530
15.01.2026 17:23:17	302,400	0,031	0,3096	-0,093	-0,9337
15.01.2026 17:23:17	302,450	0,032	0,3178	-0,092	-0,9235
15.01.2026 17:23:17	302,500	0,032	0,3199	-0,090	-0,9038
15.01.2026 17:23:17	302,550	0,032	0,3243	-0,090	-0,8977
15.01.2026 17:23:17	302,600	0,033	0,3293	-0,087	-0,8743
15.01.2026 17:23:17	302,650	0,033	0,3328	-0,087	-0,8716
15.01.2026 17:23:17	302,700	0,034	0,3406	-0,085	-0,8482
15.01.2026 17:23:17	302,750	0,035	0,3456	-0,084	-0,8427
15.01.2026 17:23:17	302,800	0,035	0,3480	-0,082	-0,8238
15.01.2026 17:23:17	302,850	0,034	0,3438	-0,083	-0,8269
15.01.2026 17:23:17	302,900	0,034	0,3417	-0,081	-0,8133
15.01.2026 17:23:17	302,950	0,034	0,3447	-0,082	-0,8152
15.01.2026 17:23:18	303,000	0,034	0,3400	-0,081	-0,8088
15.01.2026 17:23:18	303,050	0,033	0,3327	-0,082	-0,8195
15.01.2026 17:23:18	303,100	0,033	0,3288	-0,081	-0,8093
15.01.2026 17:23:18	303,150	0,032	0,3152	-0,082	-0,8210
15.01.2026 17:23:18	303,200	0,031	0,3076	-0,082	-0,8161
15.01.2026 17:23:18	303,250	0,030	0,3048	-0,082	-0,8232
15.01.2026 17:23:18	303,300	0,030	0,3021	-0,082	-0,8153
15.01.2026 17:23:18	303,350	0,029	0,2926	-0,083	-0,8277
15.01.2026 17:23:18	303,400	0,029	0,2882	-0,082	-0,8196
15.01.2026 17:23:18	303,450	0,028	0,2776	-0,083	-0,8336
15.01.2026 17:23:18	303,500	0,027	0,2709	-0,083	-0,8276
15.01.2026 17:23:18	303,550	0,026	0,2633	-0,084	-0,8369
15.01.2026 17:23:18	303,600	0,025	0,2512	-0,083	-0,8338
15.01.2026 17:23:18	303,650	0,024	0,2426	-0,085	-0,8455
15.01.2026 17:23:18	303,700	0,024	0,2363	-0,084	-0,8415
15.01.2026 17:23:18	303,750	0,023	0,2337	-0,085	-0,8491
15.01.2026 17:23:18	303,800	0,023	0,2324	-0,084	-0,8427
15.01.2026 17:23:18	303,850	0,023	0,2323	-0,085	-0,8499
15.01.2026 17:23:18	303,900	0,023	0,2273	-0,085	-0,8452
15.01.2026 17:23:18	303,950	0,023	0,2295	-0,085	-0,8513
15.01.2026 17:23:19	304,000	0,022	0,2247	-0,085	-0,8456
15.01.2026 17:23:19	304,050	0,022	0,2162	-0,086	-0,8560
15.01.2026 17:23:19	304,100	0,021	0,2051	-0,085	-0,8534
15.01.2026 17:23:19	304,150	0,019	0,1926	-0,087	-0,8665
15.01.2026 17:23:19	304,200	0,018	0,1813	-0,086	-0,8637
15.01.2026 17:23:19	304,250	0,017	0,1675	-0,088	-0,8815
15.01.2026 17:23:19	304,300	0,016	0,1605	-0,088	-0,8773
15.01.2026 17:23:19	304,350	0,015	0,1515	-0,089	-0,8900
15.01.2026 17:23:19	304,400	0,015	0,1459	-0,089	-0,8873
15.01.2026 17:23:19	304,450	0,014	0,1426	-0,090	-0,8963
15.01.2026 17:23:19	304,500	0,014	0,1369	-0,089	-0,8926
15.01.2026 17:23:19	304,550	0,013	0,1346	-0,090	-0,9021
15.01.2026 17:23:19	304,600	0,013	0,1291	-0,090	-0,8988
15.01.2026 17:23:19	304,650	0,013	0,1282	-0,090	-0,9047
15.01.2026 17:23:19	304,700	0,013	0,1271	-0,090	-0,8982
15.01.2026 17:23:19	304,750	0,012	0,1190	-0,091	-0,9129
15.01.2026 17:23:19	304,800	0,012	0,1184	-0,090	-0,9046
15.01.2026 17:23:19	304,850	0,011	0,1115	-0,092	-0,9173
15.01.2026 17:23:19	304,900	0,011	0,1106	-0,091	-0,9089
15.01.2026 17:23:19	304,950	0,011	0,1087	-0,092	-0,9179
15.01.2026 17:23:20	305,000	0,010	0,1016	-0,092	-0,9184
15.01.2026 17:23:20	305,050	0,010	0,0993	-0,093	-0,9262
15.01.2026 17:23:20	305,100	0,010	0,0973	-0,092	-0,9199
15.01.2026 17:23:20	305,150	0,010	0,0969	-0,093	-0,9282
15.01.2026 17:23:20	305,200	0,009	0,0942	-0,092	-0,9231
15.01.2026 17:23:20	305,250	0,009	0,0921	-0,093	-0,9323
15.01.2026 17:23:20	305,300	0,009	0,0905	-0,092	-0,9250
15.01.2026 17:23:20	305,350	0,009	0,0894	-0,093	-0,9337
15.01.2026 17:23:20	305,400	0,009	0,0865	-0,093	-0,9293
15.01.2026 17:23:20	305,450	0,009	0,0863	-0,094	-0,9356
15.01.2026 17:23:20	305,500	0,009	0,0865	-0,093	-0,9273
15.01.2026 17:23:20	305,550	0,008	0,0788	-0,094	-0,9415
15.01.2026 17:23:20	305,600	0,008	0,0826	-0,093	-0,9304
15.01.2026 17:23:20	305,650	0,008	0,0773	-0,094	-0,9434
15.01.2026 17:23:20	305,700	0,007	0,0749	-0,094	-0,9376
15.01.2026 17:23:20	305,750	0,007	0,0742	-0,095	-0,9464
15.01.2026 17:23:20	305,800	0,007	0,0708	-0,094	-0,9396
15.01.2026 17:23:20	305,850	0,007	0,0660	-0,095	-0,9510
15.01.2026 17:23:20	305,900	0,006	0,0636	-0,094	-0,9449
15.01.2026 17:23:20	305,950	0,006	0,0630	-0,095	-0,9534
15.01.2026 17:23:21	306,000	0,006	0,0567	-0,095	-0,9502
15.01.2026 17:23:21	306,050	0,005	0,0544	-0,096	-0,9597
15.01.2026 17:23:21	306,100	0,005	0,0468	-0,096	-0,9580
15.01.2026 17:23:21	306,150	0,004	0,0441	-0,097	-0,9681
15.01.2026 17:23:21	306,200	0,004	0,0385	-0,097	-0,9663
15.01.2026 17:23:21	306,250	0,004	0,0380	-0,097	-0,9738
15.01.2026 17:23:21	306,300	0,004	0,0358	-0,097	-0,9677
15.01.2026 17:23:21	306,350	0,003	0,0316	-0,098	-0,9787
15.01.2026 17:23:21	306,400	0,003	0,0334	-0,097	-0,9703
15.01.2026 17:23:21	306,450	0,003	0,0317	-0,098	-0,9798
15.01.2026 17:23:21	306,500	0,003	0,0280	-0,098	-0,9751
15.01.2026 17:23:21	306,550	0,002	0,0247	-0,099	-0,9874
15.01.2026 17:23:21	306,600	0,002	0,0227	-0,098	-0,9812
15.01.2026 17:23:21	306,650	0,002	0,0220	-0,099	-0,9886
15.01.2026 17:23:21	306,700	0,002	0,0198	-0,098	-0,9830
15.01.2026 17:23:21	306,750	0,002	0,0164	-0,100	-0,9950
15.01.2026 17:23:21	306,800	0,002	0,0224	-0,098	-0,9823
15.01.2026 17:23:21	306,850	0,002	0,0165	-0,100	-0,9956
15.01.2026 17:23:21	306,900	0,002	0,0187	-0,099	-0,9868
15.01.2026 17:23:21	306,950	0,002	0,0165	-0,099	-0,9927
15.01.2026 17:23:22	307,000	8,905E-4	0,0089	-0,099	-0,9917
15.01.2026 17:23:22	307,050	1,788E-4	0,0018	-0,100	-1,0046
15.01.2026 17:23:22	307,100	-2,502E-5	-2,5024E-4	-0,100	-0,9983
15.01.2026 17:23:22	307,150	-5,267E-4	-0,0053	-0,101	-1,0108
15.01.2026 17:23:22	307,200	-0,001	-0,0115	-0,101	-1,0098
15.01.2026 17:23:22	307,250	-0,002	-0,0174	-0,102	-1,0220
15.01.2026 17:23:22	307,300	-0,002	-0,0197	-0,102	-1,0181
15.01.2026 17:23:22	307,350	-0,002	-0,0236	-0,103	-1,0298
15.01.2026 17:23:22	307,400	-0,003	-0,0279	-0,103	-1,0256
15.01.2026 17:23:22	307,450	-0,003	-0,0345	-0,104	-1,0403
15.01.2026 17:23:22	307,500	-0,004	-0,0388	-0,104	-1,0387
15.01.2026 17:23:22	307,550	-0,004	-0,0389	-0,105	-1,0469
15.01.2026 17:23:22	307,600	-0,005	-0,0453	-0,105	-1,0461
15.01.2026 17:23:22	307,650	-0,005	-0,0455	-0,106	-1,0557
15.01.2026 17:23:22	307,700	-0,005	-0,0499	-0,105	-1,0535
15.01.2026 17:23:22	307,750	-0,005	-0,0518	-0,106	-1,0621
15.01.2026 17:23:22	307,800	-0,005	-0,0534	-0,106	-1,0579
15.01.2026 17:23:22	307,850	-0,005	-0,0524	-0,106	-1,0645
15.01.2026 17:23:22	307,900	-0,006	-0,0557	-0,106	-1,0603
15.01.2026 17:23:22	307,950	-0,006	-0,0605	-0,107	-1,0723
15.01.2026 17:23:23	308,000	-0,007	-0,0662	-0,107	-1,0714
15.01.2026 17:23:23	308,050	-0,007	-0,0696	-0,108	-1,0814
15.01.2026 17:23:23	308,100	-0,008	-0,0754	-0,108	-1,0804
15.01.2026 17:23:23	308,150	-0,008	-0,0755	-0,109	-1,0911
15.01.2026 17:23:23	308,200	-0,008	-0,0785	-0,109	-1,0872
15.01.2026 17:23:23	308,250	-0,009	-0,0861	-0,110	-1,1023
15.01.2026 17:23:23	308,300	-0,009	-0,0887	-0,110	-1,0986
15.01.2026 17:23:23	308,350	-0,009	-0,0919	-0,111	-1,1106
15.01.2026 17:23:23	308,400	-0,009	-0,0938	-0,111	-1,1062
15.01.2026 17:23:23	308,450	-0,010	-0,0982	-0,112	-1,1198
15.01.2026 17:23:23	308,500	-0,010	-0,1042	-0,112	-1,1202
15.01.2026 17:23:23	308,550	-0,011	-0,1079	-0,113	-1,1318
15.01.2026 17:23:23	308,600	-0,011	-0,1094	-0,113	-1,1275
15.01.2026 17:23:23	308,650	-0,012	-0,1173	-0,115	-1,1454
15.01.2026 17:23:23	308,700	-0,012	-0,1206	-0,114	-1,1419
15.01.2026 17:23:23	308,750	-0,012	-0,1227	-0,115	-1,1539
15.01.2026 17:23:23	308,800	-0,013	-0,1287	-0,116	-1,1554
15.01.2026 17:23:23	308,850	-0,013	-0,1330	-0,117	-1,1708
15.01.2026 17:23:23	308,900	-0,014	-0,1384	-0,117	-1,1702
15.01.2026 17:23:23	308,950	-0,014	-0,1436	-0,119	-1,1873
15.01.2026 17:23:24	309,000	-0,015	-0,1461	-0,119	-1,1860
15.01.2026 17:23:24	309,050	-0,015	-0,1526	-0,120	-1,2031
15.01.2026 17:23:24	309,100	-0,016	-0,1584	-0,120	-1,2044
15.01.2026 17:23:24	309,150	-0,016	-0,1616	-0,122	-1,2196
15.01.2026 17:23:24	309,200	-0,017	-0,1678	-0,122	-1,2231
15.01.2026 17:23:24	309,250	-0,017	-0,1726	-0,124	-1,2401
15.01.2026 17:23:24	309,300	-0,018	-0,1750	-0,124	-1,2403
15.01.2026 17:23:24	309,350	-0,018	-0,1816	-0,126	-1,2587
15.01.2026 17:23:24	309,400	-0,018	-0,1842	-0,126	-1,2605
15.01.2026 17:23:24	309,450	-0,019	-0,1902	-0,128	-1,2774
15.01.2026 17:23:24	309,500	-0,019	-0,1942	-0,128	-1,2797
15.01.2026 17:23:24	309,550	-0,020	-0,1958	-0,130	-1,2954
15.01.2026 17:23:24	309,600	-0,020	-0,2045	-0,130	-1,3021
15.01.2026 17:23:24	309,650	-0,021	-0,2094	-0,132	-1,3218
15.01.2026 17:23:24	309,700	-0,021	-0,2130	-0,132	-1,3245
15.01.2026 17:23:24	309,750	-0,022	-0,2188	-0,135	-1,3452
15.01.2026 17:23:24	309,800	-0,022	-0,2239	-0,135	-1,3499
15.01.2026 17:23:24	309,850	-0,023	-0,2262	-0,137	-1,3661
15.01.2026 17:23:24	309,900	-0,023	-0,2291	-0,137	-1,3689
15.01.2026 17:23:24	309,950	-0,023	-0,2315	-0,138	-1,3843
15.01.2026 17:23:25	310,000	-0,024	-0,2368	-0,139	-1,3899
15.01.2026 17:23:25	310,050	-0,024	-0,2382	-0,140	-1,4039
15.01.2026 17:23:25	310,100	-0,024	-0,2416	-0,141	-1,4055
15.01.2026 17:23:25	310,150	-0,016	-0,1574	-0,141	-1,4068
15.01.2026 17:23:25	310,200	0,002	0,0214	-0,132	-1,3215
15.01.2026 17:23:25	310,250	0,006	0,0555	-0,129	-1,2875
15.01.2026 17:23:25	310,300	0,008	0,0787	-0,125	-1,2534
15.01.2026 17:23:25	310,350	0,010	0,0973	-0,124	-1,2375
15.01.2026 17:23:25	310,400	0,011	0,1117	-0,121	-1,2120
15.01.2026 17:23:25	310,450	0,013	0,1273	-0,120	-1,2001
15.01.2026 17:23:25	310,500	0,014	0,1350	-0,118	-1,1819
15.01.2026 17:23:25	310,550	0,014	0,1439	-0,118	-1,1754
15.01.2026 17:23:25	310,600	0,015	0,1471	-0,116	-1,1593
15.01.2026 17:23:25	310,650	0,016	0,1551	-0,116	-1,1556
15.01.2026 17:23:25	310,700	0,016	0,1558	-0,115	-1,1459
15.01.2026 17:23:25	310,750	0,016	0,1622	-0,114	-1,1450
15.01.2026 17:23:25	310,800	0,016	0,1636	-0,113	-1,1332
15.01.2026 17:23:25	310,850	0,016	0,1647	-0,114	-1,1375
15.01.2026 17:23:25	310,900	0,017	0,1657	-0,113	-1,1274
15.01.2026 17:23:25	310,950	0,017	0,1694	-0,113	-1,1301
15.01.2026 17:23:26	311,000	0,017	0,1727	-0,112	-1,1175
15.01.2026 17:23:26	311,050	0,017	0,1696	-0,113	-1,1268
15.01.2026 17:23:26	311,100	0,017	0,1734	-0,112	-1,1154
15.01.2026 17:23:26	311,150	0,018	0,1759	-0,112	-1,1189
15.01.2026 17:23:26	311,200	0,018	0,1806	-0,111	-1,1064
15.01.2026 17:23:26	311,250	0,018	0,1762	-0,112	-1,1170
15.01.2026 17:23:26	311,300	0,018	0,1807	-0,110	-1,1036
15.01.2026 17:23:26	311,350	0,018	0,1803	-0,111	-1,1108
15.01.2026 17:23:26	311,400	0,018	0,1810	-0,110	-1,1029
15.01.2026 17:23:26	311,450	0,018	0,1817	-0,111	-1,1076
15.01.2026 17:23:26	311,500	0,018	0,1839	-0,110	-1,0988
15.01.2026 17:23:26	311,550	0,018	0,1828	-0,111	-1,1059
15.01.2026 17:23:26	311,600	0,018	0,1843	-0,110	-1,0972
15.01.2026 17:23:26	311,650	0,019	0,1852	-0,110	-1,1031
15.01.2026 17:23:26	311,700	0,018	0,1822	-0,110	-1,0994
15.01.2026 17:23:26	311,750	0,018	0,1813	-0,111	-1,1067
15.01.2026 17:23:26	311,800	0,019	0,1862	-0,109	-1,0936
15.01.2026 17:23:26	311,850	0,019	0,1852	-0,110	-1,1012
15.01.2026 17:23:26	311,900	0,018	0,1840	-0,110	-1,0958
15.01.2026 17:23:26	311,950	0,019	0,1867	-0,110	-1,0994
15.01.2026 17:23:27	312,000	0,018	0,1842	-0,109	-1,0937
15.01.2026 17:23:27	312,050	0,018	0,1841	-0,110	-1,1007
15.01.2026 17:23:27	312,100	0,018	0,1850	-0,109	-1,0936
15.01.2026 17:23:27	312,150	0,019	0,1856	-0,110	-1,0985
15.01.2026 17:23:27	312,200	0,019	0,1864	-0,109	-1,0916
15.01.2026 17:23:27	312,250	0,019	0,1859	-0,110	-1,1001
15.01.2026 17:23:27	312,300	0,019	0,1897	-0,109	-1,0890
15.01.2026 17:23:27	312,350	0,019	0,1860	-0,110	-1,0988
15.01.2026 17:23:27	312,400	0,019	0,1878	-0,109	-1,0885
15.01.2026 17:23:27	312,450	0,019	0,1865	-0,110	-1,0975
15.01.2026 17:23:27	312,500	0,019	0,1867	-0,109	-1,0925
15.01.2026 17:23:27	312,550	0,019	0,1861	-0,110	-1,0985
15.01.2026 17:23:27	312,600	0,019	0,1873	-0,109	-1,0908
15.01.2026 17:23:27	312,650	0,019	0,1873	-0,110	-1,0966
15.01.2026 17:23:27	312,700	0,018	0,1848	-0,109	-1,0928
15.01.2026 17:23:27	312,750	0,019	0,1883	-0,110	-1,0952
15.01.2026 17:23:27	312,800	0,018	0,1816	-0,109	-1,0945
15.01.2026 17:23:27	312,850	0,018	0,1815	-0,110	-1,0994
15.01.2026 17:23:27	312,900	0,018	0,1792	-0,109	-1,0927
15.01.2026 17:23:27	312,950	0,017	0,1735	-0,110	-1,1009
15.01.2026 17:23:28	313,000	0,016	0,1629	-0,110	-1,0966
15.01.2026 17:23:28	313,050	0,016	0,1593	-0,110	-1,1016
15.01.2026 17:23:28	313,100	0,015	0,1501	-0,110	-1,0985
15.01.2026 17:23:28	313,150	0,014	0,1437	-0,111	-1,1078
15.01.2026 17:23:28	313,200	0,014	0,1381	-0,110	-1,1040
15.01.2026 17:23:28	313,250	0,014	0,1356	-0,111	-1,1087
15.01.2026 17:23:28	313,300	0,013	0,1284	-0,111	-1,1056
15.01.2026 17:23:28	313,350	0,013	0,1254	-0,111	-1,1143
15.01.2026 17:23:28	313,400	0,013	0,1270	-0,110	-1,1046
15.01.2026 17:23:28	313,450	0,012	0,1243	-0,111	-1,1136
15.01.2026 17:23:28	313,500	0,012	0,1223	-0,111	-1,1077
15.01.2026 17:23:28	313,550	0,012	0,1206	-0,112	-1,1164
15.01.2026 17:23:28	313,600	0,012	0,1203	-0,111	-1,1093
15.01.2026 17:23:28	313,650	0,012	0,1163	-0,112	-1,1180
15.01.2026 17:23:28	313,700	0,012	0,1201	-0,111	-1,1088
15.01.2026 17:23:28	313,750	0,012	0,1182	-0,112	-1,1164
15.01.2026 17:23:28	313,800	0,011	0,1138	-0,111	-1,1131
15.01.2026 17:23:28	313,850	0,011	0,1113	-0,112	-1,1192
15.01.2026 17:23:28	313,900	0,011	0,1126	-0,111	-1,1110
15.01.2026 17:23:28	313,950	0,011	0,1107	-0,112	-1,1173
15.01.2026 17:23:29	314,000	0,011	0,1063	-0,111	-1,1143
15.01.2026 17:23:29	314,050	0,010	0,1037	-0,112	-1,1244
15.01.2026 17:23:29	314,100	0,011	0,1066	-0,111	-1,1131
15.01.2026 17:23:29	314,150	0,011	0,1053	-0,112	-1,1206
15.01.2026 17:23:29	314,200	0,010	0,1024	-0,112	-1,1169
15.01.2026 17:23:29	314,250	0,010	0,1022	-0,112	-1,1242
15.01.2026 17:23:29	314,300	0,011	0,1063	-0,111	-1,1126
15.01.2026 17:23:29	314,350	0,010	0,1023	-0,112	-1,1227
15.01.2026 17:23:29	314,400	0,011	0,1069	-0,111	-1,1123
15.01.2026 17:23:29	314,450	0,010	0,1031	-0,112	-1,1222
15.01.2026 17:23:29	314,500	0,010	0,1024	-0,112	-1,1157
15.01.2026 17:23:29	314,550	0,010	0,1003	-0,112	-1,1234
15.01.2026 17:23:29	314,600	0,010	0,1013	-0,112	-1,1159
15.01.2026 17:23:29	314,650	0,010	0,0986	-0,112	-1,1238
15.01.2026 17:23:29	314,700	0,010	0,0984	-0,112	-1,1167
15.01.2026 17:23:29	314,750	0,010	0,0979	-0,112	-1,1239
15.01.2026 17:23:29	314,800	0,009	0,0943	-0,112	-1,1199
15.01.2026 17:23:29	314,850	0,010	0,0961	-0,112	-1,1233
15.01.2026 17:23:29	314,900	0,009	0,0929	-0,112	-1,1186
15.01.2026 17:23:29	314,950	0,009	0,0908	-0,113	-1,1261
15.01.2026 17:23:30	315,000	0,009	0,0898	-0,112	-1,1198
15.01.2026 17:23:30	315,050	0,008	0,0835	-0,113	-1,1320
15.01.2026 17:23:30	315,100	0,008	0,0827	-0,112	-1,1248
15.01.2026 17:23:30	315,150	0,008	0,0841	-0,113	-1,1288
15.01.2026 17:23:30	315,200	0,008	0,0837	-0,112	-1,1235
15.01.2026 17:23:30	315,250	0,008	0,0841	-0,113	-1,1273
15.01.2026 17:23:30	315,300	0,008	0,0803	-0,112	-1,1244
15.01.2026 17:23:30	315,350	0,008	0,0785	-0,113	-1,1303
15.01.2026 17:23:30	315,400	0,008	0,0753	-0,113	-1,1275
15.01.2026 17:23:30	315,450	0,007	0,0748	-0,113	-1,1326
15.01.2026 17:23:30	315,500	0,007	0,0727	-0,113	-1,1272
15.01.2026 17:23:30	315,550	0,007	0,0681	-0,114	-1,1367
15.01.2026 17:23:30	315,600	0,006	0,0627	-0,113	-1,1335
15.01.2026 17:23:30	315,650	0,006	0,0620	-0,114	-1,1380
15.01.2026 17:23:30	315,700	0,005	0,0537	-0,114	-1,1374
15.01.2026 17:23:30	315,750	0,005	0,0533	-0,114	-1,1421
15.01.2026 17:23:30	315,800	0,004	0,0450	-0,114	-1,1415
15.01.2026 17:23:30	315,850	0,004	0,0435	-0,115	-1,1485
15.01.2026 17:23:30	315,900	0,004	0,0377	-0,115	-1,1469
15.01.2026 17:23:30	315,950	0,004	0,0366	-0,115	-1,1516
15.01.2026 17:23:31	316,000	0,003	0,0319	-0,115	-1,1509
15.01.2026 17:23:31	316,050	0,003	0,0345	-0,115	-1,1509
15.01.2026 17:23:31	316,100	0,003	0,0272	-0,115	-1,1532
15.01.2026 17:23:31	316,150	0,003	0,0264	-0,116	-1,1590
15.01.2026 17:23:31	316,200	0,002	0,0236	-0,116	-1,1557
15.01.2026 17:23:31	316,250	0,002	0,0244	-0,116	-1,1591
15.01.2026 17:23:31	316,300	0,003	0,0256	-0,115	-1,1530
15.01.2026 17:23:31	316,350	0,002	0,0210	-0,116	-1,1626
15.01.2026 17:23:31	316,400	0,002	0,0212	-0,116	-1,1578
15.01.2026 17:23:31	316,450	0,002	0,0231	-0,116	-1,1593
15.01.2026 17:23:31	316,500	0,002	0,0234	-0,115	-1,1538
15.01.2026 17:23:31	316,550	0,002	0,0225	-0,116	-1,1598
15.01.2026 17:23:31	316,600	0,002	0,0207	-0,116	-1,1566
15.01.2026 17:23:31	316,650	0,002	0,0196	-0,116	-1,1625
15.01.2026 17:23:31	316,700	0,002	0,0205	-0,116	-1,1560
15.01.2026 17:23:31	316,750	0,002	0,0192	-0,116	-1,1625
15.01.2026 17:23:31	316,800	0,002	0,0204	-0,116	-1,1567
15.01.2026 17:23:31	316,850	0,002	0,0211	-0,116	-1,1623
15.01.2026 17:23:31	316,900	0,002	0,0199	-0,116	-1,1574
15.01.2026 17:23:31	316,950	0,002	0,0204	-0,116	-1,1622
15.01.2026 17:23:32	317,000	0,002	0,0202	-0,116	-1,1581
15.01.2026 17:23:32	317,050	0,002	0,0248	-0,116	-1,1583
15.01.2026 17:23:32	317,100	0,002	0,0229	-0,115	-1,1545
15.01.2026 17:23:32	317,150	0,002	0,0188	-0,116	-1,1625
15.01.2026 17:23:32	317,200	0,002	0,0182	-0,116	-1,1587
15.01.2026 17:23:32	317,250	0,002	0,0163	-0,116	-1,1642
15.01.2026 17:23:32	317,300	0,002	0,0170	-0,116	-1,1582
15.01.2026 17:23:32	317,350	0,001	0,0147	-0,117	-1,1653
15.01.2026 17:23:32	317,400	0,002	0,0181	-0,116	-1,1579
15.01.2026 17:23:32	317,450	0,002	0,0164	-0,116	-1,1641
15.01.2026 17:23:32	317,500	0,002	0,0178	-0,116	-1,1582
15.01.2026 17:23:32	317,550	0,002	0,0152	-0,116	-1,1630
15.01.2026 17:23:32	317,600	6,268E-4	0,0063	-0,117	-1,1656
15.01.2026 17:23:32	317,650	6,476E-4	0,0065	-0,117	-1,1670
15.01.2026 17:23:32	317,700	8,972E-5	8,9722E-4	-0,117	-1,1677
15.01.2026 17:23:32	317,750	-4,889E-4	-0,0049	-0,117	-1,1747
15.01.2026 17:23:32	317,800	-0,001	-0,0128	-0,117	-1,1742
15.01.2026 17:23:32	317,850	-0,002	-0,0204	-0,118	-1,1827
15.01.2026 17:23:32	317,900	-0,002	-0,0249	-0,118	-1,1820
15.01.2026 17:23:32	317,950	-0,003	-0,0348	-0,120	-1,1953
15.01.2026 17:23:33	318,000	-0,004	-0,0396	-0,119	-1,1948
15.01.2026 17:23:33	318,050	-0,004	-0,0441	-0,120	-1,2017
15.01.2026 17:23:33	318,100	-0,005	-0,0517	-0,120	-1,2026
15.01.2026 17:23:33	318,150	-0,006	-0,0553	-0,121	-1,2091
15.01.2026 17:23:33	318,200	-0,006	-0,0619	-0,121	-1,2119
15.01.2026 17:23:33	318,250	-0,007	-0,0701	-0,122	-1,2215
15.01.2026 17:23:33	318,300	-0,008	-0,0798	-0,123	-1,2261
15.01.2026 17:23:33	318,350	-0,008	-0,0846	-0,123	-1,2321
15.01.2026 17:23:33	318,400	-0,010	-0,0951	-0,124	-1,2377
15.01.2026 17:23:33	318,450	-0,010	-0,1002	-0,125	-1,2463
15.01.2026 17:23:33	318,500	-0,010	-0,1023	-0,125	-1,2456
15.01.2026 17:23:33	318,550	-0,011	-0,1080	-0,125	-1,2544
15.01.2026 17:23:33	318,600	-0,012	-0,1155	-0,126	-1,2593
15.01.2026 17:23:33	318,650	-0,012	-0,1186	-0,126	-1,2645
15.01.2026 17:23:33	318,700	-0,013	-0,1276	-0,127	-1,2703
15.01.2026 17:23:33	318,750	-0,014	-0,1370	-0,128	-1,2835
15.01.2026 17:23:33	318,800	-0,014	-0,1364	-0,128	-1,2800
15.01.2026 17:23:33	318,850	-0,014	-0,1398	-0,129	-1,2872
15.01.2026 17:23:33	318,900	-0,014	-0,1384	-0,128	-1,2838
15.01.2026 17:23:33	318,950	-0,015	-0,1475	-0,130	-1,2954
15.01.2026 17:23:34	319,000	-0,015	-0,1466	-0,129	-1,2940
15.01.2026 17:23:34	319,050	-0,015	-0,1534	-0,130	-1,3023
15.01.2026 17:23:34	319,100	-0,015	-0,1507	-0,130	-1,2990
15.01.2026 17:23:34	319,150	-0,015	-0,1534	-0,130	-1,3048
15.01.2026 17:23:34	319,200	-0,015	-0,1520	-0,130	-1,3037
15.01.2026 17:23:34	319,250	-0,015	-0,1535	-0,131	-1,3053
15.01.2026 17:23:34	319,300	-1,593E-4	-0,0016	-0,127	-1,2690
15.01.2026 17:23:34	319,350	0,005	0,0505	-0,124	-1,2359
15.01.2026 17:23:34	319,400	0,008	0,0784	-0,121	-1,2121
15.01.2026 17:23:34	319,450	0,010	0,1033	-0,119	-1,1921
15.01.2026 17:23:34	319,500	0,012	0,1212	-0,117	-1,1725
15.01.2026 17:23:34	319,550	0,013	0,1333	-0,116	-1,1612
15.01.2026 17:23:34	319,600	0,014	0,1450	-0,115	-1,1475
15.01.2026 17:23:34	319,650	0,015	0,1510	-0,114	-1,1412
15.01.2026 17:23:34	319,700	0,015	0,1496	-0,113	-1,1339
15.01.2026 17:23:34	319,750	0,015	0,1495	-0,113	-1,1342
15.01.2026 17:23:34	319,800	0,014	0,1442	-0,113	-1,1341
15.01.2026 17:23:34	319,850	0,014	0,1415	-0,114	-1,1372
15.01.2026 17:23:34	319,900	0,014	0,1424	-0,114	-1,1356
15.01.2026 17:23:34	319,950	0,014	0,1414	-0,114	-1,1358
15.01.2026 17:23:35	320,000	0,014	0,1420	-0,113	-1,1347
15.01.2026 17:23:35	320,050	0,014	0,1394	-0,114	-1,1391
15.01.2026 17:23:35	320,100	0,014	0,1392	-0,114	-1,1363
15.01.2026 17:23:35	320,150	0,014	0,1414	-0,114	-1,1362
15.01.2026 17:23:35	320,200	0,014	0,1412	-0,113	-1,1344
15.01.2026 17:23:35	320,250	0,014	0,1419	-0,114	-1,1353
15.01.2026 17:23:35	320,300	0,014	0,1425	-0,113	-1,1339
15.01.2026 17:23:35	320,350	0,014	0,1449	-0,113	-1,1321
15.01.2026 17:23:35	320,400	0,014	0,1432	-0,113	-1,1338
15.01.2026 17:23:35	320,450	0,014	0,1409	-0,114	-1,1359
15.01.2026 17:23:35	320,500	0,014	0,1400	-0,114	-1,1370
15.01.2026 17:23:35	320,550	0,014	0,1414	-0,114	-1,1365
15.01.2026 17:23:35	320,600	0,014	0,1437	-0,113	-1,1338
15.01.2026 17:23:35	320,650	0,015	0,1459	-0,113	-1,1312
15.01.2026 17:23:35	320,700	0,014	0,1421	-0,113	-1,1347
15.01.2026 17:23:35	320,750	0,014	0,1443	-0,113	-1,1330
15.01.2026 17:23:35	320,800	0,014	0,1424	-0,113	-1,1348
15.01.2026 17:23:35	320,850	0,014	0,1418	-0,113	-1,1348
15.01.2026 17:23:35	320,900	0,014	0,1426	-0,113	-1,1342
15.01.2026 17:23:35	320,950	0,014	0,1425	-0,113	-1,1338
15.01.2026 17:23:36	321,000	0,014	0,1431	-0,113	-1,1329
15.01.2026 17:23:36	321,050	0,014	0,1423	-0,113	-1,1337
15.01.2026 17:23:36	321,100	0,014	0,1435	-0,113	-1,1329
15.01.2026 17:23:36	321,150	0,014	0,1409	-0,114	-1,1356
15.01.2026 17:23:36	321,200	0,014	0,1418	-0,114	-1,1361
15.01.2026 17:23:36	321,250	0,014	0,1441	-0,113	-1,1339
15.01.2026 17:23:36	321,300	0,015	0,1477	-0,114	-1,1353
15.01.2026 17:23:36	321,350	0,015	0,1494	-0,113	-1,1329
15.01.2026 17:23:36	321,400	0,016	0,1559	-0,113	-1,1282
15.01.2026 17:23:36	321,450	0,016	0,1554	-0,113	-1,1271
15.01.2026 17:23:36	321,500	0,016	0,1564	-0,113	-1,1270
15.01.2026 17:23:36	321,550	0,015	0,1547	-0,113	-1,1266
15.01.2026 17:23:36	321,600	0,015	0,1533	-0,112	-1,1242
15.01.2026 17:23:36	321,650	0,014	0,1398	-0,113	-1,1292
15.01.2026 17:23:36	321,700	0,013	0,1310	-0,113	-1,1330
15.01.2026 17:23:36	321,750	0,013	0,1266	-0,113	-1,1342
15.01.2026 17:23:36	321,800	0,013	0,1252	-0,113	-1,1343
15.01.2026 17:23:36	321,850	0,012	0,1247	-0,113	-1,1326
15.01.2026 17:23:36	321,900	0,013	0,1255	-0,113	-1,1328
15.01.2026 17:23:36	321,950	0,012	0,1176	-0,114	-1,1354
15.01.2026 17:23:37	322,000	0,012	0,1168	-0,113	-1,1333
15.01.2026 17:23:37	322,050	0,011	0,1093	-0,114	-1,1350
15.01.2026 17:23:37	322,100	0,011	0,1060	-0,114	-1,1374
15.01.2026 17:23:37	322,150	0,010	0,1000	-0,114	-1,1396
15.01.2026 17:23:37	322,200	0,010	0,0989	-0,114	-1,1415
15.01.2026 17:23:37	322,250	0,010	0,0983	-0,114	-1,1400
15.01.2026 17:23:37	322,300	0,010	0,0995	-0,114	-1,1404
15.01.2026 17:23:37	322,350	0,010	0,0998	-0,114	-1,1381
15.01.2026 17:23:37	322,400	0,010	0,0961	-0,114	-1,1428
15.01.2026 17:23:37	322,450	0,009	0,0910	-0,114	-1,1439
15.01.2026 17:23:37	322,500	0,009	0,0874	-0,115	-1,1472
15.01.2026 17:23:37	322,550	0,009	0,0857	-0,114	-1,1444
15.01.2026 17:23:37	322,600	0,009	0,0868	-0,115	-1,1452
15.01.2026 17:23:37	322,650	0,009	0,0855	-0,114	-1,1448
15.01.2026 17:23:37	322,700	0,008	0,0846	-0,115	-1,1461
15.01.2026 17:23:37	322,750	0,008	0,0809	-0,115	-1,1451
15.01.2026 17:23:37	322,800	0,008	0,0765	-0,115	-1,1493
15.01.2026 17:23:37	322,850	0,008	0,0759	-0,115	-1,1464
15.01.2026 17:23:37	322,900	0,008	0,0760	-0,115	-1,1476
15.01.2026 17:23:37	322,950	0,007	0,0743	-0,115	-1,1479
15.01.2026 17:23:38	323,000	0,007	0,0733	-0,115	-1,1493
15.01.2026 17:23:38	323,050	0,007	0,0685	-0,115	-1,1499
15.01.2026 17:23:38	323,100	0,007	0,0662	-0,115	-1,1520
15.01.2026 17:23:38	323,150	0,006	0,0621	-0,115	-1,1505
15.01.2026 17:23:38	323,200	0,005	0,0545	-0,116	-1,1594
15.01.2026 17:23:38	323,250	0,005	0,0539	-0,115	-1,1538
15.01.2026 17:23:38	323,300	0,005	0,0499	-0,116	-1,1606
15.01.2026 17:23:38	323,350	0,005	0,0487	-0,116	-1,1576
15.01.2026 17:23:38	323,400	0,005	0,0476	-0,116	-1,1616
15.01.2026 17:23:38	323,450	0,005	0,0473	-0,116	-1,1570
15.01.2026 17:23:38	323,500	0,004	0,0427	-0,116	-1,1649
15.01.2026 17:23:38	323,550	0,004	0,0422	-0,116	-1,1611
15.01.2026 17:23:38	323,600	0,004	0,0425	-0,116	-1,1636
15.01.2026 17:23:38	323,650	0,004	0,0404	-0,116	-1,1626
15.01.2026 17:23:38	323,700	0,004	0,0402	-0,116	-1,1648
15.01.2026 17:23:38	323,750	0,004	0,0412	-0,116	-1,1599
15.01.2026 17:23:38	323,800	0,004	0,0400	-0,117	-1,1658
15.01.2026 17:23:38	323,850	0,004	0,0381	-0,116	-1,1628
15.01.2026 17:23:38	323,900	0,004	0,0397	-0,117	-1,1657
15.01.2026 17:23:38	323,950	0,004	0,0380	-0,116	-1,1636
15.01.2026 17:23:39	324,000	0,004	0,0392	-0,117	-1,1669
15.01.2026 17:23:39	324,050	0,004	0,0401	-0,116	-1,1618
15.01.2026 17:23:39	324,100	0,004	0,0401	-0,117	-1,1663
15.01.2026 17:23:39	324,150	0,004	0,0374	-0,116	-1,1632
15.01.2026 17:23:39	324,200	0,003	0,0338	-0,117	-1,1687
15.01.2026 17:23:39	324,250	0,003	0,0346	-0,116	-1,1624
15.01.2026 17:23:39	324,300	0,003	0,0323	-0,117	-1,1675
15.01.2026 17:23:39	324,350	0,002	0,0240	-0,117	-1,1715
15.01.2026 17:23:39	324,400	0,003	0,0266	-0,117	-1,1722
15.01.2026 17:23:39	324,450	0,002	0,0235	-0,117	-1,1695
15.01.2026 17:23:39	324,500	0,003	0,0252	-0,117	-1,1733
15.01.2026 17:23:39	324,550	0,002	0,0233	-0,117	-1,1700
15.01.2026 17:23:39	324,600	0,002	0,0223	-0,118	-1,1750
15.01.2026 17:23:39	324,650	0,003	0,0254	-0,117	-1,1677
15.01.2026 17:23:39	324,700	0,002	0,0192	-0,118	-1,1768
15.01.2026 17:23:39	324,750	0,002	0,0243	-0,117	-1,1680
15.01.2026 17:23:39	324,800	0,002	0,0198	-0,118	-1,1760
15.01.2026 17:23:39	324,850	0,002	0,0187	-0,117	-1,1714
15.01.2026 17:23:39	324,900	0,002	0,0197	-0,118	-1,1769
15.01.2026 17:23:39	324,950	0,002	0,0198	-0,117	-1,1714
15.01.2026 17:23:40	325,000	0,002	0,0176	-0,118	-1,1779
15.01.2026 17:23:40	325,050	0,002	0,0172	-0,117	-1,1739
15.01.2026 17:23:40	325,100	0,002	0,0186	-0,118	-1,1769
15.01.2026 17:23:40	325,150	0,002	0,0212	-0,117	-1,1687
15.01.2026 17:23:40	325,200	0,002	0,0182	-0,118	-1,1773
15.01.2026 17:23:40	325,250	0,002	0,0180	-0,117	-1,1718
15.01.2026 17:23:40	325,300	0,002	0,0183	-0,118	-1,1775
15.01.2026 17:23:40	325,350	0,002	0,0181	-0,117	-1,1713
15.01.2026 17:23:40	325,400	0,002	0,0210	-0,118	-1,1758
15.01.2026 17:23:40	325,450	0,002	0,0179	-0,117	-1,1725
15.01.2026 17:23:40	325,500	0,002	0,0175	-0,118	-1,1780
15.01.2026 17:23:40	325,550	0,002	0,0186	-0,117	-1,1718
15.01.2026 17:23:40	325,600	0,002	0,0204	-0,118	-1,1752
15.01.2026 17:23:40	325,650	0,002	0,0182	-0,117	-1,1716
15.01.2026 17:23:40	325,700	0,002	0,0200	-0,118	-1,1761
15.01.2026 17:23:40	325,750	0,002	0,0204	-0,117	-1,1710
15.01.2026 17:23:40	325,800	0,002	0,0186	-0,118	-1,1770
15.01.2026 17:23:40	325,850	0,002	0,0185	-0,117	-1,1716
15.01.2026 17:23:40	325,900	0,002	0,0178	-0,118	-1,1762
15.01.2026 17:23:40	325,950	0,002	0,0168	-0,117	-1,1728
15.01.2026 17:23:41	326,000	0,002	0,0180	-0,118	-1,1761
15.01.2026 17:23:41	326,050	0,002	0,0208	-0,117	-1,1687
15.01.2026 17:23:41	326,100	0,002	0,0228	-0,117	-1,1722
15.01.2026 17:23:41	326,150	0,002	0,0166	-0,117	-1,1727
15.01.2026 17:23:41	326,200	0,002	0,0157	-0,118	-1,1788
15.01.2026 17:23:41	326,250	0,001	0,0141	-0,117	-1,1743
15.01.2026 17:23:41	326,300	0,002	0,0179	-0,118	-1,1756
15.01.2026 17:23:41	326,350	0,001	0,0140	-0,117	-1,1728
15.01.2026 17:23:41	326,400	8,051E-4	0,0081	-0,118	-1,1808
15.01.2026 17:23:41	326,450	2,716E-4	0,0027	-0,118	-1,1765
15.01.2026 17:23:41	326,500	-2,411E-4	-0,0024	-0,119	-1,1855
15.01.2026 17:23:41	326,550	-0,001	-0,0102	-0,118	-1,1844
15.01.2026 17:23:41	326,600	-0,002	-0,0170	-0,119	-1,1944
15.01.2026 17:23:41	326,650	-0,002	-0,0223	-0,119	-1,1911
15.01.2026 17:23:41	326,700	-0,003	-0,0341	-0,121	-1,2052
15.01.2026 17:23:41	326,750	-0,004	-0,0406	-0,120	-1,2034
15.01.2026 17:23:41	326,800	-0,005	-0,0474	-0,121	-1,2148
15.01.2026 17:23:41	326,850	-0,006	-0,0562	-0,121	-1,2145
15.01.2026 17:23:41	326,900	-0,006	-0,0630	-0,123	-1,2255
15.01.2026 17:23:41	326,950	-0,006	-0,0630	-0,122	-1,2191
15.01.2026 17:23:42	327,000	-0,007	-0,0650	-0,123	-1,2279
15.01.2026 17:23:42	327,050	-0,007	-0,0720	-0,123	-1,2261
15.01.2026 17:23:42	327,100	-0,007	-0,0738	-0,124	-1,2353
15.01.2026 17:23:42	327,150	-0,008	-0,0758	-0,123	-1,2309
15.01.2026 17:23:42	327,200	-0,008	-0,0777	-0,124	-1,2388
15.01.2026 17:23:42	327,250	-0,008	-0,0776	-0,123	-1,2324
15.01.2026 17:23:42	327,300	-0,008	-0,0798	-0,124	-1,2412
15.01.2026 17:23:42	327,350	-0,008	-0,0789	-0,123	-1,2337
15.01.2026 17:23:42	327,400	-0,008	-0,0832	-0,124	-1,2427
15.01.2026 17:23:42	327,450	-0,008	-0,0828	-0,124	-1,2367
15.01.2026 17:23:42	327,500	-0,008	-0,0809	-0,124	-1,2426
15.01.2026 17:23:42	327,550	-0,008	-0,0810	-0,124	-1,2376
15.01.2026 17:23:42	327,600	-0,008	-0,0844	-0,124	-1,2434
15.01.2026 17:23:42	327,650	2,045E-4	0,0020	-0,122	-1,2230
15.01.2026 17:23:42	327,700	0,005	0,0471	-0,121	-1,2067
15.01.2026 17:23:42	327,750	0,007	0,0673	-0,119	-1,1884
15.01.2026 17:23:42	327,800	0,008	0,0805	-0,119	-1,1861
15.01.2026 17:23:42	327,850	0,009	0,0906	-0,117	-1,1709
15.01.2026 17:23:42	327,900	0,010	0,0976	-0,117	-1,1725
15.01.2026 17:23:42	327,950	0,011	0,1051	-0,116	-1,1600
15.01.2026 17:23:43	328,000	0,011	0,1104	-0,116	-1,1622
15.01.2026 17:23:43	328,050	0,011	0,1129	-0,115	-1,1537
15.01.2026 17:23:43	328,100	0,011	0,1141	-0,116	-1,1596
15.01.2026 17:23:43	328,150	0,011	0,1147	-0,115	-1,1518
15.01.2026 17:23:43	328,200	0,012	0,1205	-0,115	-1,1533
15.01.2026 17:23:43	328,250	0,012	0,1199	-0,115	-1,1468
15.01.2026 17:23:43	328,300	0,012	0,1206	-0,115	-1,1536
15.01.2026 17:23:43	328,350	0,012	0,1218	-0,115	-1,1452
15.01.2026 17:23:43	328,400	0,012	0,1209	-0,115	-1,1529
15.01.2026 17:23:43	328,450	0,013	0,1267	-0,114	-1,1406
15.01.2026 17:23:43	328,500	0,012	0,1225	-0,115	-1,1521
15.01.2026 17:23:43	328,550	0,012	0,1236	-0,114	-1,1441
15.01.2026 17:23:43	328,600	0,012	0,1212	-0,115	-1,1523
15.01.2026 17:23:43	328,650	0,012	0,1243	-0,114	-1,1437
15.01.2026 17:23:43	328,700	0,013	0,1260	-0,115	-1,1483
15.01.2026 17:23:43	328,750	0,012	0,1241	-0,114	-1,1425
15.01.2026 17:23:43	328,800	0,013	0,1250	-0,115	-1,1489
15.01.2026 17:23:43	328,850	0,012	0,1241	-0,114	-1,1433
15.01.2026 17:23:43	328,900	0,013	0,1259	-0,115	-1,1480
15.01.2026 17:23:43	328,950	0,013	0,1268	-0,114	-1,1405
15.01.2026 17:23:44	329,000	0,012	0,1250	-0,115	-1,1490
15.01.2026 17:23:44	329,050	0,012	0,1234	-0,114	-1,1425
15.01.2026 17:23:44	329,100	0,012	0,1207	-0,115	-1,1542
15.01.2026 17:23:44	329,150	0,012	0,1205	-0,115	-1,1463
15.01.2026 17:23:44	329,200	0,012	0,1204	-0,115	-1,1535
15.01.2026 17:23:44	329,250	0,012	0,1220	-0,114	-1,1446
15.01.2026 17:23:44	329,300	0,012	0,1249	-0,115	-1,1493
15.01.2026 17:23:44	329,350	0,012	0,1245	-0,114	-1,1422
15.01.2026 17:23:44	329,400	0,013	0,1253	-0,115	-1,1492
15.01.2026 17:23:44	329,450	0,012	0,1246	-0,114	-1,1427
15.01.2026 17:23:44	329,500	0,012	0,1231	-0,115	-1,1512
15.01.2026 17:23:44	329,550	0,013	0,1253	-0,114	-1,1410
15.01.2026 17:23:44	329,600	0,013	0,1254	-0,115	-1,1483
15.01.2026 17:23:44	329,650	0,012	0,1218	-0,114	-1,1445
15.01.2026 17:23:44	329,700	0,013	0,1252	-0,115	-1,1492
15.01.2026 17:23:44	329,750	0,012	0,1214	-0,114	-1,1448
15.01.2026 17:23:44	329,800	0,012	0,1213	-0,115	-1,1525
15.01.2026 17:23:44	329,850	0,012	0,1229	-0,114	-1,1435
15.01.2026 17:23:44	329,900	0,012	0,1226	-0,115	-1,1503
15.01.2026 17:23:44	329,950	0,012	0,1203	-0,115	-1,1461
15.01.2026 17:23:45	330,000	0,012	0,1234	-0,115	-1,1501
15.01.2026 17:23:45	330,050	0,012	0,1222	-0,114	-1,1445
15.01.2026 17:23:45	330,100	0,012	0,1207	-0,115	-1,1527
15.01.2026 17:23:45	330,150	0,013	0,1266	-0,114	-1,1393
15.01.2026 17:23:45	330,200	0,013	0,1253	-0,115	-1,1490
15.01.2026 17:23:45	330,250	0,012	0,1248	-0,114	-1,1420
15.01.2026 17:23:45	330,300	0,012	0,1218	-0,115	-1,1520
15.01.2026 17:23:45	330,350	0,013	0,1252	-0,114	-1,1419
15.01.2026 17:23:45	330,400	0,012	0,1221	-0,115	-1,1521
15.01.2026 17:23:45	330,450	0,012	0,1212	-0,115	-1,1452
15.01.2026 17:23:45	330,500	0,012	0,1228	-0,115	-1,1513
15.01.2026 17:23:45	330,550	0,012	0,1222	-0,114	-1,1438
15.01.2026 17:23:45	330,600	0,012	0,1230	-0,115	-1,1500
15.01.2026 17:23:45	330,650	0,012	0,1231	-0,114	-1,1435
15.01.2026 17:23:45	330,700	0,013	0,1251	-0,115	-1,1481
15.01.2026 17:23:45	330,750	0,013	0,1262	-0,114	-1,1400
15.01.2026 17:23:45	330,800	0,012	0,1230	-0,115	-1,1513
15.01.2026 17:23:45	330,850	0,013	0,1256	-0,114	-1,1400
15.01.2026 17:23:45	330,900	0,012	0,1244	-0,115	-1,1502
15.01.2026 17:23:45	330,950	0,012	0,1207	-0,115	-1,1456
15.01.2026 17:23:46	331,000	0,012	0,1247	-0,115	-1,1491
15.01.2026 17:23:46	331,050	0,012	0,1229	-0,114	-1,1433
15.01.2026 17:23:46	331,100	0,012	0,1232	-0,115	-1,1506
15.01.2026 17:23:46	331,150	0,012	0,1210	-0,114	-1,1444
15.01.2026 17:23:46	331,200	0,013	0,1270	-0,115	-1,1464
15.01.2026 17:23:46	331,250	0,012	0,1217	-0,114	-1,1435
15.01.2026 17:23:46	331,300	0,012	0,1248	-0,115	-1,1501
15.01.2026 17:23:46	331,350	0,012	0,1223	-0,114	-1,1429
15.01.2026 17:23:46	331,400	0,012	0,1219	-0,115	-1,1510
15.01.2026 17:23:46	331,450	0,012	0,1223	-0,114	-1,1430
15.01.2026 17:23:46	331,500	0,012	0,1226	-0,115	-1,1513
15.01.2026 17:23:46	331,550	0,013	0,1267	-0,114	-1,1389
15.01.2026 17:23:46	331,600	0,012	0,1242	-0,115	-1,1493
15.01.2026 17:23:46	331,650	0,012	0,1224	-0,114	-1,1423
15.01.2026 17:23:46	331,700	0,012	0,1241	-0,115	-1,1494
15.01.2026 17:23:46	331,750	0,012	0,1241	-0,114	-1,1408
15.01.2026 17:23:46	331,800	0,012	0,1215	-0,115	-1,1524
15.01.2026 17:23:46	331,850	0,012	0,1208	-0,115	-1,1452
15.01.2026 17:23:46	331,900	0,012	0,1241	-0,115	-1,1494
15.01.2026 17:23:46	331,950	0,012	0,1216	-0,114	-1,1439
15.01.2026 17:23:47	332,000	0,012	0,1225	-0,115	-1,1496
15.01.2026 17:23:47	332,050	0,012	0,1211	-0,114	-1,1435
15.01.2026 17:23:47	332,100	0,012	0,1231	-0,115	-1,1495
15.01.2026 17:23:47	332,150	0,012	0,1216	-0,114	-1,1438
15.01.2026 17:23:47	332,200	0,012	0,1237	-0,115	-1,1509
15.01.2026 17:23:47	332,250	0,012	0,1237	-0,114	-1,1425
15.01.2026 17:23:47	332,300	0,012	0,1218	-0,115	-1,1505
15.01.2026 17:23:47	332,350	0,012	0,1232	-0,114	-1,1422
15.01.2026 17:23:47	332,400	0,012	0,1231	-0,115	-1,1511
15.01.2026 17:23:47	332,450	0,012	0,1226	-0,114	-1,1432
15.01.2026 17:23:47	332,500	0,012	0,1245	-0,115	-1,1488
15.01.2026 17:23:47	332,550	0,012	0,1199	-0,115	-1,1453
15.01.2026 17:23:47	332,600	0,012	0,1192	-0,115	-1,1536
15.01.2026 17:23:47	332,650	0,012	0,1229	-0,114	-1,1421
15.01.2026 17:23:47	332,700	0,012	0,1206	-0,115	-1,1519
15.01.2026 17:23:47	332,750	0,012	0,1249	-0,114	-1,1405
15.01.2026 17:23:47	332,800	0,012	0,1211	-0,115	-1,1511
15.01.2026 17:23:47	332,850	0,012	0,1222	-0,114	-1,1419
15.01.2026 17:23:47	332,900	0,012	0,1221	-0,115	-1,1513
15.01.2026 17:23:47	332,950	0,012	0,1245	-0,114	-1,1407
15.01.2026 17:23:48	333,000	0,012	0,1239	-0,115	-1,1496
15.01.2026 17:23:48	333,050	0,012	0,1245	-0,114	-1,1411
15.01.2026 17:23:48	333,100	0,012	0,1232	-0,115	-1,1494
15.01.2026 17:23:48	333,150	0,012	0,1218	-0,114	-1,1428
15.01.2026 17:23:48	333,200	0,012	0,1219	-0,115	-1,1508
15.01.2026 17:23:48	333,250	0,012	0,1221	-0,114	-1,1424
15.01.2026 17:23:48	333,300	0,012	0,1240	-0,115	-1,1491
15.01.2026 17:23:48	333,350	0,012	0,1232	-0,114	-1,1415
15.01.2026 17:23:48	333,400	0,012	0,1246	-0,115	-1,1485
15.01.2026 17:23:48	333,450	0,012	0,1234	-0,114	-1,1421
15.01.2026 17:23:48	333,500	0,012	0,1232	-0,115	-1,1497
15.01.2026 17:23:48	333,550	0,012	0,1226	-0,114	-1,1426
15.01.2026 17:23:48	333,600	0,012	0,1225	-0,115	-1,1507
15.01.2026 17:23:48	333,650	0,012	0,1216	-0,114	-1,1432
15.01.2026 17:23:48	333,700	0,012	0,1232	-0,115	-1,1496
15.01.2026 17:23:48	333,750	0,013	0,1250	-0,114	-1,1387
15.01.2026 17:23:48	333,800	0,012	0,1219	-0,115	-1,1511
15.01.2026 17:23:48	333,850	0,012	0,1220	-0,114	-1,1428
15.01.2026 17:23:48	333,900	0,012	0,1233	-0,115	-1,1495
15.01.2026 17:23:48	333,950	0,012	0,1230	-0,114	-1,1423
15.01.2026 17:23:49	334,000	0,012	0,1217	-0,115	-1,1505
15.01.2026 17:23:49	334,050	0,012	0,1220	-0,114	-1,1423
15.01.2026 17:23:49	334,100	0,012	0,1220	-0,115	-1,1507
15.01.2026 17:23:49	334,150	0,012	0,1198	-0,114	-1,1449
15.01.2026 17:23:49	334,200	0,012	0,1212	-0,115	-1,1503
15.01.2026 17:23:49	334,250	0,012	0,1217	-0,114	-1,1423
15.01.2026 17:23:49	334,300	0,012	0,1220	-0,115	-1,1510
15.01.2026 17:23:49	334,350	0,012	0,1214	-0,114	-1,1434
15.01.2026 17:23:49	334,400	0,012	0,1221	-0,115	-1,1500
15.01.2026 17:23:49	334,450	0,012	0,1225	-0,114	-1,1417
15.01.2026 17:23:49	334,500	0,012	0,1207	-0,115	-1,1519
15.01.2026 17:23:49	334,550	0,012	0,1237	-0,114	-1,1400
15.01.2026 17:23:49	334,600	0,012	0,1241	-0,115	-1,1487
15.01.2026 17:23:49	334,650	0,012	0,1245	-0,114	-1,1401
15.01.2026 17:23:49	334,700	0,012	0,1217	-0,115	-1,1501
15.01.2026 17:23:49	334,750	0,012	0,1212	-0,114	-1,1429
15.01.2026 17:23:49	334,800	0,012	0,1236	-0,115	-1,1497
15.01.2026 17:23:49	334,850	0,012	0,1242	-0,114	-1,1398
15.01.2026 17:23:49	334,900	0,012	0,1247	-0,115	-1,1476
15.01.2026 17:23:49	334,950	0,013	0,1267	-0,114	-1,1377
15.01.2026 17:23:50	335,000	0,012	0,1207	-0,115	-1,1521
15.01.2026 17:23:50	335,050	0,012	0,1229	-0,114	-1,1414
15.01.2026 17:23:50	335,100	0,012	0,1231	-0,115	-1,1492
15.01.2026 17:23:50	335,150	0,012	0,1246	-0,114	-1,1395
15.01.2026 17:23:50	335,200	0,012	0,1235	-0,115	-1,1499
15.01.2026 17:23:50	335,250	0,012	0,1208	-0,114	-1,1439
15.01.2026 17:23:50	335,300	0,012	0,1211	-0,115	-1,1522
15.01.2026 17:23:50	335,350	0,012	0,1233	-0,114	-1,1412
15.01.2026 17:23:50	335,400	0,012	0,1230	-0,115	-1,1490
15.01.2026 17:23:50	335,450	0,012	0,1214	-0,114	-1,1421
15.01.2026 17:23:50	335,500	0,012	0,1235	-0,115	-1,1503
15.01.2026 17:23:50	335,550	0,013	0,1258	-0,114	-1,1387
15.01.2026 17:23:50	335,600	0,012	0,1219	-0,115	-1,1499
15.01.2026 17:23:50	335,650	0,012	0,1151	-0,114	-1,1431
15.01.2026 17:23:50	335,700	0,010	0,1036	-0,115	-1,1530
15.01.2026 17:23:50	335,750	0,009	0,0881	-0,115	-1,1491
15.01.2026 17:23:50	335,800	0,008	0,0750	-0,116	-1,1641
15.01.2026 17:23:50	335,850	0,007	0,0734	-0,115	-1,1544
15.01.2026 17:23:50	335,900	0,007	0,0678	-0,117	-1,1653
15.01.2026 17:23:50	335,950	0,007	0,0652	-0,116	-1,1564
15.01.2026 17:23:51	336,000	0,006	0,0606	-0,117	-1,1671
15.01.2026 17:23:51	336,050	0,006	0,0567	-0,116	-1,1600
15.01.2026 17:23:51	336,100	0,005	0,0516	-0,117	-1,1687
15.01.2026 17:23:51	336,150	0,005	0,0465	-0,116	-1,1630
15.01.2026 17:23:51	336,200	0,004	0,0401	-0,118	-1,1762
15.01.2026 17:23:51	336,250	0,004	0,0383	-0,117	-1,1672
15.01.2026 17:23:51	336,300	0,004	0,0365	-0,118	-1,1766
15.01.2026 17:23:51	336,350	0,004	0,0365	-0,117	-1,1671
15.01.2026 17:23:51	336,400	0,003	0,0347	-0,118	-1,1760
15.01.2026 17:23:51	336,450	0,003	0,0319	-0,117	-1,1708
15.01.2026 17:23:51	336,500	0,004	0,0356	-0,118	-1,1757
15.01.2026 17:23:51	336,550	0,003	0,0316	-0,117	-1,1713
15.01.2026 17:23:51	336,600	0,003	0,0307	-0,118	-1,1797
15.01.2026 17:23:51	336,650	0,003	0,0325	-0,117	-1,1703
15.01.2026 17:23:51	336,700	0,003	0,0314	-0,118	-1,1787
15.01.2026 17:23:51	336,750	0,003	0,0340	-0,117	-1,1687
15.01.2026 17:23:51	336,800	0,003	0,0269	-0,118	-1,1806
15.01.2026 17:23:51	336,850	0,003	0,0261	-0,117	-1,1726
15.01.2026 17:23:51	336,900	0,003	0,0263	-0,118	-1,1795
15.01.2026 17:23:51	336,950	0,003	0,0255	-0,117	-1,1719
15.01.2026 17:23:52	337,000	0,002	0,0234	-0,118	-1,1819
15.01.2026 17:23:52	337,050	0,003	0,0251	-0,117	-1,1713
15.01.2026 17:23:52	337,100	0,002	0,0208	-0,118	-1,1832
15.01.2026 17:23:52	337,150	0,002	0,0201	-0,118	-1,1764
15.01.2026 17:23:52	337,200	0,002	0,0205	-0,118	-1,1827
15.01.2026 17:23:52	337,250	0,002	0,0213	-0,118	-1,1754
15.01.2026 17:23:52	337,300	0,002	0,0230	-0,118	-1,1800
15.01.2026 17:23:52	337,350	0,002	0,0209	-0,117	-1,1737
15.01.2026 17:23:52	337,400	0,002	0,0173	-0,118	-1,1847
15.01.2026 17:23:52	337,450	0,002	0,0172	-0,118	-1,1771
15.01.2026 17:23:52	337,500	0,002	0,0168	-0,119	-1,1856
15.01.2026 17:23:52	337,550	0,002	0,0183	-0,118	-1,1761
15.01.2026 17:23:52	337,600	0,002	0,0176	-0,118	-1,1844
15.01.2026 17:23:52	337,650	0,002	0,0174	-0,118	-1,1772
15.01.2026 17:23:52	337,700	0,002	0,0189	-0,118	-1,1827
15.01.2026 17:23:52	337,750	0,002	0,0162	-0,118	-1,1773
15.01.2026 17:23:52	337,800	0,001	0,0144	-0,119	-1,1865
15.01.2026 17:23:52	337,850	0,002	0,0153	-0,118	-1,1791
15.01.2026 17:23:52	337,900	0,001	0,0140	-0,119	-1,1883
15.01.2026 17:23:52	337,950	0,002	0,0205	-0,117	-1,1743
15.01.2026 17:23:53	338,000	0,002	0,0210	-0,118	-1,1818
15.01.2026 17:23:53	338,050	0,002	0,0219	-0,117	-1,1724
15.01.2026 17:23:53	338,100	0,002	0,0159	-0,119	-1,1853
15.01.2026 17:23:53	338,150	0,002	0,0205	-0,117	-1,1738
15.01.2026 17:23:53	338,200	0,002	0,0177	-0,118	-1,1834
15.01.2026 17:23:53	338,250	0,002	0,0189	-0,117	-1,1745
15.01.2026 17:23:53	338,300	0,002	0,0198	-0,118	-1,1814
15.01.2026 17:23:53	338,350	0,002	0,0183	-0,118	-1,1759
15.01.2026 17:23:53	338,400	0,002	0,0173	-0,118	-1,1835
15.01.2026 17:23:53	338,450	0,002	0,0185	-0,117	-1,1741
15.01.2026 17:23:53	338,500	0,002	0,0169	-0,118	-1,1843
15.01.2026 17:23:53	338,550	0,002	0,0176	-0,118	-1,1762
15.01.2026 17:23:53	338,600	0,002	0,0176	-0,118	-1,1847
15.01.2026 17:23:53	338,650	0,002	0,0162	-0,118	-1,1782
15.01.2026 17:23:53	338,700	0,002	0,0192	-0,118	-1,1827
15.01.2026 17:23:53	338,750	0,002	0,0159	-0,118	-1,1774
15.01.2026 17:23:53	338,800	0,002	0,0174	-0,118	-1,1845
15.01.2026 17:23:53	338,850	0,001	0,0126	-0,118	-1,1812
15.01.2026 17:23:53	338,900	0,002	0,0182	-0,118	-1,1827
15.01.2026 17:23:53	338,950	0,002	0,0166	-0,118	-1,1770
15.01.2026 17:23:54	339,000	0,002	0,0187	-0,118	-1,1826
15.01.2026 17:23:54	339,050	0,002	0,0193	-0,117	-1,1738
15.01.2026 17:23:54	339,100	0,001	0,0146	-0,119	-1,1864
15.01.2026 17:23:54	339,150	0,002	0,0187	-0,118	-1,1752
15.01.2026 17:23:54	339,200	0,002	0,0162	-0,118	-1,1841
15.01.2026 17:23:54	339,250	0,002	0,0169	-0,118	-1,1778
15.01.2026 17:23:54	339,300	0,002	0,0214	-0,118	-1,1821
15.01.2026 17:23:54	339,350	0,002	0,0226	-0,117	-1,1734
15.01.2026 17:23:54	339,400	0,002	0,0219	-0,118	-1,1822
15.01.2026 17:23:54	339,450	0,002	0,0230	-0,117	-1,1717
15.01.2026 17:23:54	339,500	0,002	0,0216	-0,118	-1,1814
15.01.2026 17:23:54	339,550	0,002	0,0185	-0,118	-1,1777
15.01.2026 17:23:54	339,600	0,002	0,0216	-0,118	-1,1824
15.01.2026 17:23:54	339,650	0,002	0,0193	-0,118	-1,1772
15.01.2026 17:23:54	339,700	0,002	0,0188	-0,118	-1,1844
15.01.2026 17:23:54	339,750	0,002	0,0236	-0,117	-1,1718
15.01.2026 17:23:54	339,800	0,002	0,0199	-0,118	-1,1831
15.01.2026 17:23:54	339,850	0,002	0,0222	-0,117	-1,1734
15.01.2026 17:23:54	339,900	0,002	0,0206	-0,118	-1,1828
15.01.2026 17:23:54	339,950	0,002	0,0184	-0,118	-1,1779
15.01.2026 17:23:55	340,000	0,002	0,0217	-0,118	-1,1817
15.01.2026 17:23:55	340,050	0,002	0,0214	-0,118	-1,1752
15.01.2026 17:23:55	340,100	0,002	0,0210	-0,118	-1,1814
15.01.2026 17:23:55	340,150	0,002	0,0205	-0,118	-1,1757
15.01.2026 17:23:55	340,200	0,002	0,0196	-0,118	-1,1832
15.01.2026 17:23:55	340,250	0,002	0,0186	-0,118	-1,1773
15.01.2026 17:23:55	340,300	0,002	0,0201	-0,118	-1,1829
15.01.2026 17:23:55	340,350	0,002	0,0185	-0,118	-1,1771
15.01.2026 17:23:55	340,400	0,002	0,0199	-0,118	-1,1834
15.01.2026 17:23:55	340,450	0,002	0,0193	-0,118	-1,1768
15.01.2026 17:23:55	340,500	0,002	0,0218	-0,118	-1,1808
15.01.2026 17:23:55	340,550	0,002	0,0205	-0,118	-1,1758
15.01.2026 17:23:55	340,600	0,002	0,0216	-0,118	-1,1824
15.01.2026 17:23:55	340,650	0,002	0,0201	-0,118	-1,1758
15.01.2026 17:23:55	340,700	0,002	0,0203	-0,118	-1,1819
15.01.2026 17:23:55	340,750	0,002	0,0211	-0,117	-1,1749
15.01.2026 17:23:55	340,800	0,002	0,0201	-0,118	-1,1828
15.01.2026 17:23:55	340,850	0,002	0,0212	-0,117	-1,1741
15.01.2026 17:23:55	340,900	0,002	0,0212	-0,118	-1,1816
15.01.2026 17:23:55	340,950	0,002	0,0224	-0,117	-1,1745
15.01.2026 17:23:56	341,000	0,002	0,0216	-0,118	-1,1819
15.01.2026 17:23:56	341,050	0,002	0,0176	-0,118	-1,1781
15.01.2026 17:23:56	341,100	0,002	0,0238	-0,118	-1,1797
15.01.2026 17:23:56	341,150	0,002	0,0220	-0,117	-1,1736
15.01.2026 17:23:56	341,200	0,002	0,0233	-0,118	-1,1805
15.01.2026 17:23:56	341,250	0,002	0,0170	-0,118	-1,1783
15.01.2026 17:23:56	341,300	0,002	0,0214	-0,118	-1,1812
15.01.2026 17:23:56	341,350	0,002	0,0215	-0,117	-1,1740
15.01.2026 17:23:56	341,400	0,002	0,0181	-0,118	-1,1840
15.01.2026 17:23:56	341,450	0,002	0,0210	-0,117	-1,1749
15.01.2026 17:23:56	341,500	0,002	0,0213	-0,118	-1,1805
15.01.2026 17:23:56	341,550	0,002	0,0206	-0,117	-1,1750
15.01.2026 17:23:56	341,600	0,002	0,0196	-0,118	-1,1830
15.01.2026 17:23:56	341,650	0,002	0,0219	-0,117	-1,1744
15.01.2026 17:23:56	341,700	0,002	0,0221	-0,118	-1,1799
15.01.2026 17:23:56	341,750	0,002	0,0218	-0,117	-1,1744
15.01.2026 17:23:56	341,800	0,002	0,0212	-0,118	-1,1822
15.01.2026 17:23:56	341,850	0,002	0,0222	-0,117	-1,1736
15.01.2026 17:23:56	341,900	0,002	0,0216	-0,118	-1,1808
15.01.2026 17:23:56	341,950	0,002	0,0196	-0,118	-1,1766
15.01.2026 17:23:57	342,000	0,002	0,0231	-0,118	-1,1796
15.01.2026 17:23:57	342,050	0,002	0,0204	-0,118	-1,1762
15.01.2026 17:23:57	342,100	0,002	0,0182	-0,118	-1,1829
15.01.2026 17:23:57	342,150	0,002	0,0190	-0,117	-1,1739
15.01.2026 17:23:57	342,200	0,001	0,0149	-0,119	-1,1850
15.01.2026 17:23:57	342,250	0,002	0,0195	-0,117	-1,1737
15.01.2026 17:23:57	342,300	0,001	0,0126	-0,119	-1,1870
15.01.2026 17:23:57	342,350	0,002	0,0158	-0,118	-1,1761
15.01.2026 17:23:57	342,400	0,001	0,0149	-0,118	-1,1847
15.01.2026 17:23:57	342,450	0,002	0,0155	-0,118	-1,1775
15.01.2026 17:23:57	342,500	0,002	0,0164	-0,118	-1,1830
15.01.2026 17:23:57	342,550	0,002	0,0156	-0,118	-1,1766
15.01.2026 17:23:57	342,600	0,002	0,0166	-0,118	-1,1829
15.01.2026 17:23:57	342,650	0,002	0,0152	-0,118	-1,1766
15.01.2026 17:23:57	342,700	0,001	0,0147	-0,118	-1,1845
15.01.2026 17:23:57	342,750	0,002	0,0198	-0,117	-1,1723
15.01.2026 17:23:57	342,800	0,002	0,0158	-0,118	-1,1827
15.01.2026 17:23:57	342,850	0,002	0,0159	-0,118	-1,1767
15.01.2026 17:23:57	342,900	0,002	0,0166	-0,118	-1,1813
15.01.2026 17:23:57	342,950	0,002	0,0150	-0,118	-1,1769
15.01.2026 17:23:58	343,000	0,001	0,0133	-0,118	-1,1849
15.01.2026 17:23:58	343,050	0,002	0,0196	-0,117	-1,1743
15.01.2026 17:23:58	343,100	0,002	0,0153	-0,118	-1,1846
15.01.2026 17:23:58	343,150	0,002	0,0155	-0,118	-1,1771
15.01.2026 17:23:58	343,200	0,002	0,0176	-0,118	-1,1828
15.01.2026 17:23:58	343,250	0,001	0,0146	-0,118	-1,1785
15.01.2026 17:23:58	343,300	0,002	0,0169	-0,118	-1,1828
15.01.2026 17:23:58	343,350	0,002	0,0188	-0,118	-1,1750
15.01.2026 17:23:58	343,400	0,002	0,0152	-0,118	-1,1841
15.01.2026 17:23:58	343,450	0,002	0,0195	-0,117	-1,1749
15.01.2026 17:23:58	343,500	0,002	0,0179	-0,118	-1,1818
15.01.2026 17:23:58	343,550	0,002	0,0183	-0,118	-1,1760
15.01.2026 17:23:58	343,600	0,002	0,0177	-0,118	-1,1817
15.01.2026 17:23:58	343,650	0,002	0,0160	-0,118	-1,1780
15.01.2026 17:23:58	343,700	0,002	0,0207	-0,118	-1,1785
15.01.2026 17:23:58	343,750	0,002	0,0163	-0,118	-1,1776
15.01.2026 17:23:58	343,800	0,002	0,0163	-0,118	-1,1839
15.01.2026 17:23:58	343,850	0,001	0,0150	-0,118	-1,1776
15.01.2026 17:23:58	343,900	0,002	0,0176	-0,118	-1,1832
15.01.2026 17:23:58	343,950	0,002	0,0169	-0,118	-1,1759
15.01.2026 17:23:59	344,000	0,002	0,0167	-0,118	-1,1825
15.01.2026 17:23:59	344,050	0,002	0,0177	-0,118	-1,1757
15.01.2026 17:23:59	344,100	0,002	0,0160	-0,118	-1,1834
15.01.2026 17:23:59	344,150	0,002	0,0197	-0,117	-1,1739
15.01.2026 17:23:59	344,200	0,002	0,0161	-0,118	-1,1835
15.01.2026 17:23:59	344,250	0,002	0,0174	-0,118	-1,1763
15.01.2026 17:23:59	344,300	0,002	0,0178	-0,118	-1,1805
15.01.2026 17:23:59	344,350	0,002	0,0183	-0,117	-1,1744
15.01.2026 17:23:59	344,400	0,001	0,0145	-0,118	-1,1847
15.01.2026 17:23:59	344,450	0,002	0,0153	-0,118	-1,1787
15.01.2026 17:23:59	344,500	0,002	0,0169	-0,118	-1,1831
15.01.2026 17:23:59	344,550	0,002	0,0193	-0,117	-1,1747
15.01.2026 17:23:59	344,600	0,002	0,0160	-0,118	-1,1844
15.01.2026 17:23:59	344,650	0,002	0,0170	-0,118	-1,1756
15.01.2026 17:23:59	344,700	0,002	0,0216	-0,118	-1,1777
15.01.2026 17:23:59	344,750	0,002	0,0185	-0,117	-1,1740
15.01.2026 17:23:59	344,800	0,002	0,0175	-0,118	-1,1823
15.01.2026 17:23:59	344,850	0,002	0,0170	-0,118	-1,1757
15.01.2026 17:23:59	344,900	0,002	0,0189	-0,118	-1,1809
15.01.2026 17:23:59	344,950	0,002	0,0164	-0,118	-1,1776
15.01.2026 17:24:00	345,000	0,002	0,0155	-0,118	-1,1838
15.01.2026 17:24:00	345,050	0,002	0,0172	-0,118	-1,1763
15.01.2026 17:24:00	345,100	0,002	0,0173	-0,118	-1,1821
15.01.2026 17:24:00	345,150	0,002	0,0194	-0,117	-1,1742
15.01.2026 17:24:00	345,200	0,002	0,0182	-0,118	-1,1813
15.01.2026 17:24:00	345,250	0,002	0,0169	-0,118	-1,1760
15.01.2026 17:24:00	345,300	0,002	0,0156	-0,118	-1,1836
15.01.2026 17:24:00	345,350	0,001	0,0149	-0,118	-1,1772
15.01.2026 17:24:00	345,400	0,002	0,0160	-0,118	-1,1831
15.01.2026 17:24:00	345,450	0,002	0,0162	-0,118	-1,1769
15.01.2026 17:24:00	345,500	0,002	0,0180	-0,118	-1,1814
15.01.2026 17:24:00	345,550	0,002	0,0180	-0,118	-1,1758
15.01.2026 17:24:00	345,600	0,002	0,0192	-0,118	-1,1800
15.01.2026 17:24:00	345,650	0,002	0,0193	-0,117	-1,1738
15.01.2026 17:24:00	345,700	0,002	0,0172	-0,118	-1,1824
15.01.2026 17:24:00	345,750	0,002	0,0184	-0,117	-1,1748
15.01.2026 17:24:00	345,800	0,002	0,0186	-0,118	-1,1799
15.01.2026 17:24:00	345,850	0,002	0,0155	-0,118	-1,1780
15.01.2026 17:24:00	345,900	0,002	0,0168	-0,118	-1,1822
15.01.2026 17:24:00	345,950	0,002	0,0181	-0,118	-1,1751
15.01.2026 17:24:01	346,000	0,002	0,0167	-0,118	-1,1832
15.01.2026 17:24:01	346,050	0,002	0,0165	-0,118	-1,1768
15.01.2026 17:24:01	346,100	0,001	0,0143	-0,118	-1,1836
15.01.2026 17:24:01	346,150	0,002	0,0186	-0,117	-1,1737
15.01.2026 17:24:01	346,200	0,002	0,0163	-0,118	-1,1821
15.01.2026 17:24:01	346,250	0,002	0,0164	-0,118	-1,1774
15.01.2026 17:24:01	346,300	0,002	0,0153	-0,118	-1,1838
15.01.2026 17:24:01	346,350	0,002	0,0167	-0,118	-1,1769
15.01.2026 17:24:01	346,400	0,002	0,0169	-0,118	-1,1812
15.01.2026 17:24:01	346,450	0,002	0,0157	-0,118	-1,1780
15.01.2026 17:24:01	346,500	0,002	0,0190	-0,118	-1,1801
15.01.2026 17:24:01	346,550	0,002	0,0170	-0,118	-1,1775
15.01.2026 17:24:01	346,600	0,002	0,0152	-0,118	-1,1840
15.01.2026 17:24:01	346,650	0,002	0,0193	-0,117	-1,1742
15.01.2026 17:24:01	346,700	0,002	0,0156	-0,118	-1,1842
15.01.2026 17:24:01	346,750	0,002	0,0192	-0,118	-1,1751
15.01.2026 17:24:01	346,800	0,002	0,0178	-0,118	-1,1816
15.01.2026 17:24:01	346,850	0,002	0,0175	-0,118	-1,1757
15.01.2026 17:24:01	346,900	0,002	0,0174	-0,118	-1,1812
15.01.2026 17:24:01	346,950	0,002	0,0168	-0,118	-1,1756
15.01.2026 17:24:02	347,000	0,002	0,0182	-0,118	-1,1799
15.01.2026 17:24:02	347,050	0,002	0,0184	-0,118	-1,1763
15.01.2026 17:24:02	347,100	0,002	0,0155	-0,118	-1,1828
15.01.2026 17:24:02	347,150	0,002	0,0178	-0,118	-1,1753
15.01.2026 17:24:02	347,200	0,002	0,0191	-0,118	-1,1801
15.01.2026 17:24:02	347,250	0,002	0,0157	-0,118	-1,1769
15.01.2026 17:24:02	347,300	0,002	0,0193	-0,118	-1,1797
15.01.2026 17:24:02	347,350	0,002	0,0188	-0,117	-1,1748
15.01.2026 17:24:02	347,400	0,001	0,0128	-0,119	-1,1851
15.01.2026 17:24:02	347,450	0,002	0,0169	-0,118	-1,1764
15.01.2026 17:24:02	347,500	0,002	0,0167	-0,118	-1,1812
15.01.2026 17:24:02	347,550	0,001	0,0138	-0,118	-1,1784
15.01.2026 17:24:02	347,600	0,001	0,0141	-0,118	-1,1834
15.01.2026 17:24:02	347,650	0,001	0,0140	-0,118	-1,1790
15.01.2026 17:24:02	347,700	0,002	0,0196	-0,118	-1,1792
15.01.2026 17:24:02	347,750	0,002	0,0183	-0,118	-1,1750
15.01.2026 17:24:02	347,800	0,002	0,0178	-0,118	-1,1802
15.01.2026 17:24:02	347,850	0,002	0,0175	-0,118	-1,1763
15.01.2026 17:24:02	347,900	0,002	0,0162	-0,118	-1,1821
15.01.2026 17:24:02	347,950	0,001	0,0147	-0,118	-1,1779
15.01.2026 17:24:03	348,000	0,001	0,0145	-0,118	-1,1837
15.01.2026 17:24:03	348,050	0,002	0,0175	-0,118	-1,1760
15.01.2026 17:24:03	348,100	0,002	0,0205	-0,118	-1,1774
15.01.2026 17:24:03	348,150	0,002	0,0173	-0,118	-1,1768
15.01.2026 17:24:03	348,200	0,002	0,0161	-0,118	-1,1818
15.01.2026 17:24:03	348,250	0,002	0,0191	-0,118	-1,1750
15.01.2026 17:24:03	348,300	0,002	0,0166	-0,118	-1,1824
15.01.2026 17:24:03	348,350	0,002	0,0151	-0,118	-1,1781
15.01.2026 17:24:03	348,400	0,001	0,0138	-0,118	-1,1835
15.01.2026 17:24:03	348,450	0,001	0,0147	-0,118	-1,1781
15.01.2026 17:24:03	348,500	0,002	0,0168	-0,118	-1,1817
15.01.2026 17:24:03	348,550	0,002	0,0170	-0,118	-1,1763
15.01.2026 17:24:03	348,600	0,002	0,0193	-0,118	-1,1782
15.01.2026 17:24:03	348,650	0,002	0,0168	-0,118	-1,1769
15.01.2026 17:24:03	348,700	0,002	0,0166	-0,118	-1,1820
15.01.2026 17:24:03	348,750	0,002	0,0165	-0,118	-1,1767
15.01.2026 17:24:03	348,800	0,002	0,0163	-0,118	-1,1812
15.01.2026 17:24:03	348,850	0,002	0,0153	-0,118	-1,1773
15.01.2026 17:24:03	348,900	0,002	0,0160	-0,118	-1,1816
15.01.2026 17:24:03	348,950	0,002	0,0155	-0,118	-1,1777
15.01.2026 17:24:04	349,000	0,002	0,0161	-0,118	-1,1815
15.01.2026 17:24:04	349,050	0,002	0,0176	-0,118	-1,1756
15.01.2026 17:24:04	349,100	0,002	0,0194	-0,118	-1,1792
15.01.2026 17:24:04	349,150	0,002	0,0160	-0,118	-1,1782
15.01.2026 17:24:04	349,200	0,002	0,0170	-0,118	-1,1799
15.01.2026 17:24:04	349,250	0,002	0,0152	-0,118	-1,1782
15.01.2026 17:24:04	349,300	0,002	0,0178	-0,118	-1,1797
15.01.2026 17:24:04	349,350	0,001	0,0144	-0,118	-1,1785
15.01.2026 17:24:04	349,400	0,002	0,0184	-0,118	-1,1794
15.01.2026 17:24:04	349,450	0,002	0,0190	-0,117	-1,1747
15.01.2026 17:24:04	349,500	0,002	0,0190	-0,118	-1,1782
15.01.2026 17:24:04	349,550	0,002	0,0150	-0,118	-1,1783
15.01.2026 17:24:04	349,600	0,002	0,0155	-0,118	-1,1813
15.01.2026 17:24:04	349,650	0,002	0,0185	-0,118	-1,1753
15.01.2026 17:24:04	349,700	0,002	0,0181	-0,118	-1,1802
15.01.2026 17:24:04	349,750	0,002	0,0169	-0,118	-1,1767
15.01.2026 17:24:04	349,800	0,002	0,0164	-0,118	-1,1812
15.01.2026 17:24:04	349,850	0,002	0,0187	-0,117	-1,1747
15.01.2026 17:24:04	349,900	0,002	0,0159	-0,118	-1,1824
15.01.2026 17:24:04	349,950	0,002	0,0177	-0,118	-1,1762
15.01.2026 17:24:05	350,000	0,002	0,0189	-0,118	-1,1779
15.01.2026 17:24:05	350,050	0,002	0,0160	-0,118	-1,1783
15.01.2026 17:24:05	350,100	0,002	0,0164	-0,118	-1,1821
15.01.2026 17:24:05	350,150	0,002	0,0172	-0,118	-1,1766
15.01.2026 17:24:05	350,200	0,002	0,0168	-0,118	-1,1797
15.01.2026 17:24:05	350,250	0,002	0,0150	-0,118	-1,1779
15.01.2026 17:24:05	350,300	0,002	0,0152	-0,118	-1,1815
15.01.2026 17:24:05	350,350	0,002	0,0169	-0,118	-1,1767
15.01.2026 17:24:05	350,400	0,002	0,0161	-0,118	-1,1815
15.01.2026 17:24:05	350,450	0,002	0,0174	-0,118	-1,1770
15.01.2026 17:24:05	350,500	0,002	0,0195	-0,118	-1,1785
15.01.2026 17:24:05	350,550	0,002	0,0175	-0,118	-1,1763
15.01.2026 17:24:05	350,600	0,002	0,0158	-0,118	-1,1820
15.01.2026 17:24:05	350,650	0,002	0,0180	-0,118	-1,1751
15.01.2026 17:24:05	350,700	0,002	0,0177	-0,118	-1,1793
15.01.2026 17:24:05	350,750	0,002	0,0162	-0,118	-1,1767
15.01.2026 17:24:05	350,800	0,002	0,0166	-0,118	-1,1812
15.01.2026 17:24:05	350,850	0,001	0,0147	-0,118	-1,1794
15.01.2026 17:24:05	350,900	0,002	0,0161	-0,118	-1,1813
15.01.2026 17:24:05	350,950	0,002	0,0177	-0,118	-1,1757
15.01.2026 17:24:06	351,000	0,002	0,0176	-0,118	-1,1811
15.01.2026 17:24:06	351,050	0,002	0,0171	-0,118	-1,1764
15.01.2026 17:24:06	351,100	0,002	0,0161	-0,118	-1,1807
15.01.2026 17:24:06	351,150	0,002	0,0171	-0,118	-1,1766
15.01.2026 17:24:06	351,200	0,002	0,0173	-0,118	-1,1791
15.01.2026 17:24:06	351,250	0,001	0,0146	-0,118	-1,1785
15.01.2026 17:24:06	351,300	0,002	0,0178	-0,118	-1,1787
15.01.2026 17:24:06	351,350	0,002	0,0199	-0,117	-1,1741
15.01.2026 17:24:06	351,400	0,001	0,0146	-0,118	-1,1827
15.01.2026 17:24:06	351,450	0,002	0,0200	-0,117	-1,1742
15.01.2026 17:24:06	351,500	0,002	0,0159	-0,118	-1,1803
15.01.2026 17:24:06	351,550	0,002	0,0192	-0,117	-1,1743
15.01.2026 17:24:06	351,600	0,002	0,0164	-0,118	-1,1808
15.01.2026 17:24:06	351,650	0,002	0,0151	-0,118	-1,1788
15.01.2026 17:24:06	351,700	0,002	0,0180	-0,118	-1,1785
15.01.2026 17:24:06	351,750	0,002	0,0154	-0,118	-1,1780
15.01.2026 17:24:06	351,800	0,002	0,0177	-0,118	-1,1786
15.01.2026 17:24:06	351,850	0,002	0,0180	-0,118	-1,1762
15.01.2026 17:24:06	351,900	0,002	0,0177	-0,118	-1,1786
15.01.2026 17:24:06	351,950	0,002	0,0174	-0,118	-1,1760
15.01.2026 17:24:07	352,000	0,002	0,0150	-0,118	-1,1823
15.01.2026 17:24:07	352,050	0,002	0,0184	-0,118	-1,1759
15.01.2026 17:24:07	352,100	0,002	0,0165	-0,118	-1,1796
15.01.2026 17:24:07	352,150	0,002	0,0190	-0,118	-1,1755
15.01.2026 17:24:07	352,200	0,001	0,0135	-0,118	-1,1821
15.01.2026 17:24:07	352,250	0,002	0,0169	-0,117	-1,1750
15.01.2026 17:24:07	352,300	0,002	0,0171	-0,118	-1,1788
15.01.2026 17:24:07	352,350	0,002	0,0183	-0,118	-1,1750
15.01.2026 17:24:07	352,400	0,002	0,0168	-0,118	-1,1786
15.01.2026 17:24:07	352,450	0,002	0,0165	-0,118	-1,1768
15.01.2026 17:24:07	352,500	0,002	0,0167	-0,118	-1,1788
15.01.2026 17:24:07	352,550	0,002	0,0159	-0,118	-1,1777
15.01.2026 17:24:07	352,600	0,002	0,0175	-0,118	-1,1794
15.01.2026 17:24:07	352,650	0,002	0,0160	-0,118	-1,1784
15.01.2026 17:24:07	352,700	0,002	0,0163	-0,118	-1,1806
15.01.2026 17:24:07	352,750	0,002	0,0179	-0,118	-1,1763
15.01.2026 17:24:07	352,800	0,002	0,0157	-0,118	-1,1808
15.01.2026 17:24:07	352,850	0,002	0,0171	-0,118	-1,1759
15.01.2026 17:24:07	352,900	0,002	0,0171	-0,118	-1,1809
15.01.2026 17:24:07	352,950	0,002	0,0157	-0,118	-1,1772
15.01.2026 17:24:08	353,000	0,002	0,0185	-0,118	-1,1774
15.01.2026 17:24:08	353,050	0,002	0,0157	-0,118	-1,1776
15.01.2026 17:24:08	353,100	0,002	0,0173	-0,118	-1,1792
15.01.2026 17:24:08	353,150	0,002	0,0190	-0,117	-1,1747
15.01.2026 17:24:08	353,200	0,002	0,0165	-0,118	-1,1799
15.01.2026 17:24:08	353,250	0,002	0,0187	-0,118	-1,1754
15.01.2026 17:24:08	353,300	0,002	0,0167	-0,118	-1,1791
15.01.2026 17:24:08	353,350	0,002	0,0171	-0,118	-1,1764
15.01.2026 17:24:08	353,400	0,002	0,0183	-0,118	-1,1779
15.01.2026 17:24:08	353,450	0,002	0,0182	-0,118	-1,1766
15.01.2026 17:24:08	353,500	0,002	0,0151	-0,118	-1,1808
15.01.2026 17:24:08	353,550	0,002	0,0162	-0,118	-1,1765
15.01.2026 17:24:08	353,600	0,002	0,0160	-0,118	-1,1780
15.01.2026 17:24:08	353,650	0,002	0,0169	-0,118	-1,1757
15.01.2026 17:24:08	353,700	0,002	0,0162	-0,118	-1,1792
15.01.2026 17:24:08	353,750	0,002	0,0164	-0,118	-1,1767
15.01.2026 17:24:08	353,800	0,002	0,0156	-0,118	-1,1801
15.01.2026 17:24:08	353,850	0,002	0,0195	-0,117	-1,1738
15.01.2026 17:24:08	353,900	0,002	0,0211	-0,118	-1,1755
15.01.2026 17:24:08	353,950	0,002	0,0164	-0,118	-1,1768
15.01.2026 17:24:09	354,000	0,002	0,0178	-0,118	-1,1782
15.01.2026 17:24:09	354,050	0,002	0,0177	-0,118	-1,1751
15.01.2026 17:24:09	354,100	0,001	0,0149	-0,118	-1,1808
15.01.2026 17:24:09	354,150	0,002	0,0175	-0,118	-1,1763
15.01.2026 17:24:09	354,200	0,002	0,0157	-0,118	-1,1799
15.01.2026 17:24:09	354,250	0,002	0,0200	-0,117	-1,1746
15.01.2026 17:24:09	354,300	0,002	0,0168	-0,118	-1,1785
15.01.2026 17:24:09	354,350	0,002	0,0157	-0,118	-1,1780
15.01.2026 17:24:09	354,400	0,002	0,0157	-0,118	-1,1797
15.01.2026 17:24:09	354,450	0,002	0,0158	-0,118	-1,1785
15.01.2026 17:24:09	354,500	0,002	0,0162	-0,118	-1,1793
15.01.2026 17:24:09	354,550	0,002	0,0161	-0,118	-1,1770
15.01.2026 17:24:09	354,600	0,002	0,0184	-0,118	-1,1773
15.01.2026 17:24:09	354,650	0,002	0,0172	-0,118	-1,1764
15.01.2026 17:24:09	354,700	0,002	0,0172	-0,118	-1,1792
15.01.2026 17:24:09	354,750	0,002	0,0166	-0,118	-1,1772
15.01.2026 17:24:09	354,800	0,002	0,0170	-0,118	-1,1775
15.01.2026 17:24:09	354,850	0,001	0,0136	-0,118	-1,1796
15.01.2026 17:24:09	354,900	0,002	0,0204	-0,118	-1,1751
15.01.2026 17:24:09	354,950	0,002	0,0185	-0,118	-1,1753
15.01.2026 17:24:10	355,000	0,002	0,0192	-0,118	-1,1764
15.01.2026 17:24:10	355,050	0,002	0,0189	-0,117	-1,1749
15.01.2026 17:24:10	355,100	0,002	0,0197	-0,118	-1,1751
15.01.2026 17:24:10	355,150	0,002	0,0165	-0,118	-1,1773
15.01.2026 17:24:10	355,200	0,002	0,0185	-0,118	-1,1768
15.01.2026 17:24:10	355,250	0,002	0,0200	-0,117	-1,1736
15.01.2026 17:24:10	355,300	0,002	0,0167	-0,118	-1,1779
15.01.2026 17:24:10	355,350	0,001	0,0143	-0,118	-1,1798
15.01.2026 17:24:10	355,400	0,002	0,0176	-0,118	-1,1777
15.01.2026 17:24:10	355,450	0,002	0,0198	-0,117	-1,1734
15.01.2026 17:24:10	355,500	0,002	0,0164	-0,118	-1,1788
15.01.2026 17:24:10	355,550	0,002	0,0189	-0,117	-1,1737
15.01.2026 17:24:10	355,600	0,002	0,0184	-0,118	-1,1769
15.01.2026 17:24:10	355,650	0,002	0,0173	-0,118	-1,1772
15.01.2026 17:24:10	355,700	0,002	0,0176	-0,118	-1,1781
15.01.2026 17:24:10	355,750	0,002	0,0189	-0,117	-1,1741
15.01.2026 17:24:10	355,800	0,002	0,0195	-0,118	-1,1761
15.01.2026 17:24:10	355,850	0,002	0,0164	-0,118	-1,1762
15.01.2026 17:24:10	355,900	0,002	0,0163	-0,118	-1,1791
15.01.2026 17:24:10	355,950	0,002	0,0167	-0,118	-1,1762
15.01.2026 17:24:11	356,000	0,002	0,0169	-0,118	-1,1775
15.01.2026 17:24:11	356,050	0,002	0,0159	-0,118	-1,1770
15.01.2026 17:24:11	356,100	0,002	0,0189	-0,118	-1,1762
15.01.2026 17:24:11	356,150	0,002	0,0174	-0,118	-1,1759
15.01.2026 17:24:11	356,200	0,002	0,0164	-0,118	-1,1796
15.01.2026 17:24:11	356,250	0,002	0,0173	-0,118	-1,1770
15.01.2026 17:24:11	356,300	0,002	0,0169	-0,118	-1,1783
15.01.2026 17:24:11	356,350	0,002	0,0171	-0,118	-1,1760
15.01.2026 17:24:11	356,400	0,002	0,0181	-0,118	-1,1774
15.01.2026 17:24:11	356,450	0,002	0,0151	-0,118	-1,1787
15.01.2026 17:24:11	356,500	0,002	0,0165	-0,118	-1,1787
15.01.2026 17:24:11	356,550	0,002	0,0185	-0,117	-1,1745
15.01.2026 17:24:11	356,600	0,002	0,0168	-0,118	-1,1778
15.01.2026 17:24:11	356,650	0,002	0,0163	-0,118	-1,1771
15.01.2026 17:24:11	356,700	0,002	0,0185	-0,118	-1,1762
15.01.2026 17:24:11	356,750	0,002	0,0156	-0,118	-1,1779
15.01.2026 17:24:11	356,800	0,002	0,0179	-0,118	-1,1764
15.01.2026 17:24:11	356,850	0,002	0,0177	-0,118	-1,1761
15.01.2026 17:24:11	356,900	0,002	0,0158	-0,118	-1,1790
15.01.2026 17:24:11	356,950	0,002	0,0201	-0,117	-1,1745
15.01.2026 17:24:12	357,000	0,002	0,0184	-0,118	-1,1765
15.01.2026 17:24:12	357,050	0,002	0,0156	-0,118	-1,1775
15.01.2026 17:24:12	357,100	0,002	0,0150	-0,118	-1,1795
15.01.2026 17:24:12	357,150	0,001	0,0149	-0,118	-1,1778
15.01.2026 17:24:12	357,200	0,002	0,0171	-0,118	-1,1778
15.01.2026 17:24:12	357,250	0,002	0,0158	-0,118	-1,1773
15.01.2026 17:24:12	357,300	0,002	0,0153	-0,118	-1,1798
15.01.2026 17:24:12	357,350	0,001	0,0149	-0,118	-1,1787
15.01.2026 17:24:12	357,400	0,002	0,0157	-0,118	-1,1794
15.01.2026 17:24:12	357,450	0,001	0,0140	-0,118	-1,1788
15.01.2026 17:24:12	357,500	0,002	0,0152	-0,118	-1,1797
15.01.2026 17:24:12	357,550	0,002	0,0162	-0,118	-1,1773
15.01.2026 17:24:12	357,600	0,002	0,0180	-0,118	-1,1754
15.01.2026 17:24:12	357,650	0,002	0,0172	-0,118	-1,1762
15.01.2026 17:24:12	357,700	0,002	0,0157	-0,118	-1,1775
15.01.2026 17:24:12	357,750	0,002	0,0167	-0,118	-1,1773
15.01.2026 17:24:12	357,800	0,002	0,0170	-0,118	-1,1777
15.01.2026 17:24:12	357,850	0,002	0,0184	-0,118	-1,1754
15.01.2026 17:24:12	357,900	0,002	0,0163	-0,118	-1,1779
15.01.2026 17:24:12	357,950	0,002	0,0165	-0,118	-1,1769
15.01.2026 17:24:13	358,000	0,002	0,0167	-0,118	-1,1786
15.01.2026 17:24:13	358,050	0,002	0,0202	-0,117	-1,1728
15.01.2026 17:24:13	358,100	0,002	0,0159	-0,118	-1,1780
15.01.2026 17:24:13	358,150	0,002	0,0180	-0,117	-1,1744
15.01.2026 17:24:13	358,200	0,002	0,0168	-0,118	-1,1775
15.01.2026 17:24:13	358,250	0,002	0,0171	-0,118	-1,1755
15.01.2026 17:24:13	358,300	0,002	0,0151	-0,118	-1,1792
15.01.2026 17:24:13	358,350	0,002	0,0158	-0,118	-1,1767
15.01.2026 17:24:13	358,400	0,002	0,0167	-0,118	-1,1786
15.01.2026 17:24:13	358,450	0,002	0,0170	-0,118	-1,1759
15.01.2026 17:24:13	358,500	0,002	0,0193	-0,118	-1,1751
15.01.2026 17:24:13	358,550	0,002	0,0178	-0,118	-1,1757
15.01.2026 17:24:13	358,600	0,002	0,0193	-0,118	-1,1759
15.01.2026 17:24:13	358,650	0,002	0,0167	-0,118	-1,1770
15.01.2026 17:24:13	358,700	0,002	0,0167	-0,118	-1,1787
15.01.2026 17:24:13	358,750	0,001	0,0139	-0,118	-1,1801
15.01.2026 17:24:13	358,800	0,002	0,0160	-0,118	-1,1774
15.01.2026 17:24:13	358,850	0,002	0,0157	-0,118	-1,1777
15.01.2026 17:24:13	358,900	0,002	0,0185	-0,118	-1,1761
15.01.2026 17:24:13	358,950	0,002	0,0160	-0,118	-1,1775
15.01.2026 17:24:14	359,000	0,002	0,0171	-0,118	-1,1779
15.01.2026 17:24:14	359,050	0,002	0,0205	-0,117	-1,1723
15.01.2026 17:24:14	359,100	0,002	0,0190	-0,117	-1,1748
15.01.2026 17:24:14	359,150	0,002	0,0175	-0,118	-1,1763
15.01.2026 17:24:14	359,200	0,002	0,0193	-0,117	-1,1747
15.01.2026 17:24:14	359,250	0,002	0,0164	-0,118	-1,1766
15.01.2026 17:24:14	359,300	0,002	0,0150	-0,118	-1,1783
15.01.2026 17:24:14	359,350	0,002	0,0155	-0,118	-1,1778
15.01.2026 17:24:14	359,400	0,002	0,0176	-0,118	-1,1763
15.01.2026 17:24:14	359,450	0,002	0,0172	-0,118	-1,1763
15.01.2026 17:24:14	359,500	0,002	0,0167	-0,118	-1,1760
15.01.2026 17:24:14	359,550	0,002	0,0193	-0,118	-1,1751
15.01.2026 17:24:14	359,600	0,002	0,0182	-0,118	-1,1758
15.01.2026 17:24:14	359,650	0,002	0,0166	-0,118	-1,1759
15.01.2026 17:24:14	359,700	0,002	0,0176	-0,118	-1,1761
15.01.2026 17:24:14	359,750	0,002	0,0170	-0,117	-1,1750
15.01.2026 17:24:14	359,800	0,002	0,0162	-0,118	-1,1773
15.01.2026 17:24:14	359,850	0,002	0,0185	-0,117	-1,1744
15.01.2026 17:24:14	359,900	0,001	0,0145	-0,118	-1,1789
15.01.2026 17:24:14	359,950	0,002	0,0156	-0,118	-1,1768
15.01.2026 17:24:15	360,000	0,002	0,0188	-0,117	-1,1743
15.01.2026 17:24:15	360,050	0,002	0,0164	-0,118	-1,1768
15.01.2026 17:24:15	360,100	0,002	0,0196	-0,117	-1,1740
15.01.2026 17:24:15	360,150	0,002	0,0162	-0,118	-1,1775
15.01.2026 17:24:15	360,200	0,002	0,0166	-0,118	-1,1783
15.01.2026 17:24:15	360,250	0,002	0,0160	-0,118	-1,1783
15.01.2026 17:24:15	360,300	0,002	0,0174	-0,118	-1,1766
15.01.2026 17:24:15	360,350	0,002	0,0170	-0,118	-1,1761
15.01.2026 17:24:15	360,400	0,002	0,0180	-0,118	-1,1766
15.01.2026 17:24:15	360,450	0,002	0,0183	-0,117	-1,1750
15.01.2026 17:24:15	360,500	0,001	0,0146	-0,118	-1,1793
15.01.2026 17:24:15	360,550	0,002	0,0163	-0,118	-1,1773
15.01.2026 17:24:15	360,600	0,002	0,0158	-0,118	-1,1774
15.01.2026 17:24:15	360,650	0,002	0,0164	-0,118	-1,1776
15.01.2026 17:24:15	360,700	0,002	0,0153	-0,118	-1,1775
15.01.2026 17:24:15	360,750	0,001	0,0147	-0,118	-1,1799
15.01.2026 17:24:15	360,800	0,002	0,0188	-0,117	-1,1746
15.01.2026 17:24:15	360,850	0,002	0,0174	-0,118	-1,1758
15.01.2026 17:24:15	360,900	0,002	0,0179	-0,118	-1,1757
15.01.2026 17:24:15	360,950	0,002	0,0162	-0,118	-1,1780
15.01.2026 17:24:16	361,000	0,002	0,0172	-0,118	-1,1764
15.01.2026 17:24:16	361,050	0,002	0,0191	-0,117	-1,1738
15.01.2026 17:24:16	361,100	0,002	0,0163	-0,118	-1,1761
15.01.2026 17:24:16	361,150	0,002	0,0185	-0,118	-1,1754
15.01.2026 17:24:16	361,200	0,002	0,0162	-0,118	-1,1772
15.01.2026 17:24:16	361,250	0,001	0,0147	-0,118	-1,1793
15.01.2026 17:24:16	361,300	0,002	0,0160	-0,118	-1,1773
15.01.2026 17:24:16	361,350	0,002	0,0165	-0,118	-1,1775
15.01.2026 17:24:16	361,400	0,002	0,0172	-0,118	-1,1758
15.01.2026 17:24:16	361,450	0,002	0,0184	-0,118	-1,1754
15.01.2026 17:24:16	361,500	0,002	0,0206	-0,117	-1,1720
15.01.2026 17:24:16	361,550	0,002	0,0166	-0,118	-1,1767
15.01.2026 17:24:16	361,600	0,002	0,0174	-0,118	-1,1750
15.01.2026 17:24:16	361,650	0,002	0,0203	-0,117	-1,1733
15.01.2026 17:24:16	361,700	0,002	0,0160	-0,118	-1,1772
15.01.2026 17:24:16	361,750	0,002	0,0190	-0,117	-1,1736
15.01.2026 17:24:16	361,800	0,002	0,0182	-0,117	-1,1746
15.01.2026 17:24:16	361,850	0,002	0,0160	-0,118	-1,1768
15.01.2026 17:24:16	361,900	0,002	0,0163	-0,118	-1,1757
15.01.2026 17:24:16	361,950	0,002	0,0165	-0,118	-1,1771
15.01.2026 17:24:17	362,000	0,002	0,0193	-0,117	-1,1743
15.01.2026 17:24:17	362,050	0,002	0,0158	-0,118	-1,1784
15.01.2026 17:24:17	362,100	0,002	0,0170	-0,118	-1,1755
15.01.2026 17:24:17	362,150	0,002	0,0163	-0,118	-1,1777
15.01.2026 17:24:17	362,200	0,002	0,0189	-0,117	-1,1731
15.01.2026 17:24:17	362,250	0,002	0,0178	-0,118	-1,1763
15.01.2026 17:24:17	362,300	0,002	0,0160	-0,118	-1,1760
15.01.2026 17:24:17	362,350	0,002	0,0159	-0,118	-1,1779
15.01.2026 17:24:17	362,400	0,002	0,0166	-0,118	-1,1759
15.01.2026 17:24:17	362,450	0,002	0,0176	-0,118	-1,1770
15.01.2026 17:24:17	362,500	0,002	0,0166	-0,118	-1,1760
15.01.2026 17:24:17	362,550	0,002	0,0201	-0,117	-1,1736
15.01.2026 17:24:17	362,600	0,001	0,0143	-0,118	-1,1789
15.01.2026 17:24:17	362,650	0,002	0,0172	-0,118	-1,1774
15.01.2026 17:24:17	362,700	0,002	0,0165	-0,118	-1,1756
15.01.2026 17:24:17	362,750	0,002	0,0194	-0,117	-1,1744
15.01.2026 17:24:17	362,800	0,001	0,0133	-0,118	-1,1787
15.01.2026 17:24:17	362,850	0,002	0,0186	-0,117	-1,1747
15.01.2026 17:24:17	362,900	0,002	0,0181	-0,117	-1,1738
15.01.2026 17:24:17	362,950	0,002	0,0172	-0,118	-1,1777
15.01.2026 17:24:18	363,000	0,002	0,0184	-0,117	-1,1743
15.01.2026 17:24:18	363,050	0,002	0,0159	-0,118	-1,1780
15.01.2026 17:24:18	363,100	0,002	0,0176	-0,117	-1,1746
15.01.2026 17:24:18	363,150	0,002	0,0188	-0,118	-1,1750
15.01.2026 17:24:18	363,200	0,002	0,0170	-0,118	-1,1750
15.01.2026 17:24:18	363,250	0,002	0,0175	-0,118	-1,1761
15.01.2026 17:24:18	363,300	0,002	0,0190	-0,117	-1,1730
15.01.2026 17:24:18	363,350	0,002	0,0192	-0,117	-1,1740
15.01.2026 17:24:18	363,400	0,001	0,0150	-0,118	-1,1768
15.01.2026 17:24:18	363,450	0,002	0,0183	-0,118	-1,1756
15.01.2026 17:24:18	363,500	0,002	0,0206	-0,117	-1,1712
15.01.2026 17:24:18	363,550	0,002	0,0198	-0,117	-1,1734
15.01.2026 17:24:18	363,600	0,002	0,0190	-0,117	-1,1734
15.01.2026 17:24:18	363,650	0,002	0,0190	-0,118	-1,1761
15.01.2026 17:24:18	363,700	0,002	0,0173	-0,118	-1,1755
15.01.2026 17:24:18	363,750	0,002	0,0185	-0,118	-1,1759
15.01.2026 17:24:18	363,800	0,002	0,0197	-0,117	-1,1725
15.01.2026 17:24:18	363,850	0,002	0,0171	-0,118	-1,1761
15.01.2026 17:24:18	363,900	0,002	0,0201	-0,117	-1,1712
15.01.2026 17:24:18	363,950	0,002	0,0172	-0,118	-1,1767
15.01.2026 17:24:19	364,000	0,002	0,0193	-0,117	-1,1733
15.01.2026 17:24:19	364,050	0,002	0,0201	-0,117	-1,1725
15.01.2026 17:24:19	364,100	0,002	0,0168	-0,117	-1,1749
15.01.2026 17:24:19	364,150	0,002	0,0176	-0,118	-1,1763
15.01.2026 17:24:19	364,200	0,002	0,0181	-0,117	-1,1733
15.01.2026 17:24:19	364,250	0,002	0,0151	-0,118	-1,1781
15.01.2026 17:24:19	364,300	0,002	0,0160	-0,118	-1,1758
15.01.2026 17:24:19	364,350	0,002	0,0212	-0,117	-1,1721
15.01.2026 17:24:19	364,400	0,002	0,0167	-0,117	-1,1744
15.01.2026 17:24:19	364,450	0,002	0,0162	-0,118	-1,1770
15.01.2026 17:24:19	364,500	0,002	0,0188	-0,117	-1,1727
15.01.2026 17:24:19	364,550	0,002	0,0191	-0,117	-1,1742
15.01.2026 17:24:19	364,600	0,002	0,0180	-0,117	-1,1735
15.01.2026 17:24:19	364,650	0,002	0,0200	-0,117	-1,1743
15.01.2026 17:24:19	364,700	0,002	0,0169	-0,117	-1,1746
15.01.2026 17:24:19	364,750	0,002	0,0202	-0,117	-1,1737
15.01.2026 17:24:19	364,800	0,002	0,0164	-0,118	-1,1761
15.01.2026 17:24:19	364,850	0,002	0,0196	-0,117	-1,1733
15.01.2026 17:24:19	364,900	0,002	0,0172	-0,117	-1,1746
15.01.2026 17:24:19	364,950	0,002	0,0178	-0,118	-1,1762
15.01.2026 17:24:20	365,000	0,002	0,0182	-0,117	-1,1727
15.01.2026 17:24:20	365,050	0,002	0,0164	-0,118	-1,1775
15.01.2026 17:24:20	365,100	0,002	0,0187	-0,117	-1,1717
15.01.2026 17:24:20	365,150	0,002	0,0172	-0,118	-1,1763
15.01.2026 17:24:20	365,200	0,002	0,0200	-0,117	-1,1713
15.01.2026 17:24:20	365,250	0,002	0,0179	-0,117	-1,1746
15.01.2026 17:24:20	365,300	0,002	0,0165	-0,117	-1,1742
15.01.2026 17:24:20	365,350	0,002	0,0166	-0,118	-1,1767
15.01.2026 17:24:20	365,400	0,002	0,0186	-0,117	-1,1718
15.01.2026 17:24:20	365,450	0,002	0,0172	-0,118	-1,1762
15.01.2026 17:24:20	365,500	0,002	0,0160	-0,118	-1,1756
15.01.2026 17:24:20	365,550	0,002	0,0170	-0,118	-1,1769
15.01.2026 17:24:20	365,600	0,002	0,0173	-0,117	-1,1736
15.01.2026 17:24:20	365,650	0,002	0,0187	-0,118	-1,1753
15.01.2026 17:24:20	365,700	0,002	0,0168	-0,117	-1,1741
15.01.2026 17:24:20	365,750	0,002	0,0177	-0,118	-1,1760
15.01.2026 17:24:20	365,800	0,002	0,0202	-0,117	-1,1707
15.01.2026 17:24:20	365,850	0,002	0,0161	-0,118	-1,1770
15.01.2026 17:24:20	365,900	0,002	0,0189	-0,117	-1,1717
15.01.2026 17:24:20	365,950	0,002	0,0204	-0,117	-1,1734
15.01.2026 17:24:21	366,000	0,002	0,0188	-0,117	-1,1712
15.01.2026 17:24:21	366,050	0,002	0,0175	-0,118	-1,1762
15.01.2026 17:24:21	366,100	0,002	0,0159	-0,117	-1,1743
15.01.2026 17:24:21	366,150	0,001	0,0125	-0,118	-1,1805
15.01.2026 17:24:21	366,200	0,002	0,0163	-0,117	-1,1739
15.01.2026 17:24:21	366,250	0,002	0,0161	-0,118	-1,1782
15.01.2026 17:24:21	366,300	0,002	0,0171	-0,117	-1,1729
15.01.2026 17:24:21	366,350	0,002	0,0188	-0,118	-1,1755
15.01.2026 17:24:21	366,400	0,002	0,0183	-0,117	-1,1716
15.01.2026 17:24:21	366,450	0,002	0,0196	-0,117	-1,1744
15.01.2026 17:24:21	366,500	0,002	0,0186	-0,117	-1,1724
15.01.2026 17:24:21	366,550	0,002	0,0181	-0,118	-1,1766
15.01.2026 17:24:21	366,600	0,002	0,0161	-0,117	-1,1743
15.01.2026 17:24:21	366,650	0,002	0,0188	-0,118	-1,1761
15.01.2026 17:24:21	366,700	0,002	0,0200	-0,117	-1,1698
15.01.2026 17:24:21	366,750	0,002	0,0170	-0,118	-1,1775
15.01.2026 17:24:21	366,800	0,002	0,0180	-0,117	-1,1720
15.01.2026 17:24:21	366,850	0,002	0,0173	-0,118	-1,1762
15.01.2026 17:24:21	366,900	0,002	0,0152	-0,117	-1,1743
15.01.2026 17:24:21	366,950	0,002	0,0196	-0,117	-1,1744
15.01.2026 17:24:22	367,000	0,002	0,0183	-0,117	-1,1725
15.01.2026 17:24:22	367,050	0,002	0,0204	-0,117	-1,1742
15.01.2026 17:24:22	367,100	0,002	0,0166	-0,117	-1,1744
15.01.2026 17:24:22	367,150	0,002	0,0187	-0,118	-1,1760
15.01.2026 17:24:22	367,200	0,002	0,0172	-0,117	-1,1732
15.01.2026 17:24:22	367,250	0,002	0,0172	-0,118	-1,1768
15.01.2026 17:24:22	367,300	0,002	0,0184	-0,117	-1,1719
15.01.2026 17:24:22	367,350	0,002	0,0155	-0,118	-1,1789
15.01.2026 17:24:22	367,400	0,001	0,0139	-0,118	-1,1752
15.01.2026 17:24:22	367,450	0,002	0,0170	-0,118	-1,1772
15.01.2026 17:24:22	367,500	0,002	0,0169	-0,117	-1,1726
15.01.2026 17:24:22	367,550	0,002	0,0187	-0,117	-1,1749
15.01.2026 17:24:22	367,600	0,002	0,0172	-0,117	-1,1729
15.01.2026 17:24:22	367,650	0,002	0,0155	-0,118	-1,1796
15.01.2026 17:24:22	367,700	0,002	0,0169	-0,117	-1,1732
15.01.2026 17:24:22	367,750	0,002	0,0164	-0,118	-1,1777
15.01.2026 17:24:22	367,800	0,002	0,0180	-0,117	-1,1715
15.01.2026 17:24:22	367,850	0,002	0,0176	-0,118	-1,1771
15.01.2026 17:24:22	367,900	0,002	0,0172	-0,117	-1,1736
15.01.2026 17:24:22	367,950	0,002	0,0205	-0,117	-1,1747
15.01.2026 17:24:23	368,000	0,002	0,0180	-0,117	-1,1709
15.01.2026 17:24:23	368,050	0,002	0,0182	-0,118	-1,1766
15.01.2026 17:24:23	368,100	0,002	0,0170	-0,117	-1,1730
15.01.2026 17:24:23	368,150	0,002	0,0188	-0,118	-1,1761
15.01.2026 17:24:23	368,200	0,002	0,0182	-0,117	-1,1715
15.01.2026 17:24:23	368,250	0,002	0,0165	-0,118	-1,1776
15.01.2026 17:24:23	368,300	0,001	0,0141	-0,118	-1,1766
15.01.2026 17:24:23	368,350	0,002	0,0183	-0,118	-1,1763
15.01.2026 17:24:23	368,400	0,002	0,0185	-0,117	-1,1713
15.01.2026 17:24:23	368,450	0,002	0,0183	-0,118	-1,1766
15.01.2026 17:24:23	368,500	0,002	0,0190	-0,117	-1,1709
15.01.2026 17:24:23	368,550	0,002	0,0169	-0,118	-1,1775
15.01.2026 17:24:23	368,600	0,002	0,0171	-0,117	-1,1727
15.01.2026 17:24:23	368,650	0,002	0,0173	-0,118	-1,1770
15.01.2026 17:24:23	368,700	0,002	0,0216	-0,117	-1,1691
15.01.2026 17:24:23	368,750	0,002	0,0173	-0,118	-1,1770
15.01.2026 17:24:23	368,800	0,002	0,0168	-0,117	-1,1725
15.01.2026 17:24:23	368,850	0,002	0,0174	-0,118	-1,1767
15.01.2026 17:24:23	368,900	0,002	0,0187	-0,117	-1,1709
15.01.2026 17:24:23	368,950	0,002	0,0190	-0,118	-1,1757
15.01.2026 17:24:24	369,000	0,002	0,0164	-0,117	-1,1732
15.01.2026 17:24:24	369,050	0,002	0,0184	-0,118	-1,1764
15.01.2026 17:24:24	369,100	0,002	0,0172	-0,117	-1,1712
15.01.2026 17:24:24	369,150	0,002	0,0190	-0,118	-1,1763
15.01.2026 17:24:24	369,200	0,002	0,0187	-0,117	-1,1712
15.01.2026 17:24:24	369,250	0,002	0,0182	-0,118	-1,1760
15.01.2026 17:24:24	369,300	0,002	0,0163	-0,117	-1,1726
15.01.2026 17:24:24	369,350	0,002	0,0154	-0,118	-1,1790
15.01.2026 17:24:24	369,400	0,002	0,0153	-0,117	-1,1736
15.01.2026 17:24:24	369,450	0,002	0,0190	-0,118	-1,1752
15.01.2026 17:24:24	369,500	0,002	0,0195	-0,117	-1,1710
15.01.2026 17:24:24	369,550	0,002	0,0214	-0,117	-1,1728
15.01.2026 17:24:24	369,600	0,002	0,0168	-0,117	-1,1726
15.01.2026 17:24:24	369,650	0,002	0,0189	-0,118	-1,1755
15.01.2026 17:24:24	369,700	0,002	0,0170	-0,117	-1,1720
15.01.2026 17:24:24	369,750	0,002	0,0164	-0,118	-1,1793
15.01.2026 17:24:24	369,800	0,002	0,0203	-0,117	-1,1685
15.01.2026 17:24:24	369,850	0,002	0,0179	-0,118	-1,1770
15.01.2026 17:24:24	369,900	0,002	0,0159	-0,117	-1,1733
15.01.2026 17:24:24	369,950	0,002	0,0173	-0,118	-1,1775
15.01.2026 17:24:25	370,000	0,002	0,0164	-0,117	-1,1720
15.01.2026 17:24:25	370,050	0,002	0,0184	-0,118	-1,1761
15.01.2026 17:24:25	370,100	0,002	0,0174	-0,117	-1,1718
15.01.2026 17:24:25	370,150	0,001	0,0137	-0,118	-1,1815
15.01.2026 17:24:25	370,200	0,002	0,0180	-0,117	-1,1713
15.01.2026 17:24:25	370,250	0,002	0,0162	-0,118	-1,1782
15.01.2026 17:24:25	370,300	0,002	0,0167	-0,117	-1,1720
15.01.2026 17:24:25	370,350	0,002	0,0157	-0,118	-1,1790
15.01.2026 17:24:25	370,400	0,002	0,0189	-0,117	-1,1698
15.01.2026 17:24:25	370,450	0,001	0,0144	-0,118	-1,1799
15.01.2026 17:24:25	370,500	0,002	0,0170	-0,117	-1,1726
15.01.2026 17:24:25	370,550	0,002	0,0152	-0,118	-1,1792
15.01.2026 17:24:25	370,600	0,002	0,0178	-0,117	-1,1711
15.01.2026 17:24:25	370,650	0,001	0,0131	-0,118	-1,1801
15.01.2026 17:24:25	370,700	0,002	0,0158	-0,117	-1,1727
15.01.2026 17:24:25	370,750	0,002	0,0188	-0,118	-1,1755
15.01.2026 17:24:25	370,800	0,002	0,0153	-0,117	-1,1739
15.01.2026 17:24:25	370,850	0,002	0,0213	-0,117	-1,1734
15.01.2026 17:24:25	370,900	0,002	0,0163	-0,117	-1,1716
15.01.2026 17:24:25	370,950	0,001	0,0149	-0,118	-1,1799
15.01.2026 17:24:26	371,000	0,001	0,0141	-0,117	-1,1735
15.01.2026 17:24:26	371,050	0,002	0,0159	-0,118	-1,1788
15.01.2026 17:24:26	371,100	0,002	0,0192	-0,117	-1,1694
15.01.2026 17:24:26	371,150	0,002	0,0156	-0,118	-1,1780
15.01.2026 17:24:26	371,200	0,002	0,0183	-0,117	-1,1705
15.01.2026 17:24:26	371,250	0,002	0,0202	-0,117	-1,1737
15.01.2026 17:24:26	371,300	0,002	0,0177	-0,117	-1,1702
15.01.2026 17:24:26	371,350	0,002	0,0178	-0,118	-1,1769
15.01.2026 17:24:26	371,400	0,002	0,0155	-0,117	-1,1736
15.01.2026 17:24:26	371,450	0,002	0,0205	-0,117	-1,1745
15.01.2026 17:24:26	371,500	0,002	0,0179	-0,117	-1,1709
15.01.2026 17:24:26	371,550	0,002	0,0171	-0,118	-1,1768
15.01.2026 17:24:26	371,600	0,002	0,0194	-0,117	-1,1687
15.01.2026 17:24:26	371,650	0,002	0,0181	-0,118	-1,1767
15.01.2026 17:24:26	371,700	0,002	0,0156	-0,117	-1,1725
15.01.2026 17:24:26	371,750	0,002	0,0195	-0,117	-1,1747
15.01.2026 17:24:26	371,800	0,002	0,0177	-0,117	-1,1692
15.01.2026 17:24:26	371,850	0,002	0,0167	-0,118	-1,1771
15.01.2026 17:24:26	371,900	0,002	0,0181	-0,117	-1,1696
15.01.2026 17:24:26	371,950	0,002	0,0188	-0,118	-1,1754
15.01.2026 17:24:27	372,000	0,002	0,0163	-0,117	-1,1715
15.01.2026 17:24:27	372,050	0,002	0,0171	-0,118	-1,1771
15.01.2026 17:24:27	372,100	0,002	0,0171	-0,117	-1,1712
15.01.2026 17:24:27	372,150	0,002	0,0154	-0,118	-1,1792
15.01.2026 17:24:27	372,200	0,001	0,0141	-0,117	-1,1744
15.01.2026 17:24:27	372,250	0,002	0,0167	-0,118	-1,1779
15.01.2026 17:24:27	372,300	0,002	0,0190	-0,117	-1,1694
15.01.2026 17:24:27	372,350	0,002	0,0189	-0,118	-1,1756
15.01.2026 17:24:27	372,400	0,002	0,0169	-0,117	-1,1710
15.01.2026 17:24:27	372,450	0,002	0,0204	-0,118	-1,1750
15.01.2026 17:24:27	372,500	0,002	0,0188	-0,117	-1,1694
15.01.2026 17:24:27	372,550	0,002	0,0186	-0,118	-1,1754
15.01.2026 17:24:27	372,600	0,002	0,0167	-0,117	-1,1720
15.01.2026 17:24:27	372,650	0,002	0,0200	-0,118	-1,1756
15.01.2026 17:24:27	372,700	0,002	0,0162	-0,117	-1,1720
15.01.2026 17:24:27	372,750	0,002	0,0189	-0,118	-1,1765
15.01.2026 17:24:27	372,800	0,002	0,0167	-0,117	-1,1713
15.01.2026 17:24:27	372,850	0,002	0,0156	-0,118	-1,1793
15.01.2026 17:24:27	372,900	0,002	0,0165	-0,117	-1,1717
15.01.2026 17:24:27	372,950	0,002	0,0188	-0,118	-1,1769
15.01.2026 17:24:28	373,000	0,002	0,0160	-0,117	-1,1708
15.01.2026 17:24:28	373,050	0,002	0,0169	-0,118	-1,1777
15.01.2026 17:24:28	373,100	0,002	0,0200	-0,117	-1,1680
15.01.2026 17:24:28	373,150	0,002	0,0185	-0,118	-1,1764
15.01.2026 17:24:28	373,200	0,002	0,0190	-0,117	-1,1690
15.01.2026 17:24:28	373,250	0,002	0,0163	-0,118	-1,1785
15.01.2026 17:24:28	373,300	0,002	0,0158	-0,117	-1,1725
15.01.2026 17:24:28	373,350	0,002	0,0170	-0,118	-1,1765
15.01.2026 17:24:28	373,400	0,002	0,0180	-0,117	-1,1689
15.01.2026 17:24:28	373,450	0,002	0,0205	-0,118	-1,1752
15.01.2026 17:24:28	373,500	0,002	0,0188	-0,117	-1,1695
15.01.2026 17:24:28	373,550	0,002	0,0178	-0,118	-1,1764
15.01.2026 17:24:28	373,600	0,002	0,0159	-0,117	-1,1715
15.01.2026 17:24:28	373,650	0,002	0,0193	-0,118	-1,1761
15.01.2026 17:24:28	373,700	0,002	0,0173	-0,117	-1,1705
15.01.2026 17:24:28	373,750	0,002	0,0188	-0,117	-1,1744
15.01.2026 17:24:28	373,800	0,002	0,0167	-0,117	-1,1709
15.01.2026 17:24:28	373,850	0,002	0,0176	-0,118	-1,1768
15.01.2026 17:24:28	373,900	0,002	0,0198	-0,117	-1,1682
15.01.2026 17:24:28	373,950	0,002	0,0187	-0,118	-1,1757
15.01.2026 17:24:29	374,000	0,002	0,0189	-0,117	-1,1686
15.01.2026 17:24:29	374,050	0,002	0,0201	-0,117	-1,1747
15.01.2026 17:24:29	374,100	0,002	0,0191	-0,117	-1,1666
15.01.2026 17:24:29	374,150	0,002	0,0170	-0,118	-1,1769
15.01.2026 17:24:29	374,200	0,002	0,0173	-0,117	-1,1703
15.01.2026 17:24:29	374,250	0,002	0,0197	-0,117	-1,1744
15.01.2026 17:24:29	374,300	0,002	0,0167	-0,117	-1,1695
15.01.2026 17:24:29	374,350	0,002	0,0219	-0,117	-1,1726
15.01.2026 17:24:29	374,400	0,002	0,0205	-0,117	-1,1665
15.01.2026 17:24:29	374,450	0,002	0,0199	-0,118	-1,1751
15.01.2026 17:24:29	374,500	0,002	0,0180	-0,117	-1,1695
15.01.2026 17:24:29	374,550	0,002	0,0164	-0,118	-1,1777
15.01.2026 17:24:29	374,600	0,002	0,0195	-0,117	-1,1679
15.01.2026 17:24:29	374,650	0,002	0,0176	-0,118	-1,1773
15.01.2026 17:24:29	374,700	0,002	0,0190	-0,117	-1,1676
15.01.2026 17:24:29	374,750	0,002	0,0183	-0,118	-1,1763
15.01.2026 17:24:29	374,800	0,002	0,0199	-0,117	-1,1672
15.01.2026 17:24:29	374,850	0,002	0,0162	-0,118	-1,1769
15.01.2026 17:24:29	374,900	0,002	0,0186	-0,117	-1,1690
15.01.2026 17:24:29	374,950	0,002	0,0198	-0,117	-1,1750
15.01.2026 17:24:30	375,000	0,002	0,0187	-0,117	-1,1680
15.01.2026 17:24:30	375,050	0,002	0,0171	-0,118	-1,1784
15.01.2026 17:24:30	375,100	0,002	0,0170	-0,117	-1,1692
15.01.2026 17:24:30	375,150	0,002	0,0163	-0,118	-1,1775
15.01.2026 17:24:30	375,200	0,002	0,0174	-0,117	-1,1697
15.01.2026 17:24:30	375,250	0,002	0,0188	-0,118	-1,1757
15.01.2026 17:24:30	375,300	0,002	0,0210	-0,117	-1,1662
15.01.2026 17:24:30	375,350	0,002	0,0168	-0,118	-1,1774
15.01.2026 17:24:30	375,400	0,002	0,0171	-0,117	-1,1692
15.01.2026 17:24:30	375,450	0,002	0,0191	-0,117	-1,1745
15.01.2026 17:24:30	375,500	0,002	0,0177	-0,117	-1,1691
15.01.2026 17:24:30	375,550	0,002	0,0189	-0,118	-1,1762
15.01.2026 17:24:30	375,600	0,002	0,0192	-0,117	-1,1675
15.01.2026 17:24:30	375,650	0,002	0,0176	-0,118	-1,1762
15.01.2026 17:24:30	375,700	0,002	0,0180	-0,117	-1,1676
15.01.2026 17:24:30	375,750	0,002	0,0183	-0,118	-1,1762
15.01.2026 17:24:30	375,800	0,002	0,0207	-0,116	-1,1650
15.01.2026 17:24:30	375,850	0,002	0,0197	-0,117	-1,1742
15.01.2026 17:24:30	375,900	0,002	0,0172	-0,117	-1,1692
15.01.2026 17:24:30	375,950	0,002	0,0199	-0,117	-1,1743
15.01.2026 17:24:31	376,000	0,002	0,0173	-0,117	-1,1688
15.01.2026 17:24:31	376,050	0,002	0,0197	-0,117	-1,1748
15.01.2026 17:24:31	376,100	0,002	0,0192	-0,117	-1,1673
