Datum und Zeit Messreihe #1	Zeit (s) Messreihe #1	Spannung, Ch A (V) Messreihe #1	Stromsonde (PS-2184), Ch A (A) Messreihe #1	Spannung, Ch B (V) Messreihe #1	Stromsonde (PS-2184), Ch B (A) Messreihe #1
15.01.2026 14:42:50	0,000	-0,074	-0,7445	0,531	5,3132
15.01.2026 14:42:50	0,050	-0,075	-0,7476	0,532	5,3173
15.01.2026 14:42:50	0,100	-0,075	-0,7464	0,531	5,3113
15.01.2026 14:42:50	0,150	-0,075	-0,7451	0,532	5,3204
15.01.2026 14:42:50	0,200	-0,075	-0,7476	0,531	5,3117
15.01.2026 14:42:50	0,250	-0,075	-0,7470	0,532	5,3192
15.01.2026 14:42:50	0,300	-0,075	-0,7459	0,531	5,3133
15.01.2026 14:42:50	0,350	-0,075	-0,7469	0,532	5,3187
15.01.2026 14:42:50	0,400	-0,075	-0,7498	0,531	5,3086
15.01.2026 14:42:50	0,450	-0,075	-0,7489	0,532	5,3170
15.01.2026 14:42:50	0,500	-0,075	-0,7467	0,531	5,3111
15.01.2026 14:42:50	0,550	-0,075	-0,7468	0,532	5,3198
15.01.2026 14:42:50	0,600	-0,074	-0,7443	0,531	5,3147
15.01.2026 14:42:50	0,650	-0,075	-0,7481	0,532	5,3169
15.01.2026 14:42:50	0,700	-0,075	-0,7478	0,531	5,3116
15.01.2026 14:42:50	0,750	-0,075	-0,7504	0,532	5,3154
15.01.2026 14:42:50	0,800	-0,075	-0,7468	0,531	5,3115
15.01.2026 14:42:50	0,850	-0,075	-0,7471	0,532	5,3193
15.01.2026 14:42:50	0,900	-0,075	-0,7471	0,531	5,3102
15.01.2026 14:42:50	0,950	-0,075	-0,7486	0,532	5,3164
15.01.2026 14:42:51	1,000	-0,075	-0,7506	0,531	5,3081
15.01.2026 14:42:51	1,050	-0,075	-0,7472	0,532	5,3188
15.01.2026 14:42:51	1,100	-0,075	-0,7494	0,531	5,3099
15.01.2026 14:42:51	1,150	-0,075	-0,7504	0,531	5,3147
15.01.2026 14:42:51	1,200	-0,075	-0,7475	0,531	5,3117
15.01.2026 14:42:51	1,250	-0,075	-0,7497	0,532	5,3159
15.01.2026 14:42:51	1,300	-0,075	-0,7476	0,531	5,3116
15.01.2026 14:42:51	1,350	-0,075	-0,7475	0,532	5,3184
15.01.2026 14:42:51	1,400	-0,075	-0,7494	0,531	5,3096
15.01.2026 14:42:51	1,450	-0,075	-0,7489	0,532	5,3172
15.01.2026 14:42:51	1,500	-0,075	-0,7481	0,531	5,3114
15.01.2026 14:42:51	1,550	-0,075	-0,7488	0,532	5,3171
15.01.2026 14:42:51	1,600	-0,075	-0,7485	0,531	5,3108
15.01.2026 14:42:51	1,650	-0,075	-0,7481	0,532	5,3175
15.01.2026 14:42:51	1,700	-0,075	-0,7462	0,531	5,3134
15.01.2026 14:42:51	1,750	-0,075	-0,7464	0,532	5,3195
15.01.2026 14:42:51	1,800	-0,075	-0,7506	0,531	5,3083
15.01.2026 14:42:51	1,850	-0,075	-0,7493	0,532	5,3172
15.01.2026 14:42:51	1,900	-0,075	-0,7484	0,531	5,3112
15.01.2026 14:42:51	1,950	-0,075	-0,7452	0,532	5,3201
15.01.2026 14:42:52	2,000	-0,075	-0,7500	0,531	5,3094
15.01.2026 14:42:52	2,050	-0,075	-0,7453	0,532	5,3213
15.01.2026 14:42:52	2,100	-0,075	-0,7462	0,531	5,3138
15.01.2026 14:42:52	2,150	-0,075	-0,7474	0,532	5,3189
15.01.2026 14:42:52	2,200	-0,075	-0,7481	0,531	5,3114
15.01.2026 14:42:52	2,250	-0,075	-0,7467	0,532	5,3180
15.01.2026 14:42:52	2,300	-0,075	-0,7484	0,531	5,3119
15.01.2026 14:42:52	2,350	-0,075	-0,7480	0,532	5,3179
15.01.2026 14:42:52	2,400	-0,075	-0,7480	0,531	5,3113
15.01.2026 14:42:52	2,450	-0,075	-0,7503	0,532	5,3156
15.01.2026 14:42:52	2,500	-0,075	-0,7504	0,531	5,3103
15.01.2026 14:42:52	2,550	-0,075	-0,7496	0,532	5,3178
15.01.2026 14:42:52	2,600	-0,075	-0,7465	0,531	5,3136
15.01.2026 14:42:52	2,650	-0,075	-0,7476	0,532	5,3187
15.01.2026 14:42:52	2,700	-0,075	-0,7519	0,531	5,3081
15.01.2026 14:42:52	2,750	-0,074	-0,7429	0,532	5,3200
15.01.2026 14:42:52	2,800	-0,072	-0,7206	0,531	5,3108
15.01.2026 14:42:52	2,850	-0,067	-0,6696	0,532	5,3160
15.01.2026 14:42:52	2,900	-0,058	-0,5753	0,531	5,3133
15.01.2026 14:42:52	2,950	-0,041	-0,4138	0,532	5,3187
15.01.2026 14:42:53	3,000	-0,023	-0,2313	0,531	5,3126
15.01.2026 14:42:53	3,050	-0,007	-0,0653	0,532	5,3168
15.01.2026 14:42:53	3,100	0,006	0,0552	0,531	5,3101
15.01.2026 14:42:53	3,150	0,023	0,2308	0,532	5,3162
15.01.2026 14:42:53	3,200	0,044	0,4384	0,531	5,3112
15.01.2026 14:42:53	3,250	0,057	0,5729	0,532	5,3170
15.01.2026 14:42:53	3,300	0,074	0,7369	0,531	5,3088
15.01.2026 14:42:53	3,350	0,095	0,9467	0,532	5,3169
15.01.2026 14:42:53	3,400	0,107	1,0734	0,531	5,3108
15.01.2026 14:42:53	3,450	0,117	1,1700	0,532	5,3195
15.01.2026 14:42:53	3,500	0,127	1,2664	0,531	5,3088
15.01.2026 14:42:53	3,550	0,139	1,3889	0,532	5,3161
15.01.2026 14:42:53	3,600	0,148	1,4830	0,531	5,3106
15.01.2026 14:42:53	3,650	0,161	1,6120	0,532	5,3203
15.01.2026 14:42:53	3,700	0,174	1,7393	0,531	5,3094
15.01.2026 14:42:53	3,750	0,189	1,8906	0,532	5,3171
15.01.2026 14:42:53	3,800	0,204	2,0411	0,531	5,3106
15.01.2026 14:42:53	3,850	0,220	2,1999	0,532	5,3197
15.01.2026 14:42:53	3,900	0,231	2,3120	0,531	5,3086
15.01.2026 14:42:53	3,950	0,245	2,4484	0,532	5,3180
15.01.2026 14:42:54	4,000	0,257	2,5706	0,531	5,3108
15.01.2026 14:42:54	4,050	0,276	2,7556	0,532	5,3175
15.01.2026 14:42:54	4,100	0,293	2,9265	0,531	5,3120
15.01.2026 14:42:54	4,150	0,309	3,0871	0,532	5,3172
15.01.2026 14:42:54	4,200	0,323	3,2305	0,531	5,3114
15.01.2026 14:42:54	4,250	0,337	3,3694	0,532	5,3183
15.01.2026 14:42:54	4,300	0,350	3,4987	0,531	5,3116
15.01.2026 14:42:54	4,350	0,366	3,6584	0,532	5,3177
15.01.2026 14:42:54	4,400	0,386	3,8626	0,531	5,3145
15.01.2026 14:42:54	4,450	0,403	4,0310	0,532	5,3193
15.01.2026 14:42:54	4,500	0,417	4,1733	0,531	5,3123
15.01.2026 14:42:54	4,550	0,435	4,3505	0,532	5,3211
15.01.2026 14:42:54	4,600	0,452	4,5223	0,531	5,3144
15.01.2026 14:42:54	4,650	0,468	4,6826	0,532	5,3200
15.01.2026 14:42:54	4,700	0,478	4,7843	0,531	5,3137
15.01.2026 14:42:54	4,750	0,491	4,9103	0,532	5,3218
15.01.2026 14:42:54	4,800	0,506	5,0550	0,532	5,3154
15.01.2026 14:42:54	4,850	0,515	5,1500	0,532	5,3208
15.01.2026 14:42:54	4,900	0,519	5,1883	0,531	5,3140
15.01.2026 14:42:54	4,950	0,522	5,2153	0,532	5,3175
15.01.2026 14:42:55	5,000	0,521	5,2094	0,531	5,3133
15.01.2026 14:42:55	5,050	0,507	5,0730	0,532	5,3197
15.01.2026 14:42:55	5,100	0,489	4,8931	0,531	5,3081
15.01.2026 14:42:55	5,150	0,481	4,8126	0,532	5,3205
15.01.2026 14:42:55	5,200	0,476	4,7617	0,532	5,3150
15.01.2026 14:42:55	5,250	0,474	4,7446	0,532	5,3226
15.01.2026 14:42:55	5,300	0,472	4,7206	0,531	5,3106
15.01.2026 14:42:55	5,350	0,472	4,7236	0,532	5,3205
15.01.2026 14:42:55	5,400	0,471	4,7143	0,531	5,3144
15.01.2026 14:42:55	5,450	0,472	4,7180	0,532	5,3198
15.01.2026 14:42:55	5,500	0,471	4,7110	0,531	5,3127
15.01.2026 14:42:55	5,550	0,472	4,7185	0,532	5,3210
15.01.2026 14:42:55	5,600	0,471	4,7113	0,531	5,3135
15.01.2026 14:42:55	5,650	0,472	4,7170	0,532	5,3214
15.01.2026 14:42:55	5,700	0,473	4,7308	0,531	5,3123
15.01.2026 14:42:55	5,750	0,481	4,8088	0,532	5,3191
15.01.2026 14:42:55	5,800	0,484	4,8437	0,531	5,3126
15.01.2026 14:42:55	5,850	0,487	4,8683	0,532	5,3170
15.01.2026 14:42:55	5,900	0,488	4,8760	0,531	5,3135
15.01.2026 14:42:55	5,950	0,489	4,8878	0,532	5,3218
15.01.2026 14:42:56	6,000	0,489	4,8856	0,531	5,3147
15.01.2026 14:42:56	6,050	0,489	4,8901	0,532	5,3196
15.01.2026 14:42:56	6,100	0,491	4,9112	0,532	5,3154
15.01.2026 14:42:56	6,150	0,501	5,0063	0,532	5,3190
15.01.2026 14:42:56	6,200	0,511	5,1122	0,531	5,3113
15.01.2026 14:42:56	6,250	0,518	5,1842	0,532	5,3185
15.01.2026 14:42:56	6,300	0,528	5,2812	0,531	5,3109
15.01.2026 14:42:56	6,350	0,546	5,4567	0,532	5,3206
15.01.2026 14:42:56	6,400	0,561	5,6079	0,531	5,3140
15.01.2026 14:42:56	6,450	0,570	5,7000	0,532	5,3193
15.01.2026 14:42:56	6,500	0,585	5,8478	0,531	5,3147
15.01.2026 14:42:56	6,550	0,609	6,0853	0,532	5,3217
15.01.2026 14:42:56	6,600	0,627	6,2684	0,531	5,3125
15.01.2026 14:42:56	6,650	0,639	6,3865	0,532	5,3177
15.01.2026 14:42:56	6,700	0,651	6,5114	0,531	5,3149
15.01.2026 14:42:56	6,750	0,665	6,6545	0,532	5,3216
15.01.2026 14:42:56	6,800	0,672	6,7238	0,531	5,3088
15.01.2026 14:42:56	6,850	0,677	6,7726	0,532	5,3179
15.01.2026 14:42:56	6,900	0,680	6,7957	0,531	5,3139
15.01.2026 14:42:56	6,950	0,691	6,9144	0,532	5,3186
15.01.2026 14:42:57	7,000	0,711	7,1073	0,532	5,3159
15.01.2026 14:42:57	7,050	0,724	7,2364	0,532	5,3228
15.01.2026 14:42:57	7,100	0,740	7,3951	0,531	5,3150
15.01.2026 14:42:57	7,150	0,760	7,6010	0,532	5,3208
15.01.2026 14:42:57	7,200	0,773	7,7291	0,532	5,3166
15.01.2026 14:42:57	7,250	0,779	7,7910	0,532	5,3219
15.01.2026 14:42:57	7,300	0,783	7,8303	0,532	5,3161
15.01.2026 14:42:57	7,350	0,786	7,8601	0,532	5,3220
15.01.2026 14:42:57	7,400	0,787	7,8657	0,531	5,3137
15.01.2026 14:42:57	7,450	0,795	7,9487	0,532	5,3228
15.01.2026 14:42:57	7,500	0,814	8,1435	0,531	5,3142
15.01.2026 14:42:57	7,550	0,835	8,3504	0,532	5,3211
15.01.2026 14:42:57	7,600	0,846	8,4551	0,532	5,3154
15.01.2026 14:42:57	7,650	0,855	8,5480	0,532	5,3201
15.01.2026 14:42:57	7,700	0,864	8,6448	0,532	5,3167
15.01.2026 14:42:57	7,750	0,871	8,7058	0,532	5,3201
15.01.2026 14:42:57	7,800	0,874	8,7425	0,531	5,3134
15.01.2026 14:42:57	7,850	0,885	8,8531	0,532	5,3226
15.01.2026 14:42:57	7,900	0,897	8,9664	0,532	5,3154
15.01.2026 14:42:57	7,950	0,903	9,0349	0,532	5,3212
15.01.2026 14:42:58	8,000	0,908	9,0798	0,532	5,3159
15.01.2026 14:42:58	8,050	0,918	9,1767	0,532	5,3209
15.01.2026 14:42:58	8,100	0,923	9,2254	0,532	5,3182
15.01.2026 14:42:58	8,150	0,926	9,2574	0,532	5,3210
15.01.2026 14:42:58	8,200	0,932	9,3188	0,532	5,3154
15.01.2026 14:42:58	8,250	0,945	9,4534	0,532	5,3204
15.01.2026 14:42:58	8,300	0,953	9,5344	0,531	5,3134
15.01.2026 14:42:58	8,350	0,966	9,6608	0,532	5,3202
15.01.2026 14:42:58	8,400	0,981	9,8076	0,532	5,3171
15.01.2026 14:42:58	8,450	0,989	9,8924	0,532	5,3191
15.01.2026 14:42:58	8,500	0,993	9,9293	0,532	5,3152
15.01.2026 14:42:58	8,550	0,996	9,9588	0,532	5,3214
15.01.2026 14:42:58	8,600	0,997	9,9724	0,532	5,3157
15.01.2026 14:42:58	8,650	1,005	10,0538	0,532	5,3240
15.01.2026 14:42:58	8,700	1,013	10,1281	0,532	5,3175
15.01.2026 14:42:58	8,750	1,024	10,2435	0,532	5,3211
15.01.2026 14:42:58	8,800	1,042	10,4155	0,532	5,3184
15.01.2026 14:42:58	8,850	1,056	10,5566	0,532	5,3213
15.01.2026 14:42:58	8,900	1,062	10,6218	0,532	5,3197
15.01.2026 14:42:58	8,950	1,069	10,6888	0,532	5,3235
15.01.2026 14:42:59	9,000	1,077	10,7680	0,531	5,3150
15.01.2026 14:42:59	9,050	1,083	10,8344	0,532	5,3215
15.01.2026 14:42:59	9,100	1,086	10,8555	0,532	5,3193
15.01.2026 14:42:59	9,150	1,087	10,8662	0,532	5,3223
15.01.2026 14:42:59	9,200	1,086	10,8600	0,532	5,3155
15.01.2026 14:42:59	9,250	1,087	10,8679	0,532	5,3210
15.01.2026 14:42:59	9,300	1,086	10,8634	0,532	5,3156
15.01.2026 14:42:59	9,350	1,087	10,8702	0,532	5,3225
15.01.2026 14:42:59	9,400	1,086	10,8650	0,532	5,3163
15.01.2026 14:42:59	9,450	1,087	10,8700	0,532	5,3211
15.01.2026 14:42:59	9,500	1,087	10,8658	0,532	5,3177
15.01.2026 14:42:59	9,550	1,087	10,8686	0,532	5,3192
15.01.2026 14:42:59	9,600	1,087	10,8670	0,532	5,3173
15.01.2026 14:42:59	9,650	1,087	10,8701	0,532	5,3214
15.01.2026 14:42:59	9,700	1,086	10,8641	0,532	5,3153
15.01.2026 14:42:59	9,750	1,087	10,8711	0,532	5,3206
15.01.2026 14:42:59	9,800	1,087	10,8676	0,532	5,3190
15.01.2026 14:42:59	9,850	1,087	10,8732	0,532	5,3230
15.01.2026 14:42:59	9,900	1,087	10,8701	0,532	5,3214
15.01.2026 14:42:59	9,950	1,087	10,8714	0,532	5,3214
15.01.2026 14:43:00	10,000	1,086	10,8644	0,531	5,3145
15.01.2026 14:43:00	10,050	1,088	10,8766	0,533	5,3270
15.01.2026 14:43:00	10,100	1,087	10,8679	0,532	5,3180
15.01.2026 14:43:00	10,150	1,087	10,8732	0,532	5,3235
15.01.2026 14:43:00	10,200	1,087	10,8678	0,532	5,3174
15.01.2026 14:43:00	10,250	1,087	10,8734	0,532	5,3225
15.01.2026 14:43:00	10,300	1,093	10,9282	0,532	5,3189
15.01.2026 14:43:00	10,350	1,119	11,1859	0,533	5,3256
15.01.2026 14:43:00	10,400	1,149	11,4874	0,532	5,3178
15.01.2026 14:43:00	10,450	1,178	11,7814	0,532	5,3221
15.01.2026 14:43:00	10,500	1,201	12,0141	0,532	5,3170
15.01.2026 14:43:00	10,550	1,224	12,2394	0,532	5,3234
15.01.2026 14:43:00	10,600	1,242	12,4238	0,532	5,3219
15.01.2026 14:43:00	10,650	1,263	12,6306	0,532	5,3219
15.01.2026 14:43:00	10,700	1,282	12,8182	0,532	5,3181
15.01.2026 14:43:00	10,750	1,303	13,0274	0,532	5,3239
15.01.2026 14:43:00	10,800	1,325	13,2530	0,532	5,3180
15.01.2026 14:43:00	10,850	1,348	13,4832	0,532	5,3236
15.01.2026 14:43:00	10,900	1,374	13,7363	0,532	5,3226
15.01.2026 14:43:00	10,950	1,396	13,9607	0,532	5,3230
15.01.2026 14:43:01	11,000	1,413	14,1307	0,532	5,3209
15.01.2026 14:43:01	11,050	1,434	14,3402	0,533	5,3267
15.01.2026 14:43:01	11,100	1,455	14,5479	0,532	5,3186
15.01.2026 14:43:01	11,150	1,473	14,7257	0,532	5,3232
15.01.2026 14:43:01	11,200	1,484	14,8398	0,532	5,3188
15.01.2026 14:43:01	11,250	1,503	15,0302	0,533	5,3270
15.01.2026 14:43:01	11,300	1,522	15,2167	0,532	5,3216
15.01.2026 14:43:01	11,350	1,533	15,3307	0,532	5,3245
15.01.2026 14:43:01	11,400	1,543	15,4292	0,532	5,3209
15.01.2026 14:43:01	11,450	1,557	15,5682	0,532	5,3247
15.01.2026 14:43:01	11,500	1,571	15,7114	0,532	5,3242
15.01.2026 14:43:01	11,550	1,584	15,8414	0,533	5,3257
15.01.2026 14:43:01	11,600	1,596	15,9600	0,532	5,3201
15.01.2026 14:43:01	11,650	1,605	16,0531	0,532	5,3240
15.01.2026 14:43:01	11,700	1,610	16,0962	0,532	5,3215
15.01.2026 14:43:01	11,750	1,619	16,1890	0,532	5,3235
15.01.2026 14:43:01	11,800	1,634	16,3393	0,532	5,3216
15.01.2026 14:43:01	11,850	1,651	16,5069	0,532	5,3244
15.01.2026 14:43:01	11,900	1,659	16,5935	0,532	5,3222
15.01.2026 14:43:01	11,950	1,665	16,6503	0,533	5,3268
15.01.2026 14:43:02	12,000	1,672	16,7209	0,532	5,3226
15.01.2026 14:43:02	12,050	1,683	16,8324	0,533	5,3262
15.01.2026 14:43:02	12,100	1,695	16,9453	0,532	5,3220
15.01.2026 14:43:02	12,150	1,708	17,0756	0,533	5,3281
15.01.2026 14:43:02	12,200	1,714	17,1413	0,532	5,3250
15.01.2026 14:43:02	12,250	1,718	17,1842	0,532	5,3248
15.01.2026 14:43:02	12,300	1,722	17,2217	0,532	5,3221
15.01.2026 14:43:02	12,350	1,732	17,3183	0,533	5,3255
15.01.2026 14:43:02	12,400	1,743	17,4284	0,532	5,3203
15.01.2026 14:43:02	12,450	1,757	17,5664	0,533	5,3299
15.01.2026 14:43:02	12,500	1,767	17,6691	0,532	5,3229
15.01.2026 14:43:02	12,550	1,781	17,8083	0,533	5,3289
15.01.2026 14:43:02	12,600	1,794	17,9406	0,532	5,3246
15.01.2026 14:43:02	12,650	1,804	18,0351	0,533	5,3306
15.01.2026 14:43:02	12,700	1,814	18,1393	0,532	5,3238
15.01.2026 14:43:02	12,750	1,828	18,2804	0,533	5,3298
15.01.2026 14:43:02	12,800	1,841	18,4103	0,532	5,3233
15.01.2026 14:43:02	12,850	1,860	18,6048	0,533	5,3277
15.01.2026 14:43:02	12,900	1,878	18,7802	0,532	5,3230
15.01.2026 14:43:02	12,950	1,889	18,8909	0,533	5,3303
15.01.2026 14:43:03	13,000	1,894	18,9387	0,533	5,3262
15.01.2026 14:43:03	13,050	1,906	19,0628	0,533	5,3292
15.01.2026 14:43:03	13,100	1,926	19,2607	0,533	5,3267
15.01.2026 14:43:03	13,150	1,939	19,3886	0,533	5,3256
15.01.2026 14:43:03	13,200	1,945	19,4520	0,533	5,3270
15.01.2026 14:43:03	13,250	1,951	19,5116	0,533	5,3272
15.01.2026 14:43:03	13,300	1,960	19,5966	0,533	5,3261
15.01.2026 14:43:03	13,350	1,967	19,6664	0,533	5,3264
15.01.2026 14:43:03	13,400	1,979	19,7865	0,533	5,3279
15.01.2026 14:43:03	13,450	1,992	19,9171	0,533	5,3281
15.01.2026 14:43:03	13,500	1,998	19,9779	0,533	5,3265
15.01.2026 14:43:03	13,550	2,002	20,0167	0,533	5,3297
15.01.2026 14:43:03	13,600	2,003	20,0270	0,533	5,3267
15.01.2026 14:43:03	13,650	2,004	20,0396	0,533	5,3280
15.01.2026 14:43:03	13,700	2,004	20,0397	0,533	5,3252
15.01.2026 14:43:03	13,750	2,004	20,0440	0,533	5,3257
15.01.2026 14:43:03	13,800	2,005	20,0452	0,533	5,3275
15.01.2026 14:43:03	13,850	2,005	20,0489	0,533	5,3285
15.01.2026 14:43:03	13,900	2,004	20,0448	0,533	5,3262
15.01.2026 14:43:03	13,950	2,005	20,0506	0,533	5,3285
15.01.2026 14:43:04	14,000	2,005	20,0478	0,533	5,3265
15.01.2026 14:43:04	14,050	2,005	20,0491	0,533	5,3265
15.01.2026 14:43:04	14,100	2,005	20,0474	0,533	5,3272
15.01.2026 14:43:04	14,150	2,005	20,0487	0,533	5,3253
15.01.2026 14:43:04	14,200	2,005	20,0490	0,533	5,3284
15.01.2026 14:43:04	14,250	2,005	20,0486	0,533	5,3258
15.01.2026 14:43:04	14,300	2,006	20,0629	0,533	5,3254
15.01.2026 14:43:04	14,350	2,017	20,1669	0,533	5,3295
15.01.2026 14:43:04	14,400	2,036	20,3563	0,533	5,3276
15.01.2026 14:43:04	14,450	2,059	20,5921	0,533	5,3278
15.01.2026 14:43:04	14,500	2,084	20,8373	0,532	5,3243
15.01.2026 14:43:04	14,550	2,113	21,1348	0,533	5,3282
15.01.2026 14:43:04	14,600	2,143	21,4341	0,533	5,3281
15.01.2026 14:43:04	14,650	2,173	21,7251	0,533	5,3290
15.01.2026 14:43:04	14,700	2,202	22,0175	0,533	5,3276
15.01.2026 14:43:04	14,750	2,225	22,2541	0,533	5,3289
15.01.2026 14:43:04	14,800	2,239	22,3925	0,533	5,3269
15.01.2026 14:43:04	14,850	2,254	22,5410	0,533	5,3316
15.01.2026 14:43:04	14,900	2,275	22,7499	0,533	5,3278
15.01.2026 14:43:04	14,950	2,298	22,9841	0,533	5,3283
15.01.2026 14:43:05	15,000	2,314	23,1405	0,533	5,3286
15.01.2026 14:43:05	15,050	2,333	23,3281	0,533	5,3303
15.01.2026 14:43:05	15,100	2,349	23,4911	0,533	5,3297
15.01.2026 14:43:05	15,150	2,365	23,6515	0,533	5,3312
15.01.2026 14:43:05	15,200	2,382	23,8178	0,533	5,3286
15.01.2026 14:43:05	15,250	2,398	23,9752	0,533	5,3278
15.01.2026 14:43:05	15,300	2,410	24,1031	0,533	5,3311
15.01.2026 14:43:05	15,350	2,421	24,2109	0,533	5,3293
15.01.2026 14:43:05	15,400	2,428	24,2849	0,533	5,3286
15.01.2026 14:43:05	15,450	2,441	24,4108	0,533	5,3288
15.01.2026 14:43:05	15,500	2,454	24,5379	0,533	5,3292
15.01.2026 14:43:05	15,550	2,462	24,6243	0,533	5,3310
15.01.2026 14:43:05	15,600	2,473	24,7270	0,533	5,3296
15.01.2026 14:43:05	15,650	2,480	24,7972	0,533	5,3289
15.01.2026 14:43:05	15,700	2,489	24,8885	0,533	5,3287
15.01.2026 14:43:05	15,750	2,502	25,0154	0,533	5,3296
15.01.2026 14:43:05	15,800	2,517	25,1734	0,533	5,3320
15.01.2026 14:43:05	15,850	2,528	25,2815	0,533	5,3314
15.01.2026 14:43:05	15,900	2,539	25,3861	0,533	5,3294
15.01.2026 14:43:05	15,950	2,548	25,4822	0,533	5,3331
15.01.2026 14:43:06	16,000	2,560	25,6012	0,533	5,3311
15.01.2026 14:43:06	16,050	2,577	25,7732	0,533	5,3321
15.01.2026 14:43:06	16,100	2,596	25,9576	0,533	5,3312
15.01.2026 14:43:06	16,150	2,614	26,1366	0,533	5,3324
15.01.2026 14:43:06	16,200	2,630	26,2959	0,533	5,3314
15.01.2026 14:43:06	16,250	2,645	26,4501	0,533	5,3314
15.01.2026 14:43:06	16,300	2,659	26,5879	0,533	5,3318
15.01.2026 14:43:06	16,350	2,676	26,7585	0,533	5,3334
15.01.2026 14:43:06	16,400	2,693	26,9337	0,533	5,3318
15.01.2026 14:43:06	16,450	2,708	27,0769	0,533	5,3326
15.01.2026 14:43:06	16,500	2,722	27,2186	0,533	5,3342
15.01.2026 14:43:06	16,550	2,739	27,3924	0,533	5,3306
15.01.2026 14:43:06	16,600	2,754	27,5402	0,533	5,3330
15.01.2026 14:43:06	16,650	2,765	27,6479	0,533	5,3344
15.01.2026 14:43:06	16,700	2,780	27,7984	0,534	5,3361
15.01.2026 14:43:06	16,750	2,793	27,9316	0,533	5,3335
15.01.2026 14:43:06	16,800	2,807	28,0685	0,533	5,3335
15.01.2026 14:43:06	16,850	2,823	28,2330	0,533	5,3316
15.01.2026 14:43:06	16,900	2,839	28,3943	0,533	5,3326
15.01.2026 14:43:06	16,950	2,849	28,4905	0,533	5,3338
15.01.2026 14:43:07	17,000	2,856	28,5612	0,534	5,3369
15.01.2026 14:43:07	17,050	2,872	28,7232	0,533	5,3344
15.01.2026 14:43:07	17,100	2,893	28,9309	0,534	5,3370
15.01.2026 14:43:07	17,150	2,908	29,0796	0,533	5,3341
15.01.2026 14:43:07	17,200	2,916	29,1581	0,533	5,3337
15.01.2026 14:43:07	17,250	2,923	29,2260	0,533	5,3343
15.01.2026 14:43:07	17,300	2,927	29,2678	0,534	5,3382
15.01.2026 14:43:07	17,350	2,929	29,2860	0,533	5,3340
15.01.2026 14:43:07	17,400	2,929	29,2914	0,533	5,3337
15.01.2026 14:43:07	17,450	2,926	29,2601	0,533	5,3305
15.01.2026 14:43:07	17,500	2,921	29,2106	0,533	5,3350
15.01.2026 14:43:07	17,550	2,918	29,1845	0,533	5,3324
15.01.2026 14:43:07	17,600	2,917	29,1737	0,533	5,3348
15.01.2026 14:43:07	17,650	2,917	29,1664	0,533	5,3336
15.01.2026 14:43:07	17,700	2,916	29,1622	0,533	5,3331
15.01.2026 14:43:07	17,750	2,916	29,1640	0,533	5,3349
15.01.2026 14:43:07	17,800	2,916	29,1616	0,534	5,3353
15.01.2026 14:43:07	17,850	2,916	29,1630	0,533	5,3347
15.01.2026 14:43:07	17,900	2,916	29,1612	0,533	5,3346
15.01.2026 14:43:07	17,950	2,916	29,1612	0,533	5,3322
15.01.2026 14:43:08	18,000	2,916	29,1616	0,533	5,3338
15.01.2026 14:43:08	18,050	2,916	29,1616	0,533	5,3324
15.01.2026 14:43:08	18,100	2,917	29,1660	0,534	5,3382
15.01.2026 14:43:08	18,150	2,916	29,1626	0,533	5,3336
15.01.2026 14:43:08	18,200	2,916	29,1600	0,533	5,3335
15.01.2026 14:43:08	18,250	2,916	29,1630	0,533	5,3339
15.01.2026 14:43:08	18,300	2,916	29,1631	0,533	5,3342
15.01.2026 14:43:08	18,350	2,916	29,1618	0,533	5,3330
15.01.2026 14:43:08	18,400	2,916	29,1639	0,533	5,3348
15.01.2026 14:43:08	18,450	2,929	29,2895	0,533	5,3329
15.01.2026 14:43:08	18,500	2,966	29,6613	0,533	5,3344
15.01.2026 14:43:08	18,550	3,013	30,1328	0,534	5,3352
15.01.2026 14:43:08	18,600	3,043	30,4333	0,534	5,3369
15.01.2026 14:43:08	18,650	3,061	30,6092	0,533	5,3337
15.01.2026 14:43:08	18,700	3,076	30,7646	0,534	5,3383
15.01.2026 14:43:08	18,750	3,085	30,8481	0,534	5,3354
15.01.2026 14:43:08	18,800	3,095	30,9506	0,534	5,3367
15.01.2026 14:43:08	18,850	3,102	31,0238	0,534	5,3352
15.01.2026 14:43:08	18,900	3,111	31,1147	0,534	5,3374
15.01.2026 14:43:08	18,950	3,134	31,3359	0,534	5,3350
15.01.2026 14:43:09	19,000	3,156	31,5577	0,534	5,3362
15.01.2026 14:43:09	19,050	3,170	31,6971	0,534	5,3369
15.01.2026 14:43:09	19,100	3,188	31,8797	0,533	5,3342
15.01.2026 14:43:09	19,150	3,202	32,0218	0,533	5,3340
15.01.2026 14:43:09	19,200	3,210	32,0954	0,534	5,3382
15.01.2026 14:43:09	19,250	3,213	32,1283	0,533	5,3347
15.01.2026 14:43:09	19,300	3,215	32,1495	0,534	5,3393
15.01.2026 14:43:09	19,350	3,216	32,1576	0,534	5,3379
15.01.2026 14:43:09	19,400	3,216	32,1602	0,534	5,3365
15.01.2026 14:43:09	19,450	3,216	32,1629	0,533	5,3329
15.01.2026 14:43:09	19,500	3,217	32,1668	0,534	5,3379
15.01.2026 14:43:09	19,550	3,217	32,1663	0,534	5,3358
15.01.2026 14:43:09	19,600	3,217	32,1691	0,534	5,3380
15.01.2026 14:43:09	19,650	3,217	32,1694	0,534	5,3364
15.01.2026 14:43:09	19,700	3,217	32,1709	0,534	5,3376
15.01.2026 14:43:09	19,750	3,217	32,1665	0,533	5,3347
15.01.2026 14:43:09	19,800	3,217	32,1693	0,534	5,3369
15.01.2026 14:43:09	19,850	3,217	32,1687	0,534	5,3352
15.01.2026 14:43:09	19,900	3,217	32,1712	0,534	5,3376
15.01.2026 14:43:09	19,950	3,217	32,1660	0,533	5,3324
15.01.2026 14:43:10	20,000	3,217	32,1737	0,534	5,3399
15.01.2026 14:43:10	20,050	3,217	32,1696	0,533	5,3348
15.01.2026 14:43:10	20,100	3,218	32,1777	0,534	5,3382
15.01.2026 14:43:10	20,150	3,245	32,4462	0,534	5,3353
15.01.2026 14:43:10	20,200	3,296	32,9587	0,534	5,3367
15.01.2026 14:43:10	20,250	3,328	33,2776	0,534	5,3377
15.01.2026 14:43:10	20,300	3,347	33,4670	0,534	5,3405
15.01.2026 14:43:10	20,350	3,372	33,7197	0,533	5,3348
15.01.2026 14:43:10	20,400	3,393	33,9290	0,534	5,3411
15.01.2026 14:43:10	20,450	3,406	34,0587	0,534	5,3376
15.01.2026 14:43:10	20,500	3,420	34,1998	0,534	5,3405
15.01.2026 14:43:10	20,550	3,438	34,3811	0,533	5,3345
15.01.2026 14:43:10	20,600	3,465	34,6481	0,534	5,3414
15.01.2026 14:43:10	20,650	3,491	34,9129	0,534	5,3373
15.01.2026 14:43:10	20,700	3,518	35,1787	0,534	5,3399
15.01.2026 14:43:10	20,750	3,550	35,4966	0,534	5,3359
15.01.2026 14:43:10	20,800	3,579	35,7893	0,534	5,3412
15.01.2026 14:43:10	20,850	3,599	35,9863	0,534	5,3351
15.01.2026 14:43:10	20,900	3,621	36,2057	0,534	5,3401
15.01.2026 14:43:10	20,950	3,634	36,3385	0,534	5,3383
15.01.2026 14:43:11	21,000	3,651	36,5062	0,534	5,3409
15.01.2026 14:43:11	21,050	3,671	36,7068	0,534	5,3358
15.01.2026 14:43:11	21,100	3,686	36,8617	0,534	5,3421
15.01.2026 14:43:11	21,150	3,700	36,9956	0,534	5,3367
15.01.2026 14:43:11	21,200	3,710	37,0981	0,534	5,3397
15.01.2026 14:43:11	21,250	3,723	37,2339	0,534	5,3382
15.01.2026 14:43:11	21,300	3,745	37,4508	0,534	5,3441
15.01.2026 14:43:11	21,350	3,767	37,6669	0,534	5,3407
15.01.2026 14:43:11	21,400	3,787	37,8655	0,534	5,3432
15.01.2026 14:43:11	21,450	3,798	37,9848	0,534	5,3369
15.01.2026 14:43:11	21,500	3,812	38,1177	0,534	5,3421
15.01.2026 14:43:11	21,550	3,823	38,2250	0,534	5,3401
15.01.2026 14:43:11	21,600	3,840	38,3991	0,534	5,3427
15.01.2026 14:43:11	21,650	3,858	38,5846	0,534	5,3395
15.01.2026 14:43:11	21,700	3,873	38,7329	0,534	5,3426
15.01.2026 14:43:11	21,750	3,891	38,9127	0,534	5,3381
15.01.2026 14:43:11	21,800	3,904	39,0369	0,534	5,3436
15.01.2026 14:43:11	21,850	3,909	39,0888	0,534	5,3371
15.01.2026 14:43:11	21,900	3,912	39,1231	0,534	5,3418
15.01.2026 14:43:11	21,950	3,914	39,1386	0,534	5,3395
15.01.2026 14:43:12	22,000	3,915	39,1537	0,534	5,3427
15.01.2026 14:43:12	22,050	3,916	39,1579	0,534	5,3405
15.01.2026 14:43:12	22,100	3,917	39,1688	0,534	5,3427
15.01.2026 14:43:12	22,150	3,917	39,1723	0,534	5,3376
15.01.2026 14:43:12	22,200	3,918	39,1809	0,534	5,3428
15.01.2026 14:43:12	22,250	3,918	39,1799	0,534	5,3409
15.01.2026 14:43:12	22,300	3,918	39,1847	0,535	5,3453
15.01.2026 14:43:12	22,350	3,918	39,1802	0,534	5,3390
15.01.2026 14:43:12	22,400	3,919	39,1855	0,534	5,3436
15.01.2026 14:43:12	22,450	3,918	39,1789	0,534	5,3378
15.01.2026 14:43:12	22,500	3,919	39,1857	0,534	5,3445
15.01.2026 14:43:12	22,550	3,918	39,1807	0,534	5,3395
15.01.2026 14:43:12	22,600	3,919	39,1855	0,534	5,3438
15.01.2026 14:43:12	22,650	3,918	39,1815	0,534	5,3391
15.01.2026 14:43:12	22,700	3,918	39,1835	0,534	5,3421
15.01.2026 14:43:12	22,750	3,918	39,1828	0,534	5,3405
15.01.2026 14:43:12	22,800	3,919	39,1893	0,535	5,3455
15.01.2026 14:43:12	22,850	3,920	39,1956	0,534	5,3370
15.01.2026 14:43:12	22,900	3,936	39,3606	0,535	5,3453
15.01.2026 14:43:12	22,950	3,973	39,7344	0,534	5,3411
15.01.2026 14:43:13	23,000	4,026	40,2646	0,535	5,3468
15.01.2026 14:43:13	23,050	4,067	40,6733	0,534	5,3407
15.01.2026 14:43:13	23,100	4,092	40,9220	0,534	5,3450
15.01.2026 14:43:13	23,150	4,116	41,1600	0,534	5,3390
15.01.2026 14:43:13	23,200	4,132	41,3232	0,535	5,3452
15.01.2026 14:43:13	23,250	4,140	41,3992	0,534	5,3410
15.01.2026 14:43:13	23,300	4,148	41,4796	0,534	5,3425
15.01.2026 14:43:13	23,350	4,176	41,7556	0,534	5,3436
15.01.2026 14:43:13	23,400	4,218	42,1752	0,535	5,3463
15.01.2026 14:43:13	23,450	4,245	42,4520	0,534	5,3412
15.01.2026 14:43:13	23,500	4,268	42,6821	0,535	5,3450
15.01.2026 14:43:13	23,550	4,291	42,9076	0,534	5,3443
15.01.2026 14:43:13	23,600	4,313	43,1259	0,535	5,3482
15.01.2026 14:43:13	23,650	4,331	43,3082	0,534	5,3413
15.01.2026 14:43:13	23,700	4,348	43,4770	0,534	5,3441
15.01.2026 14:43:13	23,750	4,363	43,6282	0,534	5,3413
15.01.2026 14:43:13	23,800	4,380	43,7992	0,535	5,3464
15.01.2026 14:43:13	23,850	4,398	43,9828	0,534	5,3427
15.01.2026 14:43:13	23,900	4,421	44,2070	0,535	5,3454
15.01.2026 14:43:13	23,950	4,440	44,3966	0,534	5,3425
15.01.2026 14:43:14	24,000	4,461	44,6119	0,535	5,3475
15.01.2026 14:43:14	24,050	4,484	44,8408	0,534	5,3448
15.01.2026 14:43:14	24,100	4,511	45,1065	0,535	5,3484
15.01.2026 14:43:14	24,150	4,540	45,3998	0,535	5,3452
15.01.2026 14:43:14	24,200	4,566	45,6613	0,535	5,3501
15.01.2026 14:43:14	24,250	4,588	45,8821	0,535	5,3468
15.01.2026 14:43:14	24,300	4,612	46,1223	0,534	5,3450
15.01.2026 14:43:14	24,350	4,635	46,3524	0,534	5,3425
15.01.2026 14:43:14	24,400	4,653	46,5342	0,535	5,3469
15.01.2026 14:43:14	24,450	4,669	46,6912	0,534	5,3450
15.01.2026 14:43:14	24,500	4,683	46,8280	0,535	5,3499
15.01.2026 14:43:14	24,550	4,694	46,9444	0,534	5,3449
15.01.2026 14:43:14	24,600	4,701	47,0111	0,535	5,3494
15.01.2026 14:43:14	24,650	4,705	47,0492	0,534	5,3447
15.01.2026 14:43:14	24,700	4,718	47,1785	0,535	5,3501
15.01.2026 14:43:14	24,750	4,733	47,3301	0,534	5,3444
15.01.2026 14:43:14	24,800	4,749	47,4879	0,535	5,3497
15.01.2026 14:43:14	24,850	4,771	47,7094	0,535	5,3454
15.01.2026 14:43:14	24,900	4,793	47,9268	0,535	5,3523
15.01.2026 14:43:14	24,950	4,798	47,9807	0,535	5,3461
15.01.2026 14:43:15	25,000	4,797	47,9718	0,535	5,3487
15.01.2026 14:43:15	25,050	4,796	47,9631	0,535	5,3457
15.01.2026 14:43:15	25,100	4,797	47,9663	0,535	5,3504
15.01.2026 14:43:15	25,150	4,796	47,9621	0,535	5,3458
15.01.2026 14:43:15	25,200	4,796	47,9646	0,535	5,3497
15.01.2026 14:43:15	25,250	4,796	47,9609	0,534	5,3444
15.01.2026 14:43:15	25,300	4,796	47,9649	0,535	5,3484
15.01.2026 14:43:15	25,350	4,796	47,9628	0,535	5,3459
15.01.2026 14:43:15	25,400	4,797	47,9686	0,535	5,3505
15.01.2026 14:43:15	25,450	4,796	47,9627	0,534	5,3446
15.01.2026 14:43:15	25,500	4,797	47,9727	0,535	5,3520
15.01.2026 14:43:15	25,550	4,797	47,9662	0,534	5,3441
15.01.2026 14:43:15	25,600	4,800	47,9978	0,535	5,3490
15.01.2026 14:43:15	25,650	4,808	48,0822	0,534	5,3442
15.01.2026 14:43:15	25,700	4,827	48,2702	0,535	5,3467
15.01.2026 14:43:15	25,750	4,854	48,5439	0,535	5,3483
15.01.2026 14:43:15	25,800	4,871	48,7104	0,535	5,3515
15.01.2026 14:43:15	25,850	4,885	48,8493	0,535	5,3477
15.01.2026 14:43:15	25,900	4,904	49,0364	0,535	5,3519
15.01.2026 14:43:15	25,950	4,920	49,2049	0,534	5,3449
15.01.2026 14:43:16	26,000	4,936	49,3636	0,535	5,3510
15.01.2026 14:43:16	26,050	4,949	49,4876	0,535	5,3485
15.01.2026 14:43:16	26,100	4,964	49,6416	0,535	5,3509
15.01.2026 14:43:16	26,150	4,979	49,7924	0,535	5,3474
15.01.2026 14:43:16	26,200	4,995	49,9481	0,535	5,3516
15.01.2026 14:43:16	26,250	5,026	50,2569	0,535	5,3454
15.01.2026 14:43:16	26,300	5,056	50,5594	0,535	5,3505
15.01.2026 14:43:16	26,350	5,080	50,8021	0,534	5,3431
15.01.2026 14:43:16	26,400	5,101	51,0103	0,535	5,3499
15.01.2026 14:43:16	26,450	5,118	51,1824	0,535	5,3467
15.01.2026 14:43:16	26,500	5,132	51,3154	0,535	5,3518
15.01.2026 14:43:16	26,550	5,145	51,4546	0,535	5,3463
15.01.2026 14:43:16	26,600	5,166	51,6644	0,535	5,3519
15.01.2026 14:43:16	26,650	5,180	51,7968	0,534	5,3445
15.01.2026 14:43:16	26,700	5,192	51,9165	0,535	5,3524
15.01.2026 14:43:16	26,750	5,201	52,0109	0,535	5,3473
15.01.2026 14:43:16	26,800	5,207	52,0704	0,535	5,3527
15.01.2026 14:43:16	26,850	5,217	52,1704	0,535	5,3472
15.01.2026 14:43:16	26,900	5,240	52,4033	0,535	5,3505
15.01.2026 14:43:16	26,950	5,268	52,6753	0,535	5,3470
15.01.2026 14:43:17	27,000	5,291	52,9081	0,535	5,3528
15.01.2026 14:43:17	27,050	5,310	53,0968	0,535	5,3483
15.01.2026 14:43:17	27,100	5,333	53,3325	0,535	5,3498
15.01.2026 14:43:17	27,150	5,359	53,5899	0,535	5,3472
15.01.2026 14:43:17	27,200	5,375	53,7517	0,536	5,3556
15.01.2026 14:43:17	27,250	5,383	53,8266	0,535	5,3470
15.01.2026 14:43:17	27,300	5,394	53,9381	0,535	5,3529
15.01.2026 14:43:17	27,350	5,407	54,0682	0,535	5,3468
15.01.2026 14:43:17	27,400	5,420	54,1996	0,535	5,3537
15.01.2026 14:43:17	27,450	5,440	54,4048	0,535	5,3491
15.01.2026 14:43:17	27,500	5,463	54,6342	0,535	5,3538
15.01.2026 14:43:17	27,550	5,484	54,8357	0,535	5,3491
15.01.2026 14:43:17	27,600	5,500	55,0036	0,535	5,3539
15.01.2026 14:43:17	27,650	5,510	55,1017	0,535	5,3513
15.01.2026 14:43:17	27,700	5,527	55,2728	0,535	5,3533
15.01.2026 14:43:17	27,750	5,543	55,4325	0,535	5,3519
15.01.2026 14:43:17	27,800	5,557	55,5740	0,536	5,3556
15.01.2026 14:43:17	27,850	5,564	55,6424	0,535	5,3510
15.01.2026 14:43:17	27,900	5,569	55,6858	0,536	5,3556
15.01.2026 14:43:17	27,950	5,581	55,8121	0,535	5,3497
15.01.2026 14:43:18	28,000	5,614	56,1359	0,536	5,3554
15.01.2026 14:43:18	28,050	5,637	56,3721	0,535	5,3523
15.01.2026 14:43:18	28,100	5,650	56,4968	0,536	5,3551
15.01.2026 14:43:18	28,150	5,655	56,5521	0,535	5,3478
15.01.2026 14:43:18	28,200	5,659	56,5930	0,536	5,3567
15.01.2026 14:43:18	28,250	5,661	56,6087	0,535	5,3513
15.01.2026 14:43:18	28,300	5,663	56,6304	0,535	5,3546
15.01.2026 14:43:18	28,350	5,664	56,6376	0,535	5,3505
15.01.2026 14:43:18	28,400	5,667	56,6727	0,535	5,3544
15.01.2026 14:43:18	28,450	5,677	56,7742	0,535	5,3487
15.01.2026 14:43:18	28,500	5,689	56,8866	0,536	5,3576
15.01.2026 14:43:18	28,550	5,700	57,0030	0,535	5,3518
15.01.2026 14:43:18	28,600	5,718	57,1763	0,535	5,3545
15.01.2026 14:43:18	28,650	5,736	57,3587	0,535	5,3515
15.01.2026 14:43:18	28,700	5,763	57,6255	0,536	5,3550
15.01.2026 14:43:18	28,750	5,784	57,8437	0,535	5,3498
15.01.2026 14:43:18	28,800	5,796	57,9602	0,535	5,3545
15.01.2026 14:43:18	28,850	5,801	58,0149	0,535	5,3502
15.01.2026 14:43:18	28,900	5,805	58,0503	0,536	5,3567
15.01.2026 14:43:18	28,950	5,806	58,0636	0,535	5,3523
15.01.2026 14:43:19	29,000	5,808	58,0758	0,536	5,3560
15.01.2026 14:43:19	29,050	5,808	58,0782	0,535	5,3530
15.01.2026 14:43:19	29,100	5,809	58,0876	0,536	5,3619
15.01.2026 14:43:19	29,150	5,808	58,0778	0,535	5,3488
15.01.2026 14:43:19	29,200	5,808	58,0820	0,535	5,3515
15.01.2026 14:43:19	29,250	5,808	58,0830	0,535	5,3511
15.01.2026 14:43:19	29,300	5,809	58,0881	0,536	5,3563
15.01.2026 14:43:19	29,350	5,808	58,0832	0,535	5,3513
15.01.2026 14:43:19	29,400	5,809	58,0893	0,536	5,3570
15.01.2026 14:43:19	29,450	5,811	58,1056	0,535	5,3546
15.01.2026 14:43:19	29,500	5,820	58,1998	0,535	5,3544
15.01.2026 14:43:19	29,550	5,834	58,3441	0,535	5,3489
15.01.2026 14:43:19	29,600	5,850	58,4974	0,536	5,3566
15.01.2026 14:43:19	29,650	5,871	58,7109	0,535	5,3506
15.01.2026 14:43:19	29,700	5,909	59,0851	0,536	5,3582
15.01.2026 14:43:19	29,750	5,950	59,5041	0,535	5,3504
15.01.2026 14:43:19	29,800	5,998	59,9794	0,536	5,3557
15.01.2026 14:43:19	29,850	6,052	60,5154	0,535	5,3528
15.01.2026 14:43:19	29,900	6,092	60,9221	0,536	5,3579
15.01.2026 14:43:19	29,950	6,123	61,2253	0,535	5,3536
15.01.2026 14:43:20	30,000	6,159	61,5857	0,536	5,3584
15.01.2026 14:43:20	30,050	6,189	61,8883	0,535	5,3535
15.01.2026 14:43:20	30,100	6,214	62,1381	0,536	5,3607
15.01.2026 14:43:20	30,150	6,243	62,4262	0,535	5,3535
15.01.2026 14:43:20	30,200	6,272	62,7207	0,536	5,3560
15.01.2026 14:43:20	30,250	6,293	62,9322	0,535	5,3535
15.01.2026 14:43:20	30,300	6,306	63,0636	0,536	5,3578
15.01.2026 14:43:20	30,350	6,325	63,2461	0,535	5,3535
15.01.2026 14:43:20	30,400	6,343	63,4300	0,535	5,3549
15.01.2026 14:43:20	30,450	6,361	63,6059	0,535	5,3537
15.01.2026 14:43:20	30,500	6,381	63,8134	0,536	5,3588
15.01.2026 14:43:20	30,550	6,400	63,9967	0,536	5,3553
15.01.2026 14:43:20	30,600	6,418	64,1751	0,536	5,3569
15.01.2026 14:43:20	30,650	6,437	64,3706	0,536	5,3557
15.01.2026 14:43:20	30,700	6,451	64,5144	0,536	5,3590
15.01.2026 14:43:20	30,750	6,460	64,5975	0,535	5,3548
15.01.2026 14:43:20	30,800	6,468	64,6750	0,536	5,3594
15.01.2026 14:43:20	30,850	6,479	64,7914	0,535	5,3535
15.01.2026 14:43:20	30,900	6,493	64,9317	0,536	5,3587
15.01.2026 14:43:20	30,950	6,504	65,0385	0,536	5,3557
15.01.2026 14:43:21	31,000	6,510	65,1050	0,536	5,3593
15.01.2026 14:43:21	31,050	6,517	65,1669	0,536	5,3554
15.01.2026 14:43:21	31,100	6,531	65,3068	0,536	5,3571
15.01.2026 14:43:21	31,150	6,541	65,4125	0,535	5,3530
15.01.2026 14:43:21	31,200	6,554	65,5356	0,536	5,3621
15.01.2026 14:43:21	31,250	6,570	65,6990	0,535	5,3525
15.01.2026 14:43:21	31,300	6,588	65,8798	0,536	5,3592
15.01.2026 14:43:21	31,350	6,603	66,0320	0,536	5,3564
15.01.2026 14:43:21	31,400	6,617	66,1680	0,536	5,3592
15.01.2026 14:43:21	31,450	6,632	66,3230	0,536	5,3556
15.01.2026 14:43:21	31,500	6,656	66,5573	0,536	5,3606
15.01.2026 14:43:21	31,550	6,680	66,8011	0,535	5,3542
15.01.2026 14:43:21	31,600	6,702	67,0203	0,536	5,3631
15.01.2026 14:43:21	31,650	6,718	67,1822	0,535	5,3543
15.01.2026 14:43:21	31,700	6,736	67,3647	0,536	5,3610
15.01.2026 14:43:21	31,750	6,755	67,5477	0,535	5,3545
15.01.2026 14:43:21	31,800	6,773	67,7267	0,536	5,3613
15.01.2026 14:43:21	31,850	6,789	67,8862	0,535	5,3544
15.01.2026 14:43:21	31,900	6,805	68,0516	0,536	5,3612
15.01.2026 14:43:21	31,950	6,827	68,2705	0,536	5,3578
15.01.2026 14:43:22	32,000	6,846	68,4628	0,536	5,3616
15.01.2026 14:43:22	32,050	6,856	68,5606	0,536	5,3575
15.01.2026 14:43:22	32,100	6,867	68,6653	0,536	5,3635
15.01.2026 14:43:22	32,150	6,872	68,7231	0,536	5,3562
15.01.2026 14:43:22	32,200	6,876	68,7618	0,536	5,3608
15.01.2026 14:43:22	32,250	6,880	68,7991	0,536	5,3574
15.01.2026 14:43:22	32,300	6,884	68,8449	0,536	5,3613
15.01.2026 14:43:22	32,350	6,893	68,9342	0,536	5,3560
15.01.2026 14:43:22	32,400	6,905	69,0474	0,536	5,3618
15.01.2026 14:43:22	32,450	6,910	69,0970	0,535	5,3548
15.01.2026 14:43:22	32,500	6,914	69,1410	0,536	5,3625
15.01.2026 14:43:22	32,550	6,919	69,1895	0,536	5,3582
15.01.2026 14:43:22	32,600	6,923	69,2300	0,536	5,3610
15.01.2026 14:43:22	32,650	6,926	69,2592	0,536	5,3562
15.01.2026 14:43:22	32,700	6,928	69,2768	0,536	5,3613
15.01.2026 14:43:22	32,750	6,928	69,2780	0,536	5,3562
15.01.2026 14:43:22	32,800	6,929	69,2901	0,536	5,3609
15.01.2026 14:43:22	32,850	6,932	69,3157	0,536	5,3587
15.01.2026 14:43:22	32,900	6,933	69,3269	0,536	5,3619
15.01.2026 14:43:22	32,950	6,932	69,3211	0,536	5,3580
15.01.2026 14:43:23	33,000	6,932	69,3221	0,536	5,3600
15.01.2026 14:43:23	33,050	6,932	69,3150	0,536	5,3568
15.01.2026 14:43:23	33,100	6,932	69,3202	0,536	5,3602
15.01.2026 14:43:23	33,150	6,931	69,3144	0,536	5,3550
15.01.2026 14:43:23	33,200	6,932	69,3222	0,536	5,3630
15.01.2026 14:43:23	33,250	6,931	69,3126	0,535	5,3518
15.01.2026 14:43:23	33,300	6,932	69,3248	0,536	5,3632
15.01.2026 14:43:23	33,350	6,932	69,3177	0,536	5,3565
15.01.2026 14:43:23	33,400	6,932	69,3234	0,536	5,3619
15.01.2026 14:43:23	33,450	6,932	69,3199	0,536	5,3582
15.01.2026 14:43:23	33,500	6,932	69,3208	0,536	5,3591
15.01.2026 14:43:23	33,550	6,933	69,3333	0,536	5,3572
15.01.2026 14:43:23	33,600	6,936	69,3589	0,536	5,3588
15.01.2026 14:43:23	33,650	6,962	69,6165	0,536	5,3583
15.01.2026 14:43:23	33,700	6,994	69,9373	0,536	5,3614
15.01.2026 14:43:23	33,750	7,009	70,0927	0,536	5,3557
15.01.2026 14:43:23	33,800	7,015	70,1522	0,536	5,3624
15.01.2026 14:43:23	33,850	7,006	70,0622	0,536	5,3561
15.01.2026 14:43:23	33,900	6,986	69,8639	0,536	5,3600
15.01.2026 14:43:23	33,950	6,970	69,7004	0,535	5,3542
15.01.2026 14:43:24	34,000	6,963	69,6270	0,536	5,3628
15.01.2026 14:43:24	34,050	6,958	69,5811	0,536	5,3601
15.01.2026 14:43:24	34,100	6,950	69,4973	0,536	5,3617
15.01.2026 14:43:24	34,150	6,943	69,4344	0,536	5,3586
15.01.2026 14:43:24	34,200	6,938	69,3800	0,536	5,3628
15.01.2026 14:43:24	34,250	6,922	69,2203	0,536	5,3555
15.01.2026 14:43:24	34,300	6,910	69,0954	0,536	5,3612
15.01.2026 14:43:24	34,350	6,890	68,9034	0,536	5,3578
15.01.2026 14:43:24	34,400	6,870	68,7032	0,536	5,3629
15.01.2026 14:43:24	34,450	6,858	68,5823	0,536	5,3561
15.01.2026 14:43:24	34,500	6,850	68,5046	0,536	5,3613
15.01.2026 14:43:24	34,550	6,840	68,3950	0,535	5,3549
15.01.2026 14:43:24	34,600	6,827	68,2749	0,536	5,3632
15.01.2026 14:43:24	34,650	6,799	67,9904	0,535	5,3537
15.01.2026 14:43:24	34,700	6,767	67,6672	0,536	5,3616
15.01.2026 14:43:24	34,750	6,744	67,4424	0,536	5,3561
15.01.2026 14:43:24	34,800	6,733	67,3326	0,536	5,3621
15.01.2026 14:43:24	34,850	6,726	67,2631	0,536	5,3571
15.01.2026 14:43:24	34,900	6,723	67,2326	0,536	5,3624
15.01.2026 14:43:24	34,950	6,716	67,1648	0,536	5,3573
15.01.2026 14:43:25	35,000	6,708	67,0841	0,536	5,3579
15.01.2026 14:43:25	35,050	6,695	66,9463	0,536	5,3567
15.01.2026 14:43:25	35,100	6,668	66,6794	0,536	5,3614
15.01.2026 14:43:25	35,150	6,637	66,3666	0,536	5,3558
15.01.2026 14:43:25	35,200	6,612	66,1187	0,536	5,3619
15.01.2026 14:43:25	35,250	6,585	65,8500	0,535	5,3546
15.01.2026 14:43:25	35,300	6,559	65,5925	0,536	5,3614
15.01.2026 14:43:25	35,350	6,535	65,3496	0,536	5,3577
15.01.2026 14:43:25	35,400	6,515	65,1516	0,536	5,3596
15.01.2026 14:43:25	35,450	6,493	64,9346	0,535	5,3511
15.01.2026 14:43:25	35,500	6,474	64,7414	0,536	5,3604
15.01.2026 14:43:25	35,550	6,458	64,5844	0,536	5,3564
15.01.2026 14:43:25	35,600	6,443	64,4263	0,536	5,3574
15.01.2026 14:43:25	35,650	6,427	64,2729	0,536	5,3578
15.01.2026 14:43:25	35,700	6,412	64,1239	0,536	5,3602
15.01.2026 14:43:25	35,750	6,398	63,9775	0,535	5,3548
15.01.2026 14:43:25	35,800	6,383	63,8321	0,536	5,3595
15.01.2026 14:43:25	35,850	6,367	63,6735	0,536	5,3553
15.01.2026 14:43:25	35,900	6,350	63,5008	0,536	5,3582
15.01.2026 14:43:25	35,950	6,333	63,3254	0,535	5,3546
15.01.2026 14:43:26	36,000	6,318	63,1778	0,536	5,3561
15.01.2026 14:43:26	36,050	6,303	63,0340	0,535	5,3538
15.01.2026 14:43:26	36,100	6,288	62,8819	0,536	5,3597
15.01.2026 14:43:26	36,150	6,275	62,7450	0,535	5,3542
15.01.2026 14:43:26	36,200	6,258	62,5777	0,536	5,3555
15.01.2026 14:43:26	36,250	6,240	62,4036	0,535	5,3521
15.01.2026 14:43:26	36,300	6,226	62,2552	0,536	5,3606
15.01.2026 14:43:26	36,350	6,211	62,1069	0,535	5,3542
15.01.2026 14:43:26	36,400	6,203	62,0283	0,536	5,3593
15.01.2026 14:43:26	36,450	6,194	61,9446	0,535	5,3537
15.01.2026 14:43:26	36,500	6,186	61,8626	0,536	5,3605
15.01.2026 14:43:26	36,550	6,177	61,7677	0,536	5,3554
15.01.2026 14:43:26	36,600	6,167	61,6748	0,536	5,3556
15.01.2026 14:43:26	36,650	6,157	61,5651	0,535	5,3523
15.01.2026 14:43:26	36,700	6,149	61,4866	0,536	5,3575
15.01.2026 14:43:26	36,750	6,143	61,4333	0,535	5,3534
15.01.2026 14:43:26	36,800	6,135	61,3480	0,536	5,3585
15.01.2026 14:43:26	36,850	6,128	61,2772	0,535	5,3515
15.01.2026 14:43:26	36,900	6,123	61,2295	0,536	5,3613
15.01.2026 14:43:26	36,950	6,113	61,1330	0,535	5,3522
15.01.2026 14:43:27	37,000	6,109	61,0899	0,536	5,3608
15.01.2026 14:43:27	37,050	6,100	61,0008	0,536	5,3553
15.01.2026 14:43:27	37,100	6,093	60,9307	0,536	5,3571
15.01.2026 14:43:27	37,150	6,087	60,8749	0,535	5,3508
15.01.2026 14:43:27	37,200	6,079	60,7930	0,536	5,3581
15.01.2026 14:43:27	37,250	6,073	60,7265	0,535	5,3505
15.01.2026 14:43:27	37,300	6,067	60,6711	0,536	5,3568
15.01.2026 14:43:27	37,350	6,058	60,5793	0,535	5,3498
15.01.2026 14:43:27	37,400	6,050	60,4995	0,536	5,3592
15.01.2026 14:43:27	37,450	6,040	60,4012	0,535	5,3511
15.01.2026 14:43:27	37,500	6,030	60,3041	0,536	5,3581
15.01.2026 14:43:27	37,550	6,018	60,1790	0,535	5,3547
15.01.2026 14:43:27	37,600	6,007	60,0673	0,536	5,3601
15.01.2026 14:43:27	37,650	5,993	59,9344	0,535	5,3531
15.01.2026 14:43:27	37,700	5,985	59,8524	0,536	5,3579
15.01.2026 14:43:27	37,750	5,980	59,8030	0,535	5,3531
15.01.2026 14:43:27	37,800	5,971	59,7127	0,536	5,3572
15.01.2026 14:43:27	37,850	5,958	59,5825	0,535	5,3524
15.01.2026 14:43:27	37,900	5,950	59,4967	0,536	5,3579
15.01.2026 14:43:27	37,950	5,945	59,4474	0,535	5,3520
15.01.2026 14:43:28	38,000	5,941	59,4087	0,536	5,3571
15.01.2026 14:43:28	38,050	5,932	59,3197	0,535	5,3539
15.01.2026 14:43:28	38,100	5,928	59,2781	0,536	5,3595
15.01.2026 14:43:28	38,150	5,924	59,2423	0,535	5,3547
15.01.2026 14:43:28	38,200	5,916	59,1648	0,536	5,3596
15.01.2026 14:43:28	38,250	5,910	59,1035	0,535	5,3541
15.01.2026 14:43:28	38,300	5,907	59,0685	0,536	5,3589
15.01.2026 14:43:28	38,350	5,897	58,9699	0,535	5,3533
15.01.2026 14:43:28	38,400	5,885	58,8465	0,536	5,3587
15.01.2026 14:43:28	38,450	5,869	58,6945	0,535	5,3528
15.01.2026 14:43:28	38,500	5,860	58,6040	0,536	5,3597
15.01.2026 14:43:28	38,550	5,855	58,5495	0,535	5,3525
15.01.2026 14:43:28	38,600	5,852	58,5179	0,536	5,3587
15.01.2026 14:43:28	38,650	5,839	58,3862	0,536	5,3558
15.01.2026 14:43:28	38,700	5,827	58,2703	0,536	5,3622
15.01.2026 14:43:28	38,750	5,820	58,2024	0,536	5,3555
15.01.2026 14:43:28	38,800	5,817	58,1727	0,536	5,3582
15.01.2026 14:43:28	38,850	5,815	58,1519	0,535	5,3533
15.01.2026 14:43:28	38,900	5,815	58,1484	0,536	5,3594
15.01.2026 14:43:28	38,950	5,814	58,1379	0,535	5,3521
15.01.2026 14:43:29	39,000	5,814	58,1407	0,536	5,3581
15.01.2026 14:43:29	39,050	5,814	58,1364	0,535	5,3544
15.01.2026 14:43:29	39,100	5,814	58,1390	0,536	5,3579
15.01.2026 14:43:29	39,150	5,814	58,1399	0,536	5,3588
15.01.2026 14:43:29	39,200	5,814	58,1380	0,536	5,3579
15.01.2026 14:43:29	39,250	5,813	58,1335	0,535	5,3508
15.01.2026 14:43:29	39,300	5,814	58,1440	0,536	5,3613
15.01.2026 14:43:29	39,350	5,814	58,1377	0,536	5,3556
15.01.2026 14:43:29	39,400	5,814	58,1378	0,536	5,3578
15.01.2026 14:43:29	39,450	5,813	58,1345	0,536	5,3557
15.01.2026 14:43:29	39,500	5,812	58,1247	0,536	5,3588
15.01.2026 14:43:29	39,550	5,804	58,0445	0,535	5,3541
15.01.2026 14:43:29	39,600	5,800	58,0015	0,536	5,3617
15.01.2026 14:43:29	39,650	5,797	57,9704	0,536	5,3561
15.01.2026 14:43:29	39,700	5,796	57,9592	0,536	5,3581
15.01.2026 14:43:29	39,750	5,795	57,9493	0,535	5,3543
15.01.2026 14:43:29	39,800	5,795	57,9487	0,536	5,3579
15.01.2026 14:43:29	39,850	5,793	57,9280	0,535	5,3548
15.01.2026 14:43:29	39,900	5,786	57,8596	0,536	5,3584
15.01.2026 14:43:29	39,950	5,781	57,8128	0,536	5,3557
15.01.2026 14:43:30	40,000	5,773	57,7297	0,536	5,3572
15.01.2026 14:43:30	40,050	5,752	57,5211	0,535	5,3522
15.01.2026 14:43:30	40,100	5,717	57,1717	0,536	5,3555
15.01.2026 14:43:30	40,150	5,689	56,8910	0,535	5,3507
15.01.2026 14:43:30	40,200	5,671	56,7082	0,535	5,3549
15.01.2026 14:43:30	40,250	5,661	56,6084	0,535	5,3515
15.01.2026 14:43:30	40,300	5,653	56,5271	0,536	5,3555
15.01.2026 14:43:30	40,350	5,631	56,3142	0,535	5,3495
15.01.2026 14:43:30	40,400	5,615	56,1476	0,536	5,3577
15.01.2026 14:43:30	40,450	5,598	55,9819	0,535	5,3530
15.01.2026 14:43:30	40,500	5,577	55,7739	0,536	5,3588
15.01.2026 14:43:30	40,550	5,558	55,5772	0,535	5,3521
15.01.2026 14:43:30	40,600	5,541	55,4083	0,536	5,3565
15.01.2026 14:43:30	40,650	5,520	55,2035	0,535	5,3529
15.01.2026 14:43:30	40,700	5,499	54,9886	0,536	5,3571
15.01.2026 14:43:30	40,750	5,478	54,7847	0,535	5,3532
15.01.2026 14:43:30	40,800	5,462	54,6173	0,536	5,3578
15.01.2026 14:43:30	40,850	5,448	54,4776	0,535	5,3534
15.01.2026 14:43:30	40,900	5,435	54,3495	0,536	5,3580
15.01.2026 14:43:30	40,950	5,419	54,1852	0,535	5,3513
15.01.2026 14:43:31	41,000	5,403	54,0276	0,536	5,3579
15.01.2026 14:43:31	41,050	5,390	53,8969	0,535	5,3525
15.01.2026 14:43:31	41,100	5,377	53,7702	0,536	5,3551
15.01.2026 14:43:31	41,150	5,365	53,6466	0,535	5,3502
15.01.2026 14:43:31	41,200	5,347	53,4694	0,536	5,3559
15.01.2026 14:43:31	41,250	5,329	53,2876	0,535	5,3522
15.01.2026 14:43:31	41,300	5,316	53,1640	0,535	5,3539
15.01.2026 14:43:31	41,350	5,300	53,0042	0,535	5,3518
15.01.2026 14:43:31	41,400	5,281	52,8099	0,536	5,3562
15.01.2026 14:43:31	41,450	5,260	52,5989	0,535	5,3536
15.01.2026 14:43:31	41,500	5,243	52,4332	0,535	5,3549
15.01.2026 14:43:31	41,550	5,223	52,2250	0,535	5,3500
15.01.2026 14:43:31	41,600	5,201	52,0104	0,536	5,3560
15.01.2026 14:43:31	41,650	5,180	51,7985	0,535	5,3518
15.01.2026 14:43:31	41,700	5,164	51,6361	0,536	5,3559
15.01.2026 14:43:31	41,750	5,148	51,4751	0,535	5,3524
15.01.2026 14:43:31	41,800	5,127	51,2682	0,535	5,3505
15.01.2026 14:43:31	41,850	5,103	51,0322	0,535	5,3513
15.01.2026 14:43:31	41,900	5,088	50,8842	0,535	5,3527
15.01.2026 14:43:31	41,950	5,078	50,7815	0,535	5,3501
15.01.2026 14:43:32	42,000	5,066	50,6561	0,535	5,3533
15.01.2026 14:43:32	42,050	5,050	50,4992	0,535	5,3492
15.01.2026 14:43:32	42,100	5,033	50,3342	0,536	5,3563
15.01.2026 14:43:32	42,150	5,016	50,1560	0,535	5,3504
15.01.2026 14:43:32	42,200	4,999	49,9917	0,535	5,3546
15.01.2026 14:43:32	42,250	4,983	49,8330	0,535	5,3510
15.01.2026 14:43:32	42,300	4,969	49,6939	0,535	5,3541
15.01.2026 14:43:32	42,350	4,958	49,5811	0,535	5,3495
15.01.2026 14:43:32	42,400	4,948	49,4766	0,535	5,3547
15.01.2026 14:43:32	42,450	4,933	49,3273	0,535	5,3518
15.01.2026 14:43:32	42,500	4,923	49,2257	0,536	5,3553
15.01.2026 14:43:32	42,550	4,916	49,1632	0,535	5,3484
15.01.2026 14:43:32	42,600	4,909	49,0928	0,535	5,3530
15.01.2026 14:43:32	42,650	4,901	49,0135	0,535	5,3521
15.01.2026 14:43:32	42,700	4,895	48,9482	0,535	5,3546
15.01.2026 14:43:32	42,750	4,885	48,8508	0,535	5,3499
15.01.2026 14:43:32	42,800	4,880	48,8031	0,535	5,3521
15.01.2026 14:43:32	42,850	4,878	48,7768	0,535	5,3497
15.01.2026 14:43:32	42,900	4,877	48,7705	0,536	5,3568
15.01.2026 14:43:32	42,950	4,874	48,7418	0,535	5,3509
15.01.2026 14:43:33	43,000	4,867	48,6684	0,536	5,3559
15.01.2026 14:43:33	43,050	4,861	48,6136	0,535	5,3489
15.01.2026 14:43:33	43,100	4,854	48,5358	0,535	5,3533
15.01.2026 14:43:33	43,150	4,845	48,4539	0,535	5,3489
15.01.2026 14:43:33	43,200	4,834	48,3381	0,536	5,3564
15.01.2026 14:43:33	43,250	4,817	48,1697	0,535	5,3509
15.01.2026 14:43:33	43,300	4,802	48,0196	0,535	5,3520
15.01.2026 14:43:33	43,350	4,793	47,9343	0,535	5,3498
15.01.2026 14:43:33	43,400	4,785	47,8535	0,535	5,3545
15.01.2026 14:43:33	43,450	4,777	47,7674	0,535	5,3530
15.01.2026 14:43:33	43,500	4,772	47,7203	0,535	5,3529
15.01.2026 14:43:33	43,550	4,769	47,6901	0,535	5,3519
15.01.2026 14:43:33	43,600	4,761	47,6145	0,535	5,3538
15.01.2026 14:43:33	43,650	4,751	47,5058	0,535	5,3498
15.01.2026 14:43:33	43,700	4,733	47,3303	0,536	5,3554
15.01.2026 14:43:33	43,750	4,715	47,1488	0,535	5,3502
15.01.2026 14:43:33	43,800	4,705	47,0546	0,536	5,3568
15.01.2026 14:43:33	43,850	4,700	46,9974	0,535	5,3523
15.01.2026 14:43:33	43,900	4,697	46,9700	0,535	5,3508
15.01.2026 14:43:33	43,950	4,696	46,9554	0,535	5,3518
15.01.2026 14:43:34	44,000	4,695	46,9492	0,535	5,3535
15.01.2026 14:43:34	44,050	4,695	46,9452	0,535	5,3514
15.01.2026 14:43:34	44,100	4,692	46,9191	0,535	5,3550
15.01.2026 14:43:34	44,150	4,669	46,6853	0,535	5,3497
15.01.2026 14:43:34	44,200	4,617	46,1713	0,535	5,3518
15.01.2026 14:43:34	44,250	4,584	45,8418	0,535	5,3491
15.01.2026 14:43:34	44,300	4,568	45,6810	0,535	5,3504
15.01.2026 14:43:34	44,350	4,559	45,5946	0,535	5,3477
15.01.2026 14:43:34	44,400	4,556	45,5574	0,535	5,3542
15.01.2026 14:43:34	44,450	4,553	45,5313	0,535	5,3513
15.01.2026 14:43:34	44,500	4,552	45,5232	0,535	5,3546
15.01.2026 14:43:34	44,550	4,551	45,5146	0,535	5,3522
15.01.2026 14:43:34	44,600	4,551	45,5095	0,535	5,3517
15.01.2026 14:43:34	44,650	4,551	45,5062	0,535	5,3492
15.01.2026 14:43:34	44,700	4,551	45,5072	0,535	5,3536
15.01.2026 14:43:34	44,750	4,550	45,5035	0,535	5,3499
15.01.2026 14:43:34	44,800	4,552	45,5183	0,535	5,3532
15.01.2026 14:43:34	44,850	4,559	45,5884	0,535	5,3506
15.01.2026 14:43:34	44,900	4,563	45,6325	0,535	5,3508
15.01.2026 14:43:34	44,950	4,566	45,6563	0,535	5,3523
15.01.2026 14:43:35	45,000	4,567	45,6688	0,535	5,3542
15.01.2026 14:43:35	45,050	4,567	45,6708	0,535	5,3486
15.01.2026 14:43:35	45,100	4,568	45,6789	0,535	5,3512
15.01.2026 14:43:35	45,150	4,568	45,6778	0,535	5,3475
15.01.2026 14:43:35	45,200	4,568	45,6849	0,535	5,3535
15.01.2026 14:43:35	45,250	4,568	45,6834	0,535	5,3517
15.01.2026 14:43:35	45,300	4,568	45,6817	0,535	5,3529
15.01.2026 14:43:35	45,350	4,568	45,6774	0,535	5,3501
15.01.2026 14:43:35	45,400	4,566	45,6589	0,535	5,3547
15.01.2026 14:43:35	45,450	4,551	45,5135	0,535	5,3487
15.01.2026 14:43:35	45,500	4,531	45,3141	0,535	5,3529
15.01.2026 14:43:35	45,550	4,510	45,0996	0,535	5,3507
15.01.2026 14:43:35	45,600	4,493	44,9283	0,535	5,3513
15.01.2026 14:43:35	45,650	4,478	44,7760	0,535	5,3501
15.01.2026 14:43:35	45,700	4,464	44,6391	0,535	5,3530
15.01.2026 14:43:35	45,750	4,449	44,4905	0,535	5,3477
15.01.2026 14:43:35	45,800	4,432	44,3178	0,535	5,3491
15.01.2026 14:43:35	45,850	4,411	44,1065	0,535	5,3491
15.01.2026 14:43:35	45,900	4,387	43,8731	0,535	5,3516
15.01.2026 14:43:35	45,950	4,367	43,6679	0,535	5,3491
15.01.2026 14:43:36	46,000	4,351	43,5145	0,535	5,3511
15.01.2026 14:43:36	46,050	4,342	43,4161	0,535	5,3499
15.01.2026 14:43:36	46,100	4,330	43,2998	0,535	5,3515
15.01.2026 14:43:36	46,150	4,317	43,1654	0,535	5,3514
15.01.2026 14:43:36	46,200	4,308	43,0776	0,535	5,3509
15.01.2026 14:43:36	46,250	4,302	43,0224	0,535	5,3533
15.01.2026 14:43:36	46,300	4,292	42,9234	0,535	5,3514
15.01.2026 14:43:36	46,350	4,285	42,8501	0,535	5,3469
15.01.2026 14:43:36	46,400	4,272	42,7166	0,535	5,3512
15.01.2026 14:43:36	46,450	4,252	42,5200	0,535	5,3480
15.01.2026 14:43:36	46,500	4,231	42,3112	0,535	5,3500
15.01.2026 14:43:36	46,550	4,206	42,0650	0,535	5,3470
15.01.2026 14:43:36	46,600	4,182	41,8220	0,535	5,3487
15.01.2026 14:43:36	46,650	4,169	41,6851	0,535	5,3485
15.01.2026 14:43:36	46,700	4,159	41,5907	0,535	5,3531
15.01.2026 14:43:36	46,750	4,146	41,4559	0,535	5,3463
15.01.2026 14:43:36	46,800	4,133	41,3325	0,535	5,3530
15.01.2026 14:43:36	46,850	4,122	41,2205	0,535	5,3483
15.01.2026 14:43:36	46,900	4,107	41,0690	0,535	5,3467
15.01.2026 14:43:36	46,950	4,096	40,9568	0,535	5,3495
15.01.2026 14:43:37	47,000	4,088	40,8831	0,535	5,3496
15.01.2026 14:43:37	47,050	4,078	40,7786	0,535	5,3482
15.01.2026 14:43:37	47,100	4,070	40,7006	0,535	5,3484
15.01.2026 14:43:37	47,150	4,060	40,6001	0,535	5,3478
15.01.2026 14:43:37	47,200	4,052	40,5167	0,535	5,3503
15.01.2026 14:43:37	47,250	4,041	40,4076	0,535	5,3461
15.01.2026 14:43:37	47,300	4,033	40,3286	0,535	5,3514
15.01.2026 14:43:37	47,350	4,016	40,1636	0,535	5,3510
15.01.2026 14:43:37	47,400	3,997	39,9737	0,535	5,3504
15.01.2026 14:43:37	47,450	3,986	39,8609	0,535	5,3493
15.01.2026 14:43:37	47,500	3,974	39,7384	0,535	5,3495
15.01.2026 14:43:37	47,550	3,963	39,6348	0,535	5,3467
15.01.2026 14:43:37	47,600	3,953	39,5266	0,535	5,3494
15.01.2026 14:43:37	47,650	3,946	39,4606	0,535	5,3459
15.01.2026 14:43:37	47,700	3,937	39,3730	0,535	5,3520
15.01.2026 14:43:37	47,750	3,928	39,2839	0,535	5,3477
15.01.2026 14:43:37	47,800	3,915	39,1502	0,535	5,3503
15.01.2026 14:43:37	47,850	3,897	38,9722	0,535	5,3467
15.01.2026 14:43:37	47,900	3,883	38,8348	0,535	5,3509
15.01.2026 14:43:37	47,950	3,874	38,7400	0,535	5,3473
15.01.2026 14:43:38	48,000	3,863	38,6302	0,535	5,3490
15.01.2026 14:43:38	48,050	3,855	38,5479	0,535	5,3476
15.01.2026 14:43:38	48,100	3,844	38,4449	0,535	5,3517
15.01.2026 14:43:38	48,150	3,833	38,3250	0,535	5,3468
15.01.2026 14:43:38	48,200	3,821	38,2067	0,535	5,3501
15.01.2026 14:43:38	48,250	3,809	38,0867	0,535	5,3473
15.01.2026 14:43:38	48,300	3,802	38,0237	0,535	5,3492
15.01.2026 14:43:38	48,350	3,798	37,9759	0,535	5,3466
15.01.2026 14:43:38	48,400	3,789	37,8886	0,535	5,3518
15.01.2026 14:43:38	48,450	3,777	37,7680	0,535	5,3470
15.01.2026 14:43:38	48,500	3,768	37,6849	0,535	5,3477
15.01.2026 14:43:38	48,550	3,760	37,6014	0,535	5,3466
15.01.2026 14:43:38	48,600	3,752	37,5180	0,535	5,3504
15.01.2026 14:43:38	48,650	3,744	37,4367	0,535	5,3478
15.01.2026 14:43:38	48,700	3,732	37,3166	0,535	5,3525
15.01.2026 14:43:38	48,750	3,715	37,1530	0,534	5,3446
15.01.2026 14:43:38	48,800	3,703	37,0257	0,535	5,3475
15.01.2026 14:43:38	48,850	3,693	36,9341	0,535	5,3461
15.01.2026 14:43:38	48,900	3,681	36,8073	0,535	5,3503
15.01.2026 14:43:38	48,950	3,663	36,6283	0,535	5,3459
15.01.2026 14:43:39	49,000	3,643	36,4280	0,535	5,3484
15.01.2026 14:43:39	49,050	3,627	36,2704	0,535	5,3499
15.01.2026 14:43:39	49,100	3,614	36,1389	0,535	5,3509
15.01.2026 14:43:39	49,150	3,600	36,0022	0,535	5,3476
15.01.2026 14:43:39	49,200	3,586	35,8586	0,535	5,3483
15.01.2026 14:43:39	49,250	3,575	35,7465	0,535	5,3450
15.01.2026 14:43:39	49,300	3,568	35,6803	0,535	5,3489
15.01.2026 14:43:39	49,350	3,558	35,5809	0,535	5,3463
15.01.2026 14:43:39	49,400	3,549	35,4935	0,535	5,3476
15.01.2026 14:43:39	49,450	3,535	35,3453	0,535	5,3451
15.01.2026 14:43:39	49,500	3,515	35,1524	0,535	5,3490
15.01.2026 14:43:39	49,550	3,496	34,9599	0,535	5,3459
15.01.2026 14:43:39	49,600	3,481	34,8072	0,535	5,3503
15.01.2026 14:43:39	49,650	3,468	34,6821	0,534	5,3440
15.01.2026 14:43:39	49,700	3,463	34,6252	0,535	5,3507
15.01.2026 14:43:39	49,750	3,455	34,5464	0,535	5,3467
15.01.2026 14:43:39	49,800	3,441	34,4107	0,535	5,3451
15.01.2026 14:43:39	49,850	3,426	34,2647	0,535	5,3474
15.01.2026 14:43:39	49,900	3,414	34,1429	0,535	5,3508
15.01.2026 14:43:39	49,950	3,408	34,0771	0,534	5,3448
15.01.2026 14:43:40	50,000	3,405	34,0478	0,535	5,3500
15.01.2026 14:43:40	50,050	3,403	34,0280	0,535	5,3460
15.01.2026 14:43:40	50,100	3,402	34,0205	0,535	5,3483
15.01.2026 14:43:40	50,150	3,401	34,0140	0,535	5,3458
15.01.2026 14:43:40	50,200	3,401	34,0112	0,535	5,3487
15.01.2026 14:43:40	50,250	3,401	34,0091	0,535	5,3479
15.01.2026 14:43:40	50,300	3,400	34,0031	0,535	5,3458
15.01.2026 14:43:40	50,350	3,400	34,0050	0,535	5,3471
15.01.2026 14:43:40	50,400	3,400	34,0015	0,535	5,3464
15.01.2026 14:43:40	50,450	3,400	34,0016	0,535	5,3451
15.01.2026 14:43:40	50,500	3,400	34,0014	0,535	5,3475
15.01.2026 14:43:40	50,550	3,400	34,0006	0,534	5,3447
15.01.2026 14:43:40	50,600	3,400	34,0007	0,535	5,3475
15.01.2026 14:43:40	50,650	3,400	34,0030	0,535	5,3473
15.01.2026 14:43:40	50,700	3,400	34,0006	0,535	5,3489
15.01.2026 14:43:40	50,750	3,400	34,0025	0,535	5,3488
15.01.2026 14:43:40	50,800	3,400	34,0021	0,535	5,3505
15.01.2026 14:43:40	50,850	3,400	33,9995	0,535	5,3461
15.01.2026 14:43:40	50,900	3,400	34,0010	0,535	5,3500
15.01.2026 14:43:40	50,950	3,400	34,0000	0,535	5,3456
15.01.2026 14:43:41	51,000	3,400	34,0001	0,535	5,3477
15.01.2026 14:43:41	51,050	3,400	34,0014	0,535	5,3467
15.01.2026 14:43:41	51,100	3,400	33,9989	0,535	5,3461
15.01.2026 14:43:41	51,150	3,400	34,0012	0,535	5,3480
15.01.2026 14:43:41	51,200	3,400	33,9996	0,535	5,3484
15.01.2026 14:43:41	51,250	3,400	33,9993	0,535	5,3478
15.01.2026 14:43:41	51,300	3,400	33,9967	0,535	5,3466
15.01.2026 14:43:41	51,350	3,398	33,9842	0,534	5,3449
15.01.2026 14:43:41	51,400	3,379	33,7949	0,535	5,3476
15.01.2026 14:43:41	51,450	3,346	33,4566	0,534	5,3442
15.01.2026 14:43:41	51,500	3,318	33,1825	0,535	5,3470
15.01.2026 14:43:41	51,550	3,296	32,9617	0,535	5,3468
15.01.2026 14:43:41	51,600	3,272	32,7236	0,535	5,3494
15.01.2026 14:43:41	51,650	3,249	32,4931	0,535	5,3472
15.01.2026 14:43:41	51,700	3,229	32,2930	0,535	5,3471
15.01.2026 14:43:41	51,750	3,216	32,1614	0,535	5,3465
15.01.2026 14:43:41	51,800	3,202	32,0241	0,535	5,3469
15.01.2026 14:43:41	51,850	3,187	31,8733	0,534	5,3449
15.01.2026 14:43:41	51,900	3,170	31,6989	0,535	5,3475
15.01.2026 14:43:41	51,950	3,160	31,5994	0,534	5,3417
15.01.2026 14:43:42	52,000	3,149	31,4932	0,535	5,3473
15.01.2026 14:43:42	52,050	3,134	31,3404	0,535	5,3457
15.01.2026 14:43:42	52,100	3,120	31,1958	0,534	5,3447
15.01.2026 14:43:42	52,150	3,103	31,0263	0,534	5,3441
15.01.2026 14:43:42	52,200	3,082	30,8225	0,535	5,3474
15.01.2026 14:43:42	52,250	3,060	30,5976	0,535	5,3476
15.01.2026 14:43:42	52,300	3,038	30,3769	0,535	5,3456
15.01.2026 14:43:42	52,350	3,020	30,1994	0,535	5,3451
15.01.2026 14:43:42	52,400	3,004	30,0446	0,534	5,3421
15.01.2026 14:43:42	52,450	2,990	29,8995	0,535	5,3452
15.01.2026 14:43:42	52,500	2,971	29,7075	0,535	5,3489
15.01.2026 14:43:42	52,550	2,951	29,5063	0,534	5,3444
15.01.2026 14:43:42	52,600	2,931	29,3080	0,535	5,3451
15.01.2026 14:43:42	52,650	2,916	29,1589	0,534	5,3444
15.01.2026 14:43:42	52,700	2,904	29,0427	0,535	5,3462
15.01.2026 14:43:42	52,750	2,891	28,9148	0,534	5,3447
15.01.2026 14:43:42	52,800	2,877	28,7714	0,534	5,3423
15.01.2026 14:43:42	52,850	2,862	28,6206	0,534	5,3412
15.01.2026 14:43:42	52,900	2,847	28,4655	0,534	5,3407
15.01.2026 14:43:42	52,950	2,837	28,3721	0,534	5,3423
15.01.2026 14:43:43	53,000	2,826	28,2619	0,534	5,3418
15.01.2026 14:43:43	53,050	2,812	28,1169	0,534	5,3438
15.01.2026 14:43:43	53,100	2,788	27,8766	0,535	5,3460
15.01.2026 14:43:43	53,150	2,772	27,7178	0,534	5,3434
15.01.2026 14:43:43	53,200	2,764	27,6359	0,534	5,3442
15.01.2026 14:43:43	53,250	2,760	27,5980	0,534	5,3432
15.01.2026 14:43:43	53,300	2,754	27,5384	0,534	5,3424
15.01.2026 14:43:43	53,350	2,744	27,4410	0,534	5,3439
15.01.2026 14:43:43	53,400	2,728	27,2766	0,534	5,3407
15.01.2026 14:43:43	53,450	2,714	27,1377	0,535	5,3450
15.01.2026 14:43:43	53,500	2,698	26,9828	0,534	5,3418
15.01.2026 14:43:43	53,550	2,684	26,8380	0,534	5,3430
15.01.2026 14:43:43	53,600	2,666	26,6560	0,534	5,3421
15.01.2026 14:43:43	53,650	2,646	26,4586	0,534	5,3404
15.01.2026 14:43:43	53,700	2,629	26,2858	0,534	5,3442
15.01.2026 14:43:43	53,750	2,613	26,1278	0,534	5,3367
15.01.2026 14:43:43	53,800	2,600	26,0037	0,534	5,3383
15.01.2026 14:43:43	53,850	2,585	25,8526	0,534	5,3409
15.01.2026 14:43:43	53,900	2,572	25,7188	0,534	5,3426
15.01.2026 14:43:43	53,950	2,558	25,5792	0,534	5,3408
15.01.2026 14:43:44	54,000	2,543	25,4253	0,534	5,3395
15.01.2026 14:43:44	54,050	2,528	25,2761	0,534	5,3401
15.01.2026 14:43:44	54,100	2,517	25,1682	0,534	5,3400
15.01.2026 14:43:44	54,150	2,511	25,1103	0,534	5,3394
15.01.2026 14:43:44	54,200	2,500	25,0020	0,534	5,3385
15.01.2026 14:43:44	54,250	2,488	24,8776	0,534	5,3410
15.01.2026 14:43:44	54,300	2,479	24,7918	0,534	5,3396
15.01.2026 14:43:44	54,350	2,475	24,7519	0,534	5,3413
15.01.2026 14:43:44	54,400	2,465	24,6464	0,534	5,3425
15.01.2026 14:43:44	54,450	2,448	24,4790	0,534	5,3385
15.01.2026 14:43:44	54,500	2,434	24,3371	0,534	5,3447
15.01.2026 14:43:44	54,550	2,426	24,2640	0,534	5,3417
15.01.2026 14:43:44	54,600	2,420	24,2007	0,534	5,3415
15.01.2026 14:43:44	54,650	2,411	24,1070	0,534	5,3401
15.01.2026 14:43:44	54,700	2,405	24,0524	0,534	5,3416
15.01.2026 14:43:44	54,750	2,402	24,0225	0,534	5,3399
15.01.2026 14:43:44	54,800	2,393	23,9279	0,534	5,3404
15.01.2026 14:43:44	54,850	2,380	23,8032	0,534	5,3408
15.01.2026 14:43:44	54,900	2,367	23,6663	0,534	5,3413
15.01.2026 14:43:44	54,950	2,357	23,5693	0,534	5,3384
15.01.2026 14:43:45	55,000	2,352	23,5152	0,534	5,3393
15.01.2026 14:43:45	55,050	2,349	23,4928	0,534	5,3408
15.01.2026 14:43:45	55,100	2,348	23,4765	0,534	5,3399
15.01.2026 14:43:45	55,150	2,347	23,4724	0,534	5,3398
15.01.2026 14:43:45	55,200	2,346	23,4638	0,534	5,3392
15.01.2026 14:43:45	55,250	2,347	23,4654	0,534	5,3409
15.01.2026 14:43:45	55,300	2,346	23,4610	0,534	5,3412
15.01.2026 14:43:45	55,350	2,346	23,4636	0,534	5,3407
15.01.2026 14:43:45	55,400	2,346	23,4603	0,534	5,3419
15.01.2026 14:43:45	55,450	2,346	23,4599	0,534	5,3405
15.01.2026 14:43:45	55,500	2,346	23,4562	0,534	5,3397
15.01.2026 14:43:45	55,550	2,346	23,4587	0,534	5,3403
15.01.2026 14:43:45	55,600	2,345	23,4545	0,534	5,3394
15.01.2026 14:43:45	55,650	2,346	23,4561	0,534	5,3367
15.01.2026 14:43:45	55,700	2,346	23,4571	0,534	5,3421
15.01.2026 14:43:45	55,750	2,346	23,4556	0,534	5,3387
15.01.2026 14:43:45	55,800	2,345	23,4546	0,534	5,3395
15.01.2026 14:43:45	55,850	2,346	23,4574	0,534	5,3394
15.01.2026 14:43:45	55,900	2,346	23,4551	0,534	5,3396
15.01.2026 14:43:45	55,950	2,346	23,4584	0,534	5,3400
15.01.2026 14:43:46	56,000	2,345	23,4533	0,534	5,3384
15.01.2026 14:43:46	56,050	2,346	23,4571	0,534	5,3395
15.01.2026 14:43:46	56,100	2,337	23,3656	0,534	5,3396
15.01.2026 14:43:46	56,150	2,311	23,1105	0,534	5,3407
15.01.2026 14:43:46	56,200	2,287	22,8675	0,534	5,3430
15.01.2026 14:43:46	56,250	2,272	22,7202	0,534	5,3404
15.01.2026 14:43:46	56,300	2,257	22,5730	0,534	5,3389
15.01.2026 14:43:46	56,350	2,240	22,4023	0,534	5,3352
15.01.2026 14:43:46	56,400	2,223	22,2344	0,534	5,3413
15.01.2026 14:43:46	56,450	2,211	22,1111	0,534	5,3391
15.01.2026 14:43:46	56,500	2,190	21,8972	0,534	5,3404
15.01.2026 14:43:46	56,550	2,165	21,6530	0,534	5,3379
15.01.2026 14:43:46	56,600	2,142	21,4200	0,534	5,3406
15.01.2026 14:43:46	56,650	2,128	21,2801	0,534	5,3406
15.01.2026 14:43:46	56,700	2,111	21,1149	0,534	5,3403
15.01.2026 14:43:46	56,750	2,096	20,9598	0,534	5,3383
15.01.2026 14:43:46	56,800	2,081	20,8089	0,534	5,3360
15.01.2026 14:43:46	56,850	2,064	20,6377	0,534	5,3352
15.01.2026 14:43:46	56,900	2,046	20,4632	0,534	5,3361
15.01.2026 14:43:46	56,950	2,027	20,2669	0,534	5,3382
15.01.2026 14:43:47	57,000	2,007	20,0664	0,534	5,3374
15.01.2026 14:43:47	57,050	1,986	19,8583	0,534	5,3366
15.01.2026 14:43:47	57,100	1,966	19,6616	0,534	5,3364
15.01.2026 14:43:47	57,150	1,946	19,4640	0,534	5,3404
15.01.2026 14:43:47	57,200	1,927	19,2749	0,534	5,3356
15.01.2026 14:43:47	57,250	1,915	19,1458	0,534	5,3396
15.01.2026 14:43:47	57,300	1,898	18,9793	0,534	5,3352
15.01.2026 14:43:47	57,350	1,883	18,8288	0,534	5,3372
15.01.2026 14:43:47	57,400	1,868	18,6844	0,534	5,3369
15.01.2026 14:43:47	57,450	1,859	18,5883	0,534	5,3371
15.01.2026 14:43:47	57,500	1,850	18,5043	0,534	5,3379
15.01.2026 14:43:47	57,550	1,833	18,3320	0,534	5,3356
15.01.2026 14:43:47	57,600	1,813	18,1268	0,534	5,3365
15.01.2026 14:43:47	57,650	1,796	17,9605	0,533	5,3350
15.01.2026 14:43:47	57,700	1,784	17,8408	0,534	5,3372
15.01.2026 14:43:47	57,750	1,770	17,7002	0,534	5,3376
15.01.2026 14:43:47	57,800	1,755	17,5543	0,533	5,3346
15.01.2026 14:43:47	57,850	1,741	17,4136	0,533	5,3343
15.01.2026 14:43:47	57,900	1,725	17,2546	0,533	5,3346
15.01.2026 14:43:47	57,950	1,711	17,1056	0,533	5,3343
15.01.2026 14:43:48	58,000	1,695	16,9525	0,534	5,3355
15.01.2026 14:43:48	58,050	1,680	16,7958	0,533	5,3333
15.01.2026 14:43:48	58,100	1,665	16,6525	0,533	5,3313
15.01.2026 14:43:48	58,150	1,651	16,5069	0,533	5,3348
15.01.2026 14:43:48	58,200	1,632	16,3227	0,534	5,3361
15.01.2026 14:43:48	58,250	1,617	16,1671	0,533	5,3332
15.01.2026 14:43:48	58,300	1,607	16,0669	0,534	5,3357
15.01.2026 14:43:48	58,350	1,593	15,9289	0,533	5,3345
15.01.2026 14:43:48	58,400	1,573	15,7289	0,534	5,3359
15.01.2026 14:43:48	58,450	1,553	15,5339	0,533	5,3337
15.01.2026 14:43:48	58,500	1,537	15,3658	0,533	5,3339
15.01.2026 14:43:48	58,550	1,525	15,2542	0,533	5,3341
15.01.2026 14:43:48	58,600	1,515	15,1502	0,534	5,3368
15.01.2026 14:43:48	58,650	1,504	15,0381	0,534	5,3352
15.01.2026 14:43:48	58,700	1,491	14,9082	0,534	5,3367
15.01.2026 14:43:48	58,750	1,484	14,8379	0,534	5,3358
15.01.2026 14:43:48	58,800	1,477	14,7675	0,534	5,3362
15.01.2026 14:43:48	58,850	1,468	14,6831	0,533	5,3342
15.01.2026 14:43:48	58,900	1,461	14,6147	0,533	5,3332
15.01.2026 14:43:48	58,950	1,450	14,5033	0,534	5,3374
15.01.2026 14:43:49	59,000	1,437	14,3660	0,533	5,3331
15.01.2026 14:43:49	59,050	1,428	14,2792	0,533	5,3340
15.01.2026 14:43:49	59,100	1,416	14,1632	0,533	5,3320
15.01.2026 14:43:49	59,150	1,411	14,1084	0,533	5,3336
15.01.2026 14:43:49	59,200	1,408	14,0774	0,534	5,3355
15.01.2026 14:43:49	59,250	1,407	14,0654	0,534	5,3357
15.01.2026 14:43:49	59,300	1,405	14,0494	0,533	5,3322
15.01.2026 14:43:49	59,350	1,405	14,0517	0,534	5,3363
15.01.2026 14:43:49	59,400	1,405	14,0459	0,534	5,3351
15.01.2026 14:43:49	59,450	1,405	14,0475	0,534	5,3354
15.01.2026 14:43:49	59,500	1,404	14,0403	0,533	5,3316
15.01.2026 14:43:49	59,550	1,404	14,0431	0,533	5,3336
15.01.2026 14:43:49	59,600	1,404	14,0402	0,533	5,3338
15.01.2026 14:43:49	59,650	1,405	14,0462	0,533	5,3345
15.01.2026 14:43:49	59,700	1,404	14,0394	0,533	5,3321
15.01.2026 14:43:49	59,750	1,404	14,0440	0,533	5,3337
15.01.2026 14:43:49	59,800	1,404	14,0405	0,533	5,3333
15.01.2026 14:43:49	59,850	1,404	14,0440	0,533	5,3330
15.01.2026 14:43:49	59,900	1,404	14,0395	0,533	5,3327
15.01.2026 14:43:49	59,950	1,405	14,0462	0,534	5,3352
15.01.2026 14:43:50	60,000	1,404	14,0372	0,533	5,3310
15.01.2026 14:43:50	60,050	1,404	14,0441	0,533	5,3343
15.01.2026 14:43:50	60,100	1,404	14,0382	0,533	5,3324
15.01.2026 14:43:50	60,150	1,405	14,0458	0,534	5,3359
15.01.2026 14:43:50	60,200	1,404	14,0388	0,533	5,3337
15.01.2026 14:43:50	60,250	1,404	14,0419	0,533	5,3312
15.01.2026 14:43:50	60,300	1,404	14,0401	0,533	5,3329
15.01.2026 14:43:50	60,350	1,405	14,0466	0,534	5,3367
15.01.2026 14:43:50	60,400	1,404	14,0414	0,533	5,3348
15.01.2026 14:43:50	60,450	1,405	14,0457	0,534	5,3374
15.01.2026 14:43:50	60,500	1,404	14,0386	0,533	5,3344
15.01.2026 14:43:50	60,550	1,403	14,0306	0,534	5,3378
15.01.2026 14:43:50	60,600	1,391	13,9119	0,533	5,3344
15.01.2026 14:43:50	60,650	1,381	13,8058	0,533	5,3332
15.01.2026 14:43:50	60,700	1,372	13,7170	0,533	5,3327
15.01.2026 14:43:50	60,750	1,357	13,5728	0,533	5,3327
15.01.2026 14:43:50	60,800	1,337	13,3665	0,534	5,3353
15.01.2026 14:43:50	60,850	1,315	13,1510	0,533	5,3335
15.01.2026 14:43:50	60,900	1,290	12,8997	0,533	5,3319
15.01.2026 14:43:50	60,950	1,266	12,6608	0,533	5,3332
15.01.2026 14:43:51	61,000	1,240	12,4018	0,533	5,3344
15.01.2026 14:43:51	61,050	1,217	12,1721	0,534	5,3358
15.01.2026 14:43:51	61,100	1,194	11,9447	0,533	5,3319
15.01.2026 14:43:51	61,150	1,174	11,7360	0,533	5,3338
15.01.2026 14:43:51	61,200	1,155	11,5508	0,533	5,3312
15.01.2026 14:43:51	61,250	1,136	11,3559	0,533	5,3304
15.01.2026 14:43:51	61,300	1,113	11,1306	0,533	5,3318
15.01.2026 14:43:51	61,350	1,095	10,9459	0,534	5,3355
15.01.2026 14:43:51	61,400	1,083	10,8259	0,533	5,3331
15.01.2026 14:43:51	61,450	1,071	10,7067	0,533	5,3307
15.01.2026 14:43:51	61,500	1,060	10,6030	0,533	5,3324
15.01.2026 14:43:51	61,550	1,045	10,4506	0,533	5,3319
15.01.2026 14:43:51	61,600	1,030	10,3037	0,533	5,3293
15.01.2026 14:43:51	61,650	1,015	10,1538	0,533	5,3313
15.01.2026 14:43:51	61,700	0,994	9,9433	0,533	5,3282
15.01.2026 14:43:51	61,750	0,974	9,7385	0,533	5,3317
15.01.2026 14:43:51	61,800	0,960	9,5990	0,533	5,3282
15.01.2026 14:43:51	61,850	0,945	9,4504	0,533	5,3305
15.01.2026 14:43:51	61,900	0,923	9,2275	0,533	5,3294
15.01.2026 14:43:51	61,950	0,909	9,0897	0,533	5,3304
15.01.2026 14:43:52	62,000	0,898	8,9837	0,533	5,3302
15.01.2026 14:43:52	62,050	0,888	8,8801	0,533	5,3280
15.01.2026 14:43:52	62,100	0,878	8,7802	0,533	5,3322
15.01.2026 14:43:52	62,150	0,864	8,6394	0,533	5,3289
15.01.2026 14:43:52	62,200	0,852	8,5237	0,533	5,3266
15.01.2026 14:43:52	62,250	0,847	8,4743	0,533	5,3294
15.01.2026 14:43:52	62,300	0,838	8,3811	0,533	5,3278
15.01.2026 14:43:52	62,350	0,822	8,2214	0,533	5,3307
15.01.2026 14:43:52	62,400	0,806	8,0553	0,533	5,3287
15.01.2026 14:43:52	62,450	0,795	7,9548	0,533	5,3316
15.01.2026 14:43:52	62,500	0,777	7,7671	0,533	5,3266
15.01.2026 14:43:52	62,550	0,758	7,5812	0,533	5,3319
15.01.2026 14:43:52	62,600	0,747	7,4662	0,533	5,3267
15.01.2026 14:43:52	62,650	0,738	7,3811	0,533	5,3287
15.01.2026 14:43:52	62,700	0,729	7,2874	0,533	5,3315
15.01.2026 14:43:52	62,750	0,722	7,2224	0,533	5,3292
15.01.2026 14:43:52	62,800	0,710	7,1033	0,533	5,3270
15.01.2026 14:43:52	62,850	0,698	6,9752	0,533	5,3264
15.01.2026 14:43:52	62,900	0,690	6,9007	0,533	5,3252
15.01.2026 14:43:52	62,950	0,687	6,8698	0,533	5,3264
15.01.2026 14:43:53	63,000	0,685	6,8492	0,533	5,3284
15.01.2026 14:43:53	63,050	0,684	6,8432	0,533	5,3278
15.01.2026 14:43:53	63,100	0,683	6,8341	0,533	5,3278
15.01.2026 14:43:53	63,150	0,683	6,8341	0,533	5,3287
15.01.2026 14:43:53	63,200	0,683	6,8280	0,533	5,3257
15.01.2026 14:43:53	63,250	0,683	6,8303	0,533	5,3269
15.01.2026 14:43:53	63,300	0,683	6,8283	0,533	5,3273
15.01.2026 14:43:53	63,350	0,683	6,8314	0,533	5,3280
15.01.2026 14:43:53	63,400	0,683	6,8278	0,533	5,3277
15.01.2026 14:43:53	63,450	0,683	6,8301	0,533	5,3280
15.01.2026 14:43:53	63,500	0,683	6,8253	0,533	5,3262
15.01.2026 14:43:53	63,550	0,683	6,8302	0,533	5,3281
15.01.2026 14:43:53	63,600	0,682	6,8234	0,532	5,3248
15.01.2026 14:43:53	63,650	0,683	6,8313	0,533	5,3296
15.01.2026 14:43:53	63,700	0,683	6,8253	0,533	5,3271
15.01.2026 14:43:53	63,750	0,683	6,8299	0,533	5,3282
15.01.2026 14:43:53	63,800	0,683	6,8254	0,533	5,3272
15.01.2026 14:43:53	63,850	0,683	6,8313	0,533	5,3293
15.01.2026 14:43:53	63,900	0,689	6,8876	0,533	5,3287
15.01.2026 14:43:53	63,950	0,694	6,9426	0,533	5,3279
15.01.2026 14:43:54	64,000	0,696	6,9633	0,533	5,3253
15.01.2026 14:43:54	64,050	0,698	6,9824	0,533	5,3282
15.01.2026 14:43:54	64,100	0,698	6,9832	0,532	5,3249
15.01.2026 14:43:54	64,150	0,697	6,9711	0,533	5,3315
15.01.2026 14:43:54	64,200	0,685	6,8529	0,533	5,3253
15.01.2026 14:43:54	64,250	0,668	6,6754	0,533	5,3307
15.01.2026 14:43:54	64,300	0,641	6,4138	0,533	5,3296
15.01.2026 14:43:54	64,350	0,611	6,1056	0,533	5,3308
15.01.2026 14:43:54	64,400	0,571	5,7140	0,533	5,3259
15.01.2026 14:43:54	64,450	0,530	5,2997	0,533	5,3268
15.01.2026 14:43:54	64,500	0,496	4,9623	0,533	5,3264
15.01.2026 14:43:54	64,550	0,467	4,6685	0,532	5,3246
15.01.2026 14:43:54	64,600	0,438	4,3761	0,532	5,3247
15.01.2026 14:43:54	64,650	0,408	4,0839	0,533	5,3265
15.01.2026 14:43:54	64,700	0,380	3,7977	0,532	5,3217
15.01.2026 14:43:54	64,750	0,357	3,5651	0,532	5,3245
15.01.2026 14:43:54	64,800	0,335	3,3509	0,532	5,3215
15.01.2026 14:43:54	64,850	0,317	3,1736	0,532	5,3238
15.01.2026 14:43:54	64,900	0,301	3,0058	0,532	5,3229
15.01.2026 14:43:54	64,950	0,286	2,8642	0,532	5,3244
15.01.2026 14:43:55	65,000	0,272	2,7181	0,532	5,3221
15.01.2026 14:43:55	65,050	0,259	2,5916	0,532	5,3229
15.01.2026 14:43:55	65,100	0,246	2,4591	0,532	5,3221
15.01.2026 14:43:55	65,150	0,232	2,3243	0,532	5,3216
15.01.2026 14:43:55	65,200	0,216	2,1628	0,532	5,3228
15.01.2026 14:43:55	65,250	0,201	2,0105	0,532	5,3236
15.01.2026 14:43:55	65,300	0,186	1,8617	0,532	5,3201
15.01.2026 14:43:55	65,350	0,172	1,7221	0,532	5,3210
15.01.2026 14:43:55	65,400	0,157	1,5704	0,532	5,3201
15.01.2026 14:43:55	65,450	0,142	1,4210	0,532	5,3221
15.01.2026 14:43:55	65,500	0,126	1,2576	0,532	5,3196
15.01.2026 14:43:55	65,550	0,109	1,0946	0,532	5,3186
15.01.2026 14:43:55	65,600	0,098	0,9759	0,532	5,3187
15.01.2026 14:43:55	65,650	0,085	0,8537	0,532	5,3201
15.01.2026 14:43:55	65,700	0,071	0,7096	0,532	5,3201
15.01.2026 14:43:55	65,750	0,056	0,5607	0,532	5,3193
15.01.2026 14:43:55	65,800	0,044	0,4381	0,532	5,3204
15.01.2026 14:43:55	65,850	0,029	0,2905	0,532	5,3211
15.01.2026 14:43:55	65,900	0,015	0,1456	0,532	5,3194
15.01.2026 14:43:55	65,950	0,002	0,0166	0,532	5,3235
15.01.2026 14:43:56	66,000	-0,009	-0,0935	0,532	5,3190
15.01.2026 14:43:56	66,050	-0,020	-0,1998	0,532	5,3212
15.01.2026 14:43:56	66,100	-0,032	-0,3172	0,532	5,3217
15.01.2026 14:43:56	66,150	-0,038	-0,3785	0,532	5,3210
15.01.2026 14:43:56	66,200	-0,043	-0,4320	0,532	5,3192
15.01.2026 14:43:56	66,250	-0,050	-0,4957	0,532	5,3192
15.01.2026 14:43:56	66,300	-0,054	-0,5408	0,532	5,3190
15.01.2026 14:43:56	66,350	-0,056	-0,5568	0,532	5,3207
15.01.2026 14:43:56	66,400	-0,058	-0,5843	0,532	5,3196
15.01.2026 14:43:56	66,450	-0,062	-0,6155	0,532	5,3207
15.01.2026 14:43:56	66,500	-0,066	-0,6589	0,532	5,3183
15.01.2026 14:43:56	66,550	-0,069	-0,6885	0,532	5,3200
15.01.2026 14:43:56	66,600	-0,072	-0,7202	0,532	5,3161
15.01.2026 14:43:56	66,650	-0,073	-0,7262	0,532	5,3205
15.01.2026 14:43:56	66,700	-0,074	-0,7394	0,532	5,3162
15.01.2026 14:43:56	66,750	-0,074	-0,7366	0,532	5,3188
15.01.2026 14:43:56	66,800	-0,074	-0,7409	0,532	5,3206
15.01.2026 14:43:56	66,850	-0,074	-0,7386	0,532	5,3211
15.01.2026 14:43:56	66,900	-0,074	-0,7434	0,532	5,3196
15.01.2026 14:43:56	66,950	-0,074	-0,7421	0,532	5,3186
15.01.2026 14:43:57	67,000	-0,074	-0,7438	0,532	5,3197
15.01.2026 14:43:57	67,050	-0,074	-0,7424	0,532	5,3200
15.01.2026 14:43:57	67,100	-0,075	-0,7460	0,532	5,3187
15.01.2026 14:43:57	67,150	-0,074	-0,7421	0,532	5,3201
15.01.2026 14:43:57	67,200	-0,074	-0,7442	0,532	5,3196
15.01.2026 14:43:57	67,250	-0,074	-0,7395	0,532	5,3222
15.01.2026 14:43:57	67,300	-0,074	-0,7445	0,532	5,3198
15.01.2026 14:43:57	67,350	-0,074	-0,7428	0,532	5,3199
15.01.2026 14:43:57	67,400	-0,075	-0,7479	0,532	5,3179
15.01.2026 14:43:57	67,450	-0,074	-0,7438	0,532	5,3193
15.01.2026 14:43:57	67,500	-0,075	-0,7466	0,532	5,3192
15.01.2026 14:43:57	67,550	-0,074	-0,7422	0,532	5,3201
15.01.2026 14:43:57	67,600	-0,074	-0,7443	0,532	5,3214
15.01.2026 14:43:57	67,650	-0,074	-0,7446	0,532	5,3184
15.01.2026 14:43:57	67,700	-0,075	-0,7458	0,532	5,3197
15.01.2026 14:43:57	67,750	-0,074	-0,7423	0,532	5,3204
15.01.2026 14:43:57	67,800	-0,075	-0,7480	0,532	5,3181
15.01.2026 14:43:57	67,850	-0,074	-0,7432	0,532	5,3196
15.01.2026 14:43:57	67,900	-0,075	-0,7496	0,532	5,3166
15.01.2026 14:43:57	67,950	-0,074	-0,7440	0,532	5,3204
15.01.2026 14:43:58	68,000	-0,075	-0,7456	0,532	5,3204
15.01.2026 14:43:58	68,050	-0,074	-0,7418	0,532	5,3221
15.01.2026 14:43:58	68,100	-0,075	-0,7453	0,532	5,3211
15.01.2026 14:43:58	68,150	-0,074	-0,7417	0,532	5,3224
15.01.2026 14:43:58	68,200	-0,075	-0,7463	0,532	5,3192
15.01.2026 14:43:58	68,250	-0,075	-0,7455	0,532	5,3188
15.01.2026 14:43:58	68,300	-0,075	-0,7474	0,532	5,3198
15.01.2026 14:43:58	68,350	-0,074	-0,7414	0,532	5,3233
15.01.2026 14:43:58	68,400	-0,075	-0,7466	0,532	5,3205
15.01.2026 14:43:58	68,450	-0,074	-0,7427	0,532	5,3225
15.01.2026 14:43:58	68,500	-0,075	-0,7486	0,532	5,3185
15.01.2026 14:43:58	68,550	-0,075	-0,7460	0,532	5,3186
15.01.2026 14:43:58	68,600	-0,075	-0,7490	0,532	5,3189
15.01.2026 14:43:58	68,650	-0,074	-0,7442	0,532	5,3207
15.01.2026 14:43:58	68,700	-0,075	-0,7499	0,532	5,3190
15.01.2026 14:43:58	68,750	-0,074	-0,7449	0,532	5,3205
15.01.2026 14:43:58	68,800	-0,075	-0,7497	0,532	5,3181
15.01.2026 14:43:58	68,850	-0,075	-0,7460	0,532	5,3188
15.01.2026 14:43:58	68,900	-0,075	-0,7475	0,532	5,3205
15.01.2026 14:43:58	68,950	-0,075	-0,7461	0,532	5,3188
15.01.2026 14:43:59	69,000	-0,075	-0,7451	0,532	5,3217
15.01.2026 14:43:59	69,050	-0,075	-0,7475	0,532	5,3176
15.01.2026 14:43:59	69,100	-0,075	-0,7464	0,532	5,3219
15.01.2026 14:43:59	69,150	-0,074	-0,7437	0,532	5,3216
15.01.2026 14:43:59	69,200	-0,075	-0,7511	0,532	5,3179
15.01.2026 14:43:59	69,250	-0,075	-0,7474	0,532	5,3181
15.01.2026 14:43:59	69,300	-0,063	-0,6312	0,532	5,3194
15.01.2026 14:43:59	69,350	0,083	0,8251	0,532	5,3173
15.01.2026 14:43:59	69,400	0,082	0,8195	0,532	5,3199
15.01.2026 14:43:59	69,450	0,080	0,8021	0,532	5,3171
15.01.2026 14:43:59	69,500	0,079	0,7923	0,532	5,3194
15.01.2026 14:43:59	69,550	0,079	0,7895	0,532	5,3185
15.01.2026 14:43:59	69,600	0,079	0,7853	0,532	5,3188
15.01.2026 14:43:59	69,650	0,079	0,7892	0,532	5,3192
15.01.2026 14:43:59	69,700	0,078	0,7842	0,532	5,3200
15.01.2026 14:43:59	69,750	0,079	0,7882	0,532	5,3195
15.01.2026 14:43:59	69,800	0,078	0,7832	0,532	5,3192
15.01.2026 14:43:59	69,850	0,079	0,7867	0,532	5,3189
15.01.2026 14:43:59	69,900	0,078	0,7826	0,532	5,3182
15.01.2026 14:43:59	69,950	0,079	0,7863	0,532	5,3184
15.01.2026 14:44:00	70,000	0,078	0,7842	0,532	5,3198
15.01.2026 14:44:00	70,050	0,078	0,7849	0,532	5,3168
15.01.2026 14:44:00	70,100	0,079	0,7869	0,532	5,3218
15.01.2026 14:44:00	70,150	0,079	0,7864	0,532	5,3186
15.01.2026 14:44:00	70,200	0,078	0,7815	0,532	5,3168
15.01.2026 14:44:00	70,250	0,079	0,7858	0,532	5,3175
15.01.2026 14:44:00	70,300	0,078	0,7841	0,532	5,3189
15.01.2026 14:44:00	70,350	0,079	0,7885	0,532	5,3216
15.01.2026 14:44:00	70,400	0,078	0,7825	0,532	5,3179
15.01.2026 14:44:00	70,450	0,079	0,7856	0,532	5,3180
15.01.2026 14:44:00	70,500	0,079	0,7855	0,532	5,3212
15.01.2026 14:44:00	70,550	0,078	0,7848	0,532	5,3170
15.01.2026 14:44:00	70,600	0,078	0,7817	0,532	5,3182
15.01.2026 14:44:00	70,650	0,079	0,7858	0,532	5,3176
15.01.2026 14:44:00	70,700	0,078	0,7836	0,532	5,3180
15.01.2026 14:44:00	70,750	0,079	0,7886	0,532	5,3192
15.01.2026 14:44:00	70,800	0,078	0,7834	0,532	5,3188
15.01.2026 14:44:00	70,850	0,079	0,7868	0,532	5,3187
15.01.2026 14:44:00	70,900	0,078	0,7849	0,532	5,3195
15.01.2026 14:44:00	70,950	0,079	0,7919	0,532	5,3223
15.01.2026 14:44:01	71,000	0,078	0,7844	0,532	5,3197
15.01.2026 14:44:01	71,050	0,079	0,7891	0,532	5,3201
15.01.2026 14:44:01	71,100	0,078	0,7800	0,532	5,3160
15.01.2026 14:44:01	71,150	0,079	0,7898	0,532	5,3207
15.01.2026 14:44:01	71,200	0,078	0,7838	0,532	5,3195
15.01.2026 14:44:01	71,250	0,079	0,7888	0,532	5,3210
15.01.2026 14:44:01	71,300	0,079	0,7898	0,532	5,3243
15.01.2026 14:44:01	71,350	0,079	0,7861	0,532	5,3174
15.01.2026 14:44:01	71,400	0,078	0,7848	0,532	5,3198
15.01.2026 14:44:01	71,450	0,079	0,7852	0,532	5,3161
15.01.2026 14:44:01	71,500	0,078	0,7837	0,532	5,3186
15.01.2026 14:44:01	71,550	0,079	0,7870	0,532	5,3179
15.01.2026 14:44:01	71,600	0,078	0,7837	0,532	5,3187
15.01.2026 14:44:01	71,650	0,078	0,7836	0,532	5,3155
15.01.2026 14:44:01	71,700	0,074	0,7434	0,532	5,3216
15.01.2026 14:44:01	71,750	0,064	0,6394	0,532	5,3193
15.01.2026 14:44:01	71,800	0,057	0,5674	0,532	5,3210
15.01.2026 14:44:01	71,850	0,053	0,5321	0,532	5,3181
15.01.2026 14:44:01	71,900	0,051	0,5081	0,532	5,3171
15.01.2026 14:44:01	71,950	0,050	0,4976	0,532	5,3211
15.01.2026 14:44:02	72,000	0,043	0,4281	0,532	5,3175
15.01.2026 14:44:02	72,050	0,038	0,3785	0,532	5,3165
15.01.2026 14:44:02	72,100	0,029	0,2887	0,532	5,3173
15.01.2026 14:44:02	72,150	0,023	0,2261	0,532	5,3179
15.01.2026 14:44:02	72,200	0,013	0,1250	0,532	5,3172
15.01.2026 14:44:02	72,250	0,003	0,0263	0,532	5,3196
15.01.2026 14:44:02	72,300	-0,012	-0,1225	0,532	5,3227
15.01.2026 14:44:02	72,350	-0,032	-0,3237	0,532	5,3194
15.01.2026 14:44:02	72,400	-0,050	-0,5011	0,532	5,3190
15.01.2026 14:44:02	72,450	-0,067	-0,6741	0,532	5,3220
15.01.2026 14:44:02	72,500	-0,084	-0,8397	0,532	5,3193
15.01.2026 14:44:02	72,550	-0,091	-0,9104	0,532	5,3216
15.01.2026 14:44:02	72,600	-0,096	-0,9650	0,532	5,3213
15.01.2026 14:44:02	72,650	-0,105	-1,0488	0,532	5,3176
15.01.2026 14:44:02	72,700	-0,115	-1,1456	0,532	5,3219
15.01.2026 14:44:02	72,750	-0,127	-1,2687	0,532	5,3193
15.01.2026 14:44:02	72,800	-0,145	-1,4502	0,532	5,3209
15.01.2026 14:44:02	72,850	-0,165	-1,6501	0,532	5,3176
15.01.2026 14:44:02	72,900	-0,187	-1,8748	0,532	5,3178
15.01.2026 14:44:02	72,950	-0,214	-2,1379	0,532	5,3200
15.01.2026 14:44:03	73,000	-0,242	-2,4173	0,532	5,3153
15.01.2026 14:44:03	73,050	-0,264	-2,6449	0,532	5,3194
15.01.2026 14:44:03	73,100	-0,283	-2,8264	0,532	5,3157
15.01.2026 14:44:03	73,150	-0,296	-2,9632	0,531	5,3137
15.01.2026 14:44:03	73,200	-0,312	-3,1195	0,532	5,3160
15.01.2026 14:44:03	73,250	-0,331	-3,3115	0,531	5,3136
15.01.2026 14:44:03	73,300	-0,353	-3,5267	0,531	5,3147
15.01.2026 14:44:03	73,350	-0,376	-3,7591	0,531	5,3147
15.01.2026 14:44:03	73,400	-0,398	-3,9752	0,532	5,3160
15.01.2026 14:44:03	73,450	-0,416	-4,1635	0,531	5,3135
15.01.2026 14:44:03	73,500	-0,433	-4,3330	0,532	5,3174
15.01.2026 14:44:03	73,550	-0,448	-4,4758	0,531	5,3132
15.01.2026 14:44:03	73,600	-0,459	-4,5877	0,531	5,3114
15.01.2026 14:44:03	73,650	-0,468	-4,6755	0,531	5,3118
15.01.2026 14:44:03	73,700	-0,483	-4,8287	0,531	5,3140
15.01.2026 14:44:03	73,750	-0,498	-4,9834	0,531	5,3100
15.01.2026 14:44:03	73,800	-0,516	-5,1588	0,531	5,3131
15.01.2026 14:44:03	73,850	-0,530	-5,3027	0,531	5,3084
15.01.2026 14:44:03	73,900	-0,545	-5,4478	0,531	5,3142
15.01.2026 14:44:03	73,950	-0,558	-5,5824	0,531	5,3084
15.01.2026 14:44:04	74,000	-0,569	-5,6928	0,531	5,3093
15.01.2026 14:44:04	74,050	-0,579	-5,7937	0,531	5,3102
15.01.2026 14:44:04	74,100	-0,586	-5,8595	0,531	5,3097
15.01.2026 14:44:04	74,150	-0,594	-5,9372	0,531	5,3096
15.01.2026 14:44:04	74,200	-0,604	-6,0404	0,531	5,3103
15.01.2026 14:44:04	74,250	-0,619	-6,1918	0,531	5,3075
15.01.2026 14:44:04	74,300	-0,631	-6,3124	0,531	5,3098
15.01.2026 14:44:04	74,350	-0,636	-6,3643	0,531	5,3101
15.01.2026 14:44:04	74,400	-0,640	-6,3998	0,531	5,3102
15.01.2026 14:44:04	74,450	-0,641	-6,4115	0,531	5,3073
15.01.2026 14:44:04	74,500	-0,643	-6,4262	0,531	5,3075
15.01.2026 14:44:04	74,550	-0,642	-6,4190	0,531	5,3108
15.01.2026 14:44:04	74,600	-0,643	-6,4319	0,531	5,3063
15.01.2026 14:44:04	74,650	-0,642	-6,4241	0,531	5,3076
15.01.2026 14:44:04	74,700	-0,643	-6,4302	0,531	5,3086
15.01.2026 14:44:04	74,750	-0,642	-6,4248	0,531	5,3084
15.01.2026 14:44:04	74,800	-0,643	-6,4308	0,531	5,3083
15.01.2026 14:44:04	74,850	-0,646	-6,4590	0,531	5,3058
15.01.2026 14:44:04	74,900	-0,660	-6,6029	0,531	5,3058
15.01.2026 14:44:04	74,950	-0,685	-6,8537	0,530	5,3049
15.01.2026 14:44:05	75,000	-0,723	-7,2274	0,531	5,3067
15.01.2026 14:44:05	75,050	-0,756	-7,5631	0,530	5,3018
15.01.2026 14:44:05	75,100	-0,778	-7,7837	0,531	5,3066
15.01.2026 14:44:05	75,150	-0,793	-7,9342	0,530	5,3003
15.01.2026 14:44:05	75,200	-0,809	-8,0906	0,530	5,3010
15.01.2026 14:44:05	75,250	-0,827	-8,2654	0,530	5,2982
15.01.2026 14:44:05	75,300	-0,850	-8,5017	0,530	5,2990
15.01.2026 14:44:05	75,350	-0,875	-8,7466	0,529	5,2944
15.01.2026 14:44:05	75,400	-0,896	-8,9582	0,530	5,2970
15.01.2026 14:44:05	75,450	-0,916	-9,1639	0,529	5,2891
15.01.2026 14:44:05	75,500	-0,935	-9,3547	0,529	5,2907
15.01.2026 14:44:05	75,550	-0,954	-9,5395	0,529	5,2883
15.01.2026 14:44:05	75,600	-0,972	-9,7200	0,529	5,2894
15.01.2026 14:44:05	75,650	-0,989	-9,8868	0,528	5,2793
15.01.2026 14:44:05	75,700	-1,005	-10,0529	0,528	5,2762
15.01.2026 14:44:05	75,750	-1,022	-10,2237	0,527	5,2661
15.01.2026 14:44:05	75,800	-1,043	-10,4305	0,526	5,2622
15.01.2026 14:44:05	75,850	-1,065	-10,6526	0,525	5,2478
15.01.2026 14:44:05	75,900	-1,083	-10,8297	0,523	5,2253
15.01.2026 14:44:05	75,950	-1,092	-10,9238	0,519	5,1918
15.01.2026 14:44:06	76,000	-1,099	-10,9862	0,515	5,1542
15.01.2026 14:44:06	76,050	-1,104	-11,0388	0,509	5,0929
15.01.2026 14:44:06	76,100	-1,110	-11,0950	0,501	5,0129
15.01.2026 14:44:06	76,150	-1,113	-11,1252	0,491	4,9080
15.01.2026 14:44:06	76,200	-1,116	-11,1558	0,477	4,7714
15.01.2026 14:44:06	76,250	-1,117	-11,1705	0,460	4,6048
15.01.2026 14:44:06	76,300	-1,120	-11,1976	0,440	4,3992
15.01.2026 14:44:06	76,350	-1,122	-11,2238	0,416	4,1556
15.01.2026 14:44:06	76,400	-1,130	-11,2959	0,387	3,8664
15.01.2026 14:44:06	76,450	-1,139	-11,3874	0,353	3,5274
15.01.2026 14:44:06	76,500	-1,149	-11,4939	0,315	3,1541
15.01.2026 14:44:06	76,550	-1,165	-11,6472	0,273	2,7331
15.01.2026 14:44:06	76,600	-1,186	-11,8617	0,227	2,2652
15.01.2026 14:44:06	76,650	-1,210	-12,1020	0,175	1,7529
15.01.2026 14:44:06	76,700	-1,225	-12,2512	0,120	1,1996
15.01.2026 14:44:06	76,750	-1,240	-12,4028	0,059	0,5914
15.01.2026 14:44:06	76,800	-1,256	-12,5600	-0,005	-0,0491
15.01.2026 14:44:06	76,850	-1,281	-12,8135	-0,073	-0,7326
15.01.2026 14:44:06	76,900	-1,314	-13,1432	-0,145	-1,4477
15.01.2026 14:44:06	76,950	-1,365	-13,6507	-0,219	-2,1875
15.01.2026 14:44:07	77,000	-1,753	-17,5306	-0,289	-2,8909
15.01.2026 14:44:07	77,050	-2,471	-24,7077	-0,313	-3,1292
15.01.2026 14:44:07	77,100	-1,993	-19,9297	-0,312	-3,1229
15.01.2026 14:44:07	77,150	-1,762	-17,6234	-0,312	-3,1249
15.01.2026 14:44:07	77,200	-1,650	-16,5044	-0,312	-3,1218
15.01.2026 14:44:07	77,250	-1,598	-15,9846	-0,312	-3,1234
15.01.2026 14:44:07	77,300	-1,573	-15,7263	-0,312	-3,1194
15.01.2026 14:44:07	77,350	-1,559	-15,5860	-0,312	-3,1206
15.01.2026 14:44:07	77,400	-1,552	-15,5221	-0,312	-3,1201
15.01.2026 14:44:07	77,450	-1,548	-15,4823	-0,312	-3,1236
15.01.2026 14:44:07	77,500	-1,546	-15,4628	-0,312	-3,1172
15.01.2026 14:44:07	77,550	-1,545	-15,4519	-0,312	-3,1223
15.01.2026 14:44:07	77,600	-1,545	-15,4549	-0,312	-3,1200
15.01.2026 14:44:07	77,650	-1,544	-15,4443	-0,312	-3,1221
15.01.2026 14:44:07	77,700	-1,544	-15,4395	-0,312	-3,1155
15.01.2026 14:44:07	77,750	-1,543	-15,4347	-0,312	-3,1210
15.01.2026 14:44:07	77,800	-1,544	-15,4378	-0,312	-3,1182
15.01.2026 14:44:07	77,850	-1,543	-15,4288	-0,312	-3,1186
15.01.2026 14:44:07	77,900	-1,543	-15,4336	-0,312	-3,1161
15.01.2026 14:44:07	77,950	-1,542	-15,4247	-0,312	-3,1160
15.01.2026 14:44:08	78,000	-1,543	-15,4318	-0,312	-3,1154
15.01.2026 14:44:08	78,050	-1,543	-15,4267	-0,312	-3,1184
15.01.2026 14:44:08	78,100	-1,543	-15,4308	-0,312	-3,1154
15.01.2026 14:44:08	78,150	-1,543	-15,4258	-0,312	-3,1183
15.01.2026 14:44:08	78,200	-1,543	-15,4292	-0,311	-3,1137
15.01.2026 14:44:08	78,250	-1,542	-15,4236	-0,312	-3,1153
15.01.2026 14:44:08	78,300	-1,543	-15,4304	-0,311	-3,1140
15.01.2026 14:44:08	78,350	-1,543	-15,4268	-0,312	-3,1185
15.01.2026 14:44:08	78,400	-1,543	-15,4301	-0,311	-3,1134
15.01.2026 14:44:08	78,450	-1,542	-15,4221	-0,311	-3,1135
15.01.2026 14:44:08	78,500	-1,543	-15,4312	-0,311	-3,1138
15.01.2026 14:44:08	78,550	-1,543	-15,4256	-0,312	-3,1152
15.01.2026 14:44:08	78,600	-1,543	-15,4310	-0,311	-3,1137
15.01.2026 14:44:08	78,650	-1,542	-15,4234	-0,311	-3,1136
15.01.2026 14:44:08	78,700	-1,543	-15,4279	-0,311	-3,1122
15.01.2026 14:44:08	78,750	-1,542	-15,4229	-0,312	-3,1155
15.01.2026 14:44:08	78,800	-1,543	-15,4275	-0,311	-3,1127
15.01.2026 14:44:08	78,850	-1,544	-15,4429	-0,311	-3,1143
15.01.2026 14:44:08	78,900	-1,552	-15,5189	-0,311	-3,1119
15.01.2026 14:44:08	78,950	-1,556	-15,5557	-0,311	-3,1134
15.01.2026 14:44:09	79,000	-1,558	-15,5812	-0,311	-3,1135
15.01.2026 14:44:09	79,050	-1,559	-15,5855	-0,311	-3,1135
15.01.2026 14:44:09	79,100	-1,559	-15,5948	-0,311	-3,1107
15.01.2026 14:44:09	79,150	-1,559	-15,5942	-0,311	-3,1132
15.01.2026 14:44:09	79,200	-1,560	-15,6017	-0,311	-3,1125
15.01.2026 14:44:09	79,250	-1,560	-15,5986	-0,311	-3,1134
15.01.2026 14:44:09	79,300	-1,566	-15,6613	-0,311	-3,1105
15.01.2026 14:44:09	79,350	-1,576	-15,7596	-0,311	-3,1118
15.01.2026 14:44:09	79,400	-1,596	-15,9608	-0,311	-3,1106
15.01.2026 14:44:09	79,450	-1,614	-16,1376	-0,311	-3,1120
15.01.2026 14:44:09	79,500	-1,631	-16,3052	-0,311	-3,1128
15.01.2026 14:44:09	79,550	-1,646	-16,4551	-0,311	-3,1137
15.01.2026 14:44:09	79,600	-1,662	-16,6192	-0,311	-3,1118
15.01.2026 14:44:09	79,650	-1,679	-16,7944	-0,311	-3,1141
15.01.2026 14:44:09	79,700	-1,700	-17,0002	-0,311	-3,1097
15.01.2026 14:44:09	79,750	-1,718	-17,1815	-0,311	-3,1130
15.01.2026 14:44:09	79,800	-1,735	-17,3515	-0,311	-3,1123
15.01.2026 14:44:09	79,850	-1,749	-17,4873	-0,311	-3,1146
15.01.2026 14:44:09	79,900	-1,766	-17,6579	-0,311	-3,1111
15.01.2026 14:44:09	79,950	-1,784	-17,8448	-0,311	-3,1094
15.01.2026 14:44:10	80,000	-1,803	-18,0344	-0,311	-3,1122
15.01.2026 14:44:10	80,050	-1,820	-18,2023	-0,311	-3,1120
15.01.2026 14:44:10	80,100	-1,834	-18,3426	-0,311	-3,1099
15.01.2026 14:44:10	80,150	-1,849	-18,4934	-0,311	-3,1123
15.01.2026 14:44:10	80,200	-1,871	-18,7126	-0,311	-3,1133
15.01.2026 14:44:10	80,250	-1,893	-18,9311	-0,311	-3,1133
15.01.2026 14:44:10	80,300	-1,913	-19,1325	-0,311	-3,1089
15.01.2026 14:44:10	80,350	-1,930	-19,2998	-0,311	-3,1129
15.01.2026 14:44:10	80,400	-1,948	-19,4766	-0,311	-3,1115
15.01.2026 14:44:10	80,450	-1,965	-19,6462	-0,311	-3,1132
15.01.2026 14:44:10	80,500	-1,982	-19,8183	-0,311	-3,1131
15.01.2026 14:44:10	80,550	-1,999	-19,9875	-0,312	-3,1157
15.01.2026 14:44:10	80,600	-2,017	-20,1656	-0,311	-3,1088
15.01.2026 14:44:10	80,650	-2,037	-20,3713	-0,311	-3,1120
15.01.2026 14:44:10	80,700	-2,058	-20,5819	-0,311	-3,1100
15.01.2026 14:44:10	80,750	-2,076	-20,7590	-0,311	-3,1145
15.01.2026 14:44:10	80,800	-2,095	-20,9510	-0,311	-3,1105
15.01.2026 14:44:10	80,850	-2,116	-21,1557	-0,312	-3,1168
15.01.2026 14:44:10	80,900	-2,134	-21,3440	-0,311	-3,1137
15.01.2026 14:44:10	80,950	-2,149	-21,4940	-0,311	-3,1134
15.01.2026 14:44:11	81,000	-2,165	-21,6498	-0,311	-3,1136
15.01.2026 14:44:11	81,050	-2,181	-21,8051	-0,311	-3,1133
15.01.2026 14:44:11	81,100	-2,204	-22,0390	-0,311	-3,1107
15.01.2026 14:44:11	81,150	-2,231	-22,3122	-0,311	-3,1114
15.01.2026 14:44:11	81,200	-2,259	-22,5861	-0,311	-3,1126
15.01.2026 14:44:11	81,250	-2,280	-22,7963	-0,312	-3,1157
15.01.2026 14:44:11	81,300	-2,296	-22,9590	-0,311	-3,1114
15.01.2026 14:44:11	81,350	-2,309	-23,0854	-0,311	-3,1147
15.01.2026 14:44:11	81,400	-2,316	-23,1560	-0,311	-3,1119
15.01.2026 14:44:11	81,450	-2,319	-23,1875	-0,311	-3,1140
15.01.2026 14:44:11	81,500	-2,327	-23,2674	-0,311	-3,1083
15.01.2026 14:44:11	81,550	-2,333	-23,3345	-0,312	-3,1160
15.01.2026 14:44:11	81,600	-2,341	-23,4146	-0,311	-3,1129
15.01.2026 14:44:11	81,650	-2,353	-23,5306	-0,311	-3,1146
15.01.2026 14:44:11	81,700	-2,374	-23,7404	-0,311	-3,1133
15.01.2026 14:44:11	81,750	-2,398	-23,9790	-0,312	-3,1167
15.01.2026 14:44:11	81,800	-2,414	-24,1439	-0,311	-3,1129
15.01.2026 14:44:11	81,850	-2,421	-24,2128	-0,311	-3,1141
15.01.2026 14:44:11	81,900	-2,425	-24,2544	-0,311	-3,1098
15.01.2026 14:44:11	81,950	-2,427	-24,2720	-0,312	-3,1157
15.01.2026 14:44:12	82,000	-2,429	-24,2902	-0,311	-3,1128
15.01.2026 14:44:12	82,050	-2,434	-24,3374	-0,312	-3,1174
15.01.2026 14:44:12	82,100	-2,444	-24,4444	-0,311	-3,1126
15.01.2026 14:44:12	82,150	-2,460	-24,6018	-0,312	-3,1153
15.01.2026 14:44:12	82,200	-2,472	-24,7220	-0,311	-3,1124
15.01.2026 14:44:12	82,250	-2,484	-24,8409	-0,312	-3,1163
15.01.2026 14:44:12	82,300	-2,498	-24,9774	-0,311	-3,1115
15.01.2026 14:44:12	82,350	-2,508	-25,0756	-0,311	-3,1127
15.01.2026 14:44:12	82,400	-2,520	-25,1978	-0,311	-3,1104
15.01.2026 14:44:12	82,450	-2,528	-25,2767	-0,311	-3,1127
15.01.2026 14:44:12	82,500	-2,539	-25,3936	-0,311	-3,1124
15.01.2026 14:44:12	82,550	-2,546	-25,4619	-0,312	-3,1154
15.01.2026 14:44:12	82,600	-2,550	-25,5006	-0,311	-3,1083
15.01.2026 14:44:12	82,650	-2,556	-25,5610	-0,311	-3,1149
15.01.2026 14:44:12	82,700	-2,564	-25,6419	-0,311	-3,1106
15.01.2026 14:44:12	82,750	-2,567	-25,6743	-0,312	-3,1155
15.01.2026 14:44:12	82,800	-2,570	-25,6983	-0,311	-3,1108
15.01.2026 14:44:12	82,850	-2,570	-25,7032	-0,311	-3,1148
15.01.2026 14:44:12	82,900	-2,571	-25,7104	-0,311	-3,1097
15.01.2026 14:44:12	82,950	-2,571	-25,7067	-0,311	-3,1132
15.01.2026 14:44:13	83,000	-2,571	-25,7145	-0,311	-3,1107
15.01.2026 14:44:13	83,050	-2,571	-25,7095	-0,312	-3,1153
15.01.2026 14:44:13	83,100	-2,571	-25,7122	-0,311	-3,1069
15.01.2026 14:44:13	83,150	-2,571	-25,7082	-0,311	-3,1124
15.01.2026 14:44:13	83,200	-2,572	-25,7166	-0,311	-3,1121
15.01.2026 14:44:13	83,250	-2,571	-25,7115	-0,311	-3,1137
15.01.2026 14:44:13	83,300	-2,572	-25,7158	-0,311	-3,1107
15.01.2026 14:44:13	83,350	-2,571	-25,7105	-0,311	-3,1137
15.01.2026 14:44:13	83,400	-2,572	-25,7159	-0,311	-3,1093
15.01.2026 14:44:13	83,450	-2,571	-25,7136	-0,312	-3,1165
15.01.2026 14:44:13	83,500	-2,572	-25,7163	-0,311	-3,1101
15.01.2026 14:44:13	83,550	-2,571	-25,7122	-0,312	-3,1152
15.01.2026 14:44:13	83,600	-2,572	-25,7165	-0,311	-3,1103
15.01.2026 14:44:13	83,650	-2,571	-25,7119	-0,311	-3,1140
15.01.2026 14:44:13	83,700	-2,572	-25,7186	-0,311	-3,1116
15.01.2026 14:44:13	83,750	-2,571	-25,7131	-0,312	-3,1155
15.01.2026 14:44:13	83,800	-2,576	-25,7595	-0,311	-3,1099
15.01.2026 14:44:13	83,850	-2,595	-25,9541	-0,311	-3,1140
15.01.2026 14:44:13	83,900	-2,630	-26,2962	-0,311	-3,1114
15.01.2026 14:44:13	83,950	-2,671	-26,7058	-0,311	-3,1113
15.01.2026 14:44:14	84,000	-2,705	-27,0525	-0,311	-3,1117
15.01.2026 14:44:14	84,050	-2,726	-27,2634	-0,311	-3,1137
15.01.2026 14:44:14	84,100	-2,738	-27,3816	-0,311	-3,1095
15.01.2026 14:44:14	84,150	-2,743	-27,4324	-0,311	-3,1144
15.01.2026 14:44:14	84,200	-2,747	-27,4713	-0,311	-3,1131
15.01.2026 14:44:14	84,250	-2,748	-27,4765	-0,311	-3,1120
15.01.2026 14:44:14	84,300	-2,749	-27,4912	-0,311	-3,1088
15.01.2026 14:44:14	84,350	-2,750	-27,5008	-0,311	-3,1130
15.01.2026 14:44:14	84,400	-2,758	-27,5801	-0,311	-3,1118
15.01.2026 14:44:14	84,450	-2,768	-27,6790	-0,311	-3,1142
15.01.2026 14:44:14	84,500	-2,785	-27,8507	-0,311	-3,1122
15.01.2026 14:44:14	84,550	-2,805	-28,0519	-0,311	-3,1132
15.01.2026 14:44:14	84,600	-2,830	-28,2990	-0,311	-3,1113
15.01.2026 14:44:14	84,650	-2,852	-28,5151	-0,312	-3,1157
15.01.2026 14:44:14	84,700	-2,871	-28,7090	-0,311	-3,1129
15.01.2026 14:44:14	84,750	-2,891	-28,9061	-0,312	-3,1150
15.01.2026 14:44:14	84,800	-2,916	-29,1559	-0,311	-3,1125
15.01.2026 14:44:14	84,850	-2,940	-29,4006	-0,311	-3,1146
15.01.2026 14:44:14	84,900	-2,965	-29,6538	-0,311	-3,1110
15.01.2026 14:44:14	84,950	-2,983	-29,8301	-0,312	-3,1170
15.01.2026 14:44:15	85,000	-3,001	-30,0141	-0,311	-3,1121
15.01.2026 14:44:15	85,050	-3,027	-30,2670	-0,312	-3,1177
15.01.2026 14:44:15	85,100	-3,055	-30,5533	-0,311	-3,1142
15.01.2026 14:44:15	85,150	-3,072	-30,7224	-0,312	-3,1186
15.01.2026 14:44:15	85,200	-3,085	-30,8519	-0,311	-3,1113
15.01.2026 14:44:15	85,250	-3,099	-30,9888	-0,312	-3,1176
15.01.2026 14:44:15	85,300	-3,112	-31,1246	-0,311	-3,1130
15.01.2026 14:44:15	85,350	-3,121	-31,2078	-0,312	-3,1166
15.01.2026 14:44:15	85,400	-3,136	-31,3574	-0,311	-3,1136
15.01.2026 14:44:15	85,450	-3,150	-31,4983	-0,312	-3,1186
15.01.2026 14:44:15	85,500	-3,167	-31,6669	-0,311	-3,1130
15.01.2026 14:44:15	85,550	-3,183	-31,8326	-0,312	-3,1194
15.01.2026 14:44:15	85,600	-3,199	-31,9920	-0,311	-3,1149
15.01.2026 14:44:15	85,650	-3,209	-32,0924	-0,312	-3,1175
15.01.2026 14:44:15	85,700	-3,221	-32,2146	-0,311	-3,1125
15.01.2026 14:44:15	85,750	-3,231	-32,3096	-0,312	-3,1168
15.01.2026 14:44:15	85,800	-3,244	-32,4406	-0,311	-3,1122
15.01.2026 14:44:15	85,850	-3,256	-32,5627	-0,312	-3,1186
15.01.2026 14:44:15	85,900	-3,268	-32,6822	-0,312	-3,1163
15.01.2026 14:44:15	85,950	-3,280	-32,8010	-0,312	-3,1184
15.01.2026 14:44:16	86,000	-3,293	-32,9253	-0,311	-3,1117
15.01.2026 14:44:16	86,050	-3,303	-33,0314	-0,312	-3,1197
15.01.2026 14:44:16	86,100	-3,314	-33,1359	-0,311	-3,1150
15.01.2026 14:44:16	86,150	-3,323	-33,2266	-0,312	-3,1200
15.01.2026 14:44:16	86,200	-3,332	-33,3238	-0,311	-3,1141
15.01.2026 14:44:16	86,250	-3,341	-33,4126	-0,312	-3,1184
15.01.2026 14:44:16	86,300	-3,350	-33,5036	-0,311	-3,1113
15.01.2026 14:44:16	86,350	-3,359	-33,5928	-0,312	-3,1190
15.01.2026 14:44:16	86,400	-3,370	-33,7044	-0,311	-3,1150
15.01.2026 14:44:16	86,450	-3,383	-33,8322	-0,312	-3,1199
15.01.2026 14:44:16	86,500	-3,390	-33,8964	-0,311	-3,1122
15.01.2026 14:44:16	86,550	-3,398	-33,9839	-0,312	-3,1195
15.01.2026 14:44:16	86,600	-3,406	-34,0617	-0,311	-3,1132
15.01.2026 14:44:16	86,650	-3,413	-34,1345	-0,312	-3,1217
15.01.2026 14:44:16	86,700	-3,426	-34,2550	-0,312	-3,1166
15.01.2026 14:44:16	86,750	-3,436	-34,3614	-0,312	-3,1192
15.01.2026 14:44:16	86,800	-3,443	-34,4257	-0,311	-3,1139
15.01.2026 14:44:16	86,850	-3,450	-34,5029	-0,312	-3,1183
15.01.2026 14:44:16	86,900	-3,459	-34,5937	-0,311	-3,1143
15.01.2026 14:44:16	86,950	-3,470	-34,6968	-0,312	-3,1211
15.01.2026 14:44:17	87,000	-3,482	-34,8245	-0,311	-3,1131
15.01.2026 14:44:17	87,050	-3,492	-34,9227	-0,312	-3,1197
15.01.2026 14:44:17	87,100	-3,498	-34,9827	-0,312	-3,1171
15.01.2026 14:44:17	87,150	-3,507	-35,0705	-0,312	-3,1196
15.01.2026 14:44:17	87,200	-3,515	-35,1546	-0,312	-3,1167
15.01.2026 14:44:17	87,250	-3,525	-35,2521	-0,312	-3,1206
15.01.2026 14:44:17	87,300	-3,533	-35,3271	-0,311	-3,1147
15.01.2026 14:44:17	87,350	-3,543	-35,4284	-0,312	-3,1213
15.01.2026 14:44:17	87,400	-3,556	-35,5582	-0,312	-3,1157
15.01.2026 14:44:17	87,450	-3,565	-35,6473	-0,312	-3,1235
15.01.2026 14:44:17	87,500	-3,570	-35,6974	-0,311	-3,1146
15.01.2026 14:44:17	87,550	-3,578	-35,7774	-0,312	-3,1234
15.01.2026 14:44:17	87,600	-3,587	-35,8659	-0,311	-3,1147
15.01.2026 14:44:17	87,650	-3,597	-35,9731	-0,312	-3,1212
15.01.2026 14:44:17	87,700	-3,604	-36,0449	-0,312	-3,1169
15.01.2026 14:44:17	87,750	-3,614	-36,1374	-0,312	-3,1182
15.01.2026 14:44:17	87,800	-3,622	-36,2163	-0,312	-3,1165
15.01.2026 14:44:17	87,850	-3,627	-36,2693	-0,312	-3,1205
15.01.2026 14:44:17	87,900	-3,636	-36,3647	-0,311	-3,1130
15.01.2026 14:44:17	87,950	-3,644	-36,4357	-0,312	-3,1218
15.01.2026 14:44:18	88,000	-3,658	-36,5784	-0,311	-3,1135
15.01.2026 14:44:18	88,050	-3,670	-36,6955	-0,312	-3,1219
15.01.2026 14:44:18	88,100	-3,677	-36,7657	-0,312	-3,1175
15.01.2026 14:44:18	88,150	-3,687	-36,8652	-0,313	-3,1261
15.01.2026 14:44:18	88,200	-3,694	-36,9358	-0,312	-3,1156
15.01.2026 14:44:18	88,250	-3,697	-36,9745	-0,312	-3,1239
15.01.2026 14:44:18	88,300	-3,707	-37,0680	-0,311	-3,1141
15.01.2026 14:44:18	88,350	-3,718	-37,1841	-0,312	-3,1203
15.01.2026 14:44:18	88,400	-3,731	-37,3089	-0,311	-3,1147
15.01.2026 14:44:18	88,450	-3,742	-37,4171	-0,312	-3,1237
15.01.2026 14:44:18	88,500	-3,748	-37,4827	-0,312	-3,1162
15.01.2026 14:44:18	88,550	-3,754	-37,5447	-0,312	-3,1219
15.01.2026 14:44:18	88,600	-3,764	-37,6362	-0,312	-3,1170
15.01.2026 14:44:18	88,650	-3,773	-37,7327	-0,312	-3,1195
15.01.2026 14:44:18	88,700	-3,784	-37,8375	-0,312	-3,1152
15.01.2026 14:44:18	88,750	-3,795	-37,9460	-0,312	-3,1199
15.01.2026 14:44:18	88,800	-3,801	-38,0128	-0,311	-3,1145
15.01.2026 14:44:18	88,850	-3,808	-38,0794	-0,312	-3,1212
15.01.2026 14:44:18	88,900	-3,817	-38,1672	-0,311	-3,1141
15.01.2026 14:44:18	88,950	-3,822	-38,2218	-0,312	-3,1226
15.01.2026 14:44:19	89,000	-3,832	-38,3211	-0,312	-3,1162
15.01.2026 14:44:19	89,050	-3,838	-38,3754	-0,312	-3,1233
15.01.2026 14:44:19	89,100	-3,843	-38,4304	-0,311	-3,1119
15.01.2026 14:44:19	89,150	-3,851	-38,5133	-0,312	-3,1205
15.01.2026 14:44:19	89,200	-3,857	-38,5683	-0,312	-3,1187
15.01.2026 14:44:19	89,250	-3,858	-38,5846	-0,312	-3,1215
15.01.2026 14:44:19	89,300	-3,860	-38,6033	-0,312	-3,1164
15.01.2026 14:44:19	89,350	-3,861	-38,6084	-0,312	-3,1226
15.01.2026 14:44:19	89,400	-3,868	-38,6833	-0,312	-3,1177
15.01.2026 14:44:19	89,450	-3,873	-38,7338	-0,312	-3,1243
15.01.2026 14:44:19	89,500	-3,880	-38,8046	-0,311	-3,1144
15.01.2026 14:44:19	89,550	-3,888	-38,8826	-0,312	-3,1222
15.01.2026 14:44:19	89,600	-3,893	-38,9276	-0,311	-3,1146
15.01.2026 14:44:19	89,650	-3,895	-38,9538	-0,312	-3,1205
15.01.2026 14:44:19	89,700	-3,904	-39,0427	-0,312	-3,1172
15.01.2026 14:44:19	89,750	-3,909	-39,0944	-0,312	-3,1231
15.01.2026 14:44:19	89,800	-3,913	-39,1298	-0,312	-3,1155
15.01.2026 14:44:19	89,850	-3,920	-39,2027	-0,312	-3,1232
15.01.2026 14:44:19	89,900	-3,932	-39,3230	-0,312	-3,1165
15.01.2026 14:44:19	89,950	-3,941	-39,4104	-0,312	-3,1230
15.01.2026 14:44:20	90,000	-3,946	-39,4596	-0,311	-3,1144
15.01.2026 14:44:20	90,050	-3,948	-39,4776	-0,312	-3,1201
15.01.2026 14:44:20	90,100	-3,950	-39,4971	-0,312	-3,1162
15.01.2026 14:44:20	90,150	-3,955	-39,5455	-0,312	-3,1229
15.01.2026 14:44:20	90,200	-3,967	-39,6698	-0,312	-3,1154
15.01.2026 14:44:20	90,250	-3,976	-39,7630	-0,312	-3,1208
15.01.2026 14:44:20	90,300	-3,982	-39,8236	-0,312	-3,1170
15.01.2026 14:44:20	90,350	-3,991	-39,9132	-0,312	-3,1223
15.01.2026 14:44:20	90,400	-3,998	-39,9791	-0,311	-3,1147
15.01.2026 14:44:20	90,450	-4,001	-40,0095	-0,312	-3,1241
15.01.2026 14:44:20	90,500	-4,003	-40,0339	-0,312	-3,1197
15.01.2026 14:44:20	90,550	-4,003	-40,0322	-0,312	-3,1222
15.01.2026 14:44:20	90,600	-4,004	-40,0352	-0,312	-3,1178
15.01.2026 14:44:20	90,650	-3,996	-39,9599	-0,312	-3,1222
15.01.2026 14:44:20	90,700	-3,992	-39,9170	-0,312	-3,1163
15.01.2026 14:44:20	90,750	-3,989	-39,8899	-0,312	-3,1244
15.01.2026 14:44:20	90,800	-3,988	-39,8848	-0,312	-3,1190
15.01.2026 14:44:20	90,850	-3,988	-39,8755	-0,313	-3,1267
15.01.2026 14:44:20	90,900	-3,987	-39,8725	-0,312	-3,1155
15.01.2026 14:44:20	90,950	-3,987	-39,8656	-0,312	-3,1216
15.01.2026 14:44:21	91,000	-3,987	-39,8695	-0,311	-3,1146
15.01.2026 14:44:21	91,050	-3,986	-39,8643	-0,312	-3,1211
15.01.2026 14:44:21	91,100	-3,987	-39,8699	-0,311	-3,1141
15.01.2026 14:44:21	91,150	-3,987	-39,8661	-0,312	-3,1226
15.01.2026 14:44:21	91,200	-3,987	-39,8733	-0,312	-3,1182
15.01.2026 14:44:21	91,250	-3,987	-39,8670	-0,312	-3,1220
15.01.2026 14:44:21	91,300	-3,988	-39,8756	-0,312	-3,1191
15.01.2026 14:44:21	91,350	-3,987	-39,8702	-0,313	-3,1257
15.01.2026 14:44:21	91,400	-3,987	-39,8740	-0,312	-3,1175
15.01.2026 14:44:21	91,450	-3,987	-39,8673	-0,312	-3,1221
15.01.2026 14:44:21	91,500	-3,987	-39,8713	-0,311	-3,1146
15.01.2026 14:44:21	91,550	-3,987	-39,8681	-0,312	-3,1227
15.01.2026 14:44:21	91,600	-3,987	-39,8678	-0,311	-3,1121
15.01.2026 14:44:21	91,650	-3,987	-39,8658	-0,312	-3,1214
15.01.2026 14:44:21	91,700	-3,987	-39,8715	-0,312	-3,1156
15.01.2026 14:44:21	91,750	-3,987	-39,8666	-0,312	-3,1212
15.01.2026 14:44:21	91,800	-3,987	-39,8733	-0,312	-3,1162
15.01.2026 14:44:21	91,850	-3,987	-39,8692	-0,312	-3,1214
15.01.2026 14:44:21	91,900	-3,987	-39,8742	-0,312	-3,1153
15.01.2026 14:44:21	91,950	-3,987	-39,8690	-0,312	-3,1222
15.01.2026 14:44:22	92,000	-3,987	-39,8746	-0,312	-3,1165
15.01.2026 14:44:22	92,050	-3,987	-39,8696	-0,312	-3,1220
15.01.2026 14:44:22	92,100	-3,987	-39,8739	-0,312	-3,1152
15.01.2026 14:44:22	92,150	-3,987	-39,8725	-0,313	-3,1259
15.01.2026 14:44:22	92,200	-3,988	-39,8754	-0,312	-3,1163
15.01.2026 14:44:22	92,250	-3,987	-39,8716	-0,312	-3,1230
15.01.2026 14:44:22	92,300	-3,987	-39,8748	-0,311	-3,1144
15.01.2026 14:44:22	92,350	-3,987	-39,8705	-0,312	-3,1228
15.01.2026 14:44:22	92,400	-3,988	-39,8756	-0,312	-3,1161
15.01.2026 14:44:22	92,450	-3,987	-39,8717	-0,312	-3,1228
15.01.2026 14:44:22	92,500	-3,988	-39,8774	-0,312	-3,1181
15.01.2026 14:44:22	92,550	-3,987	-39,8671	-0,312	-3,1178
15.01.2026 14:44:22	92,600	-3,987	-39,8740	-0,312	-3,1152
15.01.2026 14:44:22	92,650	-3,987	-39,8693	-0,312	-3,1213
15.01.2026 14:44:22	92,700	-3,988	-39,8759	-0,312	-3,1156
15.01.2026 14:44:22	92,750	-3,987	-39,8703	-0,312	-3,1206
15.01.2026 14:44:22	92,800	-3,988	-39,8779	-0,312	-3,1167
15.01.2026 14:44:22	92,850	-3,987	-39,8690	-0,312	-3,1199
15.01.2026 14:44:22	92,900	-3,988	-39,8757	-0,311	-3,1146
15.01.2026 14:44:22	92,950	-3,987	-39,8734	-0,312	-3,1235
15.01.2026 14:44:23	93,000	-3,988	-39,8787	-0,312	-3,1175
15.01.2026 14:44:23	93,050	-3,987	-39,8731	-0,312	-3,1234
15.01.2026 14:44:23	93,100	-3,988	-39,8771	-0,312	-3,1168
15.01.2026 14:44:23	93,150	-3,987	-39,8717	-0,312	-3,1219
15.01.2026 14:44:23	93,200	-3,988	-39,8789	-0,312	-3,1176
15.01.2026 14:44:23	93,250	-3,987	-39,8723	-0,312	-3,1222
15.01.2026 14:44:23	93,300	-3,988	-39,8795	-0,312	-3,1171
15.01.2026 14:44:23	93,350	-3,987	-39,8724	-0,312	-3,1209
15.01.2026 14:44:23	93,400	-3,987	-39,8672	-0,312	-3,1166
15.01.2026 14:44:23	93,450	-3,982	-39,8207	-0,312	-3,1232
15.01.2026 14:44:23	93,500	-3,984	-39,8409	-0,312	-3,1158
15.01.2026 14:44:23	93,550	-3,985	-39,8543	-0,312	-3,1229
15.01.2026 14:44:23	93,600	-3,986	-39,8645	-0,311	-3,1124
15.01.2026 14:44:23	93,650	-3,986	-39,8643	-0,312	-3,1195
15.01.2026 14:44:23	93,700	-3,987	-39,8681	-0,311	-3,1132
15.01.2026 14:44:23	93,750	-3,979	-39,7928	-0,312	-3,1180
15.01.2026 14:44:23	93,800	-3,965	-39,6515	-0,311	-3,1139
15.01.2026 14:44:23	93,850	-3,940	-39,4038	-0,312	-3,1205
15.01.2026 14:44:23	93,900	-3,920	-39,2024	-0,311	-3,1142
15.01.2026 14:44:23	93,950	-3,914	-39,1376	-0,312	-3,1226
15.01.2026 14:44:24	94,000	-3,916	-39,1597	-0,311	-3,1146
15.01.2026 14:44:24	94,050	-3,915	-39,1509	-0,312	-3,1211
15.01.2026 14:44:24	94,100	-3,909	-39,0861	-0,312	-3,1161
15.01.2026 14:44:24	94,150	-3,897	-38,9665	-0,312	-3,1225
15.01.2026 14:44:24	94,200	-3,880	-38,7981	-0,312	-3,1156
15.01.2026 14:44:24	94,250	-3,858	-38,5798	-0,312	-3,1213
15.01.2026 14:44:24	94,300	-3,835	-38,3493	-0,311	-3,1138
15.01.2026 14:44:24	94,350	-3,812	-38,1194	-0,312	-3,1161
15.01.2026 14:44:24	94,400	-3,791	-37,9091	-0,311	-3,1127
15.01.2026 14:44:24	94,450	-3,768	-37,6798	-0,312	-3,1211
15.01.2026 14:44:24	94,500	-3,751	-37,5149	-0,311	-3,1137
15.01.2026 14:44:24	94,550	-3,736	-37,3585	-0,312	-3,1219
15.01.2026 14:44:24	94,600	-3,720	-37,1969	-0,311	-3,1129
15.01.2026 14:44:24	94,650	-3,697	-36,9677	-0,312	-3,1182
15.01.2026 14:44:24	94,700	-3,674	-36,7425	-0,311	-3,1121
15.01.2026 14:44:24	94,750	-3,654	-36,5378	-0,312	-3,1194
15.01.2026 14:44:24	94,800	-3,636	-36,3606	-0,312	-3,1157
15.01.2026 14:44:24	94,850	-3,617	-36,1704	-0,312	-3,1186
15.01.2026 14:44:24	94,900	-3,599	-35,9881	-0,311	-3,1117
15.01.2026 14:44:24	94,950	-3,579	-35,7886	-0,312	-3,1158
15.01.2026 14:44:25	95,000	-3,562	-35,6170	-0,311	-3,1119
15.01.2026 14:44:25	95,050	-3,546	-35,4597	-0,312	-3,1187
15.01.2026 14:44:25	95,100	-3,525	-35,2516	-0,311	-3,1129
15.01.2026 14:44:25	95,150	-3,499	-34,9862	-0,312	-3,1189
15.01.2026 14:44:25	95,200	-3,477	-34,7673	-0,311	-3,1095
15.01.2026 14:44:25	95,250	-3,460	-34,5961	-0,312	-3,1189
15.01.2026 14:44:25	95,300	-3,445	-34,4452	-0,311	-3,1106
15.01.2026 14:44:25	95,350	-3,425	-34,2494	-0,312	-3,1191
15.01.2026 14:44:25	95,400	-3,406	-34,0575	-0,311	-3,1107
15.01.2026 14:44:25	95,450	-3,388	-33,8841	-0,312	-3,1184
15.01.2026 14:44:25	95,500	-3,372	-33,7210	-0,311	-3,1100
15.01.2026 14:44:25	95,550	-3,347	-33,4719	-0,312	-3,1167
15.01.2026 14:44:25	95,600	-3,321	-33,2061	-0,311	-3,1113
15.01.2026 14:44:25	95,650	-3,297	-32,9667	-0,312	-3,1166
15.01.2026 14:44:25	95,700	-3,275	-32,7476	-0,311	-3,1115
15.01.2026 14:44:25	95,750	-3,250	-32,5047	-0,312	-3,1181
15.01.2026 14:44:25	95,800	-3,229	-32,2921	-0,311	-3,1092
15.01.2026 14:44:25	95,850	-3,214	-32,1351	-0,312	-3,1169
15.01.2026 14:44:25	95,900	-3,200	-31,9954	-0,311	-3,1090
15.01.2026 14:44:25	95,950	-3,186	-31,8608	-0,312	-3,1188
15.01.2026 14:44:26	96,000	-3,175	-31,7539	-0,311	-3,1086
15.01.2026 14:44:26	96,050	-3,163	-31,6292	-0,312	-3,1177
15.01.2026 14:44:26	96,100	-3,152	-31,5171	-0,311	-3,1098
15.01.2026 14:44:26	96,150	-3,140	-31,4048	-0,312	-3,1171
15.01.2026 14:44:26	96,200	-3,130	-31,3006	-0,311	-3,1112
15.01.2026 14:44:26	96,250	-3,117	-31,1651	-0,312	-3,1161
15.01.2026 14:44:26	96,300	-3,104	-31,0446	-0,311	-3,1086
15.01.2026 14:44:26	96,350	-3,091	-30,9100	-0,312	-3,1162
15.01.2026 14:44:26	96,400	-3,082	-30,8207	-0,311	-3,1105
15.01.2026 14:44:26	96,450	-3,070	-30,6970	-0,312	-3,1168
15.01.2026 14:44:26	96,500	-3,055	-30,5534	-0,311	-3,1083
15.01.2026 14:44:26	96,550	-3,039	-30,3857	-0,312	-3,1150
15.01.2026 14:44:26	96,600	-3,023	-30,2320	-0,311	-3,1082
15.01.2026 14:44:26	96,650	-3,011	-30,1099	-0,311	-3,1122
15.01.2026 14:44:26	96,700	-2,998	-29,9777	-0,311	-3,1079
15.01.2026 14:44:26	96,750	-2,983	-29,8326	-0,311	-3,1136
15.01.2026 14:44:26	96,800	-2,972	-29,7227	-0,311	-3,1118
15.01.2026 14:44:26	96,850	-2,961	-29,6052	-0,311	-3,1135
15.01.2026 14:44:26	96,900	-2,955	-29,5504	-0,311	-3,1057
15.01.2026 14:44:26	96,950	-2,945	-29,4548	-0,312	-3,1168
15.01.2026 14:44:27	97,000	-2,936	-29,3627	-0,311	-3,1067
15.01.2026 14:44:27	97,050	-2,925	-29,2515	-0,311	-3,1146
15.01.2026 14:44:27	97,100	-2,920	-29,2006	-0,311	-3,1081
15.01.2026 14:44:27	97,150	-2,916	-29,1633	-0,311	-3,1127
15.01.2026 14:44:27	97,200	-2,913	-29,1278	-0,311	-3,1091
15.01.2026 14:44:27	97,250	-2,904	-29,0438	-0,312	-3,1155
15.01.2026 14:44:27	97,300	-2,900	-29,0042	-0,311	-3,1065
15.01.2026 14:44:27	97,350	-2,898	-28,9770	-0,311	-3,1142
15.01.2026 14:44:27	97,400	-2,897	-28,9719	-0,311	-3,1074
15.01.2026 14:44:27	97,450	-2,891	-28,9063	-0,311	-3,1136
15.01.2026 14:44:27	97,500	-2,882	-28,8190	-0,311	-3,1079
15.01.2026 14:44:27	97,550	-2,870	-28,7025	-0,312	-3,1185
15.01.2026 14:44:27	97,600	-2,858	-28,5776	-0,311	-3,1068
15.01.2026 14:44:27	97,650	-2,849	-28,4937	-0,311	-3,1122
15.01.2026 14:44:27	97,700	-2,846	-28,4606	-0,311	-3,1072
15.01.2026 14:44:27	97,750	-2,843	-28,4346	-0,311	-3,1140
15.01.2026 14:44:27	97,800	-2,843	-28,4279	-0,311	-3,1051
15.01.2026 14:44:27	97,850	-2,842	-28,4185	-0,311	-3,1126
15.01.2026 14:44:27	97,900	-2,839	-28,3909	-0,311	-3,1067
15.01.2026 14:44:27	97,950	-2,829	-28,2903	-0,311	-3,1113
15.01.2026 14:44:28	98,000	-2,818	-28,1845	-0,311	-3,1070
15.01.2026 14:44:28	98,050	-2,811	-28,1095	-0,311	-3,1137
15.01.2026 14:44:28	98,100	-2,801	-28,0132	-0,311	-3,1091
15.01.2026 14:44:28	98,150	-2,795	-27,9451	-0,311	-3,1139
15.01.2026 14:44:28	98,200	-2,790	-27,9009	-0,310	-3,1035
15.01.2026 14:44:28	98,250	-2,781	-27,8073	-0,311	-3,1110
15.01.2026 14:44:28	98,300	-2,771	-27,7138	-0,310	-3,1034
15.01.2026 14:44:28	98,350	-2,761	-27,6122	-0,311	-3,1113
15.01.2026 14:44:28	98,400	-2,750	-27,5040	-0,310	-3,1036
15.01.2026 14:44:28	98,450	-2,738	-27,3786	-0,311	-3,1116
15.01.2026 14:44:28	98,500	-2,723	-27,2318	-0,310	-3,1049
15.01.2026 14:44:28	98,550	-2,705	-27,0534	-0,311	-3,1121
15.01.2026 14:44:28	98,600	-2,688	-26,8791	-0,311	-3,1067
15.01.2026 14:44:28	98,650	-2,668	-26,6768	-0,311	-3,1117
15.01.2026 14:44:28	98,700	-2,650	-26,5002	-0,311	-3,1051
15.01.2026 14:44:28	98,750	-2,637	-26,3707	-0,311	-3,1087
15.01.2026 14:44:28	98,800	-2,624	-26,2433	-0,310	-3,1049
15.01.2026 14:44:28	98,850	-2,608	-26,0844	-0,311	-3,1134
15.01.2026 14:44:28	98,900	-2,593	-25,9285	-0,311	-3,1053
15.01.2026 14:44:28	98,950	-2,576	-25,7615	-0,311	-3,1115
15.01.2026 14:44:29	99,000	-2,561	-25,6050	-0,310	-3,1021
15.01.2026 14:44:29	99,050	-2,550	-25,4968	-0,311	-3,1099
15.01.2026 14:44:29	99,100	-2,545	-25,4457	-0,310	-3,1039
15.01.2026 14:44:29	99,150	-2,540	-25,4012	-0,311	-3,1084
15.01.2026 14:44:29	99,200	-2,532	-25,3233	-0,311	-3,1055
15.01.2026 14:44:29	99,250	-2,524	-25,2365	-0,311	-3,1125
15.01.2026 14:44:29	99,300	-2,513	-25,1349	-0,310	-3,1029
15.01.2026 14:44:29	99,350	-2,507	-25,0686	-0,311	-3,1099
15.01.2026 14:44:29	99,400	-2,498	-24,9823	-0,311	-3,1080
15.01.2026 14:44:29	99,450	-2,487	-24,8656	-0,311	-3,1106
15.01.2026 14:44:29	99,500	-2,473	-24,7310	-0,310	-3,1043
15.01.2026 14:44:29	99,550	-2,461	-24,6118	-0,311	-3,1107
15.01.2026 14:44:29	99,600	-2,452	-24,5170	-0,311	-3,1060
15.01.2026 14:44:29	99,650	-2,439	-24,3890	-0,311	-3,1104
15.01.2026 14:44:29	99,700	-2,426	-24,2645	-0,310	-3,1029
15.01.2026 14:44:29	99,750	-2,412	-24,1241	-0,311	-3,1072
15.01.2026 14:44:29	99,800	-2,400	-24,0050	-0,310	-3,1026
15.01.2026 14:44:29	99,850	-2,389	-23,8928	-0,311	-3,1094
15.01.2026 14:44:29	99,900	-2,385	-23,8466	-0,310	-3,1039
15.01.2026 14:44:29	99,950	-2,381	-23,8085	-0,311	-3,1072
15.01.2026 14:44:30	100,000	-2,373	-23,7290	-0,310	-3,1017
15.01.2026 14:44:30	100,050	-2,360	-23,5971	-0,311	-3,1093
15.01.2026 14:44:30	100,100	-2,346	-23,4576	-0,310	-3,1014
15.01.2026 14:44:30	100,150	-2,336	-23,3631	-0,311	-3,1116
15.01.2026 14:44:30	100,200	-2,332	-23,3214	-0,310	-3,1043
15.01.2026 14:44:30	100,250	-2,329	-23,2929	-0,311	-3,1105
15.01.2026 14:44:30	100,300	-2,329	-23,2850	-0,310	-3,1030
15.01.2026 14:44:30	100,350	-2,327	-23,2703	-0,311	-3,1054
15.01.2026 14:44:30	100,400	-2,327	-23,2733	-0,310	-3,1009
15.01.2026 14:44:30	100,450	-2,327	-23,2681	-0,311	-3,1088
15.01.2026 14:44:30	100,500	-2,327	-23,2728	-0,310	-3,1040
15.01.2026 14:44:30	100,550	-2,327	-23,2677	-0,311	-3,1110
15.01.2026 14:44:30	100,600	-2,329	-23,2947	-0,310	-3,0997
15.01.2026 14:44:30	100,650	-2,336	-23,3599	-0,311	-3,1122
15.01.2026 14:44:30	100,700	-2,340	-23,3954	-0,310	-3,1029
15.01.2026 14:44:30	100,750	-2,341	-23,4053	-0,311	-3,1099
15.01.2026 14:44:30	100,800	-2,342	-23,4181	-0,310	-3,0998
15.01.2026 14:44:30	100,850	-2,342	-23,4164	-0,311	-3,1091
15.01.2026 14:44:30	100,900	-2,342	-23,4159	-0,310	-3,1049
15.01.2026 14:44:30	100,950	-2,329	-23,2893	-0,311	-3,1079
15.01.2026 14:44:31	101,000	-2,302	-23,0175	-0,310	-3,1009
15.01.2026 14:44:31	101,050	-2,264	-22,6394	-0,311	-3,1058
15.01.2026 14:44:31	101,100	-2,234	-22,3444	-0,310	-3,1002
15.01.2026 14:44:31	101,150	-2,217	-22,1718	-0,311	-3,1098
15.01.2026 14:44:31	101,200	-2,200	-21,9968	-0,310	-3,1036
15.01.2026 14:44:31	101,250	-2,175	-21,7494	-0,311	-3,1111
15.01.2026 14:44:31	101,300	-2,150	-21,4986	-0,310	-3,1023
15.01.2026 14:44:31	101,350	-2,126	-21,2622	-0,311	-3,1096
15.01.2026 14:44:31	101,400	-2,105	-21,0484	-0,310	-3,1032
15.01.2026 14:44:31	101,450	-2,086	-20,8607	-0,311	-3,1059
15.01.2026 14:44:31	101,500	-2,062	-20,6160	-0,310	-3,1006
15.01.2026 14:44:31	101,550	-2,027	-20,2741	-0,311	-3,1095
15.01.2026 14:44:31	101,600	-1,995	-19,9471	-0,310	-3,0986
15.01.2026 14:44:31	101,650	-1,968	-19,6812	-0,311	-3,1069
15.01.2026 14:44:31	101,700	-1,941	-19,4068	-0,310	-3,0988
15.01.2026 14:44:31	101,750	-1,911	-19,1111	-0,311	-3,1056
15.01.2026 14:44:31	101,800	-1,884	-18,8442	-0,310	-3,0995
15.01.2026 14:44:31	101,850	-1,862	-18,6194	-0,311	-3,1053
15.01.2026 14:44:31	101,900	-1,846	-18,4595	-0,310	-3,0999
15.01.2026 14:44:31	101,950	-1,832	-18,3246	-0,311	-3,1094
15.01.2026 14:44:32	102,000	-1,817	-18,1685	-0,310	-3,1042
15.01.2026 14:44:32	102,050	-1,804	-18,0374	-0,310	-3,1039
15.01.2026 14:44:32	102,100	-1,796	-17,9552	-0,310	-3,0985
15.01.2026 14:44:32	102,150	-1,785	-17,8501	-0,311	-3,1060
15.01.2026 14:44:32	102,200	-1,774	-17,7382	-0,310	-3,0985
15.01.2026 14:44:32	102,250	-1,759	-17,5947	-0,310	-3,1044
15.01.2026 14:44:32	102,300	-1,746	-17,4554	-0,310	-3,0994
15.01.2026 14:44:32	102,350	-1,731	-17,3143	-0,310	-3,1044
15.01.2026 14:44:32	102,400	-1,718	-17,1812	-0,310	-3,0986
15.01.2026 14:44:32	102,450	-1,702	-17,0248	-0,311	-3,1050
15.01.2026 14:44:32	102,500	-1,687	-16,8673	-0,310	-3,0976
15.01.2026 14:44:32	102,550	-1,671	-16,7144	-0,310	-3,1025
15.01.2026 14:44:32	102,600	-1,658	-16,5797	-0,310	-3,0967
15.01.2026 14:44:32	102,650	-1,645	-16,4486	-0,310	-3,1026
15.01.2026 14:44:32	102,700	-1,638	-16,3811	-0,309	-3,0944
15.01.2026 14:44:32	102,750	-1,626	-16,2616	-0,310	-3,1023
15.01.2026 14:44:32	102,800	-1,610	-16,0974	-0,310	-3,0965
15.01.2026 14:44:32	102,850	-1,594	-15,9420	-0,310	-3,1034
15.01.2026 14:44:32	102,900	-1,583	-15,8259	-0,310	-3,0965
15.01.2026 14:44:32	102,950	-1,567	-15,6669	-0,310	-3,1017
15.01.2026 14:44:33	103,000	-1,555	-15,5508	-0,310	-3,0996
15.01.2026 14:44:33	103,050	-1,540	-15,4047	-0,311	-3,1066
15.01.2026 14:44:33	103,100	-1,523	-15,2321	-0,309	-3,0948
15.01.2026 14:44:33	103,150	-1,504	-15,0379	-0,311	-3,1055
15.01.2026 14:44:33	103,200	-1,486	-14,8620	-0,310	-3,0954
15.01.2026 14:44:33	103,250	-1,468	-14,6776	-0,310	-3,1045
15.01.2026 14:44:33	103,300	-1,450	-14,4986	-0,310	-3,0977
15.01.2026 14:44:33	103,350	-1,431	-14,3143	-0,310	-3,1007
15.01.2026 14:44:33	103,400	-1,412	-14,1201	-0,310	-3,0956
15.01.2026 14:44:33	103,450	-1,391	-13,9142	-0,310	-3,1024
15.01.2026 14:44:33	103,500	-1,374	-13,7350	-0,310	-3,0959
15.01.2026 14:44:33	103,550	-1,354	-13,5401	-0,310	-3,1048
15.01.2026 14:44:33	103,600	-1,337	-13,3680	-0,310	-3,0952
15.01.2026 14:44:33	103,650	-1,323	-13,2303	-0,310	-3,1026
15.01.2026 14:44:33	103,700	-1,308	-13,0832	-0,309	-3,0942
15.01.2026 14:44:33	103,750	-1,292	-12,9239	-0,310	-3,0992
15.01.2026 14:44:33	103,800	-1,278	-12,7826	-0,310	-3,0952
15.01.2026 14:44:33	103,850	-1,264	-12,6428	-0,310	-3,1009
15.01.2026 14:44:33	103,900	-1,251	-12,5105	-0,309	-3,0924
15.01.2026 14:44:33	103,950	-1,236	-12,3615	-0,310	-3,1031
15.01.2026 14:44:34	104,000	-1,223	-12,2252	-0,310	-3,0964
15.01.2026 14:44:34	104,050	-1,208	-12,0801	-0,310	-3,1006
15.01.2026 14:44:34	104,100	-1,196	-11,9582	-0,309	-3,0923
15.01.2026 14:44:34	104,150	-1,184	-11,8370	-0,310	-3,0991
15.01.2026 14:44:34	104,200	-1,173	-11,7255	-0,310	-3,0956
15.01.2026 14:44:34	104,250	-1,158	-11,5785	-0,310	-3,1011
15.01.2026 14:44:34	104,300	-1,146	-11,4646	-0,309	-3,0921
15.01.2026 14:44:34	104,350	-1,134	-11,3366	-0,310	-3,1006
15.01.2026 14:44:34	104,400	-1,126	-11,2645	-0,309	-3,0909
15.01.2026 14:44:34	104,450	-1,122	-11,2233	-0,310	-3,0990
15.01.2026 14:44:34	104,500	-1,125	-11,2544	-0,309	-3,0904
15.01.2026 14:44:34	104,550	-1,131	-11,3052	-0,310	-3,0984
15.01.2026 14:44:34	104,600	-1,134	-11,3379	-0,309	-3,0937
15.01.2026 14:44:34	104,650	-1,135	-11,3498	-0,310	-3,1010
15.01.2026 14:44:34	104,700	-1,136	-11,3617	-0,309	-3,0945
15.01.2026 14:44:34	104,750	-1,136	-11,3596	-0,310	-3,0980
15.01.2026 14:44:34	104,800	-1,137	-11,3668	-0,309	-3,0936
15.01.2026 14:44:34	104,850	-1,136	-11,3630	-0,310	-3,1006
15.01.2026 14:44:34	104,900	-1,137	-11,3716	-0,310	-3,0958
15.01.2026 14:44:34	104,950	-1,136	-11,3637	-0,310	-3,0993
15.01.2026 14:44:35	105,000	-1,137	-11,3699	-0,309	-3,0929
15.01.2026 14:44:35	105,050	-1,137	-11,3652	-0,310	-3,1006
15.01.2026 14:44:35	105,100	-1,137	-11,3686	-0,309	-3,0922
15.01.2026 14:44:35	105,150	-1,136	-11,3636	-0,310	-3,0984
15.01.2026 14:44:35	105,200	-1,137	-11,3703	-0,309	-3,0940
15.01.2026 14:44:35	105,250	-1,136	-11,3602	-0,310	-3,0962
15.01.2026 14:44:35	105,300	-1,136	-11,3614	-0,309	-3,0896
15.01.2026 14:44:35	105,350	-1,125	-11,2493	-0,310	-3,0990
15.01.2026 14:44:35	105,400	-1,094	-10,9427	-0,309	-3,0949
15.01.2026 14:44:35	105,450	-1,051	-10,5099	-0,310	-3,0988
15.01.2026 14:44:35	105,500	-1,010	-10,0996	-0,309	-3,0926
15.01.2026 14:44:35	105,550	-0,978	-9,7827	-0,310	-3,0983
15.01.2026 14:44:35	105,600	-0,961	-9,6119	-0,309	-3,0901
15.01.2026 14:44:35	105,650	-0,946	-9,4591	-0,310	-3,0988
15.01.2026 14:44:35	105,700	-0,931	-9,3124	-0,309	-3,0915
15.01.2026 14:44:35	105,750	-0,919	-9,1933	-0,310	-3,0998
15.01.2026 14:44:35	105,800	-0,906	-9,0574	-0,309	-3,0905
15.01.2026 14:44:35	105,850	-0,890	-8,8965	-0,310	-3,0966
15.01.2026 14:44:35	105,900	-0,875	-8,7469	-0,309	-3,0904
15.01.2026 14:44:35	105,950	-0,859	-8,5938	-0,310	-3,0975
15.01.2026 14:44:36	106,000	-0,846	-8,4582	-0,309	-3,0897
15.01.2026 14:44:36	106,050	-0,829	-8,2864	-0,310	-3,0970
15.01.2026 14:44:36	106,100	-0,811	-8,1074	-0,309	-3,0889
15.01.2026 14:44:36	106,150	-0,796	-7,9615	-0,309	-3,0935
15.01.2026 14:44:36	106,200	-0,783	-7,8260	-0,309	-3,0893
15.01.2026 14:44:36	106,250	-0,767	-7,6657	-0,309	-3,0949
15.01.2026 14:44:36	106,300	-0,751	-7,5129	-0,309	-3,0888
15.01.2026 14:44:36	106,350	-0,739	-7,3939	-0,310	-3,0960
15.01.2026 14:44:36	106,400	-0,728	-7,2774	-0,309	-3,0884
15.01.2026 14:44:36	106,450	-0,715	-7,1451	-0,309	-3,0939
15.01.2026 14:44:36	106,500	-0,705	-7,0518	-0,309	-3,0896
15.01.2026 14:44:36	106,550	-0,693	-6,9278	-0,310	-3,0957
15.01.2026 14:44:36	106,600	-0,680	-6,7959	-0,309	-3,0889
15.01.2026 14:44:36	106,650	-0,665	-6,6476	-0,309	-3,0927
15.01.2026 14:44:36	106,700	-0,652	-6,5249	-0,309	-3,0872
15.01.2026 14:44:36	106,750	-0,638	-6,3829	-0,309	-3,0929
15.01.2026 14:44:36	106,800	-0,623	-6,2255	-0,309	-3,0890
15.01.2026 14:44:36	106,850	-0,607	-6,0739	-0,309	-3,0935
15.01.2026 14:44:36	106,900	-0,597	-5,9741	-0,309	-3,0869
15.01.2026 14:44:36	106,950	-0,583	-5,8300	-0,309	-3,0918
15.01.2026 14:44:37	107,000	-0,571	-5,7077	-0,309	-3,0885
15.01.2026 14:44:37	107,050	-0,555	-5,5529	-0,309	-3,0942
15.01.2026 14:44:37	107,100	-0,539	-5,3874	-0,309	-3,0863
15.01.2026 14:44:37	107,150	-0,523	-5,2301	-0,309	-3,0920
15.01.2026 14:44:37	107,200	-0,512	-5,1242	-0,309	-3,0855
15.01.2026 14:44:37	107,250	-0,500	-5,0032	-0,309	-3,0920
15.01.2026 14:44:37	107,300	-0,495	-4,9456	-0,309	-3,0867
15.01.2026 14:44:37	107,350	-0,491	-4,9099	-0,309	-3,0934
15.01.2026 14:44:37	107,400	-0,490	-4,8976	-0,309	-3,0869
15.01.2026 14:44:37	107,450	-0,488	-4,8838	-0,309	-3,0932
15.01.2026 14:44:37	107,500	-0,483	-4,8279	-0,309	-3,0880
15.01.2026 14:44:37	107,550	-0,475	-4,7473	-0,309	-3,0938
15.01.2026 14:44:37	107,600	-0,463	-4,6345	-0,309	-3,0854
15.01.2026 14:44:37	107,650	-0,449	-4,4945	-0,309	-3,0933
15.01.2026 14:44:37	107,700	-0,436	-4,3580	-0,308	-3,0837
15.01.2026 14:44:37	107,750	-0,422	-4,2185	-0,309	-3,0890
15.01.2026 14:44:37	107,800	-0,407	-4,0679	-0,308	-3,0839
15.01.2026 14:44:37	107,850	-0,392	-3,9220	-0,309	-3,0880
15.01.2026 14:44:37	107,900	-0,379	-3,7894	-0,308	-3,0837
15.01.2026 14:44:37	107,950	-0,364	-3,6436	-0,309	-3,0895
15.01.2026 14:44:38	108,000	-0,349	-3,4944	-0,308	-3,0834
15.01.2026 14:44:38	108,050	-0,330	-3,2960	-0,309	-3,0919
15.01.2026 14:44:38	108,100	-0,309	-3,0851	-0,308	-3,0843
15.01.2026 14:44:38	108,150	-0,292	-2,9181	-0,309	-3,0891
15.01.2026 14:44:38	108,200	-0,277	-2,7749	-0,308	-3,0806
15.01.2026 14:44:38	108,250	-0,268	-2,6789	-0,309	-3,0877
15.01.2026 14:44:38	108,300	-0,258	-2,5768	-0,308	-3,0829
15.01.2026 14:44:38	108,350	-0,248	-2,4812	-0,309	-3,0905
15.01.2026 14:44:38	108,400	-0,234	-2,3412	-0,308	-3,0826
15.01.2026 14:44:38	108,450	-0,215	-2,1494	-0,309	-3,0902
15.01.2026 14:44:38	108,500	-0,202	-2,0209	-0,308	-3,0823
15.01.2026 14:44:38	108,550	-0,193	-1,9282	-0,308	-3,0843
15.01.2026 14:44:38	108,600	-0,181	-1,8121	-0,308	-3,0824
15.01.2026 14:44:38	108,650	-0,163	-1,6285	-0,309	-3,0855
15.01.2026 14:44:38	108,700	-0,142	-1,4156	-0,308	-3,0814
15.01.2026 14:44:38	108,750	-0,120	-1,1970	-0,309	-3,0859
15.01.2026 14:44:38	108,800	-0,101	-1,0071	-0,308	-3,0790
15.01.2026 14:44:38	108,850	-0,082	-0,8217	-0,308	-3,0839
15.01.2026 14:44:38	108,900	-0,063	-0,6302	-0,308	-3,0812
15.01.2026 14:44:38	108,950	-0,042	-0,4222	-0,308	-3,0833
15.01.2026 14:44:39	109,000	-0,027	-0,2700	-0,308	-3,0788
15.01.2026 14:44:39	109,050	-0,013	-0,1255	-0,308	-3,0845
15.01.2026 14:44:39	109,100	-0,006	-0,0555	-0,308	-3,0782
15.01.2026 14:44:39	109,150	0,001	0,0122	-0,309	-3,0867
15.01.2026 14:44:39	109,200	0,012	0,1197	-0,308	-3,0813
15.01.2026 14:44:39	109,250	0,026	0,2597	-0,308	-3,0834
15.01.2026 14:44:39	109,300	0,039	0,3878	-0,308	-3,0774
15.01.2026 14:44:39	109,350	0,051	0,5118	-0,309	-3,0858
15.01.2026 14:44:39	109,400	0,063	0,6289	-0,308	-3,0771
15.01.2026 14:44:39	109,450	0,071	0,7064	-0,308	-3,0812
15.01.2026 14:44:39	109,500	0,074	0,7385	-0,308	-3,0806
15.01.2026 14:44:39	109,550	0,076	0,7575	-0,308	-3,0847
15.01.2026 14:44:39	109,600	0,077	0,7692	-0,308	-3,0785
15.01.2026 14:44:39	109,650	0,077	0,7736	-0,308	-3,0832
15.01.2026 14:44:39	109,700	0,078	0,7762	-0,308	-3,0800
15.01.2026 14:44:39	109,750	0,078	0,7766	-0,308	-3,0833
15.01.2026 14:44:39	109,800	0,078	0,7826	-0,308	-3,0751
15.01.2026 14:44:39	109,850	0,078	0,7810	-0,308	-3,0822
15.01.2026 14:44:39	109,900	0,078	0,7810	-0,308	-3,0777
15.01.2026 14:44:39	109,950	0,078	0,7788	-0,308	-3,0847
15.01.2026 14:44:40	110,000	0,078	0,7784	-0,308	-3,0798
15.01.2026 14:44:40	110,050	0,078	0,7799	-0,308	-3,0834
15.01.2026 14:44:40	110,100	0,078	0,7805	-0,308	-3,0795
15.01.2026 14:44:40	110,150	0,078	0,7798	-0,309	-3,0852
15.01.2026 14:44:40	110,200	0,078	0,7833	-0,308	-3,0764
15.01.2026 14:44:40	110,250	0,078	0,7815	-0,308	-3,0832
15.01.2026 14:44:40	110,300	0,078	0,7803	-0,308	-3,0799
15.01.2026 14:44:40	110,350	0,078	0,7832	-0,308	-3,0808
15.01.2026 14:44:40	110,400	0,078	0,7826	-0,308	-3,0791
15.01.2026 14:44:40	110,450	0,078	0,7846	-0,308	-3,0801
15.01.2026 14:44:40	110,500	0,078	0,7802	-0,308	-3,0808
15.01.2026 14:44:40	110,550	0,078	0,7831	-0,308	-3,0817
15.01.2026 14:44:40	110,600	0,078	0,7840	-0,308	-3,0775
15.01.2026 14:44:40	110,650	0,078	0,7825	-0,308	-3,0840
15.01.2026 14:44:40	110,700	0,078	0,7846	-0,308	-3,0763
15.01.2026 14:44:40	110,750	0,078	0,7830	-0,308	-3,0823
15.01.2026 14:44:40	110,800	0,078	0,7823	-0,308	-3,0786
15.01.2026 14:44:40	110,850	0,079	0,7855	-0,308	-3,0808
15.01.2026 14:44:40	110,900	0,078	0,7814	-0,308	-3,0807
15.01.2026 14:44:40	110,950	0,078	0,7814	-0,309	-3,0853
15.01.2026 14:44:41	111,000	0,079	0,7862	-0,308	-3,0761
15.01.2026 14:44:41	111,050	0,079	0,7851	-0,308	-3,0807
15.01.2026 14:44:41	111,100	0,078	0,7836	-0,308	-3,0784
15.01.2026 14:44:41	111,150	0,078	0,7842	-0,308	-3,0826
15.01.2026 14:44:41	111,200	0,078	0,7806	-0,308	-3,0815
15.01.2026 14:44:41	111,250	0,078	0,7834	-0,308	-3,0826
15.01.2026 14:44:41	111,300	0,078	0,7849	-0,308	-3,0783
15.01.2026 14:44:41	111,350	0,079	0,7862	-0,308	-3,0800
15.01.2026 14:44:41	111,400	0,078	0,7834	-0,308	-3,0790
15.01.2026 14:44:41	111,450	0,079	0,7850	-0,308	-3,0816
15.01.2026 14:44:41	111,500	0,079	0,7858	-0,308	-3,0771
15.01.2026 14:44:41	111,550	0,079	0,7862	-0,308	-3,0813
15.01.2026 14:44:41	111,600	0,078	0,7847	-0,308	-3,0777
15.01.2026 14:44:41	111,650	0,078	0,7831	-0,308	-3,0837
15.01.2026 14:44:41	111,700	0,078	0,7849	-0,308	-3,0780
15.01.2026 14:44:41	111,750	0,078	0,7848	-0,308	-3,0829
15.01.2026 14:44:41	111,800	0,079	0,7871	-0,308	-3,0765
15.01.2026 14:44:41	111,850	0,078	0,7815	-0,308	-3,0849
15.01.2026 14:44:41	111,900	0,079	0,7851	-0,308	-3,0783
15.01.2026 14:44:41	111,950	0,079	0,7869	-0,308	-3,0806
15.01.2026 14:44:42	112,000	0,079	0,7876	-0,308	-3,0759
15.01.2026 14:44:42	112,050	0,078	0,7840	-0,308	-3,0844
15.01.2026 14:44:42	112,100	0,079	0,7868	-0,308	-3,0763
15.01.2026 14:44:42	112,150	0,078	0,7844	-0,308	-3,0835
15.01.2026 14:44:42	112,200	0,078	0,7844	-0,308	-3,0787
15.01.2026 14:44:42	112,250	0,078	0,7832	-0,308	-3,0843
15.01.2026 14:44:42	112,300	0,078	0,7834	-0,308	-3,0805
15.01.2026 14:44:42	112,350	0,079	0,7862	-0,308	-3,0804
15.01.2026 14:44:42	112,400	0,079	0,7857	-0,308	-3,0766
15.01.2026 14:44:42	112,450	0,079	0,7866	-0,308	-3,0807
15.01.2026 14:44:42	112,500	0,078	0,7835	-0,308	-3,0798
15.01.2026 14:44:42	112,550	0,079	0,7872	-0,308	-3,0818
15.01.2026 14:44:42	112,600	0,079	0,7864	-0,308	-3,0766
15.01.2026 14:44:42	112,650	0,078	0,7846	-0,308	-3,0837
15.01.2026 14:44:42	112,700	0,079	0,7852	-0,308	-3,0774
15.01.2026 14:44:42	112,750	0,078	0,7828	-0,309	-3,0850
15.01.2026 14:44:42	112,800	0,079	0,7859	-0,308	-3,0772
15.01.2026 14:44:42	112,850	0,078	0,7836	-0,308	-3,0845
15.01.2026 14:44:42	112,900	0,079	0,7864	-0,308	-3,0770
15.01.2026 14:44:42	112,950	0,078	0,7845	-0,308	-3,0827
15.01.2026 14:44:43	113,000	0,078	0,7841	-0,308	-3,0785
15.01.2026 14:44:43	113,050	0,078	0,7840	-0,308	-3,0837
15.01.2026 14:44:43	113,100	0,078	0,7846	-0,308	-3,0795
15.01.2026 14:44:43	113,150	0,079	0,7857	-0,308	-3,0830
15.01.2026 14:44:43	113,200	0,079	0,7885	-0,307	-3,0743
15.01.2026 14:44:43	113,250	0,079	0,7854	-0,308	-3,0826
15.01.2026 14:44:43	113,300	0,079	0,7862	-0,308	-3,0764
15.01.2026 14:44:43	113,350	0,079	0,7852	-0,308	-3,0830
15.01.2026 14:44:43	113,400	0,079	0,7867	-0,308	-3,0779
15.01.2026 14:44:43	113,450	0,044	0,4404	-0,308	-3,0808
15.01.2026 14:44:43	113,500	-0,082	-0,8235	-0,308	-3,0772
15.01.2026 14:44:43	113,550	-0,078	-0,7834	-0,308	-3,0808
15.01.2026 14:44:43	113,600	-0,077	-0,7676	-0,308	-3,0799
15.01.2026 14:44:43	113,650	-0,075	-0,7542	-0,308	-3,0792
15.01.2026 14:44:43	113,700	-0,075	-0,7536	-0,308	-3,0772
15.01.2026 14:44:43	113,750	-0,075	-0,7506	-0,308	-3,0811
15.01.2026 14:44:43	113,800	-0,075	-0,7508	-0,308	-3,0792
15.01.2026 14:44:43	113,850	-0,075	-0,7465	-0,308	-3,0782
15.01.2026 14:44:43	113,900	-0,075	-0,7484	-0,308	-3,0772
15.01.2026 14:44:43	113,950	-0,075	-0,7466	-0,308	-3,0798
15.01.2026 14:44:44	114,000	-0,075	-0,7490	-0,308	-3,0764
15.01.2026 14:44:44	114,050	-0,075	-0,7505	-0,308	-3,0819
15.01.2026 14:44:44	114,100	-0,075	-0,7470	-0,307	-3,0748
15.01.2026 14:44:44	114,150	-0,075	-0,7512	-0,308	-3,0835
15.01.2026 14:44:44	114,200	-0,075	-0,7479	-0,307	-3,0750
15.01.2026 14:44:44	114,250	-0,075	-0,7457	-0,308	-3,0799
15.01.2026 14:44:44	114,300	-0,075	-0,7488	-0,308	-3,0767
15.01.2026 14:44:44	114,350	-0,075	-0,7501	-0,308	-3,0821
15.01.2026 14:44:44	114,400	-0,075	-0,7494	-0,308	-3,0775
15.01.2026 14:44:44	114,450	-0,075	-0,7464	-0,308	-3,0785
15.01.2026 14:44:44	114,500	-0,075	-0,7506	-0,308	-3,0782
15.01.2026 14:44:44	114,550	-0,075	-0,7501	-0,308	-3,0830
15.01.2026 14:44:44	114,600	-0,075	-0,7476	-0,308	-3,0755
15.01.2026 14:44:44	114,650	-0,075	-0,7492	-0,308	-3,0817
15.01.2026 14:44:44	114,700	-0,075	-0,7474	-0,308	-3,0752
15.01.2026 14:44:44	114,750	-0,075	-0,7499	-0,308	-3,0823
15.01.2026 14:44:44	114,800	-0,075	-0,7505	-0,308	-3,0789
15.01.2026 14:44:44	114,850	-0,075	-0,7503	-0,308	-3,0833
15.01.2026 14:44:44	114,900	-0,075	-0,7483	-0,308	-3,0769
15.01.2026 14:44:44	114,950	-0,075	-0,7516	-0,308	-3,0834
15.01.2026 14:44:45	115,000	-0,075	-0,7468	-0,307	-3,0746
15.01.2026 14:44:45	115,050	-0,075	-0,7470	-0,308	-3,0793
15.01.2026 14:44:45	115,100	-0,075	-0,7489	-0,308	-3,0757
15.01.2026 14:44:45	115,150	-0,075	-0,7510	-0,308	-3,0819
15.01.2026 14:44:45	115,200	-0,075	-0,7510	-0,308	-3,0780
15.01.2026 14:44:45	115,250	-0,075	-0,7505	-0,308	-3,0825
15.01.2026 14:44:45	115,300	-0,070	-0,7006	-0,307	-3,0715
15.01.2026 14:44:45	115,350	-0,057	-0,5707	-0,308	-3,0796
15.01.2026 14:44:45	115,400	-0,041	-0,4111	-0,308	-3,0769
15.01.2026 14:44:45	115,450	-0,023	-0,2294	-0,308	-3,0791
15.01.2026 14:44:45	115,500	-0,002	-0,0158	-0,307	-3,0738
15.01.2026 14:44:45	115,550	0,017	0,1746	-0,308	-3,0818
15.01.2026 14:44:45	115,600	0,039	0,3867	-0,308	-3,0755
15.01.2026 14:44:45	115,650	0,061	0,6129	-0,308	-3,0800
15.01.2026 14:44:45	115,700	0,085	0,8527	-0,308	-3,0751
15.01.2026 14:44:45	115,750	0,104	1,0415	-0,308	-3,0807
15.01.2026 14:44:45	115,800	0,123	1,2263	-0,308	-3,0755
15.01.2026 14:44:45	115,850	0,142	1,4184	-0,308	-3,0806
15.01.2026 14:44:45	115,900	0,164	1,6388	-0,308	-3,0752
15.01.2026 14:44:45	115,950	0,187	1,8713	-0,308	-3,0779
15.01.2026 14:44:46	116,000	0,216	2,1562	-0,307	-3,0727
15.01.2026 14:44:46	116,050	0,240	2,4015	-0,308	-3,0752
15.01.2026 14:44:46	116,100	0,263	2,6332	-0,307	-3,0721
15.01.2026 14:44:46	116,150	0,284	2,8393	-0,308	-3,0801
15.01.2026 14:44:46	116,200	0,302	3,0249	-0,308	-3,0751
15.01.2026 14:44:46	116,250	0,321	3,2127	-0,308	-3,0767
15.01.2026 14:44:46	116,300	0,336	3,3603	-0,307	-3,0738
15.01.2026 14:44:46	116,350	0,349	3,4880	-0,308	-3,0790
15.01.2026 14:44:46	116,400	0,359	3,5936	-0,307	-3,0729
15.01.2026 14:44:46	116,450	0,372	3,7244	-0,308	-3,0765
15.01.2026 14:44:46	116,500	0,389	3,8902	-0,307	-3,0720
15.01.2026 14:44:46	116,550	0,407	4,0709	-0,307	-3,0733
15.01.2026 14:44:46	116,600	0,422	4,2196	-0,307	-3,0718
15.01.2026 14:44:46	116,650	0,436	4,3595	-0,307	-3,0748
15.01.2026 14:44:46	116,700	0,454	4,5430	-0,307	-3,0719
15.01.2026 14:44:46	116,750	0,475	4,7460	-0,307	-3,0716
15.01.2026 14:44:46	116,800	0,492	4,9195	-0,307	-3,0700
15.01.2026 14:44:46	116,850	0,511	5,1073	-0,307	-3,0717
15.01.2026 14:44:46	116,900	0,534	5,3413	-0,306	-3,0643
15.01.2026 14:44:46	116,950	0,555	5,5483	-0,307	-3,0744
15.01.2026 14:44:47	117,000	0,574	5,7384	-0,307	-3,0660
15.01.2026 14:44:47	117,050	0,590	5,9027	-0,307	-3,0720
15.01.2026 14:44:47	117,100	0,606	6,0620	-0,306	-3,0632
15.01.2026 14:44:47	117,150	0,618	6,1757	-0,307	-3,0679
15.01.2026 14:44:47	117,200	0,630	6,2956	-0,306	-3,0639
15.01.2026 14:44:47	117,250	0,645	6,4473	-0,307	-3,0694
15.01.2026 14:44:47	117,300	0,660	6,5985	-0,306	-3,0642
15.01.2026 14:44:47	117,350	0,671	6,7064	-0,307	-3,0667
15.01.2026 14:44:47	117,400	0,682	6,8221	-0,306	-3,0618
15.01.2026 14:44:47	117,450	0,691	6,9113	-0,307	-3,0682
15.01.2026 14:44:47	117,500	0,703	7,0303	-0,306	-3,0616
15.01.2026 14:44:47	117,550	0,712	7,1191	-0,307	-3,0662
15.01.2026 14:44:47	117,600	0,723	7,2305	-0,306	-3,0613
15.01.2026 14:44:47	117,650	0,728	7,2836	-0,307	-3,0652
15.01.2026 14:44:47	117,700	0,732	7,3178	-0,306	-3,0594
15.01.2026 14:44:47	117,750	0,741	7,4136	-0,306	-3,0637
15.01.2026 14:44:47	117,800	0,772	7,7210	-0,306	-3,0581
15.01.2026 14:44:47	117,850	0,796	7,9649	-0,306	-3,0625
15.01.2026 14:44:47	117,900	0,810	8,0987	-0,306	-3,0561
15.01.2026 14:44:47	117,950	0,816	8,1616	-0,306	-3,0595
15.01.2026 14:44:48	118,000	0,820	8,1978	-0,305	-3,0549
15.01.2026 14:44:48	118,050	0,821	8,2121	-0,306	-3,0583
15.01.2026 14:44:48	118,100	0,822	8,2228	-0,305	-3,0548
15.01.2026 14:44:48	118,150	0,822	8,2226	-0,306	-3,0586
15.01.2026 14:44:48	118,200	0,823	8,2275	-0,306	-3,0556
15.01.2026 14:44:48	118,250	0,823	8,2270	-0,306	-3,0563
15.01.2026 14:44:48	118,300	0,823	8,2306	-0,305	-3,0532
15.01.2026 14:44:48	118,350	0,823	8,2300	-0,306	-3,0550
15.01.2026 14:44:48	118,400	0,823	8,2325	-0,305	-3,0516
15.01.2026 14:44:48	118,450	0,823	8,2283	-0,306	-3,0554
15.01.2026 14:44:48	118,500	0,823	8,2307	-0,305	-3,0528
15.01.2026 14:44:48	118,550	0,823	8,2305	-0,305	-3,0542
15.01.2026 14:44:48	118,600	0,823	8,2315	-0,305	-3,0516
15.01.2026 14:44:48	118,650	0,823	8,2250	-0,306	-3,0589
15.01.2026 14:44:48	118,700	0,824	8,2358	-0,305	-3,0476
15.01.2026 14:44:48	118,750	0,823	8,2285	-0,306	-3,0554
15.01.2026 14:44:48	118,800	0,823	8,2316	-0,305	-3,0517
15.01.2026 14:44:48	118,850	0,823	8,2265	-0,306	-3,0566
15.01.2026 14:44:48	118,900	0,823	8,2304	-0,305	-3,0530
15.01.2026 14:44:48	118,950	0,823	8,2309	-0,305	-3,0522
15.01.2026 14:44:49	119,000	0,823	8,2323	-0,305	-3,0498
15.01.2026 14:44:49	119,050	0,823	8,2285	-0,305	-3,0548
15.01.2026 14:44:49	119,100	0,823	8,2340	-0,305	-3,0491
15.01.2026 14:44:49	119,150	0,823	8,2271	-0,306	-3,0563
15.01.2026 14:44:49	119,200	0,823	8,2349	-0,305	-3,0487
15.01.2026 14:44:49	119,250	0,823	8,2285	-0,305	-3,0542
15.01.2026 14:44:49	119,300	0,823	8,2328	-0,305	-3,0493
15.01.2026 14:44:49	119,350	0,823	8,2279	-0,306	-3,0553
15.01.2026 14:44:49	119,400	0,823	8,2333	-0,305	-3,0482
15.01.2026 14:44:49	119,450	0,823	8,2298	-0,305	-3,0534
15.01.2026 14:44:49	119,500	0,823	8,2308	-0,305	-3,0510
15.01.2026 14:44:49	119,550	0,823	8,2293	-0,306	-3,0561
15.01.2026 14:44:49	119,600	0,831	8,3113	-0,305	-3,0502
15.01.2026 14:44:49	119,650	0,852	8,5247	-0,306	-3,0555
15.01.2026 14:44:49	119,700	0,889	8,8877	-0,304	-3,0447
15.01.2026 14:44:49	119,750	0,916	9,1580	-0,305	-3,0488
15.01.2026 14:44:49	119,800	0,931	9,3079	-0,304	-3,0420
15.01.2026 14:44:49	119,850	0,938	9,3839	-0,305	-3,0451
15.01.2026 14:44:49	119,900	0,947	9,4661	-0,304	-3,0363
15.01.2026 14:44:49	119,950	0,955	9,5516	-0,304	-3,0435
15.01.2026 14:44:50	120,000	0,972	9,7183	-0,303	-3,0311
15.01.2026 14:44:50	120,050	0,993	9,9349	-0,303	-3,0341
15.01.2026 14:44:50	120,100	1,010	10,1040	-0,302	-3,0232
15.01.2026 14:44:50	120,150	1,020	10,2041	-0,302	-3,0203
15.01.2026 14:44:50	120,200	1,026	10,2635	-0,300	-3,0037
15.01.2026 14:44:50	120,250	1,029	10,2914	-0,300	-3,0022
15.01.2026 14:44:50	120,300	1,035	10,3467	-0,299	-2,9887
15.01.2026 14:44:50	120,350	1,040	10,4018	-0,298	-2,9791
15.01.2026 14:44:50	120,400	1,047	10,4662	-0,296	-2,9597
15.01.2026 14:44:50	120,450	1,051	10,5148	-0,295	-2,9522
15.01.2026 14:44:50	120,500	1,056	10,5568	-0,292	-2,9234
15.01.2026 14:44:50	120,550	1,060	10,6003	-0,290	-2,9032
15.01.2026 14:44:50	120,600	1,064	10,6405	-0,287	-2,8663
15.01.2026 14:44:50	120,650	1,067	10,6750	-0,283	-2,8342
15.01.2026 14:44:50	120,700	1,072	10,7237	-0,279	-2,7854
15.01.2026 14:44:50	120,750	1,076	10,7576	-0,274	-2,7366
15.01.2026 14:44:50	120,800	1,079	10,7891	-0,267	-2,6736
15.01.2026 14:44:50	120,850	1,082	10,8205	-0,260	-2,6042
15.01.2026 14:44:50	120,900	1,086	10,8606	-0,251	-2,5091
15.01.2026 14:44:50	120,950	1,088	10,8792	-0,241	-2,4112
15.01.2026 14:44:51	121,000	1,090	10,9019	-0,229	-2,2923
15.01.2026 14:44:51	121,050	1,095	10,9512	-0,216	-2,1582
15.01.2026 14:44:51	121,100	1,101	11,0135	-0,199	-1,9896
15.01.2026 14:44:51	121,150	1,107	11,0723	-0,181	-1,8143
15.01.2026 14:44:51	121,200	1,111	11,1083	-0,160	-1,6011
15.01.2026 14:44:51	121,250	1,114	11,1419	-0,138	-1,3754
15.01.2026 14:44:51	121,300	1,121	11,2127	-0,112	-1,1197
15.01.2026 14:44:51	121,350	1,132	11,3219	-0,085	-0,8522
15.01.2026 14:44:51	121,400	1,142	11,4241	-0,055	-0,5530
15.01.2026 14:44:51	121,450	1,157	11,5715	-0,025	-0,2452
15.01.2026 14:44:51	121,500	1,168	11,6824	0,009	0,0910
15.01.2026 14:44:51	121,550	1,180	11,8045	0,043	0,4307
15.01.2026 14:44:51	121,600	1,188	11,8844	0,081	0,8060
15.01.2026 14:44:51	121,650	1,197	11,9739	0,118	1,1847
15.01.2026 14:44:51	121,700	1,205	12,0526	0,159	1,5918
15.01.2026 14:44:51	121,750	1,218	12,1752	0,201	2,0112
15.01.2026 14:44:51	121,800	1,224	12,2361	0,246	2,4562
15.01.2026 14:44:51	121,850	1,240	12,3993	0,291	2,9084
15.01.2026 14:44:51	121,900	1,262	12,6250	0,338	3,3806
15.01.2026 14:44:51	121,950	1,281	12,8055	0,385	3,8518
15.01.2026 14:44:52	122,000	1,310	13,1006	0,433	4,3318
15.01.2026 14:44:52	122,050	1,359	13,5936	0,479	4,7879
15.01.2026 14:44:52	122,100	1,547	15,4652	0,520	5,1989
15.01.2026 14:44:52	122,150	1,956	19,5573	0,535	5,3524
15.01.2026 14:44:52	122,200	1,665	16,6466	0,535	5,3550
15.01.2026 14:44:52	122,250	1,511	15,1087	0,535	5,3484
15.01.2026 14:44:52	122,300	1,434	14,3423	0,535	5,3529
15.01.2026 14:44:52	122,350	1,394	13,9447	0,535	5,3489
15.01.2026 14:44:52	122,400	1,375	13,7523	0,536	5,3561
15.01.2026 14:44:52	122,450	1,370	13,6999	0,535	5,3466
15.01.2026 14:44:52	122,500	1,371	13,7085	0,535	5,3516
15.01.2026 14:44:52	122,550	1,370	13,7042	0,535	5,3483
15.01.2026 14:44:52	122,600	1,371	13,7075	0,535	5,3526
15.01.2026 14:44:52	122,650	1,374	13,7434	0,535	5,3489
15.01.2026 14:44:52	122,700	1,381	13,8137	0,535	5,3533
15.01.2026 14:44:52	122,750	1,384	13,8351	0,534	5,3440
15.01.2026 14:44:52	122,800	1,387	13,8658	0,535	5,3529
15.01.2026 14:44:52	122,850	1,387	13,8682	0,535	5,3469
15.01.2026 14:44:52	122,900	1,388	13,8797	0,535	5,3531
15.01.2026 14:44:52	122,950	1,388	13,8755	0,535	5,3469
15.01.2026 14:44:53	123,000	1,388	13,8806	0,535	5,3491
15.01.2026 14:44:53	123,050	1,387	13,8745	0,534	5,3446
15.01.2026 14:44:53	123,100	1,388	13,8782	0,535	5,3511
15.01.2026 14:44:53	123,150	1,387	13,8708	0,535	5,3472
15.01.2026 14:44:53	123,200	1,388	13,8755	0,535	5,3521
15.01.2026 14:44:53	123,250	1,387	13,8733	0,535	5,3451
15.01.2026 14:44:53	123,300	1,394	13,9387	0,534	5,3448
15.01.2026 14:44:53	123,350	1,399	13,9871	0,534	5,3396
15.01.2026 14:44:53	123,400	1,406	14,0575	0,535	5,3466
15.01.2026 14:44:53	123,450	1,413	14,1313	0,534	5,3403
15.01.2026 14:44:53	123,500	1,418	14,1817	0,535	5,3490
15.01.2026 14:44:53	123,550	1,426	14,2588	0,535	5,3463
15.01.2026 14:44:53	123,600	1,437	14,3685	0,535	5,3475
15.01.2026 14:44:53	123,650	1,447	14,4657	0,534	5,3422
15.01.2026 14:44:53	123,700	1,453	14,5270	0,535	5,3479
15.01.2026 14:44:53	123,750	1,461	14,6092	0,534	5,3439
15.01.2026 14:44:53	123,800	1,471	14,7057	0,535	5,3495
15.01.2026 14:44:53	123,850	1,481	14,8112	0,534	5,3430
15.01.2026 14:44:53	123,900	1,494	14,9441	0,535	5,3488
15.01.2026 14:44:53	123,950	1,505	15,0544	0,534	5,3446
15.01.2026 14:44:54	124,000	1,517	15,1696	0,535	5,3492
15.01.2026 14:44:54	124,050	1,522	15,2226	0,534	5,3422
15.01.2026 14:44:54	124,100	1,532	15,3159	0,535	5,3482
15.01.2026 14:44:54	124,150	1,543	15,4339	0,534	5,3403
15.01.2026 14:44:54	124,200	1,557	15,5716	0,535	5,3492
15.01.2026 14:44:54	124,250	1,570	15,6965	0,534	5,3431
15.01.2026 14:44:54	124,300	1,584	15,8358	0,535	5,3477
15.01.2026 14:44:54	124,350	1,597	15,9650	0,534	5,3427
15.01.2026 14:44:54	124,400	1,613	16,1315	0,535	5,3472
15.01.2026 14:44:54	124,450	1,624	16,2385	0,534	5,3446
15.01.2026 14:44:54	124,500	1,637	16,3689	0,535	5,3464
15.01.2026 14:44:54	124,550	1,652	16,5172	0,534	5,3420
15.01.2026 14:44:54	124,600	1,662	16,6220	0,534	5,3439
15.01.2026 14:44:54	124,650	1,674	16,7435	0,534	5,3413
15.01.2026 14:44:54	124,700	1,689	16,8905	0,535	5,3495
15.01.2026 14:44:54	124,750	1,704	17,0357	0,534	5,3423
15.01.2026 14:44:54	124,800	1,715	17,1475	0,535	5,3463
15.01.2026 14:44:54	124,850	1,728	17,2771	0,534	5,3434
15.01.2026 14:44:54	124,900	1,745	17,4463	0,535	5,3506
15.01.2026 14:44:54	124,950	1,760	17,5966	0,535	5,3460
15.01.2026 14:44:55	125,000	1,769	17,6890	0,535	5,3519
15.01.2026 14:44:55	125,050	1,782	17,8190	0,534	5,3432
15.01.2026 14:44:55	125,100	1,797	17,9723	0,535	5,3489
15.01.2026 14:44:55	125,150	1,807	18,0659	0,534	5,3446
15.01.2026 14:44:55	125,200	1,818	18,1761	0,535	5,3495
15.01.2026 14:44:55	125,250	1,826	18,2577	0,534	5,3411
15.01.2026 14:44:55	125,300	1,837	18,3688	0,535	5,3469
15.01.2026 14:44:55	125,350	1,848	18,4804	0,534	5,3413
15.01.2026 14:44:55	125,400	1,858	18,5808	0,535	5,3499
15.01.2026 14:44:55	125,450	1,869	18,6863	0,534	5,3427
15.01.2026 14:44:55	125,500	1,881	18,8065	0,535	5,3485
15.01.2026 14:44:55	125,550	1,890	18,8979	0,534	5,3395
15.01.2026 14:44:55	125,600	1,899	18,9911	0,535	5,3491
15.01.2026 14:44:55	125,650	1,913	19,1321	0,534	5,3421
15.01.2026 14:44:55	125,700	1,928	19,2763	0,535	5,3500
15.01.2026 14:44:55	125,750	1,942	19,4218	0,534	5,3403
15.01.2026 14:44:55	125,800	1,962	19,6222	0,535	5,3485
15.01.2026 14:44:55	125,850	1,975	19,7478	0,534	5,3417
15.01.2026 14:44:55	125,900	1,982	19,8185	0,535	5,3478
15.01.2026 14:44:55	125,950	1,985	19,8451	0,534	5,3405
15.01.2026 14:44:56	126,000	1,987	19,8684	0,535	5,3477
15.01.2026 14:44:56	126,050	1,987	19,8748	0,534	5,3442
15.01.2026 14:44:56	126,100	2,000	20,0025	0,535	5,3483
15.01.2026 14:44:56	126,150	2,020	20,2009	0,534	5,3417
15.01.2026 14:44:56	126,200	2,032	20,3154	0,535	5,3503
15.01.2026 14:44:56	126,250	2,036	20,3629	0,534	5,3444
15.01.2026 14:44:56	126,300	2,040	20,3951	0,535	5,3493
15.01.2026 14:44:56	126,350	2,040	20,4036	0,534	5,3444
15.01.2026 14:44:56	126,400	2,042	20,4152	0,535	5,3498
15.01.2026 14:44:56	126,450	2,041	20,4133	0,534	5,3438
15.01.2026 14:44:56	126,500	2,042	20,4220	0,535	5,3497
15.01.2026 14:44:56	126,550	2,042	20,4171	0,534	5,3433
15.01.2026 14:44:56	126,600	2,042	20,4234	0,535	5,3491
15.01.2026 14:44:56	126,650	2,042	20,4175	0,534	5,3425
15.01.2026 14:44:56	126,700	2,042	20,4210	0,535	5,3452
15.01.2026 14:44:56	126,750	2,042	20,4193	0,534	5,3436
15.01.2026 14:44:56	126,800	2,042	20,4234	0,535	5,3480
15.01.2026 14:44:56	126,850	2,042	20,4231	0,535	5,3461
15.01.2026 14:44:56	126,900	2,043	20,4262	0,535	5,3496
15.01.2026 14:44:56	126,950	2,042	20,4228	0,535	5,3458
15.01.2026 14:44:57	127,000	2,042	20,4235	0,535	5,3455
15.01.2026 14:44:57	127,050	2,042	20,4192	0,534	5,3412
15.01.2026 14:44:57	127,100	2,042	20,4235	0,535	5,3452
15.01.2026 14:44:57	127,150	2,048	20,4837	0,535	5,3457
15.01.2026 14:44:57	127,200	2,063	20,6297	0,535	5,3504
15.01.2026 14:44:57	127,250	2,083	20,8263	0,534	5,3414
15.01.2026 14:44:57	127,300	2,098	20,9792	0,535	5,3476
15.01.2026 14:44:57	127,350	2,101	21,0143	0,534	5,3419
15.01.2026 14:44:57	127,400	2,100	21,0032	0,535	5,3480
15.01.2026 14:44:57	127,450	2,104	21,0378	0,534	5,3427
15.01.2026 14:44:57	127,500	2,108	21,0847	0,535	5,3475
15.01.2026 14:44:57	127,550	2,111	21,1067	0,534	5,3445
15.01.2026 14:44:57	127,600	2,113	21,1251	0,535	5,3503
15.01.2026 14:44:57	127,650	2,112	21,1240	0,534	5,3431
15.01.2026 14:44:57	127,700	2,115	21,1544	0,535	5,3459
15.01.2026 14:44:57	127,750	2,125	21,2497	0,534	5,3419
15.01.2026 14:44:57	127,800	2,139	21,3948	0,535	5,3500
15.01.2026 14:44:57	127,850	2,158	21,5802	0,534	5,3448
15.01.2026 14:44:57	127,900	2,184	21,8383	0,535	5,3500
15.01.2026 14:44:57	127,950	2,202	22,0155	0,534	5,3427
15.01.2026 14:44:58	128,000	2,217	22,1734	0,535	5,3484
15.01.2026 14:44:58	128,050	2,234	22,3358	0,534	5,3438
15.01.2026 14:44:58	128,100	2,252	22,5162	0,535	5,3512
15.01.2026 14:44:58	128,150	2,268	22,6844	0,534	5,3442
15.01.2026 14:44:58	128,200	2,286	22,8609	0,535	5,3521
15.01.2026 14:44:58	128,250	2,305	23,0468	0,535	5,3451
15.01.2026 14:44:58	128,300	2,321	23,2054	0,535	5,3502
15.01.2026 14:44:58	128,350	2,335	23,3531	0,534	5,3443
15.01.2026 14:44:58	128,400	2,353	23,5296	0,535	5,3497
15.01.2026 14:44:58	128,450	2,371	23,7149	0,535	5,3454
15.01.2026 14:44:58	128,500	2,388	23,8845	0,535	5,3524
15.01.2026 14:44:58	128,550	2,409	24,0920	0,535	5,3499
15.01.2026 14:44:58	128,600	2,434	24,3430	0,535	5,3526
15.01.2026 14:44:58	128,650	2,456	24,5586	0,534	5,3429
15.01.2026 14:44:58	128,700	2,477	24,7734	0,535	5,3528
15.01.2026 14:44:58	128,750	2,501	25,0098	0,535	5,3468
15.01.2026 14:44:58	128,800	2,525	25,2520	0,535	5,3497
15.01.2026 14:44:58	128,850	2,546	25,4607	0,535	5,3477
15.01.2026 14:44:58	128,900	2,573	25,7311	0,535	5,3546
15.01.2026 14:44:58	128,950	2,599	25,9890	0,535	5,3455
15.01.2026 14:44:59	129,000	2,628	26,2831	0,536	5,3562
15.01.2026 14:44:59	129,050	2,656	26,5641	0,535	5,3484
15.01.2026 14:44:59	129,100	2,685	26,8523	0,535	5,3540
15.01.2026 14:44:59	129,150	2,707	27,0684	0,535	5,3495
15.01.2026 14:44:59	129,200	2,729	27,2909	0,536	5,3566
15.01.2026 14:44:59	129,250	2,751	27,5073	0,535	5,3499
15.01.2026 14:44:59	129,300	2,777	27,7671	0,536	5,3564
15.01.2026 14:44:59	129,350	2,795	27,9465	0,535	5,3497
15.01.2026 14:44:59	129,400	2,818	28,1758	0,536	5,3579
15.01.2026 14:44:59	129,450	2,838	28,3829	0,535	5,3504
15.01.2026 14:44:59	129,500	2,857	28,5747	0,536	5,3552
15.01.2026 14:44:59	129,550	2,874	28,7398	0,535	5,3515
15.01.2026 14:44:59	129,600	2,898	28,9794	0,536	5,3565
15.01.2026 14:44:59	129,650	2,926	29,2564	0,535	5,3530
15.01.2026 14:44:59	129,700	2,952	29,5220	0,536	5,3600
15.01.2026 14:44:59	129,750	2,976	29,7577	0,535	5,3537
15.01.2026 14:44:59	129,800	2,996	29,9631	0,536	5,3559
15.01.2026 14:44:59	129,850	3,015	30,1452	0,535	5,3511
15.01.2026 14:44:59	129,900	3,034	30,3363	0,536	5,3612
15.01.2026 14:44:59	129,950	3,050	30,4992	0,535	5,3517
15.01.2026 14:45:00	130,000	3,073	30,7317	0,536	5,3621
15.01.2026 14:45:00	130,050	3,102	31,0171	0,535	5,3531
15.01.2026 14:45:00	130,100	3,133	31,3295	0,536	5,3562
15.01.2026 14:45:00	130,150	3,157	31,5674	0,535	5,3535
15.01.2026 14:45:00	130,200	3,174	31,7447	0,536	5,3603
15.01.2026 14:45:00	130,250	3,194	31,9356	0,535	5,3536
15.01.2026 14:45:00	130,300	3,207	32,0674	0,536	5,3617
15.01.2026 14:45:00	130,350	3,213	32,1314	0,536	5,3561
15.01.2026 14:45:00	130,400	3,224	32,2404	0,536	5,3615
15.01.2026 14:45:00	130,450	3,238	32,3753	0,535	5,3526
15.01.2026 14:45:00	130,500	3,247	32,4728	0,536	5,3627
15.01.2026 14:45:00	130,550	3,251	32,5096	0,535	5,3537
15.01.2026 14:45:00	130,600	3,254	32,5392	0,536	5,3614
15.01.2026 14:45:00	130,650	3,254	32,5419	0,535	5,3530
15.01.2026 14:45:00	130,700	3,255	32,5546	0,536	5,3608
15.01.2026 14:45:00	130,750	3,256	32,5551	0,536	5,3572
15.01.2026 14:45:00	130,800	3,256	32,5588	0,536	5,3602
15.01.2026 14:45:00	130,850	3,255	32,5545	0,535	5,3546
15.01.2026 14:45:00	130,900	3,256	32,5632	0,536	5,3630
15.01.2026 14:45:00	130,950	3,256	32,5564	0,535	5,3542
15.01.2026 14:45:01	131,000	3,256	32,5619	0,536	5,3606
15.01.2026 14:45:01	131,050	3,256	32,5586	0,536	5,3553
15.01.2026 14:45:01	131,100	3,256	32,5623	0,536	5,3593
15.01.2026 14:45:01	131,150	3,256	32,5587	0,536	5,3563
15.01.2026 14:45:01	131,200	3,257	32,5662	0,536	5,3649
15.01.2026 14:45:01	131,250	3,256	32,5563	0,535	5,3534
15.01.2026 14:45:01	131,300	3,256	32,5616	0,536	5,3605
15.01.2026 14:45:01	131,350	3,256	32,5591	0,536	5,3562
15.01.2026 14:45:01	131,400	3,256	32,5630	0,536	5,3600
15.01.2026 14:45:01	131,450	3,256	32,5591	0,535	5,3547
15.01.2026 14:45:01	131,500	3,256	32,5621	0,536	5,3596
15.01.2026 14:45:01	131,550	3,256	32,5586	0,536	5,3556
15.01.2026 14:45:01	131,600	3,256	32,5633	0,536	5,3613
15.01.2026 14:45:01	131,650	3,256	32,5598	0,536	5,3557
15.01.2026 14:45:01	131,700	3,256	32,5650	0,536	5,3615
15.01.2026 14:45:01	131,750	3,256	32,5583	0,535	5,3549
15.01.2026 14:45:01	131,800	3,256	32,5626	0,536	5,3585
15.01.2026 14:45:01	131,850	3,256	32,5568	0,535	5,3515
15.01.2026 14:45:01	131,900	3,257	32,5661	0,536	5,3619
15.01.2026 14:45:01	131,950	3,256	32,5620	0,536	5,3553
15.01.2026 14:45:02	132,000	3,256	32,5623	0,536	5,3583
15.01.2026 14:45:02	132,050	3,256	32,5572	0,535	5,3512
15.01.2026 14:45:02	132,100	3,257	32,5667	0,536	5,3617
15.01.2026 14:45:02	132,150	3,256	32,5600	0,535	5,3550
15.01.2026 14:45:02	132,200	3,257	32,5665	0,536	5,3605
15.01.2026 14:45:02	132,250	3,256	32,5603	0,535	5,3530
15.01.2026 14:45:02	132,300	3,257	32,5676	0,536	5,3607
15.01.2026 14:45:02	132,350	3,256	32,5611	0,535	5,3545
15.01.2026 14:45:02	132,400	3,257	32,5678	0,536	5,3615
15.01.2026 14:45:02	132,450	3,256	32,5615	0,535	5,3542
15.01.2026 14:45:02	132,500	3,257	32,5686	0,536	5,3620
15.01.2026 14:45:02	132,550	3,257	32,5656	0,536	5,3591
15.01.2026 14:45:02	132,600	3,257	32,5687	0,536	5,3620
15.01.2026 14:45:02	132,650	3,256	32,5625	0,535	5,3540
15.01.2026 14:45:02	132,700	3,257	32,5692	0,536	5,3611
15.01.2026 14:45:02	132,750	3,256	32,5610	0,535	5,3514
15.01.2026 14:45:02	132,800	3,257	32,5694	0,536	5,3619
15.01.2026 14:45:02	132,850	3,256	32,5641	0,536	5,3551
15.01.2026 14:45:02	132,900	3,257	32,5675	0,536	5,3603
15.01.2026 14:45:02	132,950	3,256	32,5640	0,535	5,3550
15.01.2026 14:45:03	133,000	3,257	32,5705	0,536	5,3628
15.01.2026 14:45:03	133,050	3,256	32,5634	0,535	5,3533
15.01.2026 14:45:03	133,100	3,257	32,5719	0,536	5,3624
15.01.2026 14:45:03	133,150	3,257	32,5659	0,536	5,3552
15.01.2026 14:45:03	133,200	3,257	32,5682	0,536	5,3581
15.01.2026 14:45:03	133,250	3,256	32,5636	0,535	5,3527
15.01.2026 14:45:03	133,300	3,257	32,5707	0,536	5,3607
15.01.2026 14:45:03	133,350	3,257	32,5660	0,536	5,3550
15.01.2026 14:45:03	133,400	3,257	32,5715	0,536	5,3599
15.01.2026 14:45:03	133,450	3,257	32,5650	0,535	5,3531
15.01.2026 14:45:03	133,500	3,257	32,5720	0,536	5,3601
15.01.2026 14:45:03	133,550	3,257	32,5665	0,535	5,3525
15.01.2026 14:45:03	133,600	3,257	32,5727	0,536	5,3618
15.01.2026 14:45:03	133,650	3,257	32,5676	0,536	5,3551
15.01.2026 14:45:03	133,700	3,257	32,5726	0,536	5,3619
15.01.2026 14:45:03	133,750	3,257	32,5662	0,535	5,3541
15.01.2026 14:45:03	133,800	3,257	32,5715	0,536	5,3609
15.01.2026 14:45:03	133,850	3,257	32,5653	0,535	5,3536
15.01.2026 14:45:03	133,900	3,257	32,5714	0,536	5,3614
15.01.2026 14:45:03	133,950	3,256	32,5644	0,535	5,3519
15.01.2026 14:45:04	134,000	3,257	32,5707	0,536	5,3614
15.01.2026 14:45:04	134,050	3,257	32,5650	0,535	5,3534
15.01.2026 14:45:04	134,100	3,257	32,5701	0,536	5,3584
15.01.2026 14:45:04	134,150	3,257	32,5697	0,536	5,3574
15.01.2026 14:45:04	134,200	3,257	32,5721	0,536	5,3611
15.01.2026 14:45:04	134,250	3,257	32,5686	0,536	5,3568
15.01.2026 14:45:04	134,300	3,257	32,5732	0,536	5,3621
15.01.2026 14:45:04	134,350	3,257	32,5661	0,535	5,3534
15.01.2026 14:45:04	134,400	3,257	32,5742	0,536	5,3628
15.01.2026 14:45:04	134,450	3,257	32,5679	0,535	5,3548
15.01.2026 14:45:04	134,500	3,257	32,5728	0,536	5,3608
15.01.2026 14:45:04	134,550	3,257	32,5658	0,535	5,3528
15.01.2026 14:45:04	134,600	3,257	32,5728	0,536	5,3599
15.01.2026 14:45:04	134,650	3,257	32,5680	0,535	5,3547
15.01.2026 14:45:04	134,700	3,257	32,5745	0,536	5,3622
15.01.2026 14:45:04	134,750	3,257	32,5664	0,535	5,3531
15.01.2026 14:45:04	134,800	3,258	32,5755	0,536	5,3634
15.01.2026 14:45:04	134,850	3,256	32,5649	0,535	5,3513
15.01.2026 14:45:04	134,900	3,257	32,5743	0,536	5,3621
15.01.2026 14:45:04	134,950	3,257	32,5670	0,535	5,3536
15.01.2026 14:45:05	135,000	3,257	32,5740	0,536	5,3608
15.01.2026 14:45:05	135,050	3,257	32,5697	0,536	5,3561
15.01.2026 14:45:05	135,100	3,257	32,5737	0,536	5,3609
15.01.2026 14:45:05	135,150	3,257	32,5673	0,535	5,3532
15.01.2026 14:45:05	135,200	3,257	32,5741	0,536	5,3605
15.01.2026 14:45:05	135,250	3,257	32,5691	0,535	5,3548
15.01.2026 14:45:05	135,300	3,257	32,5734	0,536	5,3604
15.01.2026 14:45:05	135,350	3,257	32,5691	0,535	5,3541
15.01.2026 14:45:05	135,400	3,257	32,5742	0,536	5,3606
15.01.2026 14:45:05	135,450	3,257	32,5669	0,535	5,3525
15.01.2026 14:45:05	135,500	3,257	32,5738	0,536	5,3614
15.01.2026 14:45:05	135,550	3,257	32,5672	0,535	5,3522
15.01.2026 14:45:05	135,600	3,257	32,5747	0,536	5,3616
15.01.2026 14:45:05	135,650	3,257	32,5666	0,535	5,3525
15.01.2026 14:45:05	135,700	3,257	32,5724	0,536	5,3598
15.01.2026 14:45:05	135,750	3,257	32,5684	0,535	5,3538
15.01.2026 14:45:05	135,800	3,257	32,5738	0,536	5,3595
15.01.2026 14:45:05	135,850	3,257	32,5680	0,535	5,3525
15.01.2026 14:45:05	135,900	3,257	32,5739	0,536	5,3594
15.01.2026 14:45:05	135,950	3,257	32,5691	0,535	5,3543
15.01.2026 14:45:06	136,000	3,258	32,5756	0,536	5,3616
15.01.2026 14:45:06	136,050	3,257	32,5687	0,535	5,3547
15.01.2026 14:45:06	136,100	3,258	32,5762	0,536	5,3615
15.01.2026 14:45:06	136,150	3,257	32,5717	0,536	5,3553
15.01.2026 14:45:06	136,200	3,258	32,5759	0,536	5,3616
15.01.2026 14:45:06	136,250	3,257	32,5710	0,536	5,3551
15.01.2026 14:45:06	136,300	3,258	32,5754	0,536	5,3604
15.01.2026 14:45:06	136,350	3,257	32,5688	0,535	5,3535
15.01.2026 14:45:06	136,400	3,257	32,5730	0,536	5,3593
15.01.2026 14:45:06	136,450	3,257	32,5706	0,536	5,3556
15.01.2026 14:45:06	136,500	3,258	32,5759	0,536	5,3614
15.01.2026 14:45:06	136,550	3,257	32,5669	0,535	5,3515
15.01.2026 14:45:06	136,600	3,258	32,5753	0,536	5,3612
15.01.2026 14:45:06	136,650	3,257	32,5679	0,535	5,3517
15.01.2026 14:45:06	136,700	3,257	32,5747	0,536	5,3608
15.01.2026 14:45:06	136,750	3,257	32,5674	0,535	5,3520
15.01.2026 14:45:06	136,800	3,257	32,5746	0,536	5,3611
15.01.2026 14:45:06	136,850	3,257	32,5687	0,535	5,3527
15.01.2026 14:45:06	136,900	3,257	32,5747	0,536	5,3604
15.01.2026 14:45:06	136,950	3,257	32,5675	0,535	5,3514
15.01.2026 14:45:07	137,000	3,257	32,5742	0,536	5,3597
15.01.2026 14:45:07	137,050	3,257	32,5689	0,535	5,3537
15.01.2026 14:45:07	137,100	3,257	32,5746	0,536	5,3593
15.01.2026 14:45:07	137,150	3,257	32,5678	0,535	5,3520
