"Time (s) Messreihe #1","Voltage, Ch A (V) Messreihe #1","Voltage, Ch B (V) Messreihe #1"
0.000,0.002,0.025
0.050,0.002,0.025
0.100,0.002,0.025
0.150,0.002,0.025
0.200,0.002,0.025
0.250,0.002,0.025
0.300,0.002,0.025
0.350,0.002,0.025
0.400,0.002,0.025
0.450,0.002,0.025
0.500,0.001,0.024
0.550,0.001,0.025
0.600,0.002,0.025
0.650,0.002,0.025
0.700,0.002,0.025
0.750,0.002,0.025
0.800,0.002,0.025
0.850,0.002,0.025
0.900,0.002,0.025
0.950,0.002,0.025
1.000,0.002,0.025
1.050,0.002,0.025
1.100,0.002,0.025
1.150,0.002,0.025
1.200,0.002,0.025
1.250,0.002,0.025
1.300,0.002,0.025
1.350,0.002,0.025
1.400,0.002,0.025
1.450,0.002,0.025
1.500,0.002,0.025
1.550,0.002,0.025
1.600,0.002,0.025
1.650,0.002,0.025
1.700,0.002,0.025
1.750,0.002,0.025
1.800,0.002,0.025
1.850,0.002,0.025
1.900,0.002,0.025
1.950,0.002,0.025
2.000,0.002,0.025
2.050,0.002,0.025
2.100,0.002,0.025
2.150,0.002,0.025
2.200,0.002,0.025
2.250,0.002,0.025
2.300,0.002,0.025
2.350,0.002,0.025
2.400,0.002,0.025
2.450,0.002,0.025
2.500,0.002,0.025
2.550,0.002,0.025
2.600,0.002,0.025
2.650,0.002,0.025
2.700,0.002,0.025
2.750,0.002,0.025
2.800,0.002,0.025
2.850,0.002,0.025
2.900,0.002,0.025
2.950,0.002,0.025
3.000,0.002,0.025
3.050,0.002,0.025
3.100,0.002,0.025
3.150,0.002,0.025
3.200,0.002,0.025
3.250,0.002,0.025
3.300,0.002,0.025
3.350,0.002,0.025
3.400,0.002,0.025
3.450,0.002,0.025
3.500,0.002,0.025
3.550,0.002,0.025
3.600,0.002,0.025
3.650,0.002,0.025
3.700,0.002,0.025
3.750,0.002,0.025
3.800,0.002,0.025
3.850,0.002,0.025
3.900,0.002,0.025
3.950,0.002,0.025
4.000,0.002,0.025
4.050,0.002,0.025
4.100,0.002,0.025
4.150,0.002,0.025
4.200,0.002,0.025
4.250,0.002,0.025
4.300,0.002,0.025
4.350,0.002,0.025
4.400,0.002,0.025
4.450,0.002,0.025
4.500,0.002,0.025
4.550,0.002,0.025
4.600,0.002,0.025
4.650,0.002,0.025
4.700,0.002,0.025
4.750,0.002,0.025
4.800,0.002,0.025
4.850,0.002,0.025
4.900,0.002,0.025
4.950,0.002,0.025
5.000,0.002,0.025
5.050,0.002,0.025
5.100,0.002,0.025
5.150,0.002,0.025
5.200,0.002,0.025
5.250,0.002,0.025
5.300,0.002,0.025
5.350,0.002,0.025
5.400,0.002,0.025
5.450,0.002,0.025
5.500,0.002,0.025
5.550,0.002,0.025
5.600,0.002,0.025
5.650,0.002,0.025
5.700,0.002,0.025
5.750,0.002,0.025
5.800,0.002,0.025
5.850,0.002,0.024
5.900,0.002,0.025
5.950,0.002,0.025
6.000,0.002,0.025
6.050,0.002,0.025
6.100,0.002,0.025
6.150,0.002,0.025
6.200,0.002,0.025
6.250,0.002,0.025
6.300,0.002,0.025
6.350,0.002,0.025
6.400,0.002,0.025
6.450,0.002,0.025
6.500,0.002,0.025
6.550,0.002,0.025
6.600,0.002,0.025
6.650,0.002,0.025
6.700,0.002,0.025
6.750,0.002,0.025
6.800,0.002,0.025
6.850,0.002,0.025
6.900,0.002,0.025
6.950,0.002,0.025
7.000,0.002,0.026
7.050,0.002,0.025
7.100,0.002,0.025
7.150,0.002,0.025
7.200,0.002,0.025
7.250,0.002,0.025
7.300,0.002,0.025
7.350,0.002,0.025
7.400,0.002,0.025
7.450,0.002,0.025
7.500,0.002,0.025
7.550,0.001,0.024
7.600,0.002,0.025
7.650,0.002,0.025
7.700,0.002,0.025
7.750,0.002,0.025
7.800,0.002,0.025
7.850,0.002,0.025
7.900,0.002,0.025
7.950,0.002,0.025
8.000,0.002,0.025
8.050,0.002,0.025
8.100,0.002,0.025
8.150,0.002,0.025
8.200,0.002,0.025
8.250,0.002,0.025
8.300,0.001,0.025
8.350,0.002,0.025
8.400,0.002,0.025
8.450,0.002,0.025
8.500,0.002,0.025
8.550,0.002,0.025
8.600,0.001,0.025
8.650,0.002,0.025
8.700,0.002,0.025
8.750,0.002,0.025
8.800,0.002,0.025
8.850,0.002,0.025
8.900,0.002,0.025
8.950,0.002,0.025
9.000,0.002,0.025
9.050,0.001,0.024
9.100,0.002,0.025
9.150,0.002,0.025
9.200,0.002,0.025
9.250,0.002,0.025
9.300,0.002,0.025
9.350,0.002,0.025
9.400,0.002,0.025
9.450,0.002,0.024
9.500,0.002,0.025
9.550,0.002,0.025
9.600,0.002,0.025
9.650,0.002,0.025
9.700,0.002,0.025
9.750,0.002,0.025
9.800,0.002,0.025
9.850,0.002,0.025
9.900,0.002,0.025
9.950,0.002,0.025
10.000,0.002,0.025
10.050,0.002,0.025
10.100,0.002,0.025
10.150,0.001,0.024
10.200,0.002,0.025
10.250,0.002,0.025
10.300,0.002,0.025
10.350,0.002,0.025
10.400,0.002,0.025
10.450,0.002,0.025
10.500,0.002,0.025
10.550,0.002,0.025
10.600,0.002,0.025
10.650,0.002,0.025
10.700,0.002,0.025
10.750,0.002,0.025
10.800,0.002,0.025
10.850,0.001,0.024
10.900,0.002,0.025
10.950,0.002,0.025
11.000,0.002,0.025
11.050,0.002,0.025
11.100,0.002,0.025
11.150,0.002,0.025
11.200,0.002,0.026
11.250,0.002,0.025
11.300,0.002,0.025
11.350,0.002,0.025
11.400,0.002,0.025
11.450,0.002,0.025
11.500,0.002,0.025
11.550,0.002,0.025
11.600,0.002,0.025
11.650,0.002,0.025
11.700,0.002,0.025
11.750,0.002,0.025
11.800,0.002,0.025
11.850,0.002,0.025
11.900,0.002,0.025
11.950,0.002,0.025
12.000,0.002,0.025
12.050,0.002,0.025
12.100,0.002,0.025
12.150,0.002,0.025
12.200,0.002,0.025
12.250,0.002,0.025
12.300,0.002,0.025
12.350,0.002,0.025
12.400,0.002,0.025
12.450,0.003,0.025
12.500,0.003,0.025
12.550,0.003,0.025
12.600,0.003,0.025
12.650,0.003,0.025
12.700,0.004,0.026
12.750,0.005,0.026
12.800,0.005,0.026
12.850,0.005,0.025
12.900,0.005,0.026
12.950,0.005,0.025
13.000,0.006,0.026
13.050,0.006,0.026
13.100,0.006,0.026
13.150,0.007,0.026
13.200,0.007,0.026
13.250,0.008,0.026
13.300,0.008,0.027
13.350,0.009,0.026
13.400,0.010,0.027
13.450,0.012,0.027
13.500,0.014,0.028
13.550,0.015,0.028
13.600,0.016,0.028
13.650,0.017,0.028
13.700,0.018,0.029
13.750,0.019,0.029
13.800,0.020,0.030
13.850,0.020,0.029
13.900,0.021,0.030
13.950,0.022,0.030
14.000,0.023,0.031
14.050,0.024,0.031
14.100,0.024,0.031
14.150,0.024,0.031
14.200,0.025,0.032
14.250,0.026,0.031
14.300,0.026,0.032
14.350,0.027,0.032
14.400,0.029,0.033
14.450,0.029,0.033
14.500,0.030,0.034
14.550,0.031,0.034
14.600,0.031,0.034
14.650,0.033,0.034
14.700,0.034,0.035
14.750,0.035,0.035
14.800,0.036,0.036
14.850,0.038,0.037
14.900,0.040,0.038
14.950,0.041,0.038
15.000,0.042,0.039
15.050,0.043,0.039
15.100,0.043,0.039
15.150,0.043,0.039
15.200,0.044,0.040
15.250,0.044,0.039
15.300,0.044,0.040
15.350,0.044,0.040
15.400,0.044,0.040
15.450,0.045,0.040
15.500,0.046,0.041
15.550,0.047,0.040
15.600,0.048,0.042
15.650,0.049,0.042
15.700,0.051,0.043
15.750,0.052,0.043
15.800,0.053,0.044
15.850,0.055,0.044
15.900,0.056,0.045
15.950,0.058,0.046
16.000,0.060,0.048
16.050,0.062,0.048
16.100,0.064,0.050
16.150,0.065,0.050
16.200,0.068,0.052
16.250,0.069,0.052
16.300,0.071,0.053
16.350,0.072,0.054
16.400,0.074,0.055
16.450,0.075,0.055
16.500,0.077,0.057
16.550,0.078,0.057
16.600,0.079,0.058
16.650,0.081,0.059
16.700,0.082,0.060
16.750,0.084,0.061
16.800,0.084,0.062
16.850,0.084,0.061
16.900,0.085,0.062
16.950,0.085,0.062
17.000,0.085,0.063
17.050,0.085,0.062
17.100,0.086,0.063
17.150,0.087,0.063
17.200,0.088,0.064
17.250,0.088,0.064
17.300,0.089,0.065
17.350,0.091,0.065
17.400,0.092,0.066
17.450,0.093,0.066
17.500,0.094,0.068
17.550,0.095,0.068
17.600,0.096,0.069
17.650,0.097,0.069
17.700,0.098,0.070
17.750,0.099,0.070
17.800,0.099,0.071
17.850,0.100,0.071
17.900,0.101,0.072
17.950,0.102,0.072
18.000,0.103,0.073
18.050,0.104,0.073
18.100,0.105,0.074
18.150,0.105,0.074
18.200,0.106,0.075
18.250,0.108,0.076
18.300,0.108,0.077
18.350,0.109,0.077
18.400,0.111,0.078
18.450,0.112,0.078
18.500,0.114,0.080
18.550,0.115,0.080
18.600,0.116,0.082
18.650,0.116,0.081
18.700,0.117,0.083
18.750,0.118,0.083
18.800,0.119,0.084
18.850,0.120,0.084
18.900,0.121,0.085
18.950,0.122,0.085
19.000,0.123,0.086
19.050,0.124,0.086
19.100,0.125,0.088
19.150,0.126,0.088
19.200,0.127,0.089
19.250,0.127,0.089
19.300,0.128,0.090
19.350,0.129,0.090
19.400,0.130,0.091
19.450,0.130,0.091
19.500,0.131,0.092
19.550,0.131,0.091
19.600,0.132,0.092
19.650,0.132,0.092
19.700,0.132,0.093
19.750,0.132,0.092
19.800,0.133,0.093
19.850,0.133,0.093
19.900,0.135,0.094
19.950,0.135,0.094
20.000,0.136,0.095
20.050,0.137,0.095
20.100,0.138,0.096
20.150,0.139,0.096
20.200,0.141,0.098
20.250,0.142,0.098
20.300,0.143,0.099
20.350,0.143,0.099
20.400,0.144,0.100
20.450,0.144,0.100
20.500,0.145,0.101
20.550,0.146,0.101
20.600,0.147,0.102
20.650,0.148,0.102
20.700,0.149,0.103
20.750,0.151,0.104
20.800,0.152,0.105
20.850,0.154,0.106
20.900,0.156,0.108
20.950,0.159,0.108
21.000,0.161,0.111
21.050,0.162,0.111
21.100,0.163,0.112
21.150,0.164,0.113
21.200,0.165,0.114
21.250,0.166,0.114
21.300,0.165,0.114
21.350,0.166,0.114
21.400,0.166,0.115
21.450,0.167,0.115
21.500,0.167,0.115
21.550,0.169,0.116
21.600,0.170,0.117
21.650,0.171,0.117
21.700,0.171,0.118
21.750,0.173,0.118
21.800,0.174,0.119
21.850,0.175,0.119
21.900,0.176,0.121
21.950,0.177,0.121
22.000,0.178,0.122
22.050,0.179,0.122
22.100,0.179,0.123
22.150,0.180,0.123
22.200,0.180,0.124
22.250,0.180,0.123
22.300,0.182,0.125
22.350,0.183,0.125
22.400,0.184,0.126
22.450,0.185,0.126
22.500,0.186,0.127
22.550,0.188,0.127
22.600,0.189,0.129
22.650,0.190,0.129
22.700,0.191,0.130
22.750,0.193,0.130
22.800,0.194,0.132
22.850,0.195,0.132
22.900,0.196,0.133
22.950,0.196,0.133
23.000,0.197,0.134
23.050,0.197,0.134
23.100,0.199,0.135
23.150,0.200,0.135
23.200,0.201,0.136
23.250,0.202,0.136
23.300,0.203,0.137
23.350,0.204,0.137
23.400,0.206,0.139
23.450,0.207,0.139
23.500,0.207,0.140
23.550,0.208,0.140
23.600,0.208,0.141
23.650,0.209,0.140
23.700,0.210,0.142
23.750,0.211,0.142
23.800,0.212,0.143
23.850,0.213,0.143
23.900,0.214,0.144
23.950,0.215,0.144
24.000,0.215,0.145
24.050,0.216,0.145
24.100,0.217,0.146
24.150,0.218,0.146
24.200,0.219,0.147
24.250,0.220,0.147
24.300,0.221,0.148
24.350,0.222,0.148
24.400,0.222,0.149
24.450,0.222,0.148
24.500,0.223,0.149
24.550,0.224,0.149
24.600,0.225,0.150
24.650,0.225,0.150
24.700,0.225,0.151
24.750,0.226,0.151
24.800,0.226,0.151
24.850,0.226,0.151
24.900,0.226,0.152
24.950,0.226,0.151
25.000,0.227,0.152
25.050,0.227,0.151
25.100,0.227,0.152
25.150,0.228,0.152
25.200,0.229,0.153
25.250,0.231,0.153
25.300,0.233,0.154
25.350,0.234,0.154
25.400,0.235,0.156
25.450,0.235,0.156
25.500,0.236,0.157
25.550,0.236,0.156
25.600,0.237,0.157
25.650,0.237,0.156
25.700,0.239,0.158
25.750,0.240,0.158
25.800,0.241,0.159
25.850,0.242,0.159
25.900,0.242,0.160
25.950,0.243,0.160
26.000,0.243,0.161
26.050,0.243,0.160
26.100,0.244,0.161
26.150,0.244,0.160
26.200,0.246,0.162
26.250,0.248,0.162
26.300,0.250,0.164
26.350,0.252,0.164
26.400,0.253,0.166
26.450,0.255,0.166
26.500,0.256,0.167
26.550,0.256,0.167
26.600,0.257,0.168
26.650,0.258,0.168
26.700,0.259,0.169
26.750,0.260,0.169
26.800,0.260,0.170
26.850,0.261,0.169
26.900,0.261,0.170
26.950,0.262,0.170
27.000,0.263,0.171
27.050,0.264,0.170
27.100,0.264,0.172
27.150,0.266,0.172
27.200,0.267,0.173
27.250,0.268,0.173
27.300,0.270,0.174
27.350,0.271,0.174
27.400,0.272,0.176
27.450,0.274,0.176
27.500,0.275,0.177
27.550,0.276,0.177
27.600,0.277,0.178
27.650,0.278,0.178
27.700,0.280,0.179
27.750,0.281,0.179
27.800,0.282,0.181
27.850,0.283,0.180
27.900,0.284,0.181
27.950,0.284,0.181
28.000,0.284,0.182
28.050,0.284,0.181
28.100,0.285,0.182
28.150,0.286,0.182
28.200,0.286,0.183
28.250,0.288,0.183
28.300,0.290,0.185
28.350,0.291,0.184
28.400,0.291,0.185
28.450,0.292,0.185
28.500,0.292,0.186
28.550,0.293,0.185
28.600,0.293,0.186
28.650,0.294,0.186
28.700,0.295,0.187
28.750,0.295,0.186
28.800,0.296,0.188
28.850,0.297,0.187
28.900,0.297,0.188
28.950,0.299,0.188
29.000,0.300,0.189
29.050,0.302,0.189
29.100,0.303,0.191
29.150,0.305,0.191
29.200,0.306,0.192
29.250,0.308,0.192
29.300,0.309,0.193
29.350,0.310,0.193
29.400,0.311,0.194
29.450,0.312,0.194
29.500,0.312,0.195
29.550,0.313,0.194
29.600,0.313,0.195
29.650,0.315,0.195
29.700,0.317,0.197
29.750,0.318,0.196
29.800,0.321,0.198
29.850,0.322,0.198
29.900,0.324,0.200
29.950,0.327,0.200
30.000,0.329,0.202
30.050,0.332,0.202
30.100,0.336,0.204
30.150,0.340,0.205
30.200,0.343,0.207
30.250,0.346,0.207
30.300,0.347,0.209
30.350,0.348,0.209
30.400,0.349,0.210
30.450,0.350,0.210
30.500,0.350,0.211
30.550,0.351,0.210
30.600,0.351,0.211
30.650,0.353,0.211
30.700,0.354,0.212
30.750,0.356,0.212
30.800,0.359,0.213
30.850,0.362,0.214
30.900,0.366,0.216
30.950,0.369,0.216
31.000,0.372,0.218
31.050,0.375,0.219
31.100,0.378,0.220
31.150,0.380,0.221
31.200,0.383,0.222
31.250,0.385,0.222
31.300,0.387,0.223
31.350,0.389,0.223
31.400,0.391,0.225
31.450,0.393,0.225
31.500,0.394,0.226
31.550,0.397,0.226
31.600,0.399,0.228
31.650,0.401,0.228
31.700,0.403,0.229
31.750,0.405,0.229
31.800,0.406,0.230
31.850,0.407,0.230
31.900,0.408,0.231
31.950,0.408,0.230
32.000,0.409,0.231
32.050,0.409,0.230
32.100,0.412,0.232
32.150,0.413,0.231
32.200,0.415,0.233
32.250,0.417,0.232
32.300,0.420,0.234
32.350,0.422,0.234
32.400,0.424,0.236
32.450,0.426,0.236
32.500,0.428,0.237
32.550,0.430,0.236
32.600,0.432,0.238
32.650,0.434,0.238
32.700,0.436,0.239
32.750,0.439,0.239
32.800,0.440,0.240
32.850,0.441,0.240
32.900,0.443,0.241
32.950,0.445,0.241
33.000,0.446,0.242
33.050,0.448,0.242
33.100,0.450,0.243
33.150,0.453,0.243
33.200,0.456,0.245
33.250,0.457,0.244
33.300,0.458,0.245
33.350,0.459,0.245
33.400,0.460,0.246
33.450,0.462,0.245
33.500,0.462,0.246
33.550,0.463,0.246
33.600,0.464,0.247
33.650,0.465,0.246
33.700,0.467,0.248
33.750,0.469,0.247
33.800,0.472,0.249
33.850,0.474,0.248
33.900,0.477,0.250
33.950,0.480,0.250
34.000,0.482,0.251
34.050,0.485,0.251
34.100,0.488,0.253
34.150,0.490,0.252
34.200,0.492,0.254
34.250,0.494,0.253
34.300,0.496,0.255
34.350,0.497,0.254
34.400,0.499,0.255
34.450,0.500,0.255
34.500,0.500,0.256
34.550,0.501,0.255
34.600,0.501,0.256
34.650,0.502,0.255
34.700,0.503,0.256
34.750,0.504,0.256
34.800,0.504,0.257
34.850,0.505,0.256
34.900,0.507,0.257
34.950,0.508,0.256
35.000,0.510,0.258
35.050,0.512,0.257
35.100,0.514,0.259
35.150,0.516,0.258
35.200,0.518,0.259
35.250,0.520,0.259
35.300,0.523,0.261
35.350,0.524,0.260
35.400,0.525,0.261
35.450,0.528,0.261
35.500,0.530,0.262
35.550,0.532,0.261
35.600,0.534,0.262
35.650,0.536,0.262
35.700,0.538,0.263
35.750,0.539,0.263
35.800,0.540,0.264
35.850,0.541,0.263
35.900,0.541,0.264
35.950,0.541,0.263
36.000,0.542,0.264
36.050,0.541,0.263
36.100,0.542,0.264
36.150,0.542,0.264
36.200,0.543,0.264
36.250,0.546,0.264
36.300,0.549,0.266
36.350,0.554,0.266
36.400,0.557,0.267
36.450,0.560,0.267
36.500,0.562,0.268
36.550,0.564,0.267
36.600,0.566,0.269
36.650,0.568,0.268
36.700,0.570,0.270
36.750,0.572,0.269
36.800,0.573,0.270
36.850,0.575,0.269
36.900,0.577,0.271
36.950,0.579,0.270
37.000,0.580,0.271
37.050,0.580,0.270
37.100,0.580,0.271
37.150,0.581,0.271
37.200,0.581,0.271
37.250,0.581,0.270
37.300,0.581,0.272
37.350,0.583,0.271
37.400,0.585,0.272
37.450,0.588,0.272
37.500,0.591,0.273
37.550,0.593,0.272
37.600,0.595,0.274
37.650,0.597,0.273
37.700,0.597,0.274
37.750,0.598,0.273
37.800,0.598,0.274
37.850,0.601,0.274
37.900,0.604,0.275
37.950,0.606,0.275
38.000,0.608,0.276
38.050,0.610,0.276
38.100,0.612,0.277
38.150,0.612,0.276
38.200,0.613,0.277
38.250,0.615,0.276
38.300,0.615,0.277
38.350,0.615,0.276
38.400,0.615,0.277
38.450,0.615,0.276
38.500,0.615,0.277
38.550,0.616,0.276
38.600,0.616,0.277
38.650,0.617,0.277
38.700,0.618,0.277
38.750,0.620,0.277
38.800,0.622,0.278
38.850,0.626,0.278
38.900,0.632,0.280
38.950,0.635,0.279
39.000,0.637,0.280
39.050,0.640,0.280
39.100,0.642,0.281
39.150,0.645,0.281
39.200,0.648,0.282
39.250,0.651,0.281
39.300,0.653,0.283
39.350,0.655,0.282
39.400,0.657,0.283
39.450,0.661,0.283
39.500,0.664,0.284
39.550,0.668,0.284
39.600,0.670,0.285
39.650,0.672,0.285
39.700,0.673,0.285
39.750,0.673,0.285
39.800,0.674,0.286
39.850,0.674,0.285
39.900,0.673,0.285
39.950,0.674,0.285
40.000,0.674,0.285
40.050,0.677,0.286
40.100,0.680,0.286
40.150,0.683,0.286
40.200,0.687,0.288
40.250,0.691,0.287
40.300,0.695,0.288
40.350,0.697,0.288
40.400,0.701,0.289
40.450,0.704,0.289
40.500,0.707,0.290
40.550,0.710,0.290
40.600,0.712,0.291
40.650,0.714,0.290
40.700,0.715,0.291
40.750,0.716,0.290
40.800,0.716,0.291
40.850,0.717,0.290
40.900,0.719,0.291
40.950,0.722,0.291
41.000,0.724,0.292
41.050,0.726,0.291
41.100,0.728,0.292
41.150,0.730,0.292
41.200,0.731,0.293
41.250,0.733,0.293
41.300,0.735,0.294
41.350,0.737,0.293
41.400,0.741,0.294
41.450,0.745,0.294
41.500,0.750,0.295
41.550,0.754,0.294
41.600,0.757,0.296
41.650,0.759,0.295
41.700,0.761,0.296
41.750,0.763,0.296
41.800,0.765,0.297
41.850,0.766,0.296
41.900,0.767,0.297
41.950,0.767,0.296
42.000,0.767,0.297
42.050,0.767,0.296
42.100,0.768,0.297
42.150,0.768,0.296
42.200,0.770,0.297
42.250,0.774,0.297
42.300,0.777,0.298
42.350,0.781,0.298
42.400,0.784,0.299
42.450,0.787,0.298
42.500,0.791,0.299
42.550,0.795,0.299
42.600,0.798,0.300
42.650,0.802,0.300
42.700,0.806,0.301
42.750,0.809,0.300
42.800,0.811,0.302
42.850,0.814,0.301
42.900,0.815,0.302
42.950,0.816,0.301
43.000,0.816,0.302
43.050,0.816,0.301
43.100,0.816,0.302
43.150,0.816,0.301
43.200,0.816,0.302
43.250,0.818,0.302
43.300,0.820,0.303
43.350,0.822,0.302
43.400,0.826,0.303
43.450,0.828,0.302
43.500,0.831,0.303
43.550,0.834,0.303
43.600,0.838,0.304
43.650,0.841,0.303
43.700,0.846,0.305
43.750,0.850,0.305
43.800,0.853,0.306
43.850,0.855,0.305
43.900,0.856,0.306
43.950,0.857,0.305
44.000,0.857,0.306
44.050,0.858,0.305
44.100,0.858,0.306
44.150,0.858,0.305
44.200,0.858,0.306
44.250,0.860,0.305
44.300,0.863,0.307
44.350,0.866,0.306
44.400,0.870,0.307
44.450,0.874,0.307
44.500,0.877,0.308
44.550,0.881,0.307
44.600,0.884,0.308
44.650,0.887,0.308
44.700,0.889,0.309
44.750,0.891,0.308
44.800,0.890,0.309
44.850,0.891,0.308
44.900,0.891,0.309
44.950,0.891,0.308
45.000,0.891,0.309
45.050,0.892,0.309
45.100,0.896,0.310
45.150,0.901,0.309
45.200,0.905,0.310
45.250,0.907,0.310
45.300,0.906,0.310
45.350,0.911,0.310
45.400,0.914,0.311
45.450,0.916,0.311
45.500,0.919,0.311
45.550,0.925,0.311
45.600,0.930,0.312
45.650,0.933,0.312
45.700,0.933,0.313
45.750,0.935,0.312
45.800,0.937,0.313
45.850,0.939,0.312
45.900,0.943,0.313
45.950,0.946,0.313
46.000,0.949,0.314
46.050,0.952,0.313
46.100,0.955,0.314
46.150,0.957,0.314
46.200,0.957,0.315
46.250,0.957,0.314
46.300,0.957,0.314
46.350,0.958,0.314
46.400,0.958,0.315
46.450,0.958,0.314
46.500,0.959,0.315
46.550,0.958,0.314
46.600,0.959,0.315
46.650,0.963,0.315
46.700,0.969,0.315
46.750,0.975,0.315
46.800,0.979,0.316
46.850,0.983,0.316
46.900,0.987,0.317
46.950,0.991,0.316
47.000,0.995,0.317
47.050,0.999,0.317
47.100,1.003,0.319
47.150,1.004,0.317
47.200,1.007,0.318
47.250,1.010,0.318
47.300,1.011,0.319
47.350,1.010,0.318
47.400,1.011,0.319
47.450,1.011,0.318
47.500,1.011,0.319
47.550,1.012,0.318
47.600,1.015,0.319
47.650,1.019,0.318
47.700,1.021,0.320
47.750,1.021,0.319
47.800,1.021,0.319
47.850,1.021,0.318
47.900,1.021,0.319
47.950,1.022,0.319
48.000,1.021,0.319
48.050,1.022,0.319
48.100,1.022,0.320
48.150,1.022,0.319
48.200,1.023,0.319
48.250,1.023,0.319
48.300,1.024,0.319
48.350,1.025,0.319
48.400,1.024,0.319
48.450,1.025,0.319
48.500,1.025,0.320
48.550,1.025,0.319
48.600,1.023,0.320
48.650,1.021,0.319
48.700,1.020,0.319
48.750,1.018,0.319
48.800,1.014,0.319
48.850,1.011,0.318
48.900,1.007,0.319
48.950,1.004,0.318
49.000,1.001,0.318
49.050,0.999,0.318
49.100,0.997,0.318
49.150,0.995,0.317
49.200,0.991,0.318
49.250,0.988,0.317
49.300,0.985,0.318
49.350,0.983,0.317
49.400,0.981,0.317
49.450,0.980,0.317
49.500,0.979,0.317
49.550,0.978,0.317
49.600,0.976,0.317
49.650,0.975,0.317
49.700,0.973,0.317
49.750,0.971,0.316
49.800,0.969,0.317
49.850,0.967,0.316
49.900,0.965,0.316
49.950,0.963,0.316
50.000,0.961,0.317
50.050,0.958,0.316
50.100,0.955,0.316
50.150,0.953,0.315
50.200,0.952,0.316
50.250,0.950,0.315
50.300,0.946,0.316
50.350,0.945,0.315
50.400,0.945,0.315
50.450,0.945,0.315
50.500,0.943,0.316
50.550,0.939,0.315
50.600,0.937,0.315
50.650,0.934,0.314
50.700,0.932,0.315
50.750,0.930,0.314
50.800,0.926,0.314
50.850,0.924,0.314
50.900,0.923,0.314
50.950,0.923,0.314
51.000,0.923,0.314
51.050,0.923,0.314
51.100,0.924,0.314
51.150,0.922,0.314
51.200,0.917,0.314
51.250,0.915,0.313
51.300,0.912,0.314
51.350,0.910,0.313
51.400,0.906,0.313
51.450,0.905,0.312
51.500,0.904,0.313
51.550,0.903,0.312
51.600,0.903,0.313
51.650,0.903,0.312
51.700,0.901,0.313
51.750,0.898,0.312
51.800,0.897,0.313
51.850,0.894,0.312
51.900,0.891,0.312
51.950,0.887,0.312
52.000,0.884,0.312
52.050,0.880,0.311
52.100,0.877,0.311
52.150,0.875,0.311
52.200,0.875,0.311
52.250,0.874,0.311
52.300,0.873,0.311
52.350,0.872,0.310
52.400,0.871,0.311
52.450,0.867,0.310
52.500,0.863,0.311
52.550,0.860,0.310
52.600,0.856,0.310
52.650,0.853,0.309
52.700,0.849,0.310
52.750,0.843,0.308
52.800,0.840,0.309
52.850,0.836,0.308
52.900,0.833,0.309
52.950,0.832,0.308
53.000,0.831,0.308
53.050,0.828,0.307
53.100,0.825,0.308
53.150,0.821,0.307
53.200,0.815,0.307
53.250,0.811,0.307
53.300,0.809,0.307
53.350,0.808,0.306
53.400,0.808,0.307
53.450,0.808,0.306
53.500,0.805,0.307
53.550,0.801,0.306
53.600,0.797,0.306
53.650,0.793,0.305
53.700,0.788,0.305
53.750,0.782,0.304
53.800,0.776,0.305
53.850,0.774,0.304
53.900,0.771,0.304
53.950,0.765,0.303
54.000,0.763,0.304
54.050,0.762,0.303
54.100,0.762,0.304
54.150,0.762,0.303
54.200,0.759,0.303
54.250,0.755,0.303
54.300,0.753,0.303
54.350,0.749,0.302
54.400,0.744,0.302
54.450,0.740,0.301
54.500,0.738,0.302
54.550,0.738,0.301
54.600,0.738,0.302
54.650,0.735,0.301
54.700,0.730,0.301
54.750,0.726,0.300
54.800,0.724,0.300
54.850,0.721,0.299
54.900,0.716,0.300
54.950,0.712,0.298
55.000,0.707,0.299
55.050,0.704,0.298
55.100,0.704,0.299
55.150,0.704,0.298
55.200,0.704,0.299
55.250,0.704,0.298
55.300,0.703,0.298
55.350,0.700,0.298
55.400,0.697,0.298
55.450,0.694,0.297
55.500,0.690,0.298
55.550,0.685,0.296
55.600,0.681,0.296
55.650,0.678,0.296
55.700,0.676,0.296
55.750,0.675,0.295
55.800,0.675,0.296
55.850,0.674,0.295
55.900,0.675,0.296
55.950,0.674,0.295
56.000,0.673,0.296
56.050,0.669,0.295
56.100,0.664,0.295
56.150,0.659,0.294
56.200,0.652,0.294
56.250,0.645,0.293
56.300,0.641,0.293
56.350,0.639,0.292
56.400,0.639,0.293
56.450,0.637,0.292
56.500,0.637,0.292
56.550,0.636,0.292
56.600,0.634,0.292
56.650,0.631,0.291
56.700,0.627,0.292
56.750,0.623,0.290
56.800,0.620,0.291
56.850,0.619,0.290
56.900,0.618,0.290
56.950,0.618,0.290
57.000,0.618,0.290
57.050,0.616,0.290
57.100,0.612,0.290
57.150,0.609,0.289
57.200,0.606,0.289
57.250,0.603,0.288
57.300,0.600,0.289
57.350,0.598,0.288
57.400,0.597,0.288
57.450,0.597,0.287
57.500,0.597,0.288
57.550,0.597,0.288
57.600,0.596,0.288
57.650,0.596,0.288
57.700,0.593,0.287
57.750,0.592,0.287
57.800,0.590,0.287
57.850,0.587,0.286
57.900,0.583,0.287
57.950,0.577,0.285
58.000,0.573,0.285
58.050,0.570,0.284
58.100,0.568,0.285
58.150,0.568,0.284
58.200,0.568,0.285
58.250,0.568,0.284
58.300,0.565,0.285
58.350,0.560,0.283
58.400,0.556,0.283
58.450,0.551,0.282
58.500,0.547,0.282
58.550,0.542,0.281
58.600,0.538,0.281
58.650,0.534,0.279
58.700,0.531,0.280
58.750,0.530,0.279
58.800,0.528,0.280
58.850,0.526,0.278
58.900,0.523,0.279
58.950,0.519,0.278
59.000,0.514,0.278
59.050,0.508,0.276
59.100,0.503,0.276
59.150,0.499,0.274
59.200,0.498,0.275
59.250,0.501,0.275
59.300,0.502,0.275
59.350,0.502,0.274
59.400,0.502,0.275
59.450,0.499,0.274
59.500,0.496,0.275
59.550,0.492,0.273
59.600,0.489,0.274
59.650,0.485,0.272
59.700,0.484,0.273
59.750,0.482,0.272
59.800,0.481,0.272
59.850,0.479,0.271
59.900,0.478,0.272
59.950,0.477,0.271
60.000,0.477,0.271
60.050,0.477,0.270
60.100,0.476,0.271
60.150,0.474,0.270
60.200,0.472,0.271
60.250,0.469,0.270
60.300,0.466,0.270
60.350,0.464,0.269
60.400,0.461,0.269
60.450,0.459,0.268
60.500,0.455,0.268
60.550,0.452,0.267
60.600,0.449,0.267
60.650,0.446,0.265
60.700,0.446,0.266
60.750,0.445,0.265
60.800,0.445,0.266
60.850,0.445,0.265
60.900,0.443,0.265
60.950,0.441,0.265
61.000,0.436,0.264
61.050,0.431,0.262
61.100,0.428,0.263
61.150,0.426,0.262
61.200,0.426,0.262
61.250,0.424,0.261
61.300,0.423,0.261
61.350,0.422,0.261
61.400,0.420,0.261
61.450,0.420,0.260
61.500,0.418,0.260
61.550,0.416,0.259
61.600,0.414,0.259
61.650,0.412,0.258
61.700,0.410,0.258
61.750,0.409,0.258
61.800,0.407,0.258
61.850,0.405,0.257
61.900,0.403,0.257
61.950,0.401,0.256
62.000,0.400,0.256
62.050,0.399,0.256
62.100,0.399,0.256
62.150,0.397,0.255
62.200,0.395,0.255
62.250,0.392,0.254
62.300,0.389,0.254
62.350,0.385,0.252
62.400,0.382,0.252
62.450,0.381,0.251
62.500,0.381,0.252
62.550,0.380,0.251
62.600,0.380,0.251
62.650,0.379,0.251
62.700,0.379,0.251
62.750,0.379,0.251
62.800,0.379,0.251
62.850,0.379,0.250
62.900,0.378,0.251
62.950,0.376,0.250
63.000,0.373,0.250
63.050,0.372,0.249
63.100,0.370,0.249
63.150,0.367,0.248
63.200,0.364,0.247
63.250,0.361,0.246
63.300,0.359,0.246
63.350,0.356,0.245
63.400,0.354,0.245
63.450,0.352,0.244
63.500,0.351,0.244
63.550,0.349,0.243
63.600,0.348,0.243
63.650,0.347,0.242
63.700,0.345,0.242
63.750,0.344,0.241
63.800,0.342,0.242
63.850,0.340,0.240
63.900,0.338,0.240
63.950,0.335,0.239
64.000,0.333,0.239
64.050,0.331,0.237
64.100,0.329,0.237
64.150,0.328,0.236
64.200,0.327,0.237
64.250,0.327,0.236
64.300,0.327,0.237
64.350,0.326,0.236
64.400,0.326,0.236
64.450,0.326,0.236
64.500,0.325,0.237
64.550,0.323,0.235
64.600,0.321,0.235
64.650,0.317,0.233
64.700,0.315,0.233
64.750,0.312,0.232
64.800,0.310,0.231
64.850,0.307,0.230
64.900,0.306,0.230
64.950,0.304,0.229
65.000,0.302,0.229
65.050,0.301,0.228
65.100,0.299,0.227
65.150,0.297,0.226
65.200,0.295,0.227
65.250,0.293,0.225
65.300,0.290,0.225
65.350,0.288,0.223
65.400,0.287,0.223
65.450,0.287,0.223
65.500,0.286,0.223
65.550,0.285,0.222
65.600,0.284,0.222
65.650,0.282,0.221
65.700,0.281,0.221
65.750,0.279,0.220
65.800,0.277,0.220
65.850,0.276,0.218
65.900,0.274,0.218
65.950,0.272,0.217
66.000,0.270,0.217
66.050,0.269,0.216
66.100,0.268,0.216
66.150,0.267,0.215
66.200,0.266,0.215
66.250,0.265,0.214
66.300,0.263,0.214
66.350,0.262,0.213
66.400,0.260,0.213
66.450,0.258,0.212
66.500,0.257,0.212
66.550,0.255,0.210
66.600,0.253,0.210
66.650,0.252,0.209
66.700,0.251,0.209
66.750,0.251,0.208
66.800,0.250,0.208
66.850,0.249,0.207
66.900,0.247,0.207
66.950,0.246,0.206
67.000,0.246,0.207
67.050,0.245,0.205
67.100,0.245,0.206
67.150,0.245,0.205
67.200,0.245,0.206
67.250,0.244,0.205
67.300,0.243,0.205
67.350,0.241,0.204
67.400,0.238,0.204
67.450,0.236,0.202
67.500,0.233,0.202
67.550,0.230,0.200
67.600,0.227,0.199
67.650,0.224,0.197
67.700,0.220,0.196
67.750,0.217,0.193
67.800,0.214,0.193
67.850,0.211,0.190
67.900,0.207,0.189
67.950,0.204,0.187
68.000,0.200,0.186
68.050,0.198,0.184
68.100,0.196,0.183
68.150,0.195,0.182
68.200,0.194,0.182
68.250,0.193,0.180
68.300,0.192,0.181
68.350,0.190,0.179
68.400,0.187,0.179
68.450,0.185,0.177
68.500,0.184,0.177
68.550,0.182,0.175
68.600,0.180,0.175
68.650,0.178,0.173
68.700,0.176,0.172
68.750,0.174,0.171
68.800,0.173,0.170
68.850,0.171,0.169
68.900,0.169,0.168
68.950,0.168,0.167
69.000,0.167,0.167
69.050,0.166,0.165
69.100,0.165,0.165
69.150,0.165,0.165
69.200,0.164,0.165
69.250,0.164,0.164
69.300,0.164,0.164
69.350,0.163,0.164
69.400,0.162,0.164
69.450,0.162,0.163
69.500,0.160,0.163
69.550,0.158,0.161
69.600,0.155,0.160
69.650,0.155,0.159
69.700,0.153,0.159
69.750,0.152,0.157
69.800,0.151,0.157
69.850,0.150,0.156
69.900,0.149,0.156
69.950,0.148,0.155
70.000,0.147,0.155
70.050,0.146,0.153
70.100,0.145,0.153
70.150,0.144,0.152
70.200,0.142,0.152
70.250,0.140,0.150
70.300,0.138,0.149
70.350,0.137,0.148
70.400,0.135,0.147
70.450,0.132,0.145
70.500,0.129,0.144
70.550,0.127,0.142
70.600,0.125,0.141
70.650,0.123,0.139
70.700,0.121,0.138
70.750,0.119,0.136
70.800,0.118,0.136
70.850,0.116,0.134
70.900,0.115,0.134
70.950,0.114,0.132
71.000,0.113,0.132
71.050,0.113,0.131
71.100,0.112,0.131
71.150,0.112,0.130
71.200,0.112,0.131
71.250,0.111,0.129
71.300,0.110,0.130
71.350,0.109,0.128
71.400,0.108,0.128
71.450,0.107,0.127
71.500,0.105,0.127
71.550,0.103,0.125
71.600,0.102,0.124
71.650,0.100,0.122
71.700,0.099,0.122
71.750,0.097,0.120
71.800,0.096,0.120
71.850,0.094,0.118
71.900,0.093,0.118
71.950,0.092,0.116
72.000,0.090,0.116
72.050,0.089,0.114
72.100,0.088,0.114
72.150,0.087,0.112
72.200,0.086,0.112
72.250,0.084,0.110
72.300,0.083,0.110
72.350,0.082,0.109
72.400,0.081,0.108
72.450,0.080,0.106
72.500,0.079,0.106
72.550,0.078,0.105
72.600,0.077,0.105
72.650,0.077,0.104
72.700,0.076,0.104
72.750,0.076,0.103
72.800,0.075,0.103
72.850,0.074,0.102
72.900,0.073,0.102
72.950,0.072,0.100
73.000,0.071,0.100
73.050,0.070,0.098
73.100,0.068,0.098
73.150,0.067,0.096
73.200,0.066,0.096
73.250,0.064,0.094
73.300,0.063,0.094
73.350,0.062,0.092
73.400,0.061,0.091
73.450,0.059,0.089
73.500,0.057,0.089
73.550,0.056,0.087
73.600,0.054,0.086
73.650,0.053,0.084
73.700,0.052,0.084
73.750,0.050,0.081
73.800,0.049,0.081
73.850,0.047,0.079
73.900,0.047,0.079
73.950,0.045,0.077
74.000,0.043,0.076
74.050,0.042,0.074
74.100,0.041,0.073
74.150,0.039,0.071
74.200,0.039,0.071
74.250,0.038,0.069
74.300,0.036,0.068
74.350,0.035,0.067
74.400,0.033,0.066
74.450,0.032,0.063
74.500,0.031,0.063
74.550,0.030,0.061
74.600,0.029,0.061
74.650,0.028,0.059
74.700,0.027,0.059
74.750,0.027,0.057
74.800,0.026,0.058
74.850,0.025,0.056
74.900,0.024,0.055
74.950,0.023,0.054
75.000,0.022,0.053
75.050,0.021,0.052
75.100,0.020,0.051
75.150,0.019,0.049
75.200,0.018,0.049
75.250,0.017,0.047
75.300,0.016,0.046
75.350,0.015,0.044
75.400,0.013,0.044
75.450,0.012,0.041
75.500,0.011,0.041
75.550,0.010,0.039
75.600,0.009,0.039
75.650,0.008,0.036
75.700,0.008,0.036
75.750,0.007,0.034
75.800,0.007,0.034
75.850,0.006,0.033
75.900,0.006,0.033
75.950,0.005,0.032
76.000,0.005,0.032
76.050,0.005,0.030
76.100,0.004,0.031
76.150,0.004,0.030
76.200,0.004,0.030
76.250,0.004,0.029
76.300,0.004,0.029
76.350,0.003,0.028
76.400,0.002,0.028
76.450,0.002,0.027
76.500,0.002,0.027
76.550,0.002,0.026
76.600,0.002,0.027
76.650,0.002,0.026
76.700,0.002,0.027
76.750,0.002,0.026
76.800,0.002,0.026
76.850,0.002,0.026
76.900,0.002,0.027
76.950,0.002,0.026
77.000,5.902E-4,0.026
77.050,-5.676E-5,0.024
77.100,-0.001,0.024
77.150,-0.002,0.022
77.200,-0.002,0.022
77.250,-0.004,0.020
77.300,-0.005,0.019
77.350,-0.006,0.017
77.400,-0.007,0.016
77.450,-0.008,0.013
77.500,-0.009,0.013
77.550,-0.010,0.010
77.600,-0.011,0.009
77.650,-0.013,0.006
77.700,-0.014,0.005
77.750,-0.015,0.002
77.800,-0.017,6.919E-4
77.850,-0.017,-0.002
77.900,-0.019,-0.004
77.950,-0.019,-0.006
78.000,-0.020,-0.008
78.050,-0.021,-0.011
78.100,-0.022,-0.012
78.150,-0.023,-0.015
78.200,-0.024,-0.017
78.250,-0.025,-0.020
78.300,-0.026,-0.021
78.350,-0.027,-0.025
78.400,-0.028,-0.026
78.450,-0.029,-0.030
78.500,-0.030,-0.032
78.550,-0.030,-0.035
78.600,-0.031,-0.037
78.650,-0.031,-0.040
78.700,-0.032,-0.042
78.750,-0.032,-0.044
78.800,-0.032,-0.046
78.850,-0.033,-0.049
78.900,-0.033,-0.050
78.950,-0.033,-0.053
79.000,-0.034,-0.055
79.050,-0.035,-0.058
79.100,-0.035,-0.060
79.150,-0.036,-0.064
79.200,-0.037,-0.066
79.250,-0.037,-0.070
79.300,-0.038,-0.073
79.350,-0.039,-0.077
79.400,-0.039,-0.079
79.450,-0.040,-0.083
79.500,-0.041,-0.086
79.550,-0.042,-0.090
79.600,-0.042,-0.093
79.650,-0.043,-0.097
79.700,-0.044,-0.100
79.750,-0.044,-0.104
79.800,-0.045,-0.106
79.850,-0.046,-0.111
79.900,-0.046,-0.114
79.950,-0.047,-0.118
80.000,-0.048,-0.121
80.050,-0.049,-0.126
80.100,-0.050,-0.130
80.150,-0.051,-0.134
80.200,-0.052,-0.138
80.250,-0.052,-0.143
80.300,-0.053,-0.146
80.350,-0.054,-0.151
80.400,-0.056,-0.155
80.450,-0.057,-0.160
80.500,-0.058,-0.164
80.550,-0.059,-0.169
80.600,-0.060,-0.173
80.650,-0.061,-0.178
80.700,-0.062,-0.181
80.750,-0.063,-0.186
80.800,-0.063,-0.189
80.850,-0.064,-0.193
80.900,-0.065,-0.197
80.950,-0.066,-0.201
81.000,-0.067,-0.203
81.050,-0.068,-0.208
81.100,-0.069,-0.211
81.150,-0.070,-0.215
81.200,-0.072,-0.219
81.250,-0.073,-0.223
81.300,-0.074,-0.226
81.350,-0.076,-0.231
81.400,-0.077,-0.234
81.450,-0.078,-0.238
81.500,-0.079,-0.241
81.550,-0.080,-0.245
81.600,-0.082,-0.248
81.650,-0.083,-0.252
81.700,-0.085,-0.255
81.750,-0.086,-0.260
81.800,-0.088,-0.263
81.850,-0.089,-0.267
81.900,-0.090,-0.269
81.950,-0.092,-0.274
82.000,-0.094,-0.277
82.050,-0.096,-0.281
82.100,-0.097,-0.284
82.150,-0.099,-0.288
82.200,-0.101,-0.290
82.250,-0.102,-0.294
82.300,-0.103,-0.296
82.350,-0.105,-0.300
82.400,-0.106,-0.302
82.450,-0.108,-0.305
82.500,-0.109,-0.307
82.550,-0.110,-0.310
82.600,-0.111,-0.312
82.650,-0.113,-0.314
82.700,-0.113,-0.316
82.750,-0.114,-0.318
82.800,-0.115,-0.319
82.850,-0.116,-0.321
82.900,-0.118,-0.323
82.950,-0.119,-0.325
83.000,-0.121,-0.327
83.050,-0.123,-0.330
83.100,-0.125,-0.331
83.150,-0.126,-0.334
83.200,-0.128,-0.336
83.250,-0.130,-0.339
83.300,-0.132,-0.341
83.350,-0.133,-0.343
83.400,-0.135,-0.345
83.450,-0.137,-0.348
83.500,-0.138,-0.349
83.550,-0.139,-0.351
83.600,-0.140,-0.352
83.650,-0.142,-0.355
83.700,-0.143,-0.356
83.750,-0.145,-0.358
83.800,-0.146,-0.359
83.850,-0.147,-0.361
83.900,-0.149,-0.362
83.950,-0.150,-0.364
84.000,-0.152,-0.365
84.050,-0.153,-0.368
84.100,-0.155,-0.369
84.150,-0.156,-0.371
84.200,-0.158,-0.372
84.250,-0.158,-0.373
84.300,-0.160,-0.374
84.350,-0.161,-0.375
84.400,-0.163,-0.376
84.450,-0.165,-0.379
84.500,-0.167,-0.380
84.550,-0.168,-0.382
84.600,-0.170,-0.383
84.650,-0.171,-0.385
84.700,-0.173,-0.386
84.750,-0.174,-0.388
84.800,-0.175,-0.389
84.850,-0.176,-0.390
84.900,-0.177,-0.391
84.950,-0.177,-0.392
85.000,-0.178,-0.392
85.050,-0.179,-0.393
85.100,-0.179,-0.393
85.150,-0.180,-0.394
85.200,-0.181,-0.394
85.250,-0.183,-0.396
85.300,-0.184,-0.397
85.350,-0.186,-0.398
85.400,-0.188,-0.400
85.450,-0.189,-0.401
85.500,-0.191,-0.402
85.550,-0.192,-0.404
85.600,-0.192,-0.404
85.650,-0.194,-0.405
85.700,-0.195,-0.406
85.750,-0.196,-0.407
85.800,-0.197,-0.407
85.850,-0.198,-0.409
85.900,-0.199,-0.409
85.950,-0.201,-0.411
86.000,-0.202,-0.411
86.050,-0.203,-0.413
86.100,-0.205,-0.413
86.150,-0.205,-0.414
86.200,-0.207,-0.415
86.250,-0.208,-0.417
86.300,-0.209,-0.417
86.350,-0.210,-0.418
86.400,-0.211,-0.419
86.450,-0.212,-0.419
86.500,-0.213,-0.420
86.550,-0.214,-0.421
86.600,-0.215,-0.421
86.650,-0.216,-0.422
86.700,-0.218,-0.423
86.750,-0.218,-0.424
86.800,-0.220,-0.425
86.850,-0.221,-0.426
86.900,-0.221,-0.426
86.950,-0.222,-0.427
87.000,-0.222,-0.427
87.050,-0.223,-0.428
87.100,-0.224,-0.428
87.150,-0.227,-0.429
87.200,-0.228,-0.430
87.250,-0.229,-0.431
87.300,-0.229,-0.431
87.350,-0.230,-0.432
87.400,-0.230,-0.432
87.450,-0.231,-0.433
87.500,-0.232,-0.433
87.550,-0.232,-0.434
87.600,-0.233,-0.434
87.650,-0.234,-0.435
87.700,-0.234,-0.435
87.750,-0.236,-0.436
87.800,-0.237,-0.436
87.850,-0.239,-0.438
87.900,-0.241,-0.439
87.950,-0.244,-0.440
88.000,-0.246,-0.442
88.050,-0.249,-0.444
88.100,-0.252,-0.445
88.150,-0.254,-0.447
88.200,-0.256,-0.448
88.250,-0.258,-0.450
88.300,-0.259,-0.450
88.350,-0.261,-0.452
88.400,-0.262,-0.452
88.450,-0.263,-0.453
88.500,-0.265,-0.453
88.550,-0.267,-0.455
88.600,-0.268,-0.455
88.650,-0.269,-0.456
88.700,-0.270,-0.457
88.750,-0.270,-0.457
88.800,-0.271,-0.457
88.850,-0.272,-0.458
88.900,-0.272,-0.458
88.950,-0.274,-0.459
89.000,-0.276,-0.460
89.050,-0.278,-0.461
89.100,-0.280,-0.461
89.150,-0.282,-0.463
89.200,-0.283,-0.464
89.250,-0.285,-0.465
89.300,-0.285,-0.465
89.350,-0.286,-0.466
89.400,-0.286,-0.466
89.450,-0.288,-0.467
89.500,-0.290,-0.467
89.550,-0.291,-0.468
89.600,-0.292,-0.469
89.650,-0.293,-0.469
89.700,-0.294,-0.469
89.750,-0.295,-0.470
89.800,-0.295,-0.470
89.850,-0.297,-0.471
89.900,-0.299,-0.472
89.950,-0.301,-0.473
90.000,-0.302,-0.474
90.050,-0.304,-0.474
90.100,-0.305,-0.475
90.150,-0.306,-0.476
90.200,-0.307,-0.476
90.250,-0.308,-0.477
90.300,-0.309,-0.477
90.350,-0.311,-0.478
90.400,-0.312,-0.478
90.450,-0.313,-0.479
90.500,-0.314,-0.480
90.550,-0.315,-0.480
90.600,-0.316,-0.480
90.650,-0.316,-0.480
90.700,-0.317,-0.481
90.750,-0.318,-0.482
90.800,-0.320,-0.482
90.850,-0.321,-0.483
90.900,-0.322,-0.483
90.950,-0.322,-0.483
91.000,-0.323,-0.484
91.050,-0.324,-0.484
91.100,-0.325,-0.485
91.150,-0.328,-0.486
91.200,-0.330,-0.486
91.250,-0.332,-0.487
91.300,-0.334,-0.488
91.350,-0.335,-0.489
91.400,-0.335,-0.489
91.450,-0.336,-0.489
91.500,-0.336,-0.490
91.550,-0.337,-0.490
91.600,-0.338,-0.490
91.650,-0.341,-0.491
91.700,-0.344,-0.492
91.750,-0.348,-0.494
91.800,-0.351,-0.495
91.850,-0.355,-0.496
91.900,-0.358,-0.498
91.950,-0.360,-0.499
92.000,-0.363,-0.500
92.050,-0.366,-0.501
92.100,-0.369,-0.503
92.150,-0.371,-0.503
92.200,-0.373,-0.504
92.250,-0.374,-0.505
92.300,-0.375,-0.505
92.350,-0.376,-0.505
92.400,-0.378,-0.506
92.450,-0.381,-0.507
92.500,-0.385,-0.508
92.550,-0.387,-0.509
92.600,-0.389,-0.510
92.650,-0.390,-0.510
92.700,-0.390,-0.510
92.750,-0.391,-0.511
92.800,-0.392,-0.512
92.850,-0.395,-0.512
92.900,-0.397,-0.513
92.950,-0.400,-0.514
93.000,-0.402,-0.514
93.050,-0.404,-0.515
93.100,-0.404,-0.515
93.150,-0.405,-0.516
93.200,-0.406,-0.516
93.250,-0.407,-0.516
93.300,-0.409,-0.517
93.350,-0.411,-0.517
93.400,-0.414,-0.518
93.450,-0.416,-0.519
93.500,-0.419,-0.520
93.550,-0.421,-0.520
93.600,-0.423,-0.521
93.650,-0.424,-0.521
93.700,-0.425,-0.522
93.750,-0.425,-0.522
93.800,-0.426,-0.522
93.850,-0.426,-0.522
93.900,-0.427,-0.523
93.950,-0.428,-0.522
94.000,-0.429,-0.523
94.050,-0.430,-0.523
94.100,-0.431,-0.524
94.150,-0.432,-0.524
94.200,-0.433,-0.524
94.250,-0.434,-0.524
94.300,-0.434,-0.525
94.350,-0.434,-0.524
94.400,-0.435,-0.525
94.450,-0.435,-0.524
94.500,-0.435,-0.525
94.550,-0.435,-0.525
94.600,-0.436,-0.525
94.650,-0.437,-0.525
94.700,-0.439,-0.526
94.750,-0.442,-0.526
94.800,-0.444,-0.527
94.850,-0.448,-0.528
94.900,-0.450,-0.529
94.950,-0.454,-0.530
95.000,-0.456,-0.531
95.050,-0.457,-0.531
95.100,-0.458,-0.531
95.150,-0.460,-0.531
95.200,-0.463,-0.532
95.250,-0.464,-0.532
95.300,-0.466,-0.533
95.350,-0.467,-0.533
95.400,-0.468,-0.534
95.450,-0.470,-0.534
95.500,-0.472,-0.535
95.550,-0.474,-0.535
95.600,-0.475,-0.536
95.650,-0.476,-0.535
95.700,-0.476,-0.536
95.750,-0.476,-0.536
95.800,-0.477,-0.536
95.850,-0.477,-0.536
95.900,-0.477,-0.536
95.950,-0.478,-0.536
96.000,-0.479,-0.537
96.050,-0.482,-0.537
96.100,-0.486,-0.538
96.150,-0.488,-0.538
96.200,-0.490,-0.539
96.250,-0.491,-0.539
96.300,-0.491,-0.540
96.350,-0.491,-0.539
96.400,-0.491,-0.540
96.450,-0.492,-0.539
96.500,-0.494,-0.540
96.550,-0.494,-0.540
96.600,-0.496,-0.540
96.650,-0.497,-0.540
96.700,-0.500,-0.541
96.750,-0.502,-0.542
96.800,-0.508,-0.543
96.850,-0.514,-0.544
96.900,-0.517,-0.545
96.950,-0.519,-0.545
97.000,-0.520,-0.546
97.050,-0.520,-0.546
97.100,-0.520,-0.546
97.150,-0.520,-0.546
97.200,-0.521,-0.546
97.250,-0.522,-0.546
97.300,-0.522,-0.547
97.350,-0.522,-0.546
97.400,-0.523,-0.547
97.450,-0.523,-0.547
97.500,-0.524,-0.547
97.550,-0.525,-0.547
97.600,-0.526,-0.548
97.650,-0.528,-0.547
97.700,-0.531,-0.548
97.750,-0.532,-0.548
97.800,-0.533,-0.549
97.850,-0.534,-0.549
97.900,-0.534,-0.549
97.950,-0.534,-0.549
98.000,-0.534,-0.549
98.050,-0.534,-0.549
98.100,-0.535,-0.549
98.150,-0.536,-0.549
98.200,-0.537,-0.549
98.250,-0.538,-0.549
98.300,-0.539,-0.550
98.350,-0.541,-0.550
98.400,-0.542,-0.551
98.450,-0.544,-0.551
98.500,-0.547,-0.552
98.550,-0.550,-0.552
98.600,-0.553,-0.553
98.650,-0.557,-0.553
98.700,-0.561,-0.554
98.750,-0.564,-0.554
98.800,-0.565,-0.555
98.850,-0.566,-0.555
98.900,-0.567,-0.555
98.950,-0.567,-0.555
99.000,-0.568,-0.556
99.050,-0.569,-0.555
99.100,-0.569,-0.556
99.150,-0.569,-0.555
99.200,-0.570,-0.556
99.250,-0.570,-0.555
99.300,-0.571,-0.556
99.350,-0.571,-0.556
99.400,-0.572,-0.556
99.450,-0.573,-0.556
99.500,-0.574,-0.557
99.550,-0.575,-0.556
99.600,-0.577,-0.557
99.650,-0.581,-0.557
99.700,-0.583,-0.558
99.750,-0.584,-0.558
99.800,-0.585,-0.559
99.850,-0.585,-0.558
99.900,-0.585,-0.559
99.950,-0.585,-0.558
100.000,-0.585,-0.559
100.050,-0.585,-0.558
100.100,-0.586,-0.559
100.150,-0.586,-0.558
100.200,-0.587,-0.559
100.250,-0.588,-0.559
100.300,-0.589,-0.559
100.350,-0.590,-0.559
100.400,-0.591,-0.560
100.450,-0.594,-0.559
100.500,-0.597,-0.560
100.550,-0.601,-0.561
100.600,-0.603,-0.562
100.650,-0.605,-0.561
100.700,-0.607,-0.562
100.750,-0.608,-0.562
100.800,-0.609,-0.563
100.850,-0.609,-0.562
100.900,-0.610,-0.563
100.950,-0.611,-0.562
101.000,-0.613,-0.563
101.050,-0.614,-0.563
101.100,-0.615,-0.564
101.150,-0.616,-0.563
101.200,-0.618,-0.564
101.250,-0.618,-0.563
101.300,-0.619,-0.564
101.350,-0.619,-0.564
101.400,-0.619,-0.564
101.450,-0.619,-0.564
101.500,-0.620,-0.564
101.550,-0.621,-0.564
101.600,-0.623,-0.565
101.650,-0.626,-0.565
101.700,-0.628,-0.566
101.750,-0.630,-0.565
101.800,-0.631,-0.566
101.850,-0.633,-0.565
101.900,-0.634,-0.567
101.950,-0.634,-0.566
102.000,-0.634,-0.566
102.050,-0.634,-0.566
102.100,-0.634,-0.566
102.150,-0.635,-0.566
102.200,-0.636,-0.567
102.250,-0.637,-0.566
102.300,-0.638,-0.567
102.350,-0.640,-0.567
102.400,-0.642,-0.568
102.450,-0.644,-0.567
102.500,-0.645,-0.568
102.550,-0.646,-0.568
102.600,-0.646,-0.568
102.650,-0.646,-0.568
102.700,-0.646,-0.568
102.750,-0.646,-0.568
102.800,-0.647,-0.568
102.850,-0.648,-0.568
102.900,-0.651,-0.569
102.950,-0.653,-0.569
103.000,-0.656,-0.570
103.050,-0.659,-0.569
103.100,-0.661,-0.570
103.150,-0.663,-0.570
103.200,-0.665,-0.571
103.250,-0.667,-0.570
103.300,-0.668,-0.571
103.350,-0.669,-0.571
103.400,-0.670,-0.572
103.450,-0.672,-0.571
103.500,-0.675,-0.572
103.550,-0.680,-0.572
103.600,-0.684,-0.574
103.650,-0.686,-0.573
103.700,-0.686,-0.574
103.750,-0.686,-0.573
103.800,-0.686,-0.574
103.850,-0.687,-0.573
103.900,-0.689,-0.574
103.950,-0.689,-0.573
104.000,-0.690,-0.574
104.050,-0.689,-0.573
104.100,-0.690,-0.574
104.150,-0.690,-0.574
104.200,-0.690,-0.574
104.250,-0.691,-0.574
104.300,-0.694,-0.575
104.350,-0.696,-0.574
104.400,-0.698,-0.575
104.450,-0.702,-0.575
104.500,-0.707,-0.576
104.550,-0.711,-0.576
104.600,-0.713,-0.577
104.650,-0.715,-0.577
104.700,-0.715,-0.577
104.750,-0.715,-0.577
104.800,-0.716,-0.578
104.850,-0.717,-0.577
104.900,-0.719,-0.578
104.950,-0.722,-0.578
105.000,-0.724,-0.578
105.050,-0.725,-0.578
105.100,-0.726,-0.578
105.150,-0.728,-0.578
105.200,-0.728,-0.579
105.250,-0.729,-0.578
105.300,-0.730,-0.579
105.350,-0.731,-0.578
105.400,-0.732,-0.579
105.450,-0.732,-0.579
105.500,-0.732,-0.579
105.550,-0.732,-0.579
105.600,-0.732,-0.580
105.650,-0.733,-0.579
105.700,-0.736,-0.580
105.750,-0.737,-0.579
105.800,-0.740,-0.580
105.850,-0.742,-0.580
105.900,-0.745,-0.581
105.950,-0.746,-0.580
106.000,-0.746,-0.581
106.050,-0.746,-0.580
106.100,-0.746,-0.581
106.150,-0.746,-0.580
106.200,-0.747,-0.581
106.250,-0.747,-0.580
106.300,-0.748,-0.581
106.350,-0.748,-0.580
106.400,-0.749,-0.581
106.450,-0.750,-0.581
106.500,-0.753,-0.582
106.550,-0.755,-0.581
106.600,-0.758,-0.582
106.650,-0.760,-0.581
106.700,-0.762,-0.583
106.750,-0.765,-0.582
106.800,-0.767,-0.583
106.850,-0.768,-0.583
106.900,-0.768,-0.583
106.950,-0.768,-0.583
107.000,-0.769,-0.583
107.050,-0.770,-0.583
107.100,-0.771,-0.584
107.150,-0.772,-0.583
107.200,-0.773,-0.584
107.250,-0.774,-0.583
107.300,-0.774,-0.584
107.350,-0.774,-0.583
107.400,-0.774,-0.584
107.450,-0.774,-0.583
107.500,-0.774,-0.584
107.550,-0.774,-0.583
107.600,-0.775,-0.584
107.650,-0.774,-0.583
107.700,-0.775,-0.584
107.750,-0.775,-0.583
107.800,-0.777,-0.584
107.850,-0.779,-0.584
107.900,-0.782,-0.585
107.950,-0.784,-0.584
108.000,-0.788,-0.585
108.050,-0.790,-0.585
108.100,-0.791,-0.586
108.150,-0.791,-0.585
108.200,-0.791,-0.586
108.250,-0.792,-0.585
108.300,-0.792,-0.586
108.350,-0.795,-0.585
108.400,-0.797,-0.587
108.450,-0.799,-0.586
108.500,-0.801,-0.587
108.550,-0.802,-0.586
108.600,-0.803,-0.587
108.650,-0.804,-0.586
108.700,-0.806,-0.587
108.750,-0.808,-0.587
108.800,-0.811,-0.588
108.850,-0.813,-0.587
108.900,-0.816,-0.588
108.950,-0.819,-0.588
109.000,-0.821,-0.589
109.050,-0.822,-0.588
109.100,-0.824,-0.589
109.150,-0.826,-0.588
109.200,-0.829,-0.590
109.250,-0.829,-0.589
109.300,-0.829,-0.590
109.350,-0.828,-0.589
109.400,-0.828,-0.590
109.450,-0.828,-0.589
109.500,-0.828,-0.590
109.550,-0.828,-0.589
109.600,-0.829,-0.590
109.650,-0.830,-0.589
109.700,-0.831,-0.590
109.750,-0.832,-0.589
109.800,-0.833,-0.590
109.850,-0.833,-0.589
109.900,-0.834,-0.590
109.950,-0.834,-0.589
110.000,-0.835,-0.590
110.050,-0.838,-0.589
110.100,-0.841,-0.590
110.150,-0.844,-0.590
110.200,-0.847,-0.591
110.250,-0.848,-0.591
110.300,-0.848,-0.591
110.350,-0.849,-0.591
110.400,-0.849,-0.591
110.450,-0.849,-0.590
110.500,-0.850,-0.592
110.550,-0.852,-0.591
110.600,-0.853,-0.592
110.650,-0.854,-0.591
110.700,-0.856,-0.592
110.750,-0.858,-0.591
110.800,-0.859,-0.592
110.850,-0.861,-0.591
110.900,-0.863,-0.593
110.950,-0.866,-0.592
111.000,-0.868,-0.593
111.050,-0.871,-0.593
111.100,-0.874,-0.594
111.150,-0.875,-0.593
111.200,-0.876,-0.594
111.250,-0.877,-0.593
111.300,-0.877,-0.594
111.350,-0.878,-0.593
111.400,-0.879,-0.594
111.450,-0.879,-0.593
111.500,-0.880,-0.594
111.550,-0.882,-0.594
111.600,-0.884,-0.595
111.650,-0.887,-0.594
111.700,-0.890,-0.595
111.750,-0.892,-0.594
111.800,-0.893,-0.595
111.850,-0.893,-0.595
111.900,-0.893,-0.596
111.950,-0.894,-0.595
112.000,-0.895,-0.595
112.050,-0.896,-0.595
112.100,-0.899,-0.596
112.150,-0.902,-0.595
112.200,-0.905,-0.596
112.250,-0.908,-0.596
112.300,-0.910,-0.597
112.350,-0.913,-0.596
112.400,-0.915,-0.597
112.450,-0.918,-0.597
112.500,-0.921,-0.598
112.550,-0.924,-0.597
112.600,-0.926,-0.598
112.650,-0.927,-0.597
112.700,-0.927,-0.598
112.750,-0.928,-0.597
112.800,-0.928,-0.598
112.850,-0.928,-0.597
112.900,-0.928,-0.598
112.950,-0.928,-0.597
113.000,-0.928,-0.598
113.050,-0.928,-0.597
113.100,-0.929,-0.598
113.150,-0.931,-0.598
113.200,-0.932,-0.599
113.250,-0.933,-0.598
113.300,-0.937,-0.599
113.350,-0.941,-0.598
113.400,-0.944,-0.599
113.450,-0.947,-0.599
113.500,-0.948,-0.600
113.550,-0.948,-0.599
113.600,-0.948,-0.600
113.650,-0.949,-0.599
113.700,-0.949,-0.600
113.750,-0.951,-0.599
113.800,-0.954,-0.600
113.850,-0.956,-0.599
113.900,-0.958,-0.601
113.950,-0.959,-0.600
114.000,-0.962,-0.601
114.050,-0.966,-0.600
114.100,-0.970,-0.601
114.150,-0.973,-0.601
114.200,-0.974,-0.602
114.250,-0.975,-0.601
114.300,-0.977,-0.602
114.350,-0.980,-0.601
114.400,-0.983,-0.602
114.450,-0.985,-0.602
114.500,-0.986,-0.602
114.550,-0.986,-0.602
114.600,-0.986,-0.602
114.650,-0.987,-0.602
114.700,-0.987,-0.603
114.750,-0.987,-0.602
114.800,-0.987,-0.603
114.850,-0.988,-0.602
114.900,-0.990,-0.603
114.950,-0.993,-0.602
115.000,-0.996,-0.603
115.050,-0.999,-0.603
115.100,-1.002,-0.604
115.150,-1.006,-0.603
115.200,-1.010,-0.604
115.250,-1.013,-0.604
115.300,-1.015,-0.605
115.350,-1.019,-0.604
115.400,-1.023,-0.605
115.450,-1.025,-0.605
115.500,-1.027,-0.606
115.550,-1.027,-0.605
115.600,-1.027,-0.605
115.650,-1.027,-0.605
115.700,-1.027,-0.606
115.750,-1.027,-0.605
115.800,-1.028,-0.606
115.850,-1.028,-0.605
115.900,-1.028,-0.605
115.950,-1.027,-0.605
116.000,-1.021,-0.605
116.050,-1.015,-0.604
116.100,-1.012,-0.605
116.150,-1.010,-0.604
116.200,-1.008,-0.604
116.250,-1.007,-0.604
116.300,-1.006,-0.604
116.350,-1.005,-0.604
116.400,-1.002,-0.604
116.450,-1.001,-0.603
116.500,-1.000,-0.604
116.550,-0.999,-0.603
116.600,-0.998,-0.604
116.650,-0.997,-0.603
116.700,-0.994,-0.604
116.750,-0.991,-0.603
116.800,-0.989,-0.604
116.850,-0.987,-0.603
116.900,-0.985,-0.603
116.950,-0.983,-0.603
117.000,-0.983,-0.603
117.050,-0.982,-0.603
117.100,-0.979,-0.603
117.150,-0.977,-0.602
117.200,-0.975,-0.603
117.250,-0.975,-0.602
117.300,-0.974,-0.603
117.350,-0.974,-0.602
117.400,-0.974,-0.603
117.450,-0.975,-0.602
117.500,-0.974,-0.603
117.550,-0.974,-0.602
117.600,-0.973,-0.603
117.650,-0.970,-0.602
117.700,-0.968,-0.602
117.750,-0.966,-0.602
117.800,-0.966,-0.602
117.850,-0.964,-0.601
117.900,-0.960,-0.602
117.950,-0.956,-0.601
118.000,-0.954,-0.602
118.050,-0.952,-0.601
118.100,-0.950,-0.601
118.150,-0.948,-0.601
118.200,-0.947,-0.601
118.250,-0.945,-0.601
118.300,-0.943,-0.601
118.350,-0.940,-0.600
118.400,-0.937,-0.600
118.450,-0.934,-0.600
118.500,-0.933,-0.600
118.550,-0.933,-0.600
118.600,-0.931,-0.600
118.650,-0.929,-0.600
118.700,-0.926,-0.600
118.750,-0.923,-0.599
118.800,-0.921,-0.600
118.850,-0.919,-0.599
118.900,-0.918,-0.600
118.950,-0.917,-0.599
119.000,-0.916,-0.599
119.050,-0.915,-0.599
119.100,-0.914,-0.599
119.150,-0.914,-0.599
119.200,-0.912,-0.599
119.250,-0.910,-0.598
119.300,-0.908,-0.599
119.350,-0.905,-0.598
119.400,-0.904,-0.599
119.450,-0.904,-0.598
119.500,-0.905,-0.599
119.550,-0.905,-0.598
119.600,-0.905,-0.599
119.650,-0.903,-0.598
119.700,-0.900,-0.598
119.750,-0.897,-0.598
119.800,-0.894,-0.598
119.850,-0.890,-0.597
119.900,-0.886,-0.598
119.950,-0.882,-0.597
120.000,-0.881,-0.597
120.050,-0.881,-0.597
120.100,-0.881,-0.597
120.150,-0.881,-0.596
120.200,-0.881,-0.597
120.250,-0.878,-0.596
120.300,-0.875,-0.597
120.350,-0.873,-0.596
120.400,-0.869,-0.597
120.450,-0.866,-0.596
120.500,-0.862,-0.596
120.550,-0.856,-0.595
120.600,-0.853,-0.596
120.650,-0.848,-0.594
120.700,-0.847,-0.595
120.750,-0.845,-0.594
120.800,-0.845,-0.595
120.850,-0.845,-0.594
120.900,-0.845,-0.595
120.950,-0.845,-0.594
121.000,-0.845,-0.595
121.050,-0.842,-0.594
121.100,-0.838,-0.595
121.150,-0.835,-0.594
121.200,-0.833,-0.594
121.250,-0.832,-0.594
121.300,-0.830,-0.594
121.350,-0.830,-0.594
121.400,-0.828,-0.594
121.450,-0.826,-0.593
121.500,-0.825,-0.594
121.550,-0.824,-0.593
121.600,-0.822,-0.593
121.650,-0.820,-0.593
121.700,-0.817,-0.593
121.750,-0.816,-0.592
121.800,-0.815,-0.593
121.850,-0.813,-0.592
121.900,-0.809,-0.593
121.950,-0.804,-0.591
122.000,-0.803,-0.592
122.050,-0.802,-0.591
122.100,-0.803,-0.592
122.150,-0.803,-0.591
122.200,-0.803,-0.592
122.250,-0.803,-0.592
122.300,-0.801,-0.592
122.350,-0.800,-0.591
122.400,-0.799,-0.592
122.450,-0.797,-0.591
122.500,-0.794,-0.591
122.550,-0.792,-0.591
122.600,-0.789,-0.591
122.650,-0.786,-0.590
122.700,-0.785,-0.591
122.750,-0.785,-0.590
122.800,-0.785,-0.591
122.850,-0.785,-0.590
122.900,-0.784,-0.591
122.950,-0.780,-0.589
123.000,-0.777,-0.590
123.050,-0.776,-0.590
123.100,-0.774,-0.590
123.150,-0.772,-0.589
123.200,-0.770,-0.589
123.250,-0.767,-0.589
123.300,-0.765,-0.589
123.350,-0.764,-0.589
123.400,-0.761,-0.589
123.450,-0.758,-0.588
123.500,-0.754,-0.588
123.550,-0.752,-0.587
123.600,-0.752,-0.588
123.650,-0.752,-0.587
123.700,-0.752,-0.588
123.750,-0.752,-0.588
123.800,-0.752,-0.588
123.850,-0.751,-0.587
123.900,-0.748,-0.588
123.950,-0.747,-0.587
124.000,-0.745,-0.588
124.050,-0.743,-0.587
124.100,-0.739,-0.587
124.150,-0.736,-0.586
124.200,-0.736,-0.587
124.250,-0.735,-0.586
124.300,-0.734,-0.587
124.350,-0.733,-0.586
124.400,-0.732,-0.586
124.450,-0.731,-0.586
124.500,-0.730,-0.586
124.550,-0.729,-0.586
124.600,-0.728,-0.586
124.650,-0.727,-0.585
124.700,-0.726,-0.586
124.750,-0.725,-0.585
124.800,-0.723,-0.586
124.850,-0.721,-0.585
124.900,-0.718,-0.585
124.950,-0.714,-0.584
125.000,-0.711,-0.585
125.050,-0.708,-0.584
125.100,-0.707,-0.584
125.150,-0.707,-0.584
125.200,-0.707,-0.584
125.250,-0.707,-0.584
125.300,-0.707,-0.584
125.350,-0.706,-0.583
125.400,-0.706,-0.584
125.450,-0.704,-0.584
125.500,-0.702,-0.584
125.550,-0.699,-0.583
125.600,-0.696,-0.584
125.650,-0.694,-0.583
125.700,-0.693,-0.583
125.750,-0.693,-0.583
125.800,-0.693,-0.583
125.850,-0.693,-0.583
125.900,-0.692,-0.583
125.950,-0.692,-0.583
126.000,-0.687,-0.583
126.050,-0.683,-0.582
126.100,-0.682,-0.582
126.150,-0.681,-0.582
126.200,-0.681,-0.582
126.250,-0.680,-0.582
126.300,-0.678,-0.582
126.350,-0.677,-0.581
126.400,-0.676,-0.582
126.450,-0.674,-0.581
126.500,-0.671,-0.581
126.550,-0.667,-0.580
126.600,-0.664,-0.581
126.650,-0.660,-0.579
126.700,-0.659,-0.580
126.750,-0.656,-0.579
126.800,-0.652,-0.579
126.850,-0.649,-0.579
126.900,-0.648,-0.578
126.950,-0.648,-0.578
127.000,-0.648,-0.579
127.050,-0.648,-0.579
127.100,-0.647,-0.578
127.150,-0.645,-0.578
127.200,-0.642,-0.578
127.250,-0.639,-0.578
127.300,-0.635,-0.577
127.350,-0.633,-0.577
127.400,-0.632,-0.577
127.450,-0.631,-0.577
127.500,-0.630,-0.577
127.550,-0.630,-0.577
127.600,-0.629,-0.577
127.650,-0.628,-0.576
127.700,-0.627,-0.577
127.750,-0.626,-0.576
127.800,-0.624,-0.576
127.850,-0.622,-0.576
127.900,-0.618,-0.576
127.950,-0.616,-0.575
128.000,-0.612,-0.575
128.050,-0.608,-0.574
128.100,-0.604,-0.574
128.150,-0.602,-0.574
128.200,-0.602,-0.574
128.250,-0.602,-0.574
128.300,-0.602,-0.574
128.350,-0.602,-0.574
128.400,-0.602,-0.574
128.450,-0.601,-0.573
128.500,-0.600,-0.574
128.550,-0.598,-0.573
128.600,-0.596,-0.574
128.650,-0.593,-0.573
128.700,-0.590,-0.573
128.750,-0.589,-0.572
128.800,-0.588,-0.573
128.850,-0.586,-0.572
128.900,-0.586,-0.572
128.950,-0.585,-0.572
129.000,-0.586,-0.572
129.050,-0.585,-0.572
129.100,-0.585,-0.572
129.150,-0.585,-0.572
129.200,-0.583,-0.572
129.250,-0.581,-0.572
129.300,-0.579,-0.571
129.350,-0.576,-0.570
129.400,-0.573,-0.571
129.450,-0.570,-0.570
129.500,-0.569,-0.570
129.550,-0.568,-0.570
129.600,-0.568,-0.570
129.650,-0.568,-0.570
129.700,-0.568,-0.570
129.750,-0.567,-0.570
129.800,-0.566,-0.570
129.850,-0.563,-0.569
129.900,-0.561,-0.569
129.950,-0.559,-0.569
130.000,-0.558,-0.569
130.050,-0.556,-0.568
130.100,-0.555,-0.568
130.150,-0.555,-0.568
130.200,-0.554,-0.568
130.250,-0.554,-0.568
130.300,-0.554,-0.568
130.350,-0.554,-0.568
130.400,-0.554,-0.568
130.450,-0.554,-0.568
130.500,-0.553,-0.568
130.550,-0.549,-0.567
130.600,-0.547,-0.568
130.650,-0.545,-0.567
130.700,-0.541,-0.566
130.750,-0.536,-0.566
130.800,-0.533,-0.566
130.850,-0.530,-0.565
130.900,-0.529,-0.565
130.950,-0.528,-0.565
131.000,-0.527,-0.565
131.050,-0.526,-0.564
131.100,-0.525,-0.564
131.150,-0.525,-0.564
131.200,-0.523,-0.564
131.250,-0.521,-0.563
131.300,-0.518,-0.563
131.350,-0.514,-0.563
131.400,-0.512,-0.562
131.450,-0.511,-0.562
131.500,-0.510,-0.562
131.550,-0.510,-0.562
131.600,-0.511,-0.562
131.650,-0.510,-0.562
131.700,-0.510,-0.562
131.750,-0.510,-0.562
131.800,-0.508,-0.562
131.850,-0.507,-0.561
131.900,-0.505,-0.561
131.950,-0.502,-0.561
132.000,-0.500,-0.561
132.050,-0.498,-0.560
132.100,-0.496,-0.560
132.150,-0.496,-0.559
132.200,-0.495,-0.560
132.250,-0.495,-0.559
132.300,-0.495,-0.560
132.350,-0.495,-0.559
132.400,-0.495,-0.560
132.450,-0.493,-0.559
132.500,-0.489,-0.559
132.550,-0.485,-0.558
132.600,-0.481,-0.558
132.650,-0.477,-0.556
132.700,-0.474,-0.556
132.750,-0.472,-0.556
132.800,-0.470,-0.556
132.850,-0.468,-0.555
132.900,-0.466,-0.555
132.950,-0.465,-0.554
133.000,-0.463,-0.555
133.050,-0.462,-0.554
133.100,-0.460,-0.554
133.150,-0.458,-0.553
133.200,-0.457,-0.553
133.250,-0.456,-0.553
133.300,-0.456,-0.553
133.350,-0.456,-0.553
133.400,-0.456,-0.553
133.450,-0.456,-0.553
133.500,-0.455,-0.553
133.550,-0.453,-0.552
133.600,-0.453,-0.553
133.650,-0.452,-0.552
133.700,-0.452,-0.552
133.750,-0.451,-0.552
133.800,-0.452,-0.552
133.850,-0.449,-0.551
133.900,-0.443,-0.551
133.950,-0.437,-0.550
134.000,-0.434,-0.549
134.050,-0.431,-0.548
134.100,-0.430,-0.548
134.150,-0.429,-0.548
134.200,-0.428,-0.548
134.250,-0.427,-0.547
134.300,-0.426,-0.547
134.350,-0.424,-0.547
134.400,-0.422,-0.546
134.450,-0.420,-0.546
134.500,-0.416,-0.545
134.550,-0.412,-0.544
134.600,-0.409,-0.544
134.650,-0.407,-0.543
134.700,-0.405,-0.543
134.750,-0.404,-0.542
134.800,-0.405,-0.543
134.850,-0.404,-0.542
134.900,-0.404,-0.542
134.950,-0.403,-0.542
135.000,-0.401,-0.542
135.050,-0.400,-0.541
135.100,-0.398,-0.541
135.150,-0.397,-0.541
135.200,-0.395,-0.540
135.250,-0.394,-0.540
135.300,-0.394,-0.540
135.350,-0.394,-0.540
135.400,-0.392,-0.540
135.450,-0.389,-0.539
135.500,-0.386,-0.539
135.550,-0.384,-0.538
135.600,-0.382,-0.538
135.650,-0.378,-0.536
135.700,-0.375,-0.536
135.750,-0.373,-0.535
135.800,-0.370,-0.534
135.850,-0.368,-0.534
135.900,-0.366,-0.534
135.950,-0.364,-0.533
136.000,-0.363,-0.533
136.050,-0.362,-0.532
136.100,-0.361,-0.532
136.150,-0.361,-0.532
136.200,-0.360,-0.532
136.250,-0.360,-0.532
136.300,-0.360,-0.532
136.350,-0.360,-0.532
136.400,-0.360,-0.532
136.450,-0.360,-0.532
136.500,-0.360,-0.532
136.550,-0.358,-0.531
136.600,-0.356,-0.531
136.650,-0.355,-0.530
136.700,-0.354,-0.530
136.750,-0.353,-0.530
136.800,-0.350,-0.529
136.850,-0.348,-0.529
136.900,-0.346,-0.528
136.950,-0.344,-0.527
137.000,-0.343,-0.527
137.050,-0.339,-0.526
137.100,-0.336,-0.526
137.150,-0.333,-0.524
137.200,-0.331,-0.524
137.250,-0.329,-0.523
137.300,-0.328,-0.523
137.350,-0.326,-0.522
137.400,-0.325,-0.522
137.450,-0.325,-0.522
137.500,-0.324,-0.522
137.550,-0.323,-0.521
137.600,-0.322,-0.521
137.650,-0.320,-0.520
137.700,-0.319,-0.520
137.750,-0.316,-0.519
137.800,-0.315,-0.519
137.850,-0.312,-0.518
137.900,-0.308,-0.517
137.950,-0.306,-0.516
138.000,-0.303,-0.515
138.050,-0.301,-0.514
138.100,-0.299,-0.514
138.150,-0.297,-0.513
138.200,-0.295,-0.512
138.250,-0.293,-0.511
138.300,-0.292,-0.511
138.350,-0.291,-0.510
138.400,-0.291,-0.511
138.450,-0.291,-0.510
138.500,-0.290,-0.510
138.550,-0.289,-0.509
138.600,-0.286,-0.509
138.650,-0.284,-0.508
138.700,-0.282,-0.507
138.750,-0.281,-0.507
138.800,-0.279,-0.506
138.850,-0.278,-0.506
138.900,-0.278,-0.506
138.950,-0.277,-0.505
139.000,-0.277,-0.505
139.050,-0.277,-0.505
139.100,-0.276,-0.505
139.150,-0.275,-0.504
139.200,-0.273,-0.504
139.250,-0.272,-0.503
139.300,-0.270,-0.503
139.350,-0.268,-0.502
139.400,-0.265,-0.501
139.450,-0.261,-0.500
139.500,-0.257,-0.498
139.550,-0.254,-0.497
139.600,-0.252,-0.496
139.650,-0.250,-0.494
139.700,-0.248,-0.494
139.750,-0.247,-0.493
139.800,-0.247,-0.493
139.850,-0.246,-0.493
139.900,-0.246,-0.492
139.950,-0.245,-0.492
140.000,-0.244,-0.492
140.050,-0.243,-0.492
140.100,-0.241,-0.491
140.150,-0.240,-0.490
140.200,-0.238,-0.490
140.250,-0.236,-0.489
140.300,-0.231,-0.487
140.350,-0.226,-0.485
140.400,-0.222,-0.483
140.450,-0.219,-0.481
140.500,-0.216,-0.480
140.550,-0.214,-0.479
140.600,-0.212,-0.478
140.650,-0.211,-0.477
140.700,-0.209,-0.476
140.750,-0.209,-0.476
140.800,-0.208,-0.475
140.850,-0.207,-0.475
140.900,-0.205,-0.474
140.950,-0.204,-0.473
141.000,-0.203,-0.473
141.050,-0.202,-0.472
141.100,-0.201,-0.472
141.150,-0.201,-0.471
141.200,-0.198,-0.471
141.250,-0.195,-0.469
141.300,-0.193,-0.468
141.350,-0.190,-0.467
141.400,-0.187,-0.465
141.450,-0.185,-0.464
141.500,-0.183,-0.463
141.550,-0.182,-0.462
141.600,-0.181,-0.461
141.650,-0.180,-0.461
141.700,-0.180,-0.461
141.750,-0.179,-0.460
141.800,-0.179,-0.460
141.850,-0.178,-0.459
141.900,-0.178,-0.459
141.950,-0.178,-0.459
142.000,-0.176,-0.459
142.050,-0.175,-0.458
142.100,-0.173,-0.457
142.150,-0.170,-0.455
142.200,-0.168,-0.454
142.250,-0.167,-0.454
142.300,-0.166,-0.453
142.350,-0.165,-0.452
142.400,-0.164,-0.452
142.450,-0.164,-0.451
142.500,-0.163,-0.451
142.550,-0.161,-0.450
142.600,-0.159,-0.449
142.650,-0.157,-0.448
142.700,-0.154,-0.447
142.750,-0.151,-0.444
142.800,-0.148,-0.443
142.850,-0.146,-0.442
142.900,-0.144,-0.440
142.950,-0.140,-0.438
143.000,-0.137,-0.436
143.050,-0.135,-0.435
143.100,-0.134,-0.434
143.150,-0.133,-0.432
143.200,-0.131,-0.432
143.250,-0.130,-0.431
143.300,-0.130,-0.431
143.350,-0.128,-0.429
143.400,-0.126,-0.428
143.450,-0.124,-0.427
143.500,-0.122,-0.426
143.550,-0.120,-0.424
143.600,-0.118,-0.423
143.650,-0.116,-0.421
143.700,-0.116,-0.421
143.750,-0.115,-0.420
143.800,-0.115,-0.420
143.850,-0.115,-0.420
143.900,-0.114,-0.420
143.950,-0.112,-0.418
144.000,-0.111,-0.418
144.050,-0.108,-0.416
144.100,-0.106,-0.415
144.150,-0.104,-0.413
144.200,-0.102,-0.412
144.250,-0.100,-0.410
144.300,-0.098,-0.409
144.350,-0.096,-0.407
144.400,-0.094,-0.406
144.450,-0.092,-0.405
144.500,-0.090,-0.403
144.550,-0.089,-0.402
144.600,-0.087,-0.401
144.650,-0.086,-0.400
144.700,-0.085,-0.399
144.750,-0.084,-0.397
144.800,-0.082,-0.396
144.850,-0.080,-0.395
144.900,-0.078,-0.394
144.950,-0.077,-0.393
145.000,-0.075,-0.391
145.050,-0.073,-0.389
145.100,-0.071,-0.388
145.150,-0.069,-0.386
145.200,-0.068,-0.385
145.250,-0.067,-0.384
145.300,-0.066,-0.383
145.350,-0.066,-0.382
145.400,-0.065,-0.382
145.450,-0.064,-0.381
145.500,-0.063,-0.381
145.550,-0.061,-0.379
145.600,-0.061,-0.379
145.650,-0.059,-0.377
145.700,-0.058,-0.376
145.750,-0.056,-0.375
145.800,-0.054,-0.373
145.850,-0.051,-0.371
145.900,-0.049,-0.370
145.950,-0.047,-0.367
146.000,-0.046,-0.366
146.050,-0.045,-0.364
146.100,-0.044,-0.363
146.150,-0.042,-0.362
146.200,-0.041,-0.361
146.250,-0.040,-0.360
146.300,-0.038,-0.358
146.350,-0.036,-0.357
146.400,-0.034,-0.355
146.450,-0.033,-0.353
146.500,-0.031,-0.352
146.550,-0.029,-0.349
146.600,-0.026,-0.347
146.650,-0.024,-0.345
146.700,-0.022,-0.343
146.750,-0.021,-0.341
146.800,-0.019,-0.339
146.850,-0.017,-0.336
146.900,-0.016,-0.335
146.950,-0.014,-0.333
147.000,-0.013,-0.332
147.050,-0.012,-0.330
147.100,-0.012,-0.329
147.150,-0.011,-0.328
147.200,-0.010,-0.327
147.250,-0.009,-0.326
147.300,-0.009,-0.326
147.350,-0.008,-0.325
147.400,-0.008,-0.324
147.450,-0.007,-0.323
147.500,-0.006,-0.322
147.550,-0.006,-0.321
147.600,-0.005,-0.321
147.650,-0.004,-0.320
147.700,-0.004,-0.319
147.750,-0.003,-0.318
147.800,-0.002,-0.317
147.850,-0.002,-0.317
147.900,-0.001,-0.316
147.950,-0.001,-0.315
148.000,-9.247E-4,-0.315
148.050,-8.197E-4,-0.314
148.100,-4.132E-4,-0.314
148.150,-2.899E-4,-0.313
148.200,2.521E-4,-0.313
148.250,5.426E-4,-0.312
148.300,6.061E-4,-0.313
148.350,4.584E-4,-0.312
148.400,9.662E-4,-0.312
148.450,7.928E-4,-0.311
148.500,0.001,-0.312
148.550,6.354E-4,-0.312
148.600,0.001,-0.311
148.650,0.001,-0.311
148.700,0.002,-0.311
148.750,0.002,-0.310
148.800,0.002,-0.310
148.850,0.002,-0.310
148.900,0.002,-0.310
148.950,0.002,-0.310
149.000,0.002,-0.310
149.050,0.002,-0.310
149.100,0.002,-0.310
149.150,0.002,-0.309
149.200,0.003,-0.309
149.250,0.003,-0.308
149.300,0.004,-0.308
149.350,0.004,-0.307
149.400,0.005,-0.306
149.450,0.006,-0.305
149.500,0.006,-0.305
149.550,0.007,-0.304
149.600,0.008,-0.303
149.650,0.009,-0.301
149.700,0.009,-0.301
149.750,0.010,-0.299
149.800,0.011,-0.298
149.850,0.013,-0.296
149.900,0.013,-0.295
149.950,0.014,-0.293
150.000,0.014,-0.292
150.050,0.015,-0.291
150.100,0.016,-0.290
150.150,0.017,-0.288
150.200,0.017,-0.288
150.250,0.018,-0.286
150.300,0.018,-0.285
150.350,0.019,-0.284
150.400,0.020,-0.283
150.450,0.020,-0.282
150.500,0.021,-0.281
150.550,0.021,-0.279
150.600,0.022,-0.278
150.650,0.023,-0.277
150.700,0.024,-0.275
150.750,0.024,-0.274
150.800,0.025,-0.272
150.850,0.026,-0.270
150.900,0.026,-0.269
150.950,0.027,-0.267
151.000,0.027,-0.266
151.050,0.028,-0.264
151.100,0.029,-0.263
151.150,0.030,-0.260
151.200,0.030,-0.259
151.250,0.031,-0.256
151.300,0.032,-0.255
151.350,0.033,-0.251
151.400,0.034,-0.249
151.450,0.034,-0.246
151.500,0.035,-0.244
151.550,0.036,-0.240
151.600,0.036,-0.238
151.650,0.037,-0.235
151.700,0.037,-0.233
151.750,0.038,-0.230
151.800,0.038,-0.228
151.850,0.038,-0.225
151.900,0.039,-0.223
151.950,0.039,-0.220
152.000,0.040,-0.218
152.050,0.041,-0.214
152.100,0.041,-0.212
152.150,0.042,-0.208
152.200,0.043,-0.205
152.250,0.044,-0.200
152.300,0.045,-0.197
152.350,0.046,-0.192
152.400,0.047,-0.188
152.450,0.047,-0.185
152.500,0.048,-0.181
152.550,0.048,-0.177
152.600,0.049,-0.174
152.650,0.049,-0.171
152.700,0.051,-0.167
152.750,0.051,-0.163
152.800,0.052,-0.159
152.850,0.054,-0.154
152.900,0.055,-0.150
152.950,0.057,-0.144
153.000,0.058,-0.139
153.050,0.059,-0.133
153.100,0.060,-0.128
153.150,0.061,-0.123
153.200,0.062,-0.118
153.250,0.063,-0.113
153.300,0.065,-0.109
153.350,0.066,-0.103
153.400,0.068,-0.098
153.450,0.069,-0.092
153.500,0.070,-0.088
153.550,0.072,-0.082
153.600,0.073,-0.077
153.650,0.075,-0.072
153.700,0.076,-0.068
153.750,0.078,-0.062
153.800,0.080,-0.056
153.850,0.083,-0.050
153.900,0.085,-0.044
153.950,0.087,-0.038
154.000,0.089,-0.033
154.050,0.090,-0.028
154.100,0.092,-0.023
154.150,0.093,-0.019
154.200,0.095,-0.015
154.250,0.097,-0.010
154.300,0.098,-0.007
154.350,0.100,-0.002
154.400,0.103,0.002
154.450,0.104,0.007
154.500,0.106,0.010
154.550,0.108,0.014
154.600,0.109,0.016
154.650,0.110,0.020
154.700,0.111,0.022
154.750,0.113,0.025
154.800,0.114,0.027
154.850,0.116,0.031
154.900,0.118,0.033
154.950,0.119,0.036
155.000,0.121,0.038
155.050,0.122,0.040
155.100,0.123,0.042
155.150,0.125,0.045
155.200,0.126,0.046
155.250,0.128,0.049
155.300,0.129,0.050
155.350,0.130,0.052
155.400,0.132,0.054
155.450,0.133,0.056
155.500,0.135,0.058
155.550,0.135,0.060
155.600,0.137,0.061
155.650,0.137,0.063
155.700,0.139,0.064
155.750,0.141,0.066
155.800,0.141,0.067
155.850,0.143,0.069
155.900,0.144,0.070
155.950,0.146,0.072
156.000,0.148,0.073
156.050,0.150,0.076
156.100,0.151,0.077
156.150,0.152,0.080
156.200,0.154,0.081
156.250,0.155,0.083
156.300,0.156,0.083
156.350,0.157,0.085
156.400,0.158,0.086
156.450,0.160,0.088
156.500,0.161,0.089
156.550,0.163,0.091
156.600,0.164,0.092
156.650,0.165,0.093
156.700,0.166,0.094
156.750,0.166,0.095
156.800,0.167,0.095
156.850,0.167,0.096
156.900,0.168,0.097
156.950,0.170,0.098
157.000,0.172,0.099
157.050,0.173,0.101
157.100,0.175,0.102
157.150,0.177,0.104
157.200,0.178,0.105
157.250,0.181,0.107
157.300,0.182,0.108
157.350,0.185,0.111
157.400,0.187,0.112
157.450,0.190,0.115
157.500,0.192,0.117
157.550,0.194,0.119
157.600,0.196,0.120
157.650,0.197,0.122
157.700,0.198,0.123
157.750,0.200,0.124
157.800,0.202,0.125
157.850,0.203,0.127
157.900,0.205,0.128
157.950,0.207,0.130
158.000,0.208,0.130
158.050,0.210,0.132
158.100,0.211,0.133
158.150,0.213,0.134
158.200,0.215,0.135
158.250,0.216,0.137
158.300,0.217,0.137
158.350,0.218,0.139
158.400,0.219,0.139
158.450,0.220,0.140
158.500,0.220,0.140
158.550,0.221,0.141
158.600,0.222,0.141
158.650,0.224,0.143
158.700,0.225,0.143
158.750,0.227,0.145
158.800,0.228,0.145
158.850,0.229,0.146
158.900,0.230,0.146
158.950,0.231,0.147
159.000,0.232,0.148
159.050,0.233,0.149
159.100,0.235,0.149
159.150,0.238,0.152
159.200,0.239,0.152
159.250,0.241,0.154
159.300,0.243,0.155
159.350,0.245,0.156
159.400,0.246,0.157
159.450,0.247,0.158
159.500,0.249,0.158
159.550,0.250,0.160
159.600,0.251,0.160
159.650,0.252,0.161
159.700,0.253,0.161
159.750,0.254,0.163
159.800,0.254,0.162
159.850,0.254,0.163
159.900,0.254,0.162
159.950,0.255,0.164
160.000,0.256,0.163
160.050,0.257,0.164
160.100,0.257,0.164
160.150,0.258,0.166
160.200,0.259,0.165
160.250,0.259,0.166
160.300,0.260,0.166
160.350,0.261,0.167
160.400,0.261,0.167
160.450,0.263,0.168
160.500,0.263,0.168
160.550,0.265,0.169
160.600,0.266,0.169
160.650,0.268,0.171
160.700,0.269,0.171
160.750,0.271,0.172
160.800,0.272,0.173
160.850,0.273,0.174
160.900,0.275,0.174
160.950,0.276,0.175
161.000,0.277,0.176
161.050,0.279,0.177
161.100,0.280,0.177
161.150,0.280,0.178
161.200,0.282,0.178
161.250,0.283,0.179
161.300,0.285,0.179
161.350,0.285,0.181
161.400,0.286,0.181
161.450,0.287,0.182
161.500,0.287,0.181
161.550,0.288,0.182
161.600,0.288,0.182
161.650,0.288,0.182
161.700,0.288,0.182
161.750,0.288,0.183
161.800,0.289,0.182
161.850,0.290,0.183
161.900,0.291,0.183
161.950,0.292,0.184
162.000,0.293,0.184
162.050,0.295,0.186
162.100,0.297,0.186
162.150,0.299,0.187
162.200,0.302,0.188
162.250,0.304,0.190
162.300,0.307,0.191
162.350,0.309,0.192
162.400,0.311,0.193
162.450,0.313,0.194
162.500,0.314,0.195
162.550,0.316,0.196
162.600,0.317,0.196
162.650,0.318,0.197
162.700,0.319,0.197
162.750,0.321,0.198
162.800,0.322,0.198
162.850,0.322,0.199
162.900,0.323,0.199
162.950,0.324,0.200
163.000,0.325,0.200
163.050,0.325,0.201
163.100,0.326,0.200
163.150,0.326,0.201
163.200,0.326,0.201
163.250,0.326,0.201
163.300,0.327,0.201
163.350,0.327,0.202
163.400,0.329,0.202
163.450,0.329,0.202
163.500,0.330,0.202
163.550,0.331,0.203
163.600,0.331,0.203
163.650,0.333,0.204
163.700,0.334,0.204
163.750,0.335,0.205
163.800,0.336,0.205
163.850,0.338,0.206
163.900,0.338,0.206
163.950,0.340,0.207
164.000,0.340,0.207
164.050,0.341,0.207
164.100,0.341,0.207
164.150,0.342,0.208
164.200,0.343,0.208
164.250,0.343,0.208
164.300,0.343,0.208
164.350,0.344,0.209
164.400,0.343,0.208
164.450,0.344,0.209
164.500,0.344,0.208
164.550,0.344,0.209
164.600,0.342,0.208
164.650,0.339,0.208
164.700,0.337,0.208
164.750,0.335,0.207
164.800,0.335,0.207
164.850,0.333,0.208
164.900,0.331,0.207
164.950,0.330,0.207
165.000,0.329,0.206
165.050,0.328,0.207
165.100,0.327,0.206
165.150,0.326,0.206
165.200,0.324,0.206
165.250,0.323,0.206
165.300,0.322,0.205
165.350,0.321,0.206
165.400,0.320,0.205
165.450,0.319,0.205
165.500,0.317,0.204
165.550,0.316,0.205
165.600,0.315,0.204
165.650,0.313,0.205
165.700,0.312,0.204
165.750,0.310,0.204
165.800,0.309,0.203
165.850,0.308,0.203
165.900,0.307,0.203
165.950,0.306,0.203
166.000,0.306,0.203
166.050,0.305,0.203
166.100,0.305,0.202
166.150,0.305,0.203
166.200,0.305,0.203
166.250,0.305,0.203
166.300,0.304,0.202
166.350,0.303,0.202
166.400,0.303,0.202
166.450,0.301,0.202
166.500,0.299,0.201
166.550,0.297,0.201
166.600,0.295,0.201
166.650,0.294,0.201
166.700,0.293,0.200
166.750,0.293,0.200
166.800,0.292,0.200
166.850,0.293,0.200
166.900,0.292,0.200
166.950,0.291,0.200
167.000,0.290,0.199
167.050,0.288,0.200
167.100,0.286,0.199
167.150,0.284,0.199
167.200,0.283,0.198
167.250,0.281,0.198
167.300,0.279,0.197
167.350,0.276,0.197
167.400,0.274,0.196
167.450,0.271,0.196
167.500,0.268,0.194
167.550,0.266,0.194
167.600,0.264,0.193
167.650,0.263,0.193
167.700,0.262,0.193
167.750,0.262,0.193
167.800,0.262,0.193
167.850,0.262,0.193
167.900,0.260,0.192
167.950,0.258,0.192
168.000,0.257,0.192
168.050,0.256,0.191
168.100,0.255,0.191
168.150,0.254,0.191
168.200,0.253,0.191
168.250,0.253,0.191
168.300,0.251,0.190
168.350,0.250,0.190
168.400,0.248,0.189
168.450,0.247,0.189
168.500,0.245,0.188
168.550,0.243,0.188
168.600,0.241,0.187
168.650,0.240,0.187
168.700,0.239,0.186
168.750,0.237,0.186
168.800,0.236,0.185
168.850,0.235,0.185
168.900,0.234,0.185
168.950,0.234,0.185
169.000,0.234,0.184
169.050,0.233,0.184
169.100,0.234,0.184
169.150,0.234,0.185
169.200,0.233,0.184
169.250,0.232,0.185
169.300,0.231,0.184
169.350,0.229,0.184
169.400,0.228,0.183
169.450,0.226,0.183
169.500,0.224,0.182
169.550,0.222,0.181
169.600,0.221,0.180
169.650,0.221,0.181
169.700,0.219,0.180
169.750,0.217,0.180
169.800,0.214,0.178
169.850,0.213,0.178
169.900,0.212,0.177
169.950,0.212,0.177
170.000,0.211,0.177
170.050,0.211,0.177
170.100,0.210,0.176
170.150,0.209,0.176
170.200,0.209,0.176
170.250,0.208,0.176
170.300,0.208,0.175
170.350,0.207,0.176
170.400,0.206,0.175
170.450,0.205,0.175
170.500,0.204,0.174
170.550,0.204,0.174
170.600,0.202,0.173
170.650,0.202,0.174
170.700,0.200,0.173
170.750,0.199,0.172
170.800,0.197,0.171
170.850,0.196,0.171
170.900,0.196,0.171
170.950,0.195,0.171
171.000,0.195,0.170
171.050,0.194,0.171
171.100,0.193,0.170
171.150,0.192,0.170
171.200,0.190,0.168
171.250,0.188,0.168
171.300,0.186,0.167
171.350,0.183,0.166
171.400,0.182,0.165
171.450,0.180,0.165
171.500,0.179,0.164
171.550,0.178,0.164
171.600,0.178,0.163
171.650,0.177,0.163
171.700,0.176,0.162
171.750,0.175,0.162
171.800,0.175,0.161
171.850,0.174,0.162
171.900,0.174,0.161
171.950,0.173,0.161
172.000,0.172,0.160
172.050,0.171,0.160
172.100,0.170,0.160
172.150,0.169,0.160
172.200,0.168,0.158
172.250,0.168,0.159
172.300,0.166,0.157
172.350,0.165,0.158
172.400,0.164,0.157
172.450,0.162,0.156
172.500,0.161,0.155
172.550,0.159,0.155
172.600,0.158,0.154
172.650,0.157,0.154
172.700,0.156,0.152
172.750,0.154,0.152
172.800,0.153,0.151
172.850,0.152,0.151
172.900,0.151,0.150
172.950,0.149,0.149
173.000,0.147,0.148
173.050,0.146,0.148
173.100,0.145,0.147
173.150,0.145,0.147
173.200,0.144,0.146
173.250,0.143,0.146
173.300,0.143,0.145
173.350,0.141,0.145
173.400,0.140,0.144
173.450,0.139,0.144
173.500,0.137,0.142
173.550,0.135,0.142
173.600,0.134,0.141
173.650,0.132,0.140
173.700,0.131,0.139
173.750,0.130,0.139
173.800,0.129,0.138
173.850,0.128,0.137
173.900,0.128,0.137
173.950,0.127,0.137
174.000,0.127,0.136
174.050,0.127,0.136
174.100,0.127,0.136
174.150,0.126,0.136
174.200,0.125,0.135
174.250,0.125,0.135
174.300,0.124,0.135
174.350,0.123,0.134
174.400,0.122,0.133
174.450,0.121,0.133
174.500,0.120,0.132
174.550,0.118,0.132
174.600,0.116,0.130
174.650,0.114,0.130
174.700,0.112,0.128
174.750,0.111,0.127
174.800,0.110,0.126
174.850,0.110,0.126
174.900,0.109,0.125
174.950,0.108,0.125
175.000,0.108,0.124
175.050,0.107,0.124
175.100,0.106,0.123
175.150,0.105,0.123
175.200,0.104,0.122
175.250,0.103,0.122
175.300,0.102,0.121
175.350,0.101,0.120
175.400,0.100,0.119
175.450,0.099,0.119
175.500,0.099,0.118
175.550,0.097,0.117
175.600,0.096,0.117
175.650,0.095,0.116
175.700,0.094,0.115
175.750,0.093,0.115
175.800,0.092,0.114
175.850,0.091,0.114
175.900,0.090,0.112
175.950,0.089,0.112
176.000,0.088,0.111
176.050,0.087,0.110
176.100,0.085,0.109
176.150,0.084,0.109
176.200,0.083,0.107
176.250,0.082,0.107
176.300,0.081,0.106
176.350,0.080,0.105
176.400,0.080,0.104
176.450,0.080,0.105
176.500,0.079,0.103
176.550,0.079,0.104
176.600,0.078,0.103
176.650,0.077,0.103
176.700,0.076,0.102
176.750,0.075,0.101
176.800,0.073,0.100
176.850,0.073,0.100
176.900,0.072,0.099
176.950,0.070,0.098
177.000,0.069,0.096
177.050,0.068,0.096
177.100,0.067,0.095
177.150,0.065,0.094
177.200,0.064,0.093
177.250,0.063,0.092
177.300,0.062,0.091
177.350,0.060,0.090
177.400,0.060,0.089
177.450,0.058,0.088
177.500,0.057,0.087
177.550,0.056,0.086
177.600,0.056,0.085
177.650,0.055,0.085
177.700,0.055,0.084
177.750,0.054,0.084
177.800,0.054,0.083
177.850,0.053,0.083
177.900,0.052,0.082
177.950,0.051,0.082
178.000,0.049,0.080
178.050,0.048,0.079
178.100,0.047,0.078
178.150,0.046,0.077
178.200,0.045,0.076
178.250,0.043,0.075
178.300,0.043,0.074
178.350,0.042,0.073
178.400,0.041,0.072
178.450,0.041,0.072
178.500,0.040,0.071
178.550,0.038,0.070
178.600,0.037,0.068
178.650,0.036,0.068
178.700,0.035,0.067
178.750,0.034,0.066
178.800,0.034,0.065
178.850,0.032,0.064
178.900,0.031,0.063
178.950,0.030,0.062
179.000,0.029,0.060
179.050,0.027,0.059
179.100,0.026,0.058
179.150,0.025,0.057
179.200,0.024,0.056
179.250,0.023,0.055
179.300,0.022,0.053
179.350,0.020,0.052
179.400,0.018,0.049
179.450,0.016,0.048
179.500,0.015,0.046
179.550,0.014,0.045
179.600,0.013,0.044
179.650,0.012,0.042
179.700,0.011,0.041
179.750,0.010,0.040
179.800,0.009,0.038
179.850,0.008,0.037
179.900,0.008,0.036
179.950,0.007,0.036
180.000,0.006,0.034
180.050,0.006,0.034
180.100,0.006,0.033
180.150,0.005,0.033
180.200,0.004,0.032
180.250,0.005,0.032
180.300,0.004,0.031
180.350,0.004,0.031
180.400,0.004,0.030
180.450,0.004,0.030
180.500,0.004,0.030
180.550,0.003,0.030
180.600,0.003,0.029
180.650,0.003,0.029
180.700,0.003,0.028
180.750,0.003,0.029
180.800,0.003,0.028
180.850,0.003,0.028
180.900,0.003,0.028
180.950,0.002,0.028
181.000,0.002,0.028
181.050,0.002,0.028
181.100,0.002,0.027
181.150,0.002,0.028
181.200,0.002,0.027
181.250,0.002,0.027
181.300,0.002,0.027
181.350,0.002,0.028
181.400,0.002,0.027
181.450,0.002,0.027
181.500,0.002,0.027
181.550,0.002,0.028
181.600,0.002,0.027
181.650,0.002,0.027
181.700,0.002,0.027
181.750,0.002,0.027
181.800,0.002,0.027
181.850,0.002,0.027
181.900,0.002,0.027
181.950,0.002,0.027
182.000,0.002,0.027
182.050,0.001,0.027
182.100,0.002,0.027
182.150,0.002,0.027
182.200,0.002,0.027
182.250,7.953E-4,0.027
182.300,2.020E-4,0.026
182.350,-8.197E-4,0.025
182.400,-0.001,0.024
182.450,-0.002,0.024
182.500,-0.003,0.022
182.550,-0.004,0.021
182.600,-0.005,0.019
182.650,-0.006,0.018
182.700,-0.007,0.016
182.750,-0.008,0.015
182.800,-0.009,0.014
182.850,-0.009,0.013
182.900,-0.011,0.011
182.950,-0.012,0.010
183.000,-0.012,0.008
183.050,-0.013,0.007
183.100,-0.014,0.005
183.150,-0.015,0.003
183.200,-0.016,0.001
183.250,-0.017,-1.968E-4
183.300,-0.018,-0.002
183.350,-0.018,-0.003
183.400,-0.019,-0.005
183.450,-0.020,-0.006
183.500,-0.021,-0.008
183.550,-0.022,-0.010
183.600,-0.023,-0.012
183.650,-0.024,-0.014
183.700,-0.025,-0.016
183.750,-0.025,-0.018
183.800,-0.026,-0.020
183.850,-0.026,-0.022
183.900,-0.027,-0.024
183.950,-0.027,-0.025
184.000,-0.027,-0.027
184.050,-0.028,-0.028
184.100,-0.029,-0.030
184.150,-0.029,-0.031
184.200,-0.030,-0.033
184.250,-0.030,-0.034
184.300,-0.030,-0.036
184.350,-0.031,-0.038
184.400,-0.032,-0.040
184.450,-0.032,-0.042
184.500,-0.033,-0.044
184.550,-0.033,-0.047
184.600,-0.034,-0.049
184.650,-0.034,-0.052
184.700,-0.035,-0.055
184.750,-0.035,-0.057
184.800,-0.036,-0.059
184.850,-0.036,-0.061
184.900,-0.037,-0.064
184.950,-0.037,-0.067
185.000,-0.038,-0.070
185.050,-0.038,-0.073
185.100,-0.039,-0.076
185.150,-0.040,-0.079
185.200,-0.040,-0.082
185.250,-0.041,-0.086
185.300,-0.042,-0.090
185.350,-0.043,-0.093
185.400,-0.043,-0.097
185.450,-0.044,-0.100
185.500,-0.045,-0.105
185.550,-0.046,-0.108
185.600,-0.046,-0.112
185.650,-0.047,-0.116
185.700,-0.048,-0.120
185.750,-0.049,-0.123
185.800,-0.050,-0.127
185.850,-0.050,-0.131
185.900,-0.052,-0.136
185.950,-0.052,-0.140
186.000,-0.053,-0.145
186.050,-0.054,-0.149
186.100,-0.055,-0.154
186.150,-0.056,-0.158
186.200,-0.058,-0.163
186.250,-0.059,-0.167
186.300,-0.060,-0.172
186.350,-0.061,-0.176
186.400,-0.061,-0.180
186.450,-0.063,-0.185
186.500,-0.063,-0.189
186.550,-0.064,-0.193
186.600,-0.065,-0.197
186.650,-0.066,-0.201
186.700,-0.067,-0.204
186.750,-0.068,-0.208
186.800,-0.069,-0.212
186.850,-0.071,-0.216
186.900,-0.072,-0.220
186.950,-0.073,-0.224
187.000,-0.074,-0.228
187.050,-0.077,-0.233
187.100,-0.078,-0.238
187.150,-0.080,-0.242
187.200,-0.081,-0.247
187.250,-0.083,-0.251
187.300,-0.084,-0.255
187.350,-0.085,-0.259
187.400,-0.087,-0.263
187.450,-0.088,-0.266
187.500,-0.090,-0.270
187.550,-0.091,-0.273
187.600,-0.092,-0.277
187.650,-0.094,-0.280
187.700,-0.095,-0.284
187.750,-0.096,-0.287
187.800,-0.097,-0.289
187.850,-0.099,-0.292
187.900,-0.100,-0.295
187.950,-0.102,-0.298
188.000,-0.103,-0.300
188.050,-0.104,-0.303
188.100,-0.106,-0.306
188.150,-0.107,-0.308
188.200,-0.109,-0.311
188.250,-0.110,-0.313
188.300,-0.112,-0.316
188.350,-0.113,-0.319
188.400,-0.114,-0.321
188.450,-0.115,-0.323
188.500,-0.116,-0.325
188.550,-0.117,-0.327
188.600,-0.118,-0.328
188.650,-0.119,-0.329
188.700,-0.120,-0.331
188.750,-0.121,-0.332
188.800,-0.122,-0.334
188.850,-0.123,-0.335
188.900,-0.124,-0.337
188.950,-0.125,-0.338
189.000,-0.126,-0.340
189.050,-0.128,-0.341
189.100,-0.129,-0.343
189.150,-0.130,-0.345
189.200,-0.131,-0.346
189.250,-0.132,-0.347
189.300,-0.133,-0.349
189.350,-0.134,-0.350
189.400,-0.135,-0.351
189.450,-0.136,-0.352
189.500,-0.137,-0.354
189.550,-0.138,-0.355
189.600,-0.139,-0.356
189.650,-0.141,-0.358
189.700,-0.141,-0.359
189.750,-0.142,-0.360
189.800,-0.143,-0.361
189.850,-0.144,-0.362
189.900,-0.145,-0.363
189.950,-0.146,-0.364
190.000,-0.147,-0.365
190.050,-0.148,-0.366
190.100,-0.149,-0.367
190.150,-0.150,-0.368
190.200,-0.151,-0.369
190.250,-0.151,-0.370
190.300,-0.152,-0.371
190.350,-0.153,-0.372
190.400,-0.154,-0.373
190.450,-0.155,-0.374
190.500,-0.156,-0.375
190.550,-0.158,-0.376
190.600,-0.158,-0.377
190.650,-0.160,-0.378
190.700,-0.160,-0.379
190.750,-0.161,-0.380
190.800,-0.162,-0.381
190.850,-0.162,-0.381
190.900,-0.162,-0.382
190.950,-0.163,-0.383
191.000,-0.163,-0.383
191.050,-0.164,-0.383
191.100,-0.164,-0.384
191.150,-0.165,-0.384
191.200,-0.165,-0.384
191.250,-0.165,-0.384
191.300,-0.165,-0.385
191.350,-0.165,-0.385
191.400,-0.164,-0.385
191.450,-0.164,-0.384
191.500,-0.163,-0.385
191.550,-0.163,-0.385
191.600,-0.163,-0.385
191.650,-0.162,-0.384
191.700,-0.162,-0.385
191.750,-0.161,-0.384
191.800,-0.159,-0.384
191.850,-0.158,-0.384
191.900,-0.157,-0.384
191.950,-0.155,-0.383
192.000,-0.155,-0.383
192.050,-0.154,-0.383
192.100,-0.153,-0.383
192.150,-0.152,-0.382
192.200,-0.152,-0.382
192.250,-0.152,-0.382
192.300,-0.152,-0.382
192.350,-0.152,-0.382
192.400,-0.151,-0.382
192.450,-0.151,-0.382
192.500,-0.150,-0.382
192.550,-0.148,-0.381
192.600,-0.146,-0.381
192.650,-0.145,-0.380
192.700,-0.143,-0.380
192.750,-0.143,-0.380
192.800,-0.141,-0.379
192.850,-0.139,-0.379
192.900,-0.136,-0.378
192.950,-0.133,-0.377
193.000,-0.131,-0.377
193.050,-0.130,-0.376
193.100,-0.130,-0.376
193.150,-0.129,-0.376
193.200,-0.129,-0.376
193.250,-0.128,-0.376
193.300,-0.127,-0.375
193.350,-0.126,-0.375
193.400,-0.125,-0.374
193.450,-0.124,-0.374
193.500,-0.122,-0.374
193.550,-0.120,-0.373
193.600,-0.118,-0.372
193.650,-0.116,-0.371
193.700,-0.115,-0.371
193.750,-0.115,-0.371
193.800,-0.114,-0.370
193.850,-0.114,-0.370
193.900,-0.114,-0.370
193.950,-0.113,-0.370
194.000,-0.111,-0.369
194.050,-0.110,-0.369
194.100,-0.108,-0.368
194.150,-0.106,-0.368
194.200,-0.104,-0.366
194.250,-0.102,-0.366
194.300,-0.100,-0.365
194.350,-0.098,-0.364
194.400,-0.097,-0.363
194.450,-0.095,-0.363
194.500,-0.094,-0.362
194.550,-0.091,-0.361
194.600,-0.090,-0.360
194.650,-0.089,-0.360
194.700,-0.088,-0.359
194.750,-0.087,-0.358
194.800,-0.086,-0.358
194.850,-0.085,-0.357
194.900,-0.084,-0.357
194.950,-0.083,-0.356
195.000,-0.081,-0.356
195.050,-0.080,-0.355
195.100,-0.078,-0.354
195.150,-0.077,-0.353
195.200,-0.075,-0.353
195.250,-0.074,-0.352
195.300,-0.073,-0.351
195.350,-0.072,-0.351
195.400,-0.072,-0.350
195.450,-0.072,-0.350
195.500,-0.071,-0.350
195.550,-0.071,-0.350
195.600,-0.071,-0.350
195.650,-0.070,-0.349
195.700,-0.068,-0.348
195.750,-0.067,-0.348
195.800,-0.066,-0.347
195.850,-0.066,-0.347
195.900,-0.064,-0.346
195.950,-0.063,-0.345
196.000,-0.062,-0.345
196.050,-0.061,-0.344
196.100,-0.060,-0.343
196.150,-0.059,-0.342
196.200,-0.058,-0.342
196.250,-0.056,-0.341
196.300,-0.056,-0.340
196.350,-0.055,-0.340
196.400,-0.054,-0.339
196.450,-0.052,-0.338
196.500,-0.051,-0.337
196.550,-0.049,-0.336
196.600,-0.048,-0.335
196.650,-0.046,-0.334
196.700,-0.045,-0.333
196.750,-0.044,-0.332
196.800,-0.042,-0.331
196.850,-0.041,-0.330
196.900,-0.040,-0.329
196.950,-0.039,-0.328
197.000,-0.038,-0.327
197.050,-0.037,-0.327
197.100,-0.037,-0.326
197.150,-0.036,-0.325
197.200,-0.034,-0.324
197.250,-0.034,-0.324
197.300,-0.033,-0.323
197.350,-0.032,-0.322
197.400,-0.031,-0.321
197.450,-0.030,-0.321
197.500,-0.029,-0.320
197.550,-0.028,-0.319
197.600,-0.027,-0.318
197.650,-0.026,-0.317
197.700,-0.026,-0.317
197.750,-0.025,-0.315
197.800,-0.024,-0.315
197.850,-0.024,-0.314
197.900,-0.023,-0.314
197.950,-0.022,-0.313
198.000,-0.022,-0.313
198.050,-0.022,-0.313
198.100,-0.021,-0.312
198.150,-0.020,-0.311
198.200,-0.020,-0.310
198.250,-0.019,-0.310
198.300,-0.019,-0.310
198.350,-0.019,-0.309
198.400,-0.018,-0.309
198.450,-0.018,-0.308
198.500,-0.018,-0.308
198.550,-0.018,-0.308
198.600,-0.017,-0.308
198.650,-0.016,-0.307
198.700,-0.015,-0.306
198.750,-0.014,-0.305
198.800,-0.013,-0.304
198.850,-0.012,-0.303
198.900,-0.011,-0.302
198.950,-0.010,-0.301
199.000,-0.010,-0.300
199.050,-0.009,-0.299
199.100,-0.008,-0.298
199.150,-0.007,-0.297
199.200,-0.006,-0.296
199.250,-0.005,-0.295
199.300,-0.005,-0.295
199.350,-0.004,-0.294
199.400,-0.003,-0.293
199.450,-0.002,-0.292
199.500,-0.002,-0.291
199.550,-0.001,-0.290
199.600,-8.160E-4,-0.290
199.650,-9.222E-4,-0.289
199.700,-4.181E-4,-0.289
199.750,-3.351E-4,-0.288
199.800,-1.129E-4,-0.288
199.850,1.044E-4,-0.288
199.900,4.608E-4,-0.287
199.950,2.448E-4,-0.287
200.000,6.000E-4,-0.287
200.050,4.022E-4,-0.287
200.100,0.002,-0.286
200.150,0.002,-0.286
200.200,0.002,-0.285
200.250,0.002,-0.285
200.300,0.002,-0.285
200.350,0.002,-0.285
200.400,0.002,-0.285
200.450,0.003,-0.284
200.500,0.004,-0.284
200.550,0.005,-0.282
200.600,0.006,-0.281
200.650,0.007,-0.280
200.700,0.008,-0.279
200.750,0.009,-0.277
200.800,0.010,-0.275
200.850,0.012,-0.274
200.900,0.013,-0.272
200.950,0.014,-0.269
201.000,0.016,-0.268
201.050,0.017,-0.265
201.100,0.018,-0.263
201.150,0.020,-0.260
201.200,0.021,-0.258
201.250,0.022,-0.256
201.300,0.023,-0.254
201.350,0.025,-0.251
201.400,0.026,-0.249
201.450,0.027,-0.246
201.500,0.028,-0.243
201.550,0.029,-0.240
201.600,0.030,-0.238
201.650,0.031,-0.235
201.700,0.031,-0.233
201.750,0.031,-0.231
201.800,0.032,-0.229
201.850,0.032,-0.227
201.900,0.033,-0.225
201.950,0.033,-0.223
202.000,0.034,-0.221
202.050,0.035,-0.218
202.100,0.035,-0.215
202.150,0.036,-0.212
202.200,0.036,-0.210
202.250,0.037,-0.206
202.300,0.037,-0.204
202.350,0.038,-0.201
202.400,0.039,-0.198
202.450,0.039,-0.195
202.500,0.040,-0.192
202.550,0.040,-0.189
202.600,0.041,-0.186
202.650,0.042,-0.182
202.700,0.042,-0.180
202.750,0.043,-0.176
202.800,0.043,-0.173
202.850,0.044,-0.170
202.900,0.044,-0.168
202.950,0.045,-0.164
203.000,0.045,-0.161
203.050,0.046,-0.158
203.100,0.046,-0.155
203.150,0.047,-0.151
203.200,0.048,-0.148
203.250,0.048,-0.145
203.300,0.048,-0.142
203.350,0.049,-0.139
203.400,0.050,-0.136
203.450,0.050,-0.132
203.500,0.051,-0.129
203.550,0.051,-0.126
203.600,0.052,-0.123
203.650,0.053,-0.119
203.700,0.054,-0.116
203.750,0.054,-0.112
203.800,0.055,-0.109
203.850,0.056,-0.105
203.900,0.056,-0.102
203.950,0.057,-0.098
204.000,0.058,-0.094
204.050,0.059,-0.090
204.100,0.059,-0.087
204.150,0.060,-0.083
204.200,0.061,-0.080
204.250,0.061,-0.077
204.300,0.062,-0.074
204.350,0.062,-0.071
204.400,0.063,-0.068
204.450,0.063,-0.066
204.500,0.064,-0.063
204.550,0.065,-0.060
204.600,0.066,-0.057
204.650,0.067,-0.054
204.700,0.067,-0.051
204.750,0.068,-0.047
204.800,0.069,-0.045
204.850,0.070,-0.041
204.900,0.071,-0.038
204.950,0.072,-0.034
205.000,0.073,-0.032
205.050,0.074,-0.028
205.100,0.075,-0.025
205.150,0.076,-0.022
205.200,0.077,-0.019
205.250,0.078,-0.016
205.300,0.080,-0.013
205.350,0.081,-0.009
205.400,0.082,-0.006
205.450,0.083,-0.004
205.500,0.083,-0.002
205.550,0.085,0.002
205.600,0.086,0.004
205.650,0.087,0.007
205.700,0.088,0.009
205.750,0.089,0.012
205.800,0.090,0.014
205.850,0.091,0.017
205.900,0.092,0.019
205.950,0.093,0.021
206.000,0.094,0.023
206.050,0.095,0.025
206.100,0.096,0.026
206.150,0.097,0.028
206.200,0.098,0.030
206.250,0.098,0.031
206.300,0.099,0.032
206.350,0.100,0.034
206.400,0.101,0.035
206.450,0.101,0.037
206.500,0.102,0.037
206.550,0.103,0.039
206.600,0.103,0.040
206.650,0.104,0.041
206.700,0.105,0.042
206.750,0.106,0.044
206.800,0.106,0.044
206.850,0.107,0.045
206.900,0.108,0.047
206.950,0.109,0.048
207.000,0.109,0.049
207.050,0.110,0.050
207.100,0.111,0.051
207.150,0.112,0.052
207.200,0.114,0.054
207.250,0.115,0.055
207.300,0.116,0.056
207.350,0.117,0.058
207.400,0.118,0.059
207.450,0.119,0.061
207.500,0.120,0.062
207.550,0.121,0.063
207.600,0.122,0.064
207.650,0.123,0.066
207.700,0.124,0.067
207.750,0.125,0.068
207.800,0.126,0.068
207.850,0.127,0.070
207.900,0.128,0.071
207.950,0.129,0.072
208.000,0.129,0.072
208.050,0.130,0.073
208.100,0.131,0.074
208.150,0.132,0.075
208.200,0.133,0.076
208.250,0.133,0.077
208.300,0.134,0.077
208.350,0.135,0.079
208.400,0.136,0.079
208.450,0.137,0.080
208.500,0.138,0.081
208.550,0.139,0.083
208.600,0.141,0.083
208.650,0.141,0.085
208.700,0.141,0.085
208.750,0.142,0.086
208.800,0.143,0.086
208.850,0.143,0.087
208.900,0.144,0.087
208.950,0.145,0.089
209.000,0.146,0.089
209.050,0.146,0.089
209.100,0.147,0.090
209.150,0.147,0.091
209.200,0.148,0.091
209.250,0.149,0.092
209.300,0.149,0.092
209.350,0.149,0.093
209.400,0.150,0.093
209.450,0.150,0.093
209.500,0.150,0.093
209.550,0.150,0.094
209.600,0.151,0.094
209.650,0.151,0.094
209.700,0.151,0.094
209.750,0.151,0.095
209.800,0.150,0.094
209.850,0.149,0.094
209.900,0.148,0.094
209.950,0.148,0.094
210.000,0.148,0.094
210.050,0.146,0.094
210.100,0.146,0.093
210.150,0.144,0.093
210.200,0.143,0.093
210.250,0.143,0.093
210.300,0.142,0.093
210.350,0.142,0.093
210.400,0.142,0.093
210.450,0.140,0.093
210.500,0.140,0.092
210.550,0.139,0.092
210.600,0.137,0.092
210.650,0.136,0.092
210.700,0.135,0.091
210.750,0.134,0.092
210.800,0.133,0.090
210.850,0.131,0.090
210.900,0.130,0.090
210.950,0.129,0.090
211.000,0.128,0.089
211.050,0.127,0.089
211.100,0.127,0.089
211.150,0.126,0.089
211.200,0.125,0.088
211.250,0.124,0.088
211.300,0.123,0.088
211.350,0.122,0.088
211.400,0.122,0.087
211.450,0.121,0.087
211.500,0.120,0.086
211.550,0.119,0.087
211.600,0.118,0.086
211.650,0.117,0.086
211.700,0.116,0.085
211.750,0.115,0.085
211.800,0.113,0.084
211.850,0.112,0.084
211.900,0.110,0.083
211.950,0.109,0.083
212.000,0.108,0.083
212.050,0.107,0.082
212.100,0.105,0.081
212.150,0.105,0.082
212.200,0.104,0.081
212.250,0.103,0.081
212.300,0.103,0.081
212.350,0.103,0.081
212.400,0.102,0.080
212.450,0.101,0.080
212.500,0.101,0.080
212.550,0.100,0.080
212.600,0.098,0.079
212.650,0.097,0.078
212.700,0.096,0.078
212.750,0.095,0.078
212.800,0.094,0.077
212.850,0.093,0.077
212.900,0.093,0.076
212.950,0.092,0.076
213.000,0.091,0.075
213.050,0.090,0.075
213.100,0.090,0.075
213.150,0.089,0.075
213.200,0.088,0.074
213.250,0.087,0.074
213.300,0.085,0.073
213.350,0.084,0.073
213.400,0.083,0.072
213.450,0.082,0.072
213.500,0.081,0.071
213.550,0.080,0.070
213.600,0.080,0.070
213.650,0.079,0.070
213.700,0.079,0.069
213.750,0.078,0.070
213.800,0.078,0.069
213.850,0.077,0.069
213.900,0.076,0.068
213.950,0.075,0.068
214.000,0.074,0.067
214.050,0.073,0.067
214.100,0.072,0.066
214.150,0.071,0.066
214.200,0.070,0.065
214.250,0.070,0.065
214.300,0.068,0.064
214.350,0.067,0.064
214.400,0.065,0.062
214.450,0.063,0.062
214.500,0.062,0.060
214.550,0.061,0.060
214.600,0.061,0.059
214.650,0.060,0.059
214.700,0.059,0.058
214.750,0.058,0.058
214.800,0.057,0.057
214.850,0.055,0.057
214.900,0.054,0.055
214.950,0.053,0.055
215.000,0.051,0.054
215.050,0.050,0.053
215.100,0.048,0.052
215.150,0.047,0.051
215.200,0.045,0.049
215.250,0.044,0.049
215.300,0.043,0.047
215.350,0.043,0.047
215.400,0.042,0.047
215.450,0.042,0.047
215.500,0.042,0.046
215.550,0.041,0.046
215.600,0.040,0.045
215.650,0.040,0.045
215.700,0.039,0.044
215.750,0.037,0.043
215.800,0.036,0.042
215.850,0.034,0.041
215.900,0.033,0.040
215.950,0.032,0.039
216.000,0.031,0.038
216.050,0.030,0.037
216.100,0.029,0.036
216.150,0.029,0.036
216.200,0.028,0.035
216.250,0.027,0.034
216.300,0.026,0.033
216.350,0.025,0.033
216.400,0.024,0.032
216.450,0.022,0.031
216.500,0.021,0.029
216.550,0.021,0.029
216.600,0.020,0.027
216.650,0.019,0.027
216.700,0.018,0.025
216.750,0.017,0.025
216.800,0.016,0.024
216.850,0.015,0.023
216.900,0.015,0.022
216.950,0.015,0.022
217.000,0.014,0.021
217.050,0.014,0.021
217.100,0.013,0.020
217.150,0.012,0.020
217.200,0.012,0.019
217.250,0.011,0.018
217.300,0.010,0.017
217.350,0.009,0.016
217.400,0.008,0.015
217.450,0.007,0.014
217.500,0.007,0.013
217.550,0.006,0.013
217.600,0.005,0.011
217.650,0.005,0.011
217.700,0.005,0.010
217.750,0.004,0.010
217.800,0.004,0.009
217.850,0.004,0.009
217.900,0.004,0.009
217.950,0.003,0.008
218.000,0.003,0.008
218.050,0.003,0.008
218.100,0.003,0.008
218.150,0.003,0.008
218.200,0.003,0.007
218.250,0.003,0.007
218.300,0.002,0.007
218.350,0.002,0.007
218.400,0.002,0.007
218.450,0.002,0.007
218.500,0.002,0.006
218.550,0.002,0.007
218.600,0.002,0.006
218.650,0.002,0.006
218.700,0.002,0.006
218.750,0.002,0.006
218.800,0.002,0.006
218.850,0.002,0.006
218.900,0.002,0.006
218.950,0.002,0.006
219.000,0.002,0.006
219.050,0.002,0.006
219.100,0.002,0.006
219.150,0.002,0.006
219.200,0.002,0.006
219.250,0.002,0.006
219.300,0.002,0.006
219.350,0.001,0.006
219.400,5.255E-4,0.005
219.450,-2.936E-4,0.005
219.500,-0.001,0.003
219.550,-0.002,0.002
219.600,-0.003,0.001
219.650,-0.004,5.442E-4
219.700,-0.005,-0.001
219.750,-0.006,-0.002
219.800,-0.006,-0.004
219.850,-0.007,-0.005
219.900,-0.008,-0.006
219.950,-0.009,-0.007
220.000,-0.010,-0.009
220.050,-0.011,-0.010
220.100,-0.012,-0.012
220.150,-0.013,-0.013
220.200,-0.013,-0.015
220.250,-0.014,-0.016
220.300,-0.014,-0.017
220.350,-0.015,-0.018
220.400,-0.016,-0.020
220.450,-0.016,-0.021
220.500,-0.018,-0.023
220.550,-0.018,-0.024
220.600,-0.020,-0.026
220.650,-0.021,-0.028
220.700,-0.021,-0.030
220.750,-0.022,-0.031
220.800,-0.023,-0.034
220.850,-0.023,-0.035
220.900,-0.024,-0.037
220.950,-0.025,-0.039
221.000,-0.025,-0.041
221.050,-0.026,-0.043
221.100,-0.027,-0.045
221.150,-0.027,-0.047
221.200,-0.028,-0.049
221.250,-0.028,-0.051
221.300,-0.029,-0.054
221.350,-0.030,-0.056
221.400,-0.030,-0.059
221.450,-0.031,-0.061
221.500,-0.032,-0.065
221.550,-0.033,-0.068
221.600,-0.033,-0.072
221.650,-0.034,-0.075
221.700,-0.035,-0.078
221.750,-0.035,-0.082
221.800,-0.036,-0.086
221.850,-0.037,-0.090
221.900,-0.038,-0.093
221.950,-0.038,-0.097
222.000,-0.039,-0.100
222.050,-0.039,-0.104
222.100,-0.040,-0.107
222.150,-0.040,-0.110
222.200,-0.041,-0.113
222.250,-0.042,-0.117
222.300,-0.042,-0.120
222.350,-0.043,-0.124
222.400,-0.044,-0.127
222.450,-0.044,-0.131
222.500,-0.045,-0.134
222.550,-0.046,-0.138
222.600,-0.046,-0.142
222.650,-0.047,-0.146
222.700,-0.048,-0.149
222.750,-0.049,-0.153
222.800,-0.049,-0.157
222.850,-0.050,-0.160
222.900,-0.050,-0.163
222.950,-0.051,-0.167
223.000,-0.052,-0.170
223.050,-0.052,-0.173
223.100,-0.053,-0.176
223.150,-0.054,-0.180
223.200,-0.055,-0.183
223.250,-0.056,-0.187
223.300,-0.056,-0.190
223.350,-0.057,-0.193
223.400,-0.058,-0.197
223.450,-0.059,-0.200
223.500,-0.059,-0.203
223.550,-0.061,-0.207
223.600,-0.061,-0.210
223.650,-0.062,-0.214
223.700,-0.063,-0.217
223.750,-0.064,-0.221
223.800,-0.065,-0.224
223.850,-0.066,-0.228
223.900,-0.067,-0.231
223.950,-0.068,-0.235
224.000,-0.070,-0.238
224.050,-0.071,-0.242
224.100,-0.072,-0.245
224.150,-0.073,-0.249
224.200,-0.074,-0.252
224.250,-0.075,-0.255
224.300,-0.077,-0.258
224.350,-0.078,-0.261
224.400,-0.078,-0.264
224.450,-0.079,-0.267
224.500,-0.081,-0.269
224.550,-0.082,-0.272
224.600,-0.083,-0.274
224.650,-0.084,-0.277
224.700,-0.085,-0.279
224.750,-0.085,-0.281
224.800,-0.086,-0.283
224.850,-0.087,-0.285
224.900,-0.088,-0.286
224.950,-0.089,-0.288
225.000,-0.090,-0.290
225.050,-0.090,-0.291
225.100,-0.091,-0.293
225.150,-0.092,-0.295
225.200,-0.093,-0.296
225.250,-0.093,-0.298
225.300,-0.094,-0.299
225.350,-0.095,-0.300
225.400,-0.096,-0.301
225.450,-0.096,-0.303
225.500,-0.097,-0.303
225.550,-0.097,-0.305
225.600,-0.098,-0.306
225.650,-0.098,-0.306
225.700,-0.099,-0.307
225.750,-0.099,-0.308
225.800,-0.100,-0.309
225.850,-0.100,-0.310
225.900,-0.101,-0.310
225.950,-0.101,-0.311
226.000,-0.102,-0.312
226.050,-0.103,-0.313
226.100,-0.103,-0.314
226.150,-0.103,-0.315
226.200,-0.104,-0.315
226.250,-0.104,-0.315
226.300,-0.104,-0.316
226.350,-0.104,-0.316
226.400,-0.103,-0.316
226.450,-0.102,-0.316
226.500,-0.101,-0.316
226.550,-0.100,-0.316
226.600,-0.100,-0.316
226.650,-0.099,-0.316
226.700,-0.098,-0.315
226.750,-0.097,-0.315
226.800,-0.096,-0.314
226.850,-0.096,-0.315
226.900,-0.095,-0.314
226.950,-0.094,-0.315
227.000,-0.092,-0.313
227.050,-0.090,-0.313
227.100,-0.089,-0.313
227.150,-0.089,-0.313
227.200,-0.088,-0.312
227.250,-0.088,-0.312
227.300,-0.088,-0.312
227.350,-0.087,-0.312
227.400,-0.088,-0.312
227.450,-0.087,-0.312
227.500,-0.087,-0.312
227.550,-0.086,-0.312
227.600,-0.085,-0.311
227.650,-0.084,-0.311
227.700,-0.083,-0.310
227.750,-0.082,-0.310
227.800,-0.080,-0.309
227.850,-0.079,-0.309
227.900,-0.077,-0.309
227.950,-0.076,-0.308
228.000,-0.074,-0.307
228.050,-0.073,-0.307
228.100,-0.072,-0.307
228.150,-0.072,-0.307
228.200,-0.071,-0.306
228.250,-0.071,-0.306
228.300,-0.071,-0.305
228.350,-0.071,-0.306
228.400,-0.070,-0.305
228.450,-0.069,-0.305
228.500,-0.068,-0.304
228.550,-0.067,-0.305
228.600,-0.066,-0.304
228.650,-0.065,-0.304
228.700,-0.063,-0.302
228.750,-0.062,-0.302
228.800,-0.060,-0.301
228.850,-0.059,-0.301
228.900,-0.058,-0.300
228.950,-0.057,-0.300
229.000,-0.056,-0.299
229.050,-0.055,-0.299
229.100,-0.054,-0.297
229.150,-0.053,-0.298
229.200,-0.052,-0.297
229.250,-0.052,-0.297
229.300,-0.051,-0.296
229.350,-0.051,-0.296
229.400,-0.051,-0.296
229.450,-0.051,-0.296
229.500,-0.050,-0.296
229.550,-0.050,-0.296
229.600,-0.049,-0.295
229.650,-0.049,-0.295
229.700,-0.048,-0.294
229.750,-0.047,-0.294
229.800,-0.046,-0.293
229.850,-0.045,-0.293
229.900,-0.044,-0.292
229.950,-0.043,-0.292
230.000,-0.041,-0.291
230.050,-0.041,-0.291
230.100,-0.040,-0.289
230.150,-0.039,-0.289
230.200,-0.038,-0.288
230.250,-0.038,-0.289
230.300,-0.038,-0.288
230.350,-0.037,-0.288
230.400,-0.037,-0.287
230.450,-0.037,-0.288
230.500,-0.036,-0.287
230.550,-0.035,-0.287
230.600,-0.035,-0.286
230.650,-0.034,-0.286
230.700,-0.033,-0.285
230.750,-0.032,-0.285
230.800,-0.031,-0.283
230.850,-0.029,-0.283
230.900,-0.029,-0.282
230.950,-0.027,-0.281
231.000,-0.026,-0.280
231.050,-0.025,-0.279
231.100,-0.024,-0.278
231.150,-0.022,-0.277
231.200,-0.021,-0.276
231.250,-0.020,-0.276
231.300,-0.018,-0.273
231.350,-0.017,-0.273
231.400,-0.016,-0.272
231.450,-0.015,-0.271
231.500,-0.014,-0.269
231.550,-0.013,-0.269
231.600,-0.012,-0.268
231.650,-0.011,-0.267
231.700,-0.011,-0.266
231.750,-0.010,-0.266
231.800,-0.009,-0.265
231.850,-0.009,-0.265
231.900,-0.008,-0.263
231.950,-0.007,-0.263
232.000,-0.006,-0.262
232.050,-0.006,-0.262
232.100,-0.006,-0.261
232.150,-0.005,-0.260
232.200,-0.005,-0.259
232.250,-0.004,-0.259
232.300,-0.004,-0.258
232.350,-0.003,-0.258
232.400,-0.003,-0.257
232.450,-0.002,-0.257
232.500,-0.002,-0.256
232.550,-0.001,-0.256
232.600,-6.598E-4,-0.255
232.650,-2.838E-4,-0.255
232.700,-6.104E-7,-0.254
232.750,2.106E-4,-0.254
232.800,5.109E-4,-0.253
232.850,6.000E-4,-0.254
232.900,4.523E-4,-0.253
232.950,7.611E-4,-0.253
233.000,0.001,-0.252
233.050,0.001,-0.253
233.100,8.441E-4,-0.252
233.150,0.001,-0.253
233.200,0.002,-0.251
233.250,0.002,-0.252
233.300,0.003,-0.250
233.350,0.003,-0.251
233.400,0.004,-0.249
233.450,0.005,-0.249
233.500,0.005,-0.247
233.550,0.006,-0.247
233.600,0.007,-0.245
233.650,0.008,-0.245
233.700,0.008,-0.243
233.750,0.009,-0.243
233.800,0.009,-0.242
233.850,0.010,-0.242
233.900,0.010,-0.241
233.950,0.010,-0.241
234.000,0.010,-0.240
234.050,0.011,-0.239
234.100,0.012,-0.238
234.150,0.012,-0.238
234.200,0.013,-0.236
234.250,0.014,-0.236
234.300,0.014,-0.234
234.350,0.015,-0.234
234.400,0.016,-0.232
234.450,0.016,-0.232
234.500,0.016,-0.230
234.550,0.017,-0.230
234.600,0.017,-0.228
234.650,0.018,-0.228
234.700,0.019,-0.226
234.750,0.019,-0.226
234.800,0.019,-0.224
234.850,0.020,-0.224
234.900,0.020,-0.222
234.950,0.021,-0.222
235.000,0.021,-0.221
235.050,0.021,-0.221
235.100,0.022,-0.219
235.150,0.022,-0.219
235.200,0.023,-0.216
235.250,0.023,-0.216
235.300,0.024,-0.214
235.350,0.024,-0.214
235.400,0.025,-0.212
235.450,0.026,-0.211
235.500,0.026,-0.210
235.550,0.026,-0.209
235.600,0.027,-0.207
235.650,0.027,-0.207
235.700,0.028,-0.205
235.750,0.028,-0.204
235.800,0.028,-0.202
235.850,0.029,-0.201
235.900,0.029,-0.199
235.950,0.029,-0.198
236.000,0.030,-0.196
236.050,0.030,-0.195
236.100,0.031,-0.193
236.150,0.031,-0.193
236.200,0.032,-0.190
236.250,0.032,-0.189
236.300,0.033,-0.186
236.350,0.033,-0.184
236.400,0.034,-0.181
236.450,0.035,-0.179
236.500,0.035,-0.175
236.550,0.036,-0.173
236.600,0.036,-0.169
236.650,0.037,-0.167
236.700,0.037,-0.163
236.750,0.038,-0.161
236.800,0.038,-0.157
236.850,0.039,-0.155
236.900,0.039,-0.152
236.950,0.040,-0.149
237.000,0.040,-0.146
237.050,0.041,-0.144
237.100,0.041,-0.140
237.150,0.041,-0.139
237.200,0.042,-0.135
237.250,0.042,-0.133
237.300,0.043,-0.130
237.350,0.043,-0.127
237.400,0.044,-0.123
237.450,0.045,-0.120
237.500,0.046,-0.116
237.550,0.046,-0.113
237.600,0.047,-0.109
237.650,0.048,-0.106
237.700,0.048,-0.102
237.750,0.049,-0.100
237.800,0.050,-0.095
237.850,0.051,-0.092
237.900,0.051,-0.087
237.950,0.052,-0.084
238.000,0.053,-0.080
238.050,0.054,-0.077
238.100,0.054,-0.072
238.150,0.055,-0.070
238.200,0.056,-0.066
238.250,0.056,-0.063
238.300,0.057,-0.060
238.350,0.058,-0.057
238.400,0.059,-0.053
238.450,0.059,-0.051
238.500,0.060,-0.047
238.550,0.061,-0.045
238.600,0.061,-0.042
238.650,0.062,-0.039
238.700,0.064,-0.035
238.750,0.065,-0.033
238.800,0.066,-0.029
238.850,0.067,-0.026
238.900,0.067,-0.023
238.950,0.068,-0.021
239.000,0.070,-0.017
239.050,0.071,-0.015
239.100,0.072,-0.011
239.150,0.073,-0.010
239.200,0.073,-0.006
239.250,0.075,-0.005
239.300,0.076,-0.001
239.350,0.077,2.671E-4
239.400,0.078,0.003
239.450,0.079,0.005
239.500,0.080,0.008
239.550,0.081,0.009
239.600,0.083,0.012
239.650,0.084,0.013
239.700,0.085,0.016
239.750,0.086,0.017
239.800,0.087,0.020
239.850,0.089,0.021
239.900,0.090,0.024
239.950,0.091,0.025
240.000,0.092,0.028
240.050,0.093,0.029
240.100,0.094,0.031
240.150,0.095,0.032
240.200,0.096,0.034
240.250,0.097,0.035
240.300,0.098,0.037
240.350,0.099,0.037
240.400,0.100,0.039
240.450,0.101,0.040
240.500,0.100,0.041
240.550,0.100,0.041
240.600,0.098,0.041
240.650,0.095,0.040
240.700,0.094,0.040
240.750,0.092,0.039
240.800,0.091,0.040
240.850,0.090,0.039
240.900,0.088,0.039
240.950,0.088,0.038
241.000,0.087,0.039
241.050,0.086,0.037
241.100,0.085,0.038
241.150,0.084,0.037
241.200,0.083,0.037
241.250,0.081,0.036
241.300,0.080,0.036
241.350,0.078,0.035
241.400,0.076,0.035
241.450,0.074,0.033
241.500,0.073,0.034
241.550,0.073,0.033
241.600,0.072,0.033
241.650,0.072,0.032
241.700,0.071,0.033
241.750,0.071,0.032
241.800,0.070,0.032
241.850,0.069,0.031
241.900,0.068,0.032
241.950,0.067,0.030
242.000,0.066,0.031
242.050,0.064,0.029
242.100,0.063,0.029
242.150,0.063,0.028
242.200,0.062,0.029
242.250,0.062,0.028
242.300,0.062,0.028
242.350,0.062,0.028
242.400,0.061,0.028
242.450,0.062,0.028
242.500,0.061,0.028
242.550,0.060,0.027
242.600,0.059,0.028
242.650,0.058,0.026
242.700,0.057,0.027
242.750,0.056,0.025
242.800,0.055,0.025
242.850,0.054,0.024
242.900,0.053,0.025
242.950,0.052,0.023
243.000,0.051,0.023
243.050,0.051,0.023
243.100,0.051,0.023
243.150,0.051,0.022
243.200,0.050,0.023
243.250,0.050,0.022
243.300,0.050,0.022
243.350,0.049,0.022
243.400,0.049,0.022
243.450,0.048,0.021
243.500,0.048,0.022
243.550,0.047,0.020
243.600,0.047,0.021
243.650,0.045,0.019
243.700,0.045,0.020
243.750,0.044,0.019
243.800,0.044,0.019
243.850,0.043,0.018
243.900,0.042,0.018
243.950,0.042,0.017
244.000,0.041,0.018
244.050,0.040,0.016
244.100,0.039,0.016
244.150,0.039,0.015
244.200,0.038,0.016
244.250,0.037,0.014
244.300,0.036,0.015
244.350,0.035,0.013
244.400,0.035,0.014
244.450,0.034,0.012
244.500,0.033,0.012
244.550,0.032,0.011
244.600,0.031,0.011
244.650,0.031,0.010
244.700,0.030,0.010
244.750,0.030,0.009
244.800,0.030,0.010
244.850,0.029,0.009
244.900,0.029,0.009
244.950,0.029,0.008
245.000,0.028,0.009
245.050,0.027,0.007
245.100,0.027,0.008
245.150,0.026,0.007
245.200,0.026,0.007
245.250,0.026,0.006
245.300,0.025,0.006
245.350,0.024,0.005
245.400,0.024,0.006
245.450,0.024,0.004
245.500,0.023,0.005
245.550,0.023,0.003
245.600,0.022,0.004
245.650,0.022,0.003
245.700,0.021,0.003
245.750,0.021,0.002
245.800,0.021,0.002
245.850,0.020,0.001
245.900,0.019,0.002
245.950,0.019,6.675E-4
246.000,0.018,6.919E-4
246.050,0.018,-2.126E-4
246.100,0.017,-1.125E-4
246.150,0.017,-0.002
246.200,0.016,-0.001
246.250,0.015,-0.003
246.300,0.015,-0.002
246.350,0.014,-0.004
246.400,0.013,-0.004
246.450,0.012,-0.006
246.500,0.012,-0.005
246.550,0.011,-0.007
246.600,0.011,-0.006
246.650,0.010,-0.008
246.700,0.010,-0.008
246.750,0.009,-0.009
246.800,0.009,-0.008
246.850,0.009,-0.009
246.900,0.009,-0.009
246.950,0.008,-0.010
247.000,0.008,-0.009
247.050,0.008,-0.010
247.100,0.007,-0.010
247.150,0.006,-0.012
247.200,0.006,-0.012
247.250,0.005,-0.013
247.300,0.005,-0.012
247.350,0.004,-0.014
247.400,0.004,-0.014
247.450,0.004,-0.015
247.500,0.003,-0.015
247.550,0.003,-0.016
247.600,0.003,-0.016
247.650,0.003,-0.016
247.700,0.003,-0.015
247.750,0.003,-0.017
247.800,0.003,-0.016
247.850,0.003,-0.017
247.900,0.002,-0.016
247.950,0.002,-0.017
248.000,0.002,-0.017
248.050,0.002,-0.018
248.100,0.002,-0.017
248.150,0.002,-0.018
248.200,0.002,-0.017
248.250,0.002,-0.018
248.300,0.002,-0.017
248.350,0.002,-0.018
248.400,0.001,-0.017
248.450,5.084E-4,-0.019
248.500,-5.829E-4,-0.019
248.550,-0.002,-0.021
248.600,-0.002,-0.021
248.650,-0.002,-0.022
248.700,-0.003,-0.023
248.750,-0.004,-0.024
248.800,-0.005,-0.024
248.850,-0.005,-0.026
248.900,-0.006,-0.026
248.950,-0.007,-0.028
249.000,-0.007,-0.028
249.050,-0.008,-0.030
249.100,-0.008,-0.030
249.150,-0.009,-0.031
249.200,-0.009,-0.032
249.250,-0.010,-0.033
249.300,-0.011,-0.033
249.350,-0.011,-0.035
249.400,-0.011,-0.035
249.450,-0.012,-0.037
249.500,-0.013,-0.037
249.550,-0.013,-0.039
249.600,-0.013,-0.039
249.650,-0.014,-0.041
249.700,-0.015,-0.041
249.750,-0.015,-0.042
249.800,-0.016,-0.043
249.850,-0.016,-0.044
249.900,-0.017,-0.045
249.950,-0.017,-0.046
250.000,-0.017,-0.046
250.050,-0.018,-0.048
250.100,-0.018,-0.048
250.150,-0.019,-0.050
250.200,-0.019,-0.050
250.250,-0.019,-0.051
250.300,-0.019,-0.051
250.350,-0.020,-0.053
250.400,-0.021,-0.054
250.450,-0.021,-0.055
250.500,-0.021,-0.055
250.550,-0.022,-0.057
250.600,-0.022,-0.057
250.650,-0.022,-0.058
250.700,-0.022,-0.058
250.750,-0.022,-0.059
250.800,-0.023,-0.060
250.850,-0.023,-0.061
250.900,-0.023,-0.061
250.950,-0.023,-0.062
251.000,-0.023,-0.063
251.050,-0.024,-0.064
251.100,-0.024,-0.064
251.150,-0.024,-0.065
251.200,-0.024,-0.065
251.250,-0.024,-0.067
251.300,-0.024,-0.066
251.350,-0.025,-0.068
251.400,-0.025,-0.068
251.450,-0.026,-0.070
251.500,-0.026,-0.070
251.550,-0.026,-0.071
251.600,-0.026,-0.072
251.650,-0.026,-0.073
251.700,-0.027,-0.073
251.750,-0.026,-0.074
251.800,-0.027,-0.075
251.850,-0.027,-0.076
251.900,-0.027,-0.077
251.950,-0.027,-0.078
252.000,-0.027,-0.078
252.050,-0.028,-0.079
252.100,-0.028,-0.080
252.150,-0.028,-0.081
252.200,-0.028,-0.082
252.250,-0.028,-0.083
252.300,-0.029,-0.084
252.350,-0.029,-0.085
252.400,-0.029,-0.086
252.450,-0.029,-0.087
252.500,-0.029,-0.087
252.550,-0.030,-0.089
252.600,-0.030,-0.089
252.650,-0.030,-0.091
252.700,-0.030,-0.091
252.750,-0.030,-0.093
252.800,-0.031,-0.093
252.850,-0.031,-0.095
252.900,-0.031,-0.096
252.950,-0.031,-0.097
253.000,-0.031,-0.098
253.050,-0.032,-0.100
253.100,-0.032,-0.101
253.150,-0.032,-0.102
253.200,-0.032,-0.103
253.250,-0.032,-0.104
253.300,-0.033,-0.105
253.350,-0.033,-0.107
253.400,-0.033,-0.108
253.450,-0.033,-0.109
253.500,-0.033,-0.110
253.550,-0.034,-0.112
253.600,-0.034,-0.113
253.650,-0.034,-0.114
253.700,-0.034,-0.116
253.750,-0.035,-0.118
253.800,-0.035,-0.118
253.850,-0.035,-0.120
253.900,-0.036,-0.121
253.950,-0.036,-0.123
254.000,-0.036,-0.125
254.050,-0.037,-0.127
254.100,-0.037,-0.128
254.150,-0.037,-0.130
254.200,-0.037,-0.130
254.250,-0.037,-0.132
254.300,-0.037,-0.133
254.350,-0.038,-0.135
254.400,-0.038,-0.136
254.450,-0.038,-0.138
254.500,-0.039,-0.140
254.550,-0.039,-0.142
254.600,-0.039,-0.143
254.650,-0.040,-0.145
254.700,-0.040,-0.147
254.750,-0.041,-0.149
254.800,-0.041,-0.150
254.850,-0.041,-0.153
254.900,-0.042,-0.154
254.950,-0.042,-0.157
255.000,-0.043,-0.158
255.050,-0.044,-0.161
255.100,-0.044,-0.162
255.150,-0.044,-0.165
255.200,-0.044,-0.166
255.250,-0.045,-0.169
255.300,-0.045,-0.171
255.350,-0.046,-0.174
255.400,-0.047,-0.176
255.450,-0.047,-0.179
255.500,-0.047,-0.180
255.550,-0.048,-0.183
255.600,-0.049,-0.185
255.650,-0.049,-0.188
255.700,-0.050,-0.190
255.750,-0.050,-0.192
255.800,-0.050,-0.193
255.850,-0.051,-0.196
255.900,-0.052,-0.198
255.950,-0.052,-0.200
256.000,-0.052,-0.202
256.050,-0.053,-0.204
256.100,-0.053,-0.206
256.150,-0.054,-0.208
256.200,-0.054,-0.210
256.250,-0.055,-0.212
256.300,-0.056,-0.214
256.350,-0.057,-0.217
256.400,-0.057,-0.219
256.450,-0.058,-0.221
256.500,-0.059,-0.223
256.550,-0.060,-0.226
256.600,-0.060,-0.228
256.650,-0.061,-0.230
256.700,-0.062,-0.232
256.750,-0.062,-0.234
256.800,-0.063,-0.236
256.850,-0.064,-0.238
256.900,-0.064,-0.239
256.950,-0.065,-0.241
257.000,-0.065,-0.243
257.050,-0.066,-0.244
257.100,-0.065,-0.245
257.150,-0.066,-0.247
257.200,-0.067,-0.248
257.250,-0.067,-0.249
257.300,-0.067,-0.250
257.350,-0.068,-0.251
257.400,-0.068,-0.252
257.450,-0.068,-0.253
257.500,-0.068,-0.253
257.550,-0.068,-0.254
257.600,-0.068,-0.254
257.650,-0.068,-0.254
257.700,-0.068,-0.254
257.750,-0.068,-0.255
257.800,-0.068,-0.255
257.850,-0.068,-0.255
257.900,-0.067,-0.254
257.950,-0.066,-0.255
258.000,-0.065,-0.254
258.050,-0.065,-0.254
258.100,-0.064,-0.254
258.150,-0.064,-0.254
258.200,-0.062,-0.253
258.250,-0.061,-0.253
258.300,-0.060,-0.253
258.350,-0.060,-0.253
258.400,-0.060,-0.253
258.450,-0.060,-0.253
258.500,-0.059,-0.252
258.550,-0.058,-0.252
258.600,-0.057,-0.252
258.650,-0.056,-0.252
258.700,-0.055,-0.251
258.750,-0.054,-0.251
258.800,-0.054,-0.251
258.850,-0.053,-0.251
258.900,-0.053,-0.250
258.950,-0.052,-0.250
259.000,-0.051,-0.250
259.050,-0.051,-0.250
259.100,-0.050,-0.249
259.150,-0.049,-0.249
259.200,-0.048,-0.248
259.250,-0.047,-0.248
259.300,-0.047,-0.248
259.350,-0.046,-0.247
259.400,-0.045,-0.247
259.450,-0.044,-0.247
259.500,-0.044,-0.246
259.550,-0.043,-0.246
259.600,-0.042,-0.245
259.650,-0.042,-0.245
259.700,-0.041,-0.245
259.750,-0.040,-0.245
259.800,-0.040,-0.244
259.850,-0.039,-0.244
259.900,-0.038,-0.244
259.950,-0.037,-0.243
260.000,-0.036,-0.243
260.050,-0.036,-0.242
260.100,-0.035,-0.242
260.150,-0.034,-0.241
260.200,-0.033,-0.240
260.250,-0.033,-0.241
260.300,-0.032,-0.240
260.350,-0.032,-0.240
260.400,-0.031,-0.239
260.450,-0.030,-0.239
260.500,-0.029,-0.238
260.550,-0.029,-0.238
260.600,-0.028,-0.237
260.650,-0.027,-0.237
260.700,-0.026,-0.236
260.750,-0.025,-0.236
260.800,-0.024,-0.235
260.850,-0.023,-0.234
260.900,-0.022,-0.234
260.950,-0.021,-0.233
261.000,-0.020,-0.232
261.050,-0.019,-0.232
261.100,-0.019,-0.231
261.150,-0.018,-0.231
261.200,-0.017,-0.230
261.250,-0.017,-0.230
261.300,-0.016,-0.229
261.350,-0.016,-0.229
261.400,-0.016,-0.228
261.450,-0.016,-0.228
261.500,-0.016,-0.228
261.550,-0.015,-0.228
261.600,-0.013,-0.227
261.650,-0.012,-0.226
261.700,-0.011,-0.225
261.750,-0.011,-0.224
261.800,-0.010,-0.224
261.850,-0.009,-0.223
261.900,-0.009,-0.222
261.950,-0.008,-0.222
262.000,-0.008,-0.222
262.050,-0.008,-0.222
262.100,-0.007,-0.221
262.150,-0.007,-0.221
262.200,-0.007,-0.220
262.250,-0.006,-0.220
262.300,-0.005,-0.219
262.350,-0.004,-0.219
262.400,-0.003,-0.218
262.450,-0.002,-0.217
262.500,-0.002,-0.216
262.550,-0.002,-0.215
262.600,-0.001,-0.215
262.650,-5.719E-4,-0.214
262.700,-5.829E-4,-0.214
262.750,-3.235E-5,-0.213
262.800,3.180E-4,-0.213
262.850,8.661E-4,-0.212
262.900,7.452E-4,-0.212
262.950,7.233E-4,-0.212
263.000,0.001,-0.212
263.050,0.001,-0.212
263.100,0.001,-0.211
263.150,0.001,-0.211
263.200,0.002,-0.211
263.250,0.002,-0.211
263.300,0.002,-0.210
263.350,0.002,-0.210
263.400,0.002,-0.211
263.450,0.002,-0.211
263.500,0.003,-0.210
263.550,0.003,-0.210
263.600,0.004,-0.208
263.650,0.005,-0.208
263.700,0.005,-0.207
263.750,0.006,-0.206
263.800,0.006,-0.206
263.850,0.007,-0.205
263.900,0.008,-0.204
263.950,0.008,-0.203
264.000,0.009,-0.202
264.050,0.009,-0.202
264.100,0.011,-0.200
264.150,0.012,-0.198
264.200,0.013,-0.197
264.250,0.014,-0.195
264.300,0.014,-0.194
264.350,0.015,-0.193
264.400,0.015,-0.192
264.450,0.016,-0.191
264.500,0.017,-0.190
264.550,0.017,-0.189
264.600,0.018,-0.188
264.650,0.019,-0.186
264.700,0.019,-0.185
264.750,0.020,-0.183
264.800,0.021,-0.182
264.850,0.022,-0.180
264.900,0.022,-0.179
264.950,0.022,-0.178
265.000,0.023,-0.176
265.050,0.023,-0.175
265.100,0.024,-0.174
265.150,0.024,-0.173
265.200,0.024,-0.171
265.250,0.025,-0.170
265.300,0.025,-0.169
265.350,0.026,-0.168
265.400,0.026,-0.166
265.450,0.027,-0.165
265.500,0.027,-0.163
265.550,0.028,-0.162
265.600,0.028,-0.160
265.650,0.028,-0.158
265.700,0.028,-0.157
265.750,0.029,-0.155
265.800,0.029,-0.154
265.850,0.030,-0.152
265.900,0.030,-0.150
265.950,0.031,-0.148
266.000,0.031,-0.146
266.050,0.031,-0.145
266.100,0.031,-0.143
266.150,0.032,-0.142
266.200,0.032,-0.140
266.250,0.032,-0.139
266.300,0.033,-0.136
266.350,0.033,-0.135
266.400,0.034,-0.133
266.450,0.034,-0.130
266.500,0.035,-0.128
266.550,0.035,-0.126
266.600,0.036,-0.123
266.650,0.036,-0.121
266.700,0.037,-0.117
266.750,0.037,-0.115
266.800,0.038,-0.112
266.850,0.038,-0.110
266.900,0.039,-0.107
266.950,0.039,-0.106
267.000,0.040,-0.103
267.050,0.040,-0.101
267.100,0.040,-0.098
267.150,0.041,-0.096
267.200,0.041,-0.093
267.250,0.042,-0.091
267.300,0.043,-0.088
267.350,0.043,-0.085
267.400,0.044,-0.082
267.450,0.045,-0.079
267.500,0.046,-0.076
267.550,0.046,-0.073
267.600,0.047,-0.070
267.650,0.048,-0.067
267.700,0.049,-0.064
267.750,0.049,-0.061
267.800,0.050,-0.058
267.850,0.051,-0.055
267.900,0.052,-0.052
267.950,0.053,-0.049
268.000,0.054,-0.046
268.050,0.054,-0.044
268.100,0.055,-0.041
268.150,0.056,-0.038
268.200,0.057,-0.035
268.250,0.058,-0.033
268.300,0.058,-0.031
268.350,0.059,-0.029
268.400,0.060,-0.027
268.450,0.061,-0.025
268.500,0.061,-0.023
268.550,0.062,-0.021
268.600,0.062,-0.020
268.650,0.062,-0.019
268.700,0.061,-0.018
268.750,0.061,-0.019
268.800,0.060,-0.018
268.850,0.058,-0.019
268.900,0.057,-0.019
268.950,0.056,-0.019
269.000,0.055,-0.019
269.050,0.055,-0.020
269.100,0.054,-0.020
269.150,0.054,-0.020
269.200,0.053,-0.020
269.250,0.051,-0.021
269.300,0.051,-0.021
269.350,0.049,-0.022
269.400,0.049,-0.022
269.450,0.049,-0.022
269.500,0.049,-0.021
269.550,0.049,-0.022
269.600,0.048,-0.022
269.650,0.047,-0.022
269.700,0.045,-0.023
269.750,0.044,-0.023
269.800,0.043,-0.024
269.850,0.042,-0.024
269.900,0.042,-0.024
269.950,0.041,-0.025
270.000,0.040,-0.025
270.050,0.040,-0.026
270.100,0.039,-0.026
270.150,0.038,-0.027
270.200,0.037,-0.027
270.250,0.036,-0.027
270.300,0.036,-0.027
270.350,0.035,-0.028
270.400,0.034,-0.028
270.450,0.034,-0.029
270.500,0.033,-0.029
270.550,0.031,-0.030
270.600,0.030,-0.030
270.650,0.029,-0.031
270.700,0.028,-0.032
270.750,0.028,-0.032
270.800,0.027,-0.032
270.850,0.027,-0.033
270.900,0.027,-0.032
270.950,0.027,-0.033
271.000,0.026,-0.033
271.050,0.026,-0.033
271.100,0.026,-0.033
271.150,0.026,-0.034
271.200,0.026,-0.033
271.250,0.025,-0.034
271.300,0.024,-0.034
271.350,0.024,-0.035
271.400,0.022,-0.035
271.450,0.022,-0.036
271.500,0.020,-0.036
271.550,0.019,-0.038
271.600,0.018,-0.038
271.650,0.018,-0.039
271.700,0.017,-0.039
271.750,0.016,-0.040
271.800,0.016,-0.040
271.850,0.015,-0.041
271.900,0.014,-0.041
271.950,0.014,-0.042
272.000,0.013,-0.042
272.050,0.012,-0.043
272.100,0.012,-0.044
272.150,0.011,-0.044
272.200,0.011,-0.044
272.250,0.010,-0.046
272.300,0.009,-0.046
272.350,0.008,-0.047
272.400,0.008,-0.047
272.450,0.007,-0.048
272.500,0.006,-0.048
272.550,0.006,-0.050
272.600,0.005,-0.049
272.650,0.005,-0.050
272.700,0.004,-0.051
272.750,0.004,-0.051
272.800,0.004,-0.051
272.850,0.004,-0.052
272.900,0.003,-0.052
272.950,0.003,-0.053
273.000,0.003,-0.053
273.050,0.003,-0.053
273.100,0.003,-0.053
273.150,0.003,-0.053
273.200,0.003,-0.053
273.250,0.002,-0.054
273.300,0.002,-0.053
273.350,0.002,-0.054
273.400,0.002,-0.053
273.450,0.002,-0.054
273.500,0.002,-0.053
273.550,0.002,-0.054
273.600,0.002,-0.054
273.650,0.001,-0.054
273.700,5.548E-4,-0.054
273.750,-8.710E-4,-0.056
273.800,-0.002,-0.057
273.850,-0.003,-0.058
273.900,-0.003,-0.059
273.950,-0.004,-0.060
274.000,-0.004,-0.060
274.050,-0.005,-0.062
274.100,-0.006,-0.062
274.150,-0.007,-0.064
274.200,-0.007,-0.064
274.250,-0.008,-0.066
274.300,-0.008,-0.066
274.350,-0.009,-0.067
274.400,-0.010,-0.068
274.450,-0.010,-0.069
274.500,-0.011,-0.070
274.550,-0.012,-0.071
274.600,-0.012,-0.072
274.650,-0.013,-0.073
274.700,-0.014,-0.074
274.750,-0.014,-0.076
274.800,-0.015,-0.076
274.850,-0.016,-0.078
274.900,-0.016,-0.079
274.950,-0.016,-0.080
275.000,-0.016,-0.080
275.050,-0.017,-0.082
275.100,-0.017,-0.082
275.150,-0.017,-0.083
275.200,-0.018,-0.084
275.250,-0.018,-0.085
275.300,-0.019,-0.085
275.350,-0.019,-0.086
275.400,-0.019,-0.087
275.450,-0.020,-0.088
275.500,-0.020,-0.089
275.550,-0.020,-0.090
275.600,-0.021,-0.091
275.650,-0.021,-0.092
275.700,-0.021,-0.093
275.750,-0.022,-0.095
275.800,-0.023,-0.096
275.850,-0.023,-0.097
275.900,-0.023,-0.098
275.950,-0.024,-0.100
276.000,-0.024,-0.101
276.050,-0.025,-0.103
276.100,-0.025,-0.104
276.150,-0.025,-0.106
276.200,-0.026,-0.107
276.250,-0.026,-0.109
276.300,-0.026,-0.110
276.350,-0.027,-0.112
276.400,-0.027,-0.114
276.450,-0.028,-0.116
276.500,-0.028,-0.117
276.550,-0.029,-0.120
276.600,-0.029,-0.121
276.650,-0.030,-0.124
276.700,-0.030,-0.126
276.750,-0.030,-0.128
276.800,-0.031,-0.130
276.850,-0.031,-0.133
276.900,-0.032,-0.134
276.950,-0.032,-0.137
277.000,-0.032,-0.139
277.050,-0.033,-0.141
277.100,-0.033,-0.142
277.150,-0.034,-0.145
277.200,-0.034,-0.147
277.250,-0.035,-0.150
277.300,-0.035,-0.151
277.350,-0.036,-0.154
277.400,-0.036,-0.155
277.450,-0.037,-0.158
277.500,-0.037,-0.159
277.550,-0.037,-0.162
277.600,-0.038,-0.163
277.650,-0.038,-0.165
277.700,-0.038,-0.167
277.750,-0.039,-0.169
277.800,-0.039,-0.170
277.850,-0.039,-0.172
277.900,-0.040,-0.173
277.950,-0.040,-0.175
278.000,-0.041,-0.176
278.050,-0.041,-0.178
278.100,-0.041,-0.179
278.150,-0.042,-0.181
278.200,-0.042,-0.182
278.250,-0.042,-0.184
278.300,-0.043,-0.185
278.350,-0.043,-0.187
278.400,-0.043,-0.187
278.450,-0.044,-0.189
278.500,-0.044,-0.190
278.550,-0.044,-0.192
278.600,-0.045,-0.192
278.650,-0.045,-0.194
278.700,-0.045,-0.195
278.750,-0.046,-0.197
278.800,-0.046,-0.197
278.850,-0.046,-0.199
278.900,-0.047,-0.199
278.950,-0.047,-0.201
279.000,-0.047,-0.201
279.050,-0.048,-0.203
279.100,-0.048,-0.204
279.150,-0.048,-0.205
279.200,-0.049,-0.206
279.250,-0.049,-0.207
279.300,-0.049,-0.208
279.350,-0.050,-0.209
279.400,-0.050,-0.209
279.450,-0.049,-0.210
279.500,-0.049,-0.210
279.550,-0.049,-0.211
279.600,-0.049,-0.210
279.650,-0.048,-0.211
279.700,-0.047,-0.209
279.750,-0.047,-0.210
279.800,-0.046,-0.209
279.850,-0.045,-0.210
279.900,-0.045,-0.209
279.950,-0.043,-0.209
280.000,-0.041,-0.208
280.050,-0.040,-0.208
280.100,-0.039,-0.207
280.150,-0.038,-0.208
280.200,-0.038,-0.207
280.250,-0.037,-0.207
280.300,-0.037,-0.207
280.350,-0.037,-0.207
280.400,-0.036,-0.206
280.450,-0.035,-0.206
280.500,-0.035,-0.206
280.550,-0.034,-0.206
280.600,-0.033,-0.205
280.650,-0.032,-0.205
280.700,-0.031,-0.204
280.750,-0.031,-0.204
280.800,-0.030,-0.203
280.850,-0.029,-0.204
280.900,-0.028,-0.202
280.950,-0.027,-0.202
281.000,-0.025,-0.201
281.050,-0.025,-0.201
281.100,-0.024,-0.200
281.150,-0.023,-0.200
281.200,-0.023,-0.199
281.250,-0.023,-0.200
281.300,-0.023,-0.199
281.350,-0.022,-0.199
281.400,-0.022,-0.199
281.450,-0.022,-0.199
281.500,-0.022,-0.199
281.550,-0.021,-0.199
281.600,-0.020,-0.198
281.650,-0.019,-0.198
281.700,-0.018,-0.196
281.750,-0.017,-0.196
281.800,-0.016,-0.195
281.850,-0.015,-0.195
281.900,-0.014,-0.194
281.950,-0.014,-0.194
282.000,-0.014,-0.193
282.050,-0.013,-0.193
282.100,-0.013,-0.192
282.150,-0.012,-0.193
282.200,-0.011,-0.191
282.250,-0.011,-0.192
282.300,-0.010,-0.190
282.350,-0.010,-0.191
282.400,-0.009,-0.190
282.450,-0.008,-0.190
282.500,-0.008,-0.188
282.550,-0.007,-0.189
282.600,-0.007,-0.187
282.650,-0.006,-0.187
282.700,-0.006,-0.187
282.750,-0.005,-0.187
282.800,-0.005,-0.186
282.850,-0.005,-0.186
282.900,-0.004,-0.185
282.950,-0.004,-0.185
283.000,-0.003,-0.184
283.050,-0.002,-0.184
283.100,-0.002,-0.183
283.150,-0.001,-0.183
283.200,-9.955E-4,-0.182
283.250,-5.554E-5,-0.181
283.300,-7.996E-5,-0.181
283.350,1.459E-4,-0.181
283.400,4.242E-4,-0.180
283.450,7.635E-4,-0.180
283.500,0.002,-0.179
283.550,0.002,-0.180
283.600,0.003,-0.178
283.650,0.004,-0.178
283.700,0.005,-0.176
283.750,0.006,-0.175
283.800,0.007,-0.173
283.850,0.008,-0.173
283.900,0.008,-0.172
283.950,0.009,-0.171
284.000,0.009,-0.170
284.050,0.010,-0.169
284.100,0.011,-0.168
284.150,0.011,-0.168
284.200,0.011,-0.167
284.250,0.011,-0.167
284.300,0.012,-0.166
284.350,0.013,-0.166
284.400,0.013,-0.164
284.450,0.014,-0.163
284.500,0.015,-0.162
284.550,0.015,-0.162
284.600,0.016,-0.159
284.650,0.017,-0.159
284.700,0.017,-0.157
284.750,0.018,-0.156
284.800,0.019,-0.154
284.850,0.019,-0.154
284.900,0.020,-0.152
284.950,0.021,-0.151
285.000,0.022,-0.149
285.050,0.022,-0.148
285.100,0.023,-0.145
285.150,0.024,-0.144
285.200,0.025,-0.141
285.250,0.025,-0.140
285.300,0.026,-0.138
285.350,0.026,-0.137
285.400,0.027,-0.134
285.450,0.027,-0.133
285.500,0.028,-0.130
285.550,0.028,-0.128
285.600,0.029,-0.126
285.650,0.029,-0.125
285.700,0.030,-0.121
285.750,0.030,-0.120
285.800,0.030,-0.118
285.850,0.031,-0.116
285.900,0.031,-0.114
285.950,0.032,-0.112
286.000,0.032,-0.109
286.050,0.033,-0.108
286.100,0.033,-0.105
286.150,0.033,-0.104
286.200,0.034,-0.101
286.250,0.034,-0.100
286.300,0.035,-0.098
286.350,0.035,-0.097
286.400,0.036,-0.094
286.450,0.036,-0.093
286.500,0.036,-0.090
286.550,0.037,-0.089
286.600,0.037,-0.086
286.650,0.038,-0.085
286.700,0.038,-0.083
286.750,0.039,-0.082
286.800,0.039,-0.080
286.850,0.039,-0.079
286.900,0.040,-0.076
286.950,0.040,-0.076
287.000,0.041,-0.073
287.050,0.041,-0.072
287.100,0.042,-0.070
287.150,0.042,-0.069
287.200,0.042,-0.067
287.250,0.043,-0.066
287.300,0.044,-0.064
287.350,0.044,-0.063
287.400,0.044,-0.061
287.450,0.045,-0.060
287.500,0.045,-0.058
287.550,0.046,-0.058
287.600,0.045,-0.057
287.650,0.045,-0.057
287.700,0.045,-0.056
287.750,0.044,-0.056
287.800,0.043,-0.056
287.850,0.043,-0.057
287.900,0.041,-0.056
287.950,0.041,-0.057
288.000,0.040,-0.057
288.050,0.040,-0.057
288.100,0.038,-0.057
288.150,0.038,-0.058
288.200,0.037,-0.058
288.250,0.037,-0.058
288.300,0.036,-0.058
288.350,0.036,-0.059
288.400,0.035,-0.058
288.450,0.034,-0.059
288.500,0.034,-0.059
288.550,0.033,-0.060
288.600,0.032,-0.059
288.650,0.032,-0.060
288.700,0.031,-0.060
288.750,0.031,-0.061
288.800,0.030,-0.061
288.850,0.030,-0.061
288.900,0.030,-0.060
288.950,0.030,-0.061
289.000,0.030,-0.060
289.050,0.029,-0.062
289.100,0.028,-0.061
289.150,0.028,-0.062
289.200,0.028,-0.062
289.250,0.028,-0.062
289.300,0.028,-0.062
289.350,0.027,-0.063
289.400,0.027,-0.062
289.450,0.027,-0.063
289.500,0.026,-0.063
289.550,0.025,-0.064
289.600,0.023,-0.064
289.650,0.022,-0.065
289.700,0.021,-0.065
289.750,0.019,-0.067
289.800,0.018,-0.067
289.850,0.017,-0.068
289.900,0.016,-0.068
289.950,0.016,-0.069
290.000,0.015,-0.069
290.050,0.015,-0.070
290.100,0.014,-0.070
290.150,0.013,-0.071
290.200,0.013,-0.071
290.250,0.013,-0.072
290.300,0.012,-0.071
290.350,0.012,-0.073
290.400,0.011,-0.073
290.450,0.011,-0.073
290.500,0.010,-0.073
290.550,0.010,-0.074
290.600,0.009,-0.074
290.650,0.009,-0.075
290.700,0.008,-0.075
290.750,0.008,-0.076
290.800,0.008,-0.075
290.850,0.007,-0.077
290.900,0.007,-0.076
290.950,0.007,-0.077
291.000,0.006,-0.077
291.050,0.005,-0.078
291.100,0.005,-0.078
291.150,0.005,-0.079
291.200,0.004,-0.078
291.250,0.004,-0.079
291.300,0.004,-0.079
291.350,0.003,-0.080
291.400,0.003,-0.080
291.450,0.003,-0.080
291.500,0.003,-0.080
291.550,0.003,-0.081
291.600,0.003,-0.080
291.650,0.002,-0.081
291.700,0.002,-0.081
291.750,0.002,-0.081
291.800,0.002,-0.081
291.850,0.002,-0.082
291.900,0.002,-0.081
291.950,0.002,-0.082
292.000,0.002,-0.081
292.050,0.002,-0.082
292.100,0.002,-0.081
292.150,0.001,-0.082
292.200,0.002,-0.081
292.250,0.002,-0.082
292.300,0.002,-0.081
292.350,0.002,-0.082
292.400,0.002,-0.081
292.450,0.002,-0.082
292.500,7.635E-4,-0.082
292.550,4.498E-4,-0.083
292.600,-1.703E-4,-0.082
292.650,-7.086E-4,-0.084
292.700,-8.929E-4,-0.083
292.750,-0.001,-0.085
292.800,-0.002,-0.085
292.850,-0.002,-0.086
292.900,-0.002,-0.085
292.950,-0.003,-0.087
293.000,-0.003,-0.086
293.050,-0.004,-0.088
293.100,-0.005,-0.088
293.150,-0.005,-0.089
293.200,-0.006,-0.089
293.250,-0.007,-0.091
293.300,-0.008,-0.091
293.350,-0.009,-0.093
293.400,-0.009,-0.093
293.450,-0.010,-0.095
293.500,-0.011,-0.096
293.550,-0.012,-0.098
293.600,-0.013,-0.099
293.650,-0.014,-0.101
293.700,-0.014,-0.101
293.750,-0.015,-0.103
293.800,-0.016,-0.104
293.850,-0.016,-0.106
293.900,-0.017,-0.106
293.950,-0.017,-0.108
294.000,-0.017,-0.108
294.050,-0.018,-0.111
294.100,-0.019,-0.111
294.150,-0.019,-0.113
294.200,-0.019,-0.113
294.250,-0.020,-0.115
294.300,-0.020,-0.116
294.350,-0.021,-0.118
294.400,-0.021,-0.119
294.450,-0.022,-0.121
294.500,-0.022,-0.121
294.550,-0.023,-0.124
294.600,-0.023,-0.124
294.650,-0.023,-0.126
294.700,-0.024,-0.127
294.750,-0.025,-0.130
294.800,-0.025,-0.130
294.850,-0.025,-0.132
294.900,-0.025,-0.133
294.950,-0.026,-0.135
295.000,-0.026,-0.135
295.050,-0.027,-0.138
295.100,-0.027,-0.139
295.150,-0.027,-0.141
295.200,-0.028,-0.142
295.250,-0.028,-0.144
295.300,-0.029,-0.145
295.350,-0.029,-0.147
295.400,-0.030,-0.149
295.450,-0.030,-0.151
295.500,-0.031,-0.153
295.550,-0.031,-0.155
295.600,-0.032,-0.156
295.650,-0.033,-0.159
295.700,-0.033,-0.160
295.750,-0.034,-0.163
295.800,-0.034,-0.164
295.850,-0.035,-0.167
295.900,-0.035,-0.167
295.950,-0.034,-0.169
296.000,-0.034,-0.169
296.050,-0.033,-0.169
296.100,-0.033,-0.169
296.150,-0.032,-0.169
296.200,-0.031,-0.168
296.250,-0.030,-0.169
296.300,-0.030,-0.168
296.350,-0.030,-0.169
296.400,-0.029,-0.167
296.450,-0.029,-0.168
296.500,-0.028,-0.167
296.550,-0.028,-0.168
296.600,-0.027,-0.167
296.650,-0.027,-0.168
296.700,-0.026,-0.166
296.750,-0.026,-0.167
296.800,-0.025,-0.166
296.850,-0.025,-0.167
296.900,-0.024,-0.166
296.950,-0.023,-0.166
297.000,-0.023,-0.165
297.050,-0.022,-0.166
297.100,-0.021,-0.164
297.150,-0.021,-0.165
297.200,-0.020,-0.164
297.250,-0.019,-0.164
297.300,-0.019,-0.163
297.350,-0.018,-0.164
297.400,-0.017,-0.163
297.450,-0.017,-0.163
297.500,-0.016,-0.162
297.550,-0.015,-0.162
297.600,-0.014,-0.161
297.650,-0.014,-0.161
297.700,-0.013,-0.160
297.750,-0.012,-0.161
297.800,-0.012,-0.159
297.850,-0.011,-0.159
297.900,-0.010,-0.158
297.950,-0.009,-0.158
298.000,-0.009,-0.157
298.050,-0.008,-0.158
298.100,-0.008,-0.156
298.150,-0.007,-0.157
298.200,-0.007,-0.156
298.250,-0.007,-0.156
298.300,-0.006,-0.155
298.350,-0.006,-0.156
298.400,-0.005,-0.154
298.450,-0.005,-0.155
298.500,-0.004,-0.154
298.550,-0.004,-0.154
298.600,-0.004,-0.153
298.650,-0.003,-0.154
298.700,-0.003,-0.153
298.750,-0.003,-0.153
298.800,-0.003,-0.152
298.850,-0.002,-0.153
298.900,-0.002,-0.152
298.950,-0.002,-0.152
299.000,-0.001,-0.151
299.050,-0.001,-0.152
299.100,-6.012E-4,-0.150
299.150,5.670E-4,-0.150
299.200,0.002,-0.149
299.250,0.002,-0.149
299.300,0.002,-0.148
299.350,0.002,-0.149
299.400,0.003,-0.147
299.450,0.003,-0.148
299.500,0.004,-0.147
299.550,0.004,-0.147
299.600,0.005,-0.146
299.650,0.005,-0.145
299.700,0.006,-0.144
299.750,0.007,-0.144
299.800,0.008,-0.142
299.850,0.008,-0.143
299.900,0.008,-0.141
299.950,0.010,-0.141
300.000,0.011,-0.139
300.050,0.011,-0.139
300.100,0.012,-0.137
300.150,0.012,-0.137
300.200,0.013,-0.135
300.250,0.014,-0.135
300.300,0.014,-0.134
300.350,0.015,-0.134
300.400,0.015,-0.132
300.450,0.016,-0.132
300.500,0.017,-0.130
300.550,0.017,-0.130
300.600,0.018,-0.128
300.650,0.018,-0.128
300.700,0.018,-0.126
300.750,0.018,-0.127
300.800,0.019,-0.125
300.850,0.019,-0.125
300.900,0.019,-0.124
300.950,0.020,-0.124
301.000,0.020,-0.122
301.050,0.020,-0.123
301.100,0.020,-0.121
301.150,0.021,-0.122
301.200,0.021,-0.120
301.250,0.021,-0.121
301.300,0.021,-0.119
301.350,0.022,-0.119
301.400,0.022,-0.118
301.450,0.022,-0.118
301.500,0.022,-0.117
301.550,0.023,-0.116
301.600,0.024,-0.115
301.650,0.024,-0.114
301.700,0.025,-0.112
301.750,0.025,-0.112
301.800,0.026,-0.109
301.850,0.026,-0.109
301.900,0.027,-0.107
301.950,0.027,-0.106
302.000,0.027,-0.105
302.050,0.028,-0.104
302.100,0.028,-0.102
302.150,0.029,-0.101
302.200,0.029,-0.099
302.250,0.030,-0.098
302.300,0.030,-0.096
302.350,0.031,-0.095
302.400,0.031,-0.093
302.450,0.032,-0.092
302.500,0.032,-0.090
302.550,0.032,-0.090
302.600,0.033,-0.087
302.650,0.033,-0.087
302.700,0.034,-0.085
302.750,0.035,-0.084
302.800,0.035,-0.082
302.850,0.034,-0.083
302.900,0.034,-0.081
302.950,0.034,-0.082
303.000,0.034,-0.081
303.050,0.033,-0.082
303.100,0.033,-0.081
303.150,0.032,-0.082
303.200,0.031,-0.082
303.250,0.030,-0.082
303.300,0.030,-0.082
303.350,0.029,-0.083
303.400,0.029,-0.082
303.450,0.028,-0.083
303.500,0.027,-0.083
303.550,0.026,-0.084
303.600,0.025,-0.083
303.650,0.024,-0.085
303.700,0.024,-0.084
303.750,0.023,-0.085
303.800,0.023,-0.084
303.850,0.023,-0.085
303.900,0.023,-0.085
303.950,0.023,-0.085
304.000,0.022,-0.085
304.050,0.022,-0.086
304.100,0.021,-0.085
304.150,0.019,-0.087
304.200,0.018,-0.086
304.250,0.017,-0.088
304.300,0.016,-0.088
304.350,0.015,-0.089
304.400,0.015,-0.089
304.450,0.014,-0.090
304.500,0.014,-0.089
304.550,0.013,-0.090
304.600,0.013,-0.090
304.650,0.013,-0.090
304.700,0.013,-0.090
304.750,0.012,-0.091
304.800,0.012,-0.090
304.850,0.011,-0.092
304.900,0.011,-0.091
304.950,0.011,-0.092
305.000,0.010,-0.092
305.050,0.010,-0.093
305.100,0.010,-0.092
305.150,0.010,-0.093
305.200,0.009,-0.092
305.250,0.009,-0.093
305.300,0.009,-0.092
305.350,0.009,-0.093
305.400,0.009,-0.093
305.450,0.009,-0.094
305.500,0.009,-0.093
305.550,0.008,-0.094
305.600,0.008,-0.093
305.650,0.008,-0.094
305.700,0.007,-0.094
305.750,0.007,-0.095
305.800,0.007,-0.094
305.850,0.007,-0.095
305.900,0.006,-0.094
305.950,0.006,-0.095
306.000,0.006,-0.095
306.050,0.005,-0.096
306.100,0.005,-0.096
306.150,0.004,-0.097
306.200,0.004,-0.097
306.250,0.004,-0.097
306.300,0.004,-0.097
306.350,0.003,-0.098
306.400,0.003,-0.097
306.450,0.003,-0.098
306.500,0.003,-0.098
306.550,0.002,-0.099
306.600,0.002,-0.098
306.650,0.002,-0.099
306.700,0.002,-0.098
306.750,0.002,-0.100
306.800,0.002,-0.098
306.850,0.002,-0.100
306.900,0.002,-0.099
306.950,0.002,-0.099
307.000,8.905E-4,-0.099
307.050,1.788E-4,-0.100
307.100,-2.502E-5,-0.100
307.150,-5.267E-4,-0.101
307.200,-0.001,-0.101
307.250,-0.002,-0.102
307.300,-0.002,-0.102
307.350,-0.002,-0.103
307.400,-0.003,-0.103
307.450,-0.003,-0.104
307.500,-0.004,-0.104
307.550,-0.004,-0.105
307.600,-0.005,-0.105
307.650,-0.005,-0.106
307.700,-0.005,-0.105
307.750,-0.005,-0.106
307.800,-0.005,-0.106
307.850,-0.005,-0.106
307.900,-0.006,-0.106
307.950,-0.006,-0.107
308.000,-0.007,-0.107
308.050,-0.007,-0.108
308.100,-0.008,-0.108
308.150,-0.008,-0.109
308.200,-0.008,-0.109
308.250,-0.009,-0.110
308.300,-0.009,-0.110
308.350,-0.009,-0.111
308.400,-0.009,-0.111
308.450,-0.010,-0.112
308.500,-0.010,-0.112
308.550,-0.011,-0.113
308.600,-0.011,-0.113
308.650,-0.012,-0.115
308.700,-0.012,-0.114
308.750,-0.012,-0.115
308.800,-0.013,-0.116
308.850,-0.013,-0.117
308.900,-0.014,-0.117
308.950,-0.014,-0.119
309.000,-0.015,-0.119
309.050,-0.015,-0.120
309.100,-0.016,-0.120
309.150,-0.016,-0.122
309.200,-0.017,-0.122
309.250,-0.017,-0.124
309.300,-0.018,-0.124
309.350,-0.018,-0.126
309.400,-0.018,-0.126
309.450,-0.019,-0.128
309.500,-0.019,-0.128
309.550,-0.020,-0.130
309.600,-0.020,-0.130
309.650,-0.021,-0.132
309.700,-0.021,-0.132
309.750,-0.022,-0.135
309.800,-0.022,-0.135
309.850,-0.023,-0.137
309.900,-0.023,-0.137
309.950,-0.023,-0.138
310.000,-0.024,-0.139
310.050,-0.024,-0.140
310.100,-0.024,-0.141
310.150,-0.016,-0.141
310.200,0.002,-0.132
310.250,0.006,-0.129
310.300,0.008,-0.125
310.350,0.010,-0.124
310.400,0.011,-0.121
310.450,0.013,-0.120
310.500,0.014,-0.118
310.550,0.014,-0.118
310.600,0.015,-0.116
310.650,0.016,-0.116
310.700,0.016,-0.115
310.750,0.016,-0.114
310.800,0.016,-0.113
310.850,0.016,-0.114
310.900,0.017,-0.113
310.950,0.017,-0.113
311.000,0.017,-0.112
311.050,0.017,-0.113
311.100,0.017,-0.112
311.150,0.018,-0.112
311.200,0.018,-0.111
311.250,0.018,-0.112
311.300,0.018,-0.110
311.350,0.018,-0.111
311.400,0.018,-0.110
311.450,0.018,-0.111
311.500,0.018,-0.110
311.550,0.018,-0.111
311.600,0.018,-0.110
311.650,0.019,-0.110
311.700,0.018,-0.110
311.750,0.018,-0.111
311.800,0.019,-0.109
311.850,0.019,-0.110
311.900,0.018,-0.110
311.950,0.019,-0.110
312.000,0.018,-0.109
312.050,0.018,-0.110
312.100,0.018,-0.109
312.150,0.019,-0.110
312.200,0.019,-0.109
312.250,0.019,-0.110
312.300,0.019,-0.109
312.350,0.019,-0.110
312.400,0.019,-0.109
312.450,0.019,-0.110
312.500,0.019,-0.109
312.550,0.019,-0.110
312.600,0.019,-0.109
312.650,0.019,-0.110
312.700,0.018,-0.109
312.750,0.019,-0.110
312.800,0.018,-0.109
312.850,0.018,-0.110
312.900,0.018,-0.109
312.950,0.017,-0.110
313.000,0.016,-0.110
313.050,0.016,-0.110
313.100,0.015,-0.110
313.150,0.014,-0.111
313.200,0.014,-0.110
313.250,0.014,-0.111
313.300,0.013,-0.111
313.350,0.013,-0.111
313.400,0.013,-0.110
313.450,0.012,-0.111
313.500,0.012,-0.111
313.550,0.012,-0.112
313.600,0.012,-0.111
313.650,0.012,-0.112
313.700,0.012,-0.111
313.750,0.012,-0.112
313.800,0.011,-0.111
313.850,0.011,-0.112
313.900,0.011,-0.111
313.950,0.011,-0.112
314.000,0.011,-0.111
314.050,0.010,-0.112
314.100,0.011,-0.111
314.150,0.011,-0.112
314.200,0.010,-0.112
314.250,0.010,-0.112
314.300,0.011,-0.111
314.350,0.010,-0.112
314.400,0.011,-0.111
314.450,0.010,-0.112
314.500,0.010,-0.112
314.550,0.010,-0.112
314.600,0.010,-0.112
314.650,0.010,-0.112
314.700,0.010,-0.112
314.750,0.010,-0.112
314.800,0.009,-0.112
314.850,0.010,-0.112
314.900,0.009,-0.112
314.950,0.009,-0.113
315.000,0.009,-0.112
315.050,0.008,-0.113
315.100,0.008,-0.112
315.150,0.008,-0.113
315.200,0.008,-0.112
315.250,0.008,-0.113
315.300,0.008,-0.112
315.350,0.008,-0.113
315.400,0.008,-0.113
315.450,0.007,-0.113
315.500,0.007,-0.113
315.550,0.007,-0.114
315.600,0.006,-0.113
315.650,0.006,-0.114
315.700,0.005,-0.114
315.750,0.005,-0.114
315.800,0.004,-0.114
315.850,0.004,-0.115
315.900,0.004,-0.115
315.950,0.004,-0.115
316.000,0.003,-0.115
316.050,0.003,-0.115
316.100,0.003,-0.115
316.150,0.003,-0.116
316.200,0.002,-0.116
316.250,0.002,-0.116
316.300,0.003,-0.115
316.350,0.002,-0.116
316.400,0.002,-0.116
316.450,0.002,-0.116
316.500,0.002,-0.115
316.550,0.002,-0.116
316.600,0.002,-0.116
316.650,0.002,-0.116
316.700,0.002,-0.116
316.750,0.002,-0.116
316.800,0.002,-0.116
316.850,0.002,-0.116
316.900,0.002,-0.116
316.950,0.002,-0.116
317.000,0.002,-0.116
317.050,0.002,-0.116
317.100,0.002,-0.115
317.150,0.002,-0.116
317.200,0.002,-0.116
317.250,0.002,-0.116
317.300,0.002,-0.116
317.350,0.001,-0.117
317.400,0.002,-0.116
317.450,0.002,-0.116
317.500,0.002,-0.116
317.550,0.002,-0.116
317.600,6.268E-4,-0.117
317.650,6.476E-4,-0.117
317.700,8.972E-5,-0.117
317.750,-4.889E-4,-0.117
317.800,-0.001,-0.117
317.850,-0.002,-0.118
317.900,-0.002,-0.118
317.950,-0.003,-0.120
318.000,-0.004,-0.119
318.050,-0.004,-0.120
318.100,-0.005,-0.120
318.150,-0.006,-0.121
318.200,-0.006,-0.121
318.250,-0.007,-0.122
318.300,-0.008,-0.123
318.350,-0.008,-0.123
318.400,-0.010,-0.124
318.450,-0.010,-0.125
318.500,-0.010,-0.125
318.550,-0.011,-0.125
318.600,-0.012,-0.126
318.650,-0.012,-0.126
318.700,-0.013,-0.127
318.750,-0.014,-0.128
318.800,-0.014,-0.128
318.850,-0.014,-0.129
318.900,-0.014,-0.128
318.950,-0.015,-0.130
319.000,-0.015,-0.129
319.050,-0.015,-0.130
319.100,-0.015,-0.130
319.150,-0.015,-0.130
319.200,-0.015,-0.130
319.250,-0.015,-0.131
319.300,-1.593E-4,-0.127
319.350,0.005,-0.124
319.400,0.008,-0.121
319.450,0.010,-0.119
319.500,0.012,-0.117
319.550,0.013,-0.116
319.600,0.014,-0.115
319.650,0.015,-0.114
319.700,0.015,-0.113
319.750,0.015,-0.113
319.800,0.014,-0.113
319.850,0.014,-0.114
319.900,0.014,-0.114
319.950,0.014,-0.114
320.000,0.014,-0.113
320.050,0.014,-0.114
320.100,0.014,-0.114
320.150,0.014,-0.114
320.200,0.014,-0.113
320.250,0.014,-0.114
320.300,0.014,-0.113
320.350,0.014,-0.113
320.400,0.014,-0.113
320.450,0.014,-0.114
320.500,0.014,-0.114
320.550,0.014,-0.114
320.600,0.014,-0.113
320.650,0.015,-0.113
320.700,0.014,-0.113
320.750,0.014,-0.113
320.800,0.014,-0.113
320.850,0.014,-0.113
320.900,0.014,-0.113
320.950,0.014,-0.113
321.000,0.014,-0.113
321.050,0.014,-0.113
321.100,0.014,-0.113
321.150,0.014,-0.114
321.200,0.014,-0.114
321.250,0.014,-0.113
321.300,0.015,-0.114
321.350,0.015,-0.113
321.400,0.016,-0.113
321.450,0.016,-0.113
321.500,0.016,-0.113
321.550,0.015,-0.113
321.600,0.015,-0.112
321.650,0.014,-0.113
321.700,0.013,-0.113
321.750,0.013,-0.113
321.800,0.013,-0.113
321.850,0.012,-0.113
321.900,0.013,-0.113
321.950,0.012,-0.114
322.000,0.012,-0.113
322.050,0.011,-0.114
322.100,0.011,-0.114
322.150,0.010,-0.114
322.200,0.010,-0.114
322.250,0.010,-0.114
322.300,0.010,-0.114
322.350,0.010,-0.114
322.400,0.010,-0.114
322.450,0.009,-0.114
322.500,0.009,-0.115
322.550,0.009,-0.114
322.600,0.009,-0.115
322.650,0.009,-0.114
322.700,0.008,-0.115
322.750,0.008,-0.115
322.800,0.008,-0.115
322.850,0.008,-0.115
322.900,0.008,-0.115
322.950,0.007,-0.115
323.000,0.007,-0.115
323.050,0.007,-0.115
323.100,0.007,-0.115
323.150,0.006,-0.115
323.200,0.005,-0.116
323.250,0.005,-0.115
323.300,0.005,-0.116
323.350,0.005,-0.116
323.400,0.005,-0.116
323.450,0.005,-0.116
323.500,0.004,-0.116
323.550,0.004,-0.116
323.600,0.004,-0.116
323.650,0.004,-0.116
323.700,0.004,-0.116
323.750,0.004,-0.116
323.800,0.004,-0.117
323.850,0.004,-0.116
323.900,0.004,-0.117
323.950,0.004,-0.116
324.000,0.004,-0.117
324.050,0.004,-0.116
324.100,0.004,-0.117
324.150,0.004,-0.116
324.200,0.003,-0.117
324.250,0.003,-0.116
324.300,0.003,-0.117
324.350,0.002,-0.117
324.400,0.003,-0.117
324.450,0.002,-0.117
324.500,0.003,-0.117
324.550,0.002,-0.117
324.600,0.002,-0.118
324.650,0.003,-0.117
324.700,0.002,-0.118
324.750,0.002,-0.117
324.800,0.002,-0.118
324.850,0.002,-0.117
324.900,0.002,-0.118
324.950,0.002,-0.117
325.000,0.002,-0.118
325.050,0.002,-0.117
325.100,0.002,-0.118
325.150,0.002,-0.117
325.200,0.002,-0.118
325.250,0.002,-0.117
325.300,0.002,-0.118
325.350,0.002,-0.117
325.400,0.002,-0.118
325.450,0.002,-0.117
325.500,0.002,-0.118
325.550,0.002,-0.117
325.600,0.002,-0.118
325.650,0.002,-0.117
325.700,0.002,-0.118
325.750,0.002,-0.117
325.800,0.002,-0.118
325.850,0.002,-0.117
325.900,0.002,-0.118
325.950,0.002,-0.117
326.000,0.002,-0.118
326.050,0.002,-0.117
326.100,0.002,-0.117
326.150,0.002,-0.117
326.200,0.002,-0.118
326.250,0.001,-0.117
326.300,0.002,-0.118
326.350,0.001,-0.117
326.400,8.051E-4,-0.118
326.450,2.716E-4,-0.118
326.500,-2.411E-4,-0.119
326.550,-0.001,-0.118
326.600,-0.002,-0.119
326.650,-0.002,-0.119
326.700,-0.003,-0.121
326.750,-0.004,-0.120
326.800,-0.005,-0.121
326.850,-0.006,-0.121
326.900,-0.006,-0.123
326.950,-0.006,-0.122
327.000,-0.007,-0.123
327.050,-0.007,-0.123
327.100,-0.007,-0.124
327.150,-0.008,-0.123
327.200,-0.008,-0.124
327.250,-0.008,-0.123
327.300,-0.008,-0.124
327.350,-0.008,-0.123
327.400,-0.008,-0.124
327.450,-0.008,-0.124
327.500,-0.008,-0.124
327.550,-0.008,-0.124
327.600,-0.008,-0.124
327.650,2.045E-4,-0.122
327.700,0.005,-0.121
327.750,0.007,-0.119
327.800,0.008,-0.119
327.850,0.009,-0.117
327.900,0.010,-0.117
327.950,0.011,-0.116
328.000,0.011,-0.116
328.050,0.011,-0.115
328.100,0.011,-0.116
328.150,0.011,-0.115
328.200,0.012,-0.115
328.250,0.012,-0.115
328.300,0.012,-0.115
328.350,0.012,-0.115
328.400,0.012,-0.115
328.450,0.013,-0.114
328.500,0.012,-0.115
328.550,0.012,-0.114
328.600,0.012,-0.115
328.650,0.012,-0.114
328.700,0.013,-0.115
328.750,0.012,-0.114
328.800,0.013,-0.115
328.850,0.012,-0.114
328.900,0.013,-0.115
328.950,0.013,-0.114
329.000,0.012,-0.115
329.050,0.012,-0.114
329.100,0.012,-0.115
329.150,0.012,-0.115
329.200,0.012,-0.115
329.250,0.012,-0.114
329.300,0.012,-0.115
329.350,0.012,-0.114
329.400,0.013,-0.115
329.450,0.012,-0.114
329.500,0.012,-0.115
329.550,0.013,-0.114
329.600,0.013,-0.115
329.650,0.012,-0.114
329.700,0.013,-0.115
329.750,0.012,-0.114
329.800,0.012,-0.115
329.850,0.012,-0.114
329.900,0.012,-0.115
329.950,0.012,-0.115
330.000,0.012,-0.115
330.050,0.012,-0.114
330.100,0.012,-0.115
330.150,0.013,-0.114
330.200,0.013,-0.115
330.250,0.012,-0.114
330.300,0.012,-0.115
330.350,0.013,-0.114
330.400,0.012,-0.115
330.450,0.012,-0.115
330.500,0.012,-0.115
330.550,0.012,-0.114
330.600,0.012,-0.115
330.650,0.012,-0.114
330.700,0.013,-0.115
330.750,0.013,-0.114
330.800,0.012,-0.115
330.850,0.013,-0.114
330.900,0.012,-0.115
330.950,0.012,-0.115
331.000,0.012,-0.115
331.050,0.012,-0.114
331.100,0.012,-0.115
331.150,0.012,-0.114
331.200,0.013,-0.115
331.250,0.012,-0.114
331.300,0.012,-0.115
331.350,0.012,-0.114
331.400,0.012,-0.115
331.450,0.012,-0.114
331.500,0.012,-0.115
331.550,0.013,-0.114
331.600,0.012,-0.115
331.650,0.012,-0.114
331.700,0.012,-0.115
331.750,0.012,-0.114
331.800,0.012,-0.115
331.850,0.012,-0.115
331.900,0.012,-0.115
331.950,0.012,-0.114
332.000,0.012,-0.115
332.050,0.012,-0.114
332.100,0.012,-0.115
332.150,0.012,-0.114
332.200,0.012,-0.115
332.250,0.012,-0.114
332.300,0.012,-0.115
332.350,0.012,-0.114
332.400,0.012,-0.115
332.450,0.012,-0.114
332.500,0.012,-0.115
332.550,0.012,-0.115
332.600,0.012,-0.115
332.650,0.012,-0.114
332.700,0.012,-0.115
332.750,0.012,-0.114
332.800,0.012,-0.115
332.850,0.012,-0.114
332.900,0.012,-0.115
332.950,0.012,-0.114
333.000,0.012,-0.115
333.050,0.012,-0.114
333.100,0.012,-0.115
333.150,0.012,-0.114
333.200,0.012,-0.115
333.250,0.012,-0.114
333.300,0.012,-0.115
333.350,0.012,-0.114
333.400,0.012,-0.115
333.450,0.012,-0.114
333.500,0.012,-0.115
333.550,0.012,-0.114
333.600,0.012,-0.115
333.650,0.012,-0.114
333.700,0.012,-0.115
333.750,0.013,-0.114
333.800,0.012,-0.115
333.850,0.012,-0.114
333.900,0.012,-0.115
333.950,0.012,-0.114
334.000,0.012,-0.115
334.050,0.012,-0.114
334.100,0.012,-0.115
334.150,0.012,-0.114
334.200,0.012,-0.115
334.250,0.012,-0.114
334.300,0.012,-0.115
334.350,0.012,-0.114
334.400,0.012,-0.115
334.450,0.012,-0.114
334.500,0.012,-0.115
334.550,0.012,-0.114
334.600,0.012,-0.115
334.650,0.012,-0.114
334.700,0.012,-0.115
334.750,0.012,-0.114
334.800,0.012,-0.115
334.850,0.012,-0.114
334.900,0.012,-0.115
334.950,0.013,-0.114
335.000,0.012,-0.115
335.050,0.012,-0.114
335.100,0.012,-0.115
335.150,0.012,-0.114
335.200,0.012,-0.115
335.250,0.012,-0.114
335.300,0.012,-0.115
335.350,0.012,-0.114
335.400,0.012,-0.115
335.450,0.012,-0.114
335.500,0.012,-0.115
335.550,0.013,-0.114
335.600,0.012,-0.115
335.650,0.012,-0.114
335.700,0.010,-0.115
335.750,0.009,-0.115
335.800,0.008,-0.116
335.850,0.007,-0.115
335.900,0.007,-0.117
335.950,0.007,-0.116
336.000,0.006,-0.117
336.050,0.006,-0.116
336.100,0.005,-0.117
336.150,0.005,-0.116
336.200,0.004,-0.118
336.250,0.004,-0.117
336.300,0.004,-0.118
336.350,0.004,-0.117
336.400,0.003,-0.118
336.450,0.003,-0.117
336.500,0.004,-0.118
336.550,0.003,-0.117
336.600,0.003,-0.118
336.650,0.003,-0.117
336.700,0.003,-0.118
336.750,0.003,-0.117
336.800,0.003,-0.118
336.850,0.003,-0.117
336.900,0.003,-0.118
336.950,0.003,-0.117
337.000,0.002,-0.118
337.050,0.003,-0.117
337.100,0.002,-0.118
337.150,0.002,-0.118
337.200,0.002,-0.118
337.250,0.002,-0.118
337.300,0.002,-0.118
337.350,0.002,-0.117
337.400,0.002,-0.118
337.450,0.002,-0.118
337.500,0.002,-0.119
337.550,0.002,-0.118
337.600,0.002,-0.118
337.650,0.002,-0.118
337.700,0.002,-0.118
337.750,0.002,-0.118
337.800,0.001,-0.119
337.850,0.002,-0.118
337.900,0.001,-0.119
337.950,0.002,-0.117
338.000,0.002,-0.118
338.050,0.002,-0.117
338.100,0.002,-0.119
338.150,0.002,-0.117
338.200,0.002,-0.118
338.250,0.002,-0.117
338.300,0.002,-0.118
338.350,0.002,-0.118
338.400,0.002,-0.118
338.450,0.002,-0.117
338.500,0.002,-0.118
338.550,0.002,-0.118
338.600,0.002,-0.118
338.650,0.002,-0.118
338.700,0.002,-0.118
338.750,0.002,-0.118
338.800,0.002,-0.118
338.850,0.001,-0.118
338.900,0.002,-0.118
338.950,0.002,-0.118
339.000,0.002,-0.118
339.050,0.002,-0.117
339.100,0.001,-0.119
339.150,0.002,-0.118
339.200,0.002,-0.118
339.250,0.002,-0.118
339.300,0.002,-0.118
339.350,0.002,-0.117
339.400,0.002,-0.118
339.450,0.002,-0.117
339.500,0.002,-0.118
339.550,0.002,-0.118
339.600,0.002,-0.118
339.650,0.002,-0.118
339.700,0.002,-0.118
339.750,0.002,-0.117
339.800,0.002,-0.118
339.850,0.002,-0.117
339.900,0.002,-0.118
339.950,0.002,-0.118
340.000,0.002,-0.118
340.050,0.002,-0.118
340.100,0.002,-0.118
340.150,0.002,-0.118
340.200,0.002,-0.118
340.250,0.002,-0.118
340.300,0.002,-0.118
340.350,0.002,-0.118
340.400,0.002,-0.118
340.450,0.002,-0.118
340.500,0.002,-0.118
340.550,0.002,-0.118
340.600,0.002,-0.118
340.650,0.002,-0.118
340.700,0.002,-0.118
340.750,0.002,-0.117
340.800,0.002,-0.118
340.850,0.002,-0.117
340.900,0.002,-0.118
340.950,0.002,-0.117
341.000,0.002,-0.118
341.050,0.002,-0.118
341.100,0.002,-0.118
341.150,0.002,-0.117
341.200,0.002,-0.118
341.250,0.002,-0.118
341.300,0.002,-0.118
341.350,0.002,-0.117
341.400,0.002,-0.118
341.450,0.002,-0.117
341.500,0.002,-0.118
341.550,0.002,-0.117
341.600,0.002,-0.118
341.650,0.002,-0.117
341.700,0.002,-0.118
341.750,0.002,-0.117
341.800,0.002,-0.118
341.850,0.002,-0.117
341.900,0.002,-0.118
341.950,0.002,-0.118
342.000,0.002,-0.118
342.050,0.002,-0.118
342.100,0.002,-0.118
342.150,0.002,-0.117
342.200,0.001,-0.119
342.250,0.002,-0.117
342.300,0.001,-0.119
342.350,0.002,-0.118
342.400,0.001,-0.118
342.450,0.002,-0.118
342.500,0.002,-0.118
342.550,0.002,-0.118
342.600,0.002,-0.118
342.650,0.002,-0.118
342.700,0.001,-0.118
342.750,0.002,-0.117
342.800,0.002,-0.118
342.850,0.002,-0.118
342.900,0.002,-0.118
342.950,0.002,-0.118
343.000,0.001,-0.118
343.050,0.002,-0.117
343.100,0.002,-0.118
343.150,0.002,-0.118
343.200,0.002,-0.118
343.250,0.001,-0.118
343.300,0.002,-0.118
343.350,0.002,-0.118
343.400,0.002,-0.118
343.450,0.002,-0.117
343.500,0.002,-0.118
343.550,0.002,-0.118
343.600,0.002,-0.118
343.650,0.002,-0.118
343.700,0.002,-0.118
343.750,0.002,-0.118
343.800,0.002,-0.118
343.850,0.001,-0.118
343.900,0.002,-0.118
343.950,0.002,-0.118
344.000,0.002,-0.118
344.050,0.002,-0.118
344.100,0.002,-0.118
344.150,0.002,-0.117
344.200,0.002,-0.118
344.250,0.002,-0.118
344.300,0.002,-0.118
344.350,0.002,-0.117
344.400,0.001,-0.118
344.450,0.002,-0.118
344.500,0.002,-0.118
344.550,0.002,-0.117
344.600,0.002,-0.118
344.650,0.002,-0.118
344.700,0.002,-0.118
344.750,0.002,-0.117
344.800,0.002,-0.118
344.850,0.002,-0.118
344.900,0.002,-0.118
344.950,0.002,-0.118
345.000,0.002,-0.118
345.050,0.002,-0.118
345.100,0.002,-0.118
345.150,0.002,-0.117
345.200,0.002,-0.118
345.250,0.002,-0.118
345.300,0.002,-0.118
345.350,0.001,-0.118
345.400,0.002,-0.118
345.450,0.002,-0.118
345.500,0.002,-0.118
345.550,0.002,-0.118
345.600,0.002,-0.118
345.650,0.002,-0.117
345.700,0.002,-0.118
345.750,0.002,-0.117
345.800,0.002,-0.118
345.850,0.002,-0.118
345.900,0.002,-0.118
345.950,0.002,-0.118
346.000,0.002,-0.118
346.050,0.002,-0.118
346.100,0.001,-0.118
346.150,0.002,-0.117
346.200,0.002,-0.118
346.250,0.002,-0.118
346.300,0.002,-0.118
346.350,0.002,-0.118
346.400,0.002,-0.118
346.450,0.002,-0.118
346.500,0.002,-0.118
346.550,0.002,-0.118
346.600,0.002,-0.118
346.650,0.002,-0.117
346.700,0.002,-0.118
346.750,0.002,-0.118
346.800,0.002,-0.118
346.850,0.002,-0.118
346.900,0.002,-0.118
346.950,0.002,-0.118
347.000,0.002,-0.118
347.050,0.002,-0.118
347.100,0.002,-0.118
347.150,0.002,-0.118
347.200,0.002,-0.118
347.250,0.002,-0.118
347.300,0.002,-0.118
347.350,0.002,-0.117
347.400,0.001,-0.119
347.450,0.002,-0.118
347.500,0.002,-0.118
347.550,0.001,-0.118
347.600,0.001,-0.118
347.650,0.001,-0.118
347.700,0.002,-0.118
347.750,0.002,-0.118
347.800,0.002,-0.118
347.850,0.002,-0.118
347.900,0.002,-0.118
347.950,0.001,-0.118
348.000,0.001,-0.118
348.050,0.002,-0.118
348.100,0.002,-0.118
348.150,0.002,-0.118
348.200,0.002,-0.118
348.250,0.002,-0.118
348.300,0.002,-0.118
348.350,0.002,-0.118
348.400,0.001,-0.118
348.450,0.001,-0.118
348.500,0.002,-0.118
348.550,0.002,-0.118
348.600,0.002,-0.118
348.650,0.002,-0.118
348.700,0.002,-0.118
348.750,0.002,-0.118
348.800,0.002,-0.118
348.850,0.002,-0.118
348.900,0.002,-0.118
348.950,0.002,-0.118
349.000,0.002,-0.118
349.050,0.002,-0.118
349.100,0.002,-0.118
349.150,0.002,-0.118
349.200,0.002,-0.118
349.250,0.002,-0.118
349.300,0.002,-0.118
349.350,0.001,-0.118
349.400,0.002,-0.118
349.450,0.002,-0.117
349.500,0.002,-0.118
349.550,0.002,-0.118
349.600,0.002,-0.118
349.650,0.002,-0.118
349.700,0.002,-0.118
349.750,0.002,-0.118
349.800,0.002,-0.118
349.850,0.002,-0.117
349.900,0.002,-0.118
349.950,0.002,-0.118
350.000,0.002,-0.118
350.050,0.002,-0.118
350.100,0.002,-0.118
350.150,0.002,-0.118
350.200,0.002,-0.118
350.250,0.002,-0.118
350.300,0.002,-0.118
350.350,0.002,-0.118
350.400,0.002,-0.118
350.450,0.002,-0.118
350.500,0.002,-0.118
350.550,0.002,-0.118
350.600,0.002,-0.118
350.650,0.002,-0.118
350.700,0.002,-0.118
350.750,0.002,-0.118
350.800,0.002,-0.118
350.850,0.001,-0.118
350.900,0.002,-0.118
350.950,0.002,-0.118
351.000,0.002,-0.118
351.050,0.002,-0.118
351.100,0.002,-0.118
351.150,0.002,-0.118
351.200,0.002,-0.118
351.250,0.001,-0.118
351.300,0.002,-0.118
351.350,0.002,-0.117
351.400,0.001,-0.118
351.450,0.002,-0.117
351.500,0.002,-0.118
351.550,0.002,-0.117
351.600,0.002,-0.118
351.650,0.002,-0.118
351.700,0.002,-0.118
351.750,0.002,-0.118
351.800,0.002,-0.118
351.850,0.002,-0.118
351.900,0.002,-0.118
351.950,0.002,-0.118
352.000,0.002,-0.118
352.050,0.002,-0.118
352.100,0.002,-0.118
352.150,0.002,-0.118
352.200,0.001,-0.118
352.250,0.002,-0.117
352.300,0.002,-0.118
352.350,0.002,-0.118
352.400,0.002,-0.118
352.450,0.002,-0.118
352.500,0.002,-0.118
352.550,0.002,-0.118
352.600,0.002,-0.118
352.650,0.002,-0.118
352.700,0.002,-0.118
352.750,0.002,-0.118
352.800,0.002,-0.118
352.850,0.002,-0.118
352.900,0.002,-0.118
352.950,0.002,-0.118
353.000,0.002,-0.118
353.050,0.002,-0.118
353.100,0.002,-0.118
353.150,0.002,-0.117
353.200,0.002,-0.118
353.250,0.002,-0.118
353.300,0.002,-0.118
353.350,0.002,-0.118
353.400,0.002,-0.118
353.450,0.002,-0.118
353.500,0.002,-0.118
353.550,0.002,-0.118
353.600,0.002,-0.118
353.650,0.002,-0.118
353.700,0.002,-0.118
353.750,0.002,-0.118
353.800,0.002,-0.118
353.850,0.002,-0.117
353.900,0.002,-0.118
353.950,0.002,-0.118
354.000,0.002,-0.118
354.050,0.002,-0.118
354.100,0.001,-0.118
354.150,0.002,-0.118
354.200,0.002,-0.118
354.250,0.002,-0.117
354.300,0.002,-0.118
354.350,0.002,-0.118
354.400,0.002,-0.118
354.450,0.002,-0.118
354.500,0.002,-0.118
354.550,0.002,-0.118
354.600,0.002,-0.118
354.650,0.002,-0.118
354.700,0.002,-0.118
354.750,0.002,-0.118
354.800,0.002,-0.118
354.850,0.001,-0.118
354.900,0.002,-0.118
354.950,0.002,-0.118
355.000,0.002,-0.118
355.050,0.002,-0.117
355.100,0.002,-0.118
355.150,0.002,-0.118
355.200,0.002,-0.118
355.250,0.002,-0.117
355.300,0.002,-0.118
355.350,0.001,-0.118
355.400,0.002,-0.118
355.450,0.002,-0.117
355.500,0.002,-0.118
355.550,0.002,-0.117
355.600,0.002,-0.118
355.650,0.002,-0.118
355.700,0.002,-0.118
355.750,0.002,-0.117
355.800,0.002,-0.118
355.850,0.002,-0.118
355.900,0.002,-0.118
355.950,0.002,-0.118
356.000,0.002,-0.118
356.050,0.002,-0.118
356.100,0.002,-0.118
356.150,0.002,-0.118
356.200,0.002,-0.118
356.250,0.002,-0.118
356.300,0.002,-0.118
356.350,0.002,-0.118
356.400,0.002,-0.118
356.450,0.002,-0.118
356.500,0.002,-0.118
356.550,0.002,-0.117
356.600,0.002,-0.118
356.650,0.002,-0.118
356.700,0.002,-0.118
356.750,0.002,-0.118
356.800,0.002,-0.118
356.850,0.002,-0.118
356.900,0.002,-0.118
356.950,0.002,-0.117
357.000,0.002,-0.118
357.050,0.002,-0.118
357.100,0.002,-0.118
357.150,0.001,-0.118
357.200,0.002,-0.118
357.250,0.002,-0.118
357.300,0.002,-0.118
357.350,0.001,-0.118
357.400,0.002,-0.118
357.450,0.001,-0.118
357.500,0.002,-0.118
357.550,0.002,-0.118
357.600,0.002,-0.118
357.650,0.002,-0.118
357.700,0.002,-0.118
357.750,0.002,-0.118
357.800,0.002,-0.118
357.850,0.002,-0.118
357.900,0.002,-0.118
357.950,0.002,-0.118
358.000,0.002,-0.118
358.050,0.002,-0.117
358.100,0.002,-0.118
358.150,0.002,-0.117
358.200,0.002,-0.118
358.250,0.002,-0.118
358.300,0.002,-0.118
358.350,0.002,-0.118
358.400,0.002,-0.118
358.450,0.002,-0.118
358.500,0.002,-0.118
358.550,0.002,-0.118
358.600,0.002,-0.118
358.650,0.002,-0.118
358.700,0.002,-0.118
358.750,0.001,-0.118
358.800,0.002,-0.118
358.850,0.002,-0.118
358.900,0.002,-0.118
358.950,0.002,-0.118
359.000,0.002,-0.118
359.050,0.002,-0.117
359.100,0.002,-0.117
359.150,0.002,-0.118
359.200,0.002,-0.117
359.250,0.002,-0.118
359.300,0.002,-0.118
359.350,0.002,-0.118
359.400,0.002,-0.118
359.450,0.002,-0.118
359.500,0.002,-0.118
359.550,0.002,-0.118
359.600,0.002,-0.118
359.650,0.002,-0.118
359.700,0.002,-0.118
359.750,0.002,-0.117
359.800,0.002,-0.118
359.850,0.002,-0.117
359.900,0.001,-0.118
359.950,0.002,-0.118
360.000,0.002,-0.117
360.050,0.002,-0.118
360.100,0.002,-0.117
360.150,0.002,-0.118
360.200,0.002,-0.118
360.250,0.002,-0.118
360.300,0.002,-0.118
360.350,0.002,-0.118
360.400,0.002,-0.118
360.450,0.002,-0.117
360.500,0.001,-0.118
360.550,0.002,-0.118
360.600,0.002,-0.118
360.650,0.002,-0.118
360.700,0.002,-0.118
360.750,0.001,-0.118
360.800,0.002,-0.117
360.850,0.002,-0.118
360.900,0.002,-0.118
360.950,0.002,-0.118
361.000,0.002,-0.118
361.050,0.002,-0.117
361.100,0.002,-0.118
361.150,0.002,-0.118
361.200,0.002,-0.118
361.250,0.001,-0.118
361.300,0.002,-0.118
361.350,0.002,-0.118
361.400,0.002,-0.118
361.450,0.002,-0.118
361.500,0.002,-0.117
361.550,0.002,-0.118
361.600,0.002,-0.118
361.650,0.002,-0.117
361.700,0.002,-0.118
361.750,0.002,-0.117
361.800,0.002,-0.117
361.850,0.002,-0.118
361.900,0.002,-0.118
361.950,0.002,-0.118
362.000,0.002,-0.117
362.050,0.002,-0.118
362.100,0.002,-0.118
362.150,0.002,-0.118
362.200,0.002,-0.117
362.250,0.002,-0.118
362.300,0.002,-0.118
362.350,0.002,-0.118
362.400,0.002,-0.118
362.450,0.002,-0.118
362.500,0.002,-0.118
362.550,0.002,-0.117
362.600,0.001,-0.118
362.650,0.002,-0.118
362.700,0.002,-0.118
362.750,0.002,-0.117
362.800,0.001,-0.118
362.850,0.002,-0.117
362.900,0.002,-0.117
362.950,0.002,-0.118
363.000,0.002,-0.117
363.050,0.002,-0.118
363.100,0.002,-0.117
363.150,0.002,-0.118
363.200,0.002,-0.118
363.250,0.002,-0.118
363.300,0.002,-0.117
363.350,0.002,-0.117
363.400,0.001,-0.118
363.450,0.002,-0.118
363.500,0.002,-0.117
363.550,0.002,-0.117
363.600,0.002,-0.117
363.650,0.002,-0.118
363.700,0.002,-0.118
363.750,0.002,-0.118
363.800,0.002,-0.117
363.850,0.002,-0.118
363.900,0.002,-0.117
363.950,0.002,-0.118
364.000,0.002,-0.117
364.050,0.002,-0.117
364.100,0.002,-0.117
364.150,0.002,-0.118
364.200,0.002,-0.117
364.250,0.002,-0.118
364.300,0.002,-0.118
364.350,0.002,-0.117
364.400,0.002,-0.117
364.450,0.002,-0.118
364.500,0.002,-0.117
364.550,0.002,-0.117
364.600,0.002,-0.117
364.650,0.002,-0.117
364.700,0.002,-0.117
364.750,0.002,-0.117
364.800,0.002,-0.118
364.850,0.002,-0.117
364.900,0.002,-0.117
364.950,0.002,-0.118
365.000,0.002,-0.117
365.050,0.002,-0.118
365.100,0.002,-0.117
365.150,0.002,-0.118
365.200,0.002,-0.117
365.250,0.002,-0.117
365.300,0.002,-0.117
365.350,0.002,-0.118
365.400,0.002,-0.117
365.450,0.002,-0.118
365.500,0.002,-0.118
365.550,0.002,-0.118
365.600,0.002,-0.117
365.650,0.002,-0.118
365.700,0.002,-0.117
365.750,0.002,-0.118
365.800,0.002,-0.117
365.850,0.002,-0.118
365.900,0.002,-0.117
365.950,0.002,-0.117
366.000,0.002,-0.117
366.050,0.002,-0.118
366.100,0.002,-0.117
366.150,0.001,-0.118
366.200,0.002,-0.117
366.250,0.002,-0.118
366.300,0.002,-0.117
366.350,0.002,-0.118
366.400,0.002,-0.117
366.450,0.002,-0.117
366.500,0.002,-0.117
366.550,0.002,-0.118
366.600,0.002,-0.117
366.650,0.002,-0.118
366.700,0.002,-0.117
366.750,0.002,-0.118
366.800,0.002,-0.117
366.850,0.002,-0.118
366.900,0.002,-0.117
366.950,0.002,-0.117
367.000,0.002,-0.117
367.050,0.002,-0.117
367.100,0.002,-0.117
367.150,0.002,-0.118
367.200,0.002,-0.117
367.250,0.002,-0.118
367.300,0.002,-0.117
367.350,0.002,-0.118
367.400,0.001,-0.118
367.450,0.002,-0.118
367.500,0.002,-0.117
367.550,0.002,-0.117
367.600,0.002,-0.117
367.650,0.002,-0.118
367.700,0.002,-0.117
367.750,0.002,-0.118
367.800,0.002,-0.117
367.850,0.002,-0.118
367.900,0.002,-0.117
367.950,0.002,-0.117
368.000,0.002,-0.117
368.050,0.002,-0.118
368.100,0.002,-0.117
368.150,0.002,-0.118
368.200,0.002,-0.117
368.250,0.002,-0.118
368.300,0.001,-0.118
368.350,0.002,-0.118
368.400,0.002,-0.117
368.450,0.002,-0.118
368.500,0.002,-0.117
368.550,0.002,-0.118
368.600,0.002,-0.117
368.650,0.002,-0.118
368.700,0.002,-0.117
368.750,0.002,-0.118
368.800,0.002,-0.117
368.850,0.002,-0.118
368.900,0.002,-0.117
368.950,0.002,-0.118
369.000,0.002,-0.117
369.050,0.002,-0.118
369.100,0.002,-0.117
369.150,0.002,-0.118
369.200,0.002,-0.117
369.250,0.002,-0.118
369.300,0.002,-0.117
369.350,0.002,-0.118
369.400,0.002,-0.117
369.450,0.002,-0.118
369.500,0.002,-0.117
369.550,0.002,-0.117
369.600,0.002,-0.117
369.650,0.002,-0.118
369.700,0.002,-0.117
369.750,0.002,-0.118
369.800,0.002,-0.117
369.850,0.002,-0.118
369.900,0.002,-0.117
369.950,0.002,-0.118
370.000,0.002,-0.117
370.050,0.002,-0.118
370.100,0.002,-0.117
370.150,0.001,-0.118
370.200,0.002,-0.117
370.250,0.002,-0.118
370.300,0.002,-0.117
370.350,0.002,-0.118
370.400,0.002,-0.117
370.450,0.001,-0.118
370.500,0.002,-0.117
370.550,0.002,-0.118
370.600,0.002,-0.117
370.650,0.001,-0.118
370.700,0.002,-0.117
370.750,0.002,-0.118
370.800,0.002,-0.117
370.850,0.002,-0.117
370.900,0.002,-0.117
370.950,0.001,-0.118
371.000,0.001,-0.117
371.050,0.002,-0.118
371.100,0.002,-0.117
371.150,0.002,-0.118
371.200,0.002,-0.117
371.250,0.002,-0.117
371.300,0.002,-0.117
371.350,0.002,-0.118
371.400,0.002,-0.117
371.450,0.002,-0.117
371.500,0.002,-0.117
371.550,0.002,-0.118
371.600,0.002,-0.117
371.650,0.002,-0.118
371.700,0.002,-0.117
371.750,0.002,-0.117
371.800,0.002,-0.117
371.850,0.002,-0.118
371.900,0.002,-0.117
371.950,0.002,-0.118
372.000,0.002,-0.117
372.050,0.002,-0.118
372.100,0.002,-0.117
372.150,0.002,-0.118
372.200,0.001,-0.117
372.250,0.002,-0.118
372.300,0.002,-0.117
372.350,0.002,-0.118
372.400,0.002,-0.117
372.450,0.002,-0.118
372.500,0.002,-0.117
372.550,0.002,-0.118
372.600,0.002,-0.117
372.650,0.002,-0.118
372.700,0.002,-0.117
372.750,0.002,-0.118
372.800,0.002,-0.117
372.850,0.002,-0.118
372.900,0.002,-0.117
372.950,0.002,-0.118
373.000,0.002,-0.117
373.050,0.002,-0.118
373.100,0.002,-0.117
373.150,0.002,-0.118
373.200,0.002,-0.117
373.250,0.002,-0.118
373.300,0.002,-0.117
373.350,0.002,-0.118
373.400,0.002,-0.117
373.450,0.002,-0.118
373.500,0.002,-0.117
373.550,0.002,-0.118
373.600,0.002,-0.117
373.650,0.002,-0.118
373.700,0.002,-0.117
373.750,0.002,-0.117
373.800,0.002,-0.117
373.850,0.002,-0.118
373.900,0.002,-0.117
373.950,0.002,-0.118
374.000,0.002,-0.117
374.050,0.002,-0.117
374.100,0.002,-0.117
374.150,0.002,-0.118
374.200,0.002,-0.117
374.250,0.002,-0.117
374.300,0.002,-0.117
374.350,0.002,-0.117
374.400,0.002,-0.117
374.450,0.002,-0.118
374.500,0.002,-0.117
374.550,0.002,-0.118
374.600,0.002,-0.117
374.650,0.002,-0.118
374.700,0.002,-0.117
374.750,0.002,-0.118
374.800,0.002,-0.117
374.850,0.002,-0.118
374.900,0.002,-0.117
374.950,0.002,-0.117
375.000,0.002,-0.117
375.050,0.002,-0.118
375.100,0.002,-0.117
375.150,0.002,-0.118
375.200,0.002,-0.117
375.250,0.002,-0.118
375.300,0.002,-0.117
375.350,0.002,-0.118
375.400,0.002,-0.117
375.450,0.002,-0.117
375.500,0.002,-0.117
375.550,0.002,-0.118
375.600,0.002,-0.117
375.650,0.002,-0.118
375.700,0.002,-0.117
375.750,0.002,-0.118
375.800,0.002,-0.116
375.850,0.002,-0.117
375.900,0.002,-0.117
375.950,0.002,-0.117
376.000,0.002,-0.117
376.050,0.002,-0.117
376.100,0.002,-0.117
