Datum und Zeit Messreihe #1	Zeit (s) Messreihe #1	Spannung, Ch A (V) Messreihe #1	Stromsonde (PS-2184), Ch A (A) Messreihe #1	Spannung, Ch B (V) Messreihe #1	Stromsonde (PS-2184), Ch B (A) Messreihe #1
15.01.2026 15:00:00	0,000	0,069	0,6876	0,032	0,3164
15.01.2026 15:00:00	0,050	0,069	0,6935	0,032	0,3201
15.01.2026 15:00:00	0,100	0,069	0,6903	0,031	0,3119
15.01.2026 15:00:00	0,150	0,070	0,6966	0,032	0,3193
15.01.2026 15:00:00	0,200	0,069	0,6933	0,031	0,3132
15.01.2026 15:00:00	0,250	0,070	0,7027	0,032	0,3212
15.01.2026 15:00:00	0,300	0,070	0,7038	0,032	0,3153
15.01.2026 15:00:00	0,350	0,072	0,7152	0,032	0,3208
15.01.2026 15:00:00	0,400	0,073	0,7331	0,031	0,3146
15.01.2026 15:00:00	0,450	0,076	0,7589	0,032	0,3219
15.01.2026 15:00:00	0,500	0,078	0,7845	0,032	0,3162
15.01.2026 15:00:00	0,550	0,081	0,8119	0,032	0,3210
15.01.2026 15:00:00	0,600	0,082	0,8237	0,032	0,3160
15.01.2026 15:00:00	0,650	0,084	0,8400	0,032	0,3207
15.01.2026 15:00:00	0,700	0,085	0,8549	0,032	0,3154
15.01.2026 15:00:00	0,750	0,092	0,9181	0,032	0,3204
15.01.2026 15:00:00	0,800	0,101	1,0058	0,032	0,3159
15.01.2026 15:00:00	0,850	0,111	1,1143	0,032	0,3223
15.01.2026 15:00:00	0,900	0,116	1,1639	0,032	0,3173
15.01.2026 15:00:00	0,950	0,123	1,2264	0,032	0,3204
15.01.2026 15:00:01	1,000	0,131	1,3088	0,032	0,3169
15.01.2026 15:00:01	1,050	0,140	1,4047	0,032	0,3201
15.01.2026 15:00:01	1,100	0,165	1,6459	0,031	0,3148
15.01.2026 15:00:01	1,150	0,193	1,9335	0,032	0,3228
15.01.2026 15:00:01	1,200	0,210	2,0960	0,032	0,3154
15.01.2026 15:00:01	1,250	0,218	2,1839	0,032	0,3233
15.01.2026 15:00:01	1,300	0,222	2,2211	0,032	0,3167
15.01.2026 15:00:01	1,350	0,224	2,2445	0,032	0,3221
15.01.2026 15:00:01	1,400	0,225	2,2523	0,032	0,3163
15.01.2026 15:00:01	1,450	0,227	2,2729	0,032	0,3246
15.01.2026 15:00:01	1,500	0,234	2,3365	0,032	0,3163
15.01.2026 15:00:01	1,550	0,239	2,3921	0,032	0,3221
15.01.2026 15:00:01	1,600	0,241	2,4147	0,032	0,3152
15.01.2026 15:00:01	1,650	0,247	2,4732	0,033	0,3251
15.01.2026 15:00:01	1,700	0,255	2,5468	0,032	0,3209
15.01.2026 15:00:01	1,750	0,263	2,6292	0,032	0,3226
15.01.2026 15:00:01	1,800	0,271	2,7123	0,032	0,3180
15.01.2026 15:00:01	1,850	0,281	2,8114	0,032	0,3235
15.01.2026 15:00:01	1,900	0,292	2,9188	0,032	0,3169
15.01.2026 15:00:01	1,950	0,308	3,0802	0,032	0,3233
15.01.2026 15:00:02	2,000	0,320	3,1961	0,031	0,3146
15.01.2026 15:00:02	2,050	0,326	3,2637	0,032	0,3228
15.01.2026 15:00:02	2,100	0,330	3,2963	0,032	0,3191
15.01.2026 15:00:02	2,150	0,332	3,3186	0,033	0,3251
15.01.2026 15:00:02	2,200	0,335	3,3502	0,032	0,3175
15.01.2026 15:00:02	2,250	0,343	3,4307	0,033	0,3261
15.01.2026 15:00:02	2,300	0,351	3,5081	0,032	0,3155
15.01.2026 15:00:02	2,350	0,360	3,5990	0,033	0,3269
15.01.2026 15:00:02	2,400	0,369	3,6935	0,032	0,3178
15.01.2026 15:00:02	2,450	0,378	3,7801	0,032	0,3248
15.01.2026 15:00:02	2,500	0,382	3,8188	0,032	0,3184
15.01.2026 15:00:02	2,550	0,387	3,8681	0,032	0,3241
15.01.2026 15:00:02	2,600	0,394	3,9377	0,032	0,3189
15.01.2026 15:00:02	2,650	0,399	3,9894	0,033	0,3251
15.01.2026 15:00:02	2,700	0,406	4,0632	0,032	0,3156
15.01.2026 15:00:02	2,750	0,414	4,1360	0,032	0,3224
15.01.2026 15:00:02	2,800	0,417	4,1700	0,032	0,3210
15.01.2026 15:00:02	2,850	0,419	4,1904	0,033	0,3255
15.01.2026 15:00:02	2,900	0,419	4,1925	0,032	0,3174
15.01.2026 15:00:02	2,950	0,420	4,2025	0,032	0,3244
15.01.2026 15:00:03	3,000	0,420	4,2008	0,032	0,3196
15.01.2026 15:00:03	3,050	0,420	4,2040	0,032	0,3248
15.01.2026 15:00:03	3,100	0,420	4,2004	0,032	0,3190
15.01.2026 15:00:03	3,150	0,420	4,2028	0,032	0,3241
15.01.2026 15:00:03	3,200	0,420	4,1997	0,032	0,3192
15.01.2026 15:00:03	3,250	0,420	4,2004	0,032	0,3225
15.01.2026 15:00:03	3,300	0,420	4,1996	0,032	0,3196
15.01.2026 15:00:03	3,350	0,420	4,2045	0,033	0,3277
15.01.2026 15:00:03	3,400	0,420	4,1958	0,032	0,3176
15.01.2026 15:00:03	3,450	0,420	4,2003	0,032	0,3232
15.01.2026 15:00:03	3,500	0,420	4,1965	0,032	0,3166
15.01.2026 15:00:03	3,550	0,420	4,2040	0,032	0,3243
15.01.2026 15:00:03	3,600	0,420	4,2025	0,032	0,3175
15.01.2026 15:00:03	3,650	0,421	4,2116	0,033	0,3278
15.01.2026 15:00:03	3,700	0,424	4,2386	0,032	0,3176
15.01.2026 15:00:03	3,750	0,434	4,3420	0,033	0,3263
15.01.2026 15:00:03	3,800	0,450	4,4993	0,032	0,3222
15.01.2026 15:00:03	3,850	0,467	4,6707	0,032	0,3249
15.01.2026 15:00:03	3,900	0,479	4,7853	0,032	0,3165
15.01.2026 15:00:03	3,950	0,486	4,8575	0,033	0,3250
15.01.2026 15:00:04	4,000	0,494	4,9412	0,032	0,3179
15.01.2026 15:00:04	4,050	0,504	5,0384	0,033	0,3271
15.01.2026 15:00:04	4,100	0,517	5,1715	0,032	0,3198
15.01.2026 15:00:04	4,150	0,531	5,3112	0,033	0,3250
15.01.2026 15:00:04	4,200	0,538	5,3826	0,032	0,3155
15.01.2026 15:00:04	4,250	0,548	5,4792	0,033	0,3266
15.01.2026 15:00:04	4,300	0,554	5,5353	0,032	0,3184
15.01.2026 15:00:04	4,350	0,557	5,5738	0,032	0,3248
15.01.2026 15:00:04	4,400	0,564	5,6403	0,032	0,3196
15.01.2026 15:00:04	4,450	0,578	5,7798	0,033	0,3257
15.01.2026 15:00:04	4,500	0,594	5,9360	0,032	0,3197
15.01.2026 15:00:04	4,550	0,609	6,0899	0,033	0,3263
15.01.2026 15:00:04	4,600	0,622	6,2165	0,032	0,3165
15.01.2026 15:00:04	4,650	0,635	6,3547	0,033	0,3261
15.01.2026 15:00:04	4,700	0,648	6,4807	0,032	0,3218
15.01.2026 15:00:04	4,750	0,662	6,6207	0,032	0,3236
15.01.2026 15:00:04	4,800	0,672	6,7238	0,032	0,3202
15.01.2026 15:00:04	4,850	0,678	6,7840	0,033	0,3257
15.01.2026 15:00:04	4,900	0,681	6,8063	0,032	0,3203
15.01.2026 15:00:04	4,950	0,682	6,8223	0,033	0,3259
15.01.2026 15:00:05	5,000	0,682	6,8244	0,032	0,3188
15.01.2026 15:00:05	5,050	0,684	6,8390	0,033	0,3273
15.01.2026 15:00:05	5,100	0,690	6,9026	0,032	0,3199
15.01.2026 15:00:05	5,150	0,696	6,9626	0,032	0,3234
15.01.2026 15:00:05	5,200	0,704	7,0446	0,032	0,3215
15.01.2026 15:00:05	5,250	0,715	7,1538	0,033	0,3274
15.01.2026 15:00:05	5,300	0,725	7,2546	0,032	0,3199
15.01.2026 15:00:05	5,350	0,732	7,3182	0,033	0,3266
15.01.2026 15:00:05	5,400	0,734	7,3430	0,032	0,3214
15.01.2026 15:00:05	5,450	0,736	7,3624	0,033	0,3269
15.01.2026 15:00:05	5,500	0,737	7,3705	0,032	0,3249
15.01.2026 15:00:05	5,550	0,738	7,3757	0,032	0,3248
15.01.2026 15:00:05	5,600	0,742	7,4245	0,032	0,3213
15.01.2026 15:00:05	5,650	0,759	7,5942	0,033	0,3269
15.01.2026 15:00:05	5,700	0,774	7,7391	0,032	0,3211
15.01.2026 15:00:05	5,750	0,782	7,8197	0,033	0,3271
15.01.2026 15:00:05	5,800	0,786	7,8554	0,032	0,3174
15.01.2026 15:00:05	5,850	0,795	7,9491	0,033	0,3268
15.01.2026 15:00:05	5,900	0,809	8,0946	0,032	0,3223
15.01.2026 15:00:05	5,950	0,826	8,2554	0,033	0,3260
15.01.2026 15:00:06	6,000	0,834	8,3375	0,032	0,3205
15.01.2026 15:00:06	6,050	0,839	8,3874	0,033	0,3286
15.01.2026 15:00:06	6,100	0,840	8,4038	0,032	0,3214
15.01.2026 15:00:06	6,150	0,843	8,4254	0,033	0,3300
15.01.2026 15:00:06	6,200	0,849	8,4912	0,032	0,3245
15.01.2026 15:00:06	6,250	0,855	8,5464	0,032	0,3243
15.01.2026 15:00:06	6,300	0,861	8,6074	0,032	0,3233
15.01.2026 15:00:06	6,350	0,870	8,6953	0,033	0,3270
15.01.2026 15:00:06	6,400	0,874	8,7359	0,032	0,3250
15.01.2026 15:00:06	6,450	0,876	8,7605	0,033	0,3305
15.01.2026 15:00:06	6,500	0,876	8,7640	0,032	0,3244
15.01.2026 15:00:06	6,550	0,878	8,7756	0,033	0,3309
15.01.2026 15:00:06	6,600	0,877	8,7741	0,032	0,3241
15.01.2026 15:00:06	6,650	0,884	8,8434	0,033	0,3322
15.01.2026 15:00:06	6,700	0,890	8,8952	0,032	0,3228
15.01.2026 15:00:06	6,750	0,893	8,9295	0,033	0,3282
15.01.2026 15:00:06	6,800	0,903	9,0284	0,033	0,3279
15.01.2026 15:00:06	6,850	0,917	9,1685	0,033	0,3296
15.01.2026 15:00:06	6,900	0,929	9,2943	0,032	0,3248
15.01.2026 15:00:06	6,950	0,945	9,4520	0,033	0,3289
15.01.2026 15:00:07	7,000	0,955	9,5517	0,032	0,3224
15.01.2026 15:00:07	7,050	0,964	9,6423	0,033	0,3277
15.01.2026 15:00:07	7,100	0,974	9,7394	0,032	0,3241
15.01.2026 15:00:07	7,150	0,984	9,8431	0,032	0,3250
15.01.2026 15:00:07	7,200	0,994	9,9385	0,032	0,3248
15.01.2026 15:00:07	7,250	1,005	10,0542	0,033	0,3309
15.01.2026 15:00:07	7,300	1,011	10,1126	0,032	0,3227
15.01.2026 15:00:07	7,350	1,016	10,1567	0,033	0,3270
15.01.2026 15:00:07	7,400	1,025	10,2465	0,033	0,3259
15.01.2026 15:00:07	7,450	1,031	10,3073	0,033	0,3294
15.01.2026 15:00:07	7,500	1,034	10,3378	0,033	0,3272
15.01.2026 15:00:07	7,550	1,035	10,3541	0,033	0,3275
15.01.2026 15:00:07	7,600	1,036	10,3600	0,032	0,3224
15.01.2026 15:00:07	7,650	1,038	10,3766	0,033	0,3267
15.01.2026 15:00:07	7,700	1,048	10,4849	0,032	0,3237
15.01.2026 15:00:07	7,750	1,067	10,6739	0,033	0,3312
15.01.2026 15:00:07	7,800	1,078	10,7758	0,032	0,3218
15.01.2026 15:00:07	7,850	1,088	10,8786	0,033	0,3298
15.01.2026 15:00:07	7,900	1,097	10,9713	0,033	0,3298
15.01.2026 15:00:07	7,950	1,102	11,0211	0,033	0,3295
15.01.2026 15:00:08	8,000	1,113	11,1303	0,033	0,3272
15.01.2026 15:00:08	8,050	1,131	11,3054	0,033	0,3280
15.01.2026 15:00:08	8,100	1,151	11,5144	0,033	0,3270
15.01.2026 15:00:08	8,150	1,171	11,7116	0,033	0,3320
15.01.2026 15:00:08	8,200	1,183	11,8273	0,033	0,3260
15.01.2026 15:00:08	8,250	1,189	11,8863	0,033	0,3287
15.01.2026 15:00:08	8,300	1,197	11,9745	0,033	0,3294
15.01.2026 15:00:08	8,350	1,268	12,6808	0,033	0,3299
15.01.2026 15:00:08	8,400	1,328	13,2828	0,033	0,3276
15.01.2026 15:00:08	8,450	1,358	13,5789	0,033	0,3281
15.01.2026 15:00:08	8,500	1,373	13,7281	0,033	0,3258
15.01.2026 15:00:08	8,550	1,381	13,8060	0,033	0,3337
15.01.2026 15:00:08	8,600	1,384	13,8417	0,033	0,3297
15.01.2026 15:00:08	8,650	1,386	13,8600	0,033	0,3322
15.01.2026 15:00:08	8,700	1,387	13,8666	0,033	0,3269
15.01.2026 15:00:08	8,750	1,387	13,8738	0,033	0,3298
15.01.2026 15:00:08	8,800	1,385	13,8464	0,033	0,3303
15.01.2026 15:00:08	8,850	1,370	13,7016	0,033	0,3307
15.01.2026 15:00:08	8,900	1,365	13,6513	0,033	0,3298
15.01.2026 15:00:08	8,950	1,375	13,7487	0,033	0,3317
15.01.2026 15:00:09	9,000	1,383	13,8281	0,033	0,3282
15.01.2026 15:00:09	9,050	1,400	13,9962	0,033	0,3317
15.01.2026 15:00:09	9,100	1,424	14,2450	0,033	0,3306
15.01.2026 15:00:09	9,150	1,447	14,4732	0,033	0,3325
15.01.2026 15:00:09	9,200	1,463	14,6295	0,033	0,3300
15.01.2026 15:00:09	9,250	1,477	14,7748	0,033	0,3329
15.01.2026 15:00:09	9,300	1,489	14,8917	0,033	0,3292
15.01.2026 15:00:09	9,350	1,502	15,0156	0,034	0,3360
15.01.2026 15:00:09	9,400	1,508	15,0826	0,033	0,3292
15.01.2026 15:00:09	9,450	1,513	15,1296	0,033	0,3341
15.01.2026 15:00:09	9,500	1,523	15,2296	0,033	0,3332
15.01.2026 15:00:09	9,550	1,535	15,3547	0,033	0,3326
15.01.2026 15:00:09	9,600	1,547	15,4671	0,033	0,3296
15.01.2026 15:00:09	9,650	1,565	15,6520	0,033	0,3304
15.01.2026 15:00:09	9,700	1,583	15,8329	0,033	0,3308
15.01.2026 15:00:09	9,750	1,599	15,9921	0,033	0,3343
15.01.2026 15:00:09	9,800	1,609	16,0914	0,033	0,3308
15.01.2026 15:00:09	9,850	1,615	16,1458	0,033	0,3331
15.01.2026 15:00:09	9,900	1,623	16,2267	0,033	0,3306
15.01.2026 15:00:09	9,950	1,635	16,3469	0,033	0,3332
15.01.2026 15:00:10	10,000	1,647	16,4697	0,033	0,3303
15.01.2026 15:00:10	10,050	1,659	16,5924	0,033	0,3337
15.01.2026 15:00:10	10,100	1,666	16,6629	0,034	0,3357
15.01.2026 15:00:10	10,150	1,670	16,6954	0,033	0,3332
15.01.2026 15:00:10	10,200	1,671	16,7114	0,033	0,3291
15.01.2026 15:00:10	10,250	1,675	16,7549	0,033	0,3312
15.01.2026 15:00:10	10,300	1,689	16,8876	0,033	0,3316
15.01.2026 15:00:10	10,350	1,700	16,9993	0,033	0,3327
15.01.2026 15:00:10	10,400	1,713	17,1324	0,033	0,3325
15.01.2026 15:00:10	10,450	1,728	17,2777	0,033	0,3349
15.01.2026 15:00:10	10,500	1,736	17,3595	0,033	0,3344
15.01.2026 15:00:10	10,550	1,740	17,4019	0,034	0,3364
15.01.2026 15:00:10	10,600	1,742	17,4197	0,033	0,3327
15.01.2026 15:00:10	10,650	1,743	17,4323	0,034	0,3364
15.01.2026 15:00:10	10,700	1,744	17,4372	0,033	0,3346
15.01.2026 15:00:10	10,750	1,747	17,4714	0,034	0,3361
15.01.2026 15:00:10	10,800	1,757	17,5656	0,033	0,3337
15.01.2026 15:00:10	10,850	1,768	17,6778	0,033	0,3346
15.01.2026 15:00:10	10,900	1,774	17,7425	0,033	0,3346
15.01.2026 15:00:10	10,950	1,780	17,8007	0,034	0,3385
15.01.2026 15:00:11	11,000	1,793	17,9310	0,034	0,3362
15.01.2026 15:00:11	11,050	1,808	18,0750	0,034	0,3378
15.01.2026 15:00:11	11,100	1,825	18,2516	0,033	0,3331
15.01.2026 15:00:11	11,150	1,838	18,3827	0,033	0,3340
15.01.2026 15:00:11	11,200	1,845	18,4506	0,033	0,3345
15.01.2026 15:00:11	11,250	1,848	18,4836	0,034	0,3371
15.01.2026 15:00:11	11,300	1,852	18,5231	0,034	0,3367
15.01.2026 15:00:11	11,350	1,863	18,6331	0,033	0,3338
15.01.2026 15:00:11	11,400	1,880	18,8048	0,033	0,3324
15.01.2026 15:00:11	11,450	1,893	18,9271	0,034	0,3363
15.01.2026 15:00:11	11,500	1,909	19,0921	0,034	0,3388
15.01.2026 15:00:11	11,550	1,933	19,3253	0,034	0,3367
15.01.2026 15:00:11	11,600	1,945	19,4462	0,033	0,3326
15.01.2026 15:00:11	11,650	1,951	19,5128	0,034	0,3392
15.01.2026 15:00:11	11,700	1,954	19,5425	0,034	0,3369
15.01.2026 15:00:11	11,750	1,955	19,5511	0,034	0,3386
15.01.2026 15:00:11	11,800	1,949	19,4906	0,034	0,3362
15.01.2026 15:00:11	11,850	1,945	19,4451	0,034	0,3356
15.01.2026 15:00:11	11,900	1,946	19,4648	0,034	0,3356
15.01.2026 15:00:11	11,950	1,952	19,5193	0,034	0,3372
15.01.2026 15:00:12	12,000	1,955	19,5487	0,034	0,3368
15.01.2026 15:00:12	12,050	1,956	19,5630	0,034	0,3385
15.01.2026 15:00:12	12,100	1,957	19,5705	0,034	0,3365
15.01.2026 15:00:12	12,150	1,958	19,5784	0,034	0,3372
15.01.2026 15:00:12	12,200	1,973	19,7253	0,034	0,3358
15.01.2026 15:00:12	12,250	2,006	20,0614	0,034	0,3368
15.01.2026 15:00:12	12,300	2,039	20,3856	0,034	0,3360
15.01.2026 15:00:12	12,350	2,060	20,6032	0,034	0,3371
15.01.2026 15:00:12	12,400	2,076	20,7583	0,034	0,3393
15.01.2026 15:00:12	12,450	2,091	20,9086	0,034	0,3392
15.01.2026 15:00:12	12,500	2,104	21,0385	0,033	0,3344
15.01.2026 15:00:12	12,550	2,114	21,1379	0,034	0,3396
15.01.2026 15:00:12	12,600	2,124	21,2402	0,034	0,3366
15.01.2026 15:00:12	12,650	2,130	21,3006	0,034	0,3424
15.01.2026 15:00:12	12,700	2,138	21,3797	0,034	0,3381
15.01.2026 15:00:12	12,750	2,146	21,4562	0,034	0,3408
15.01.2026 15:00:12	12,800	2,151	21,5107	0,034	0,3368
15.01.2026 15:00:12	12,850	2,161	21,6090	0,034	0,3412
15.01.2026 15:00:12	12,900	2,166	21,6640	0,034	0,3369
15.01.2026 15:00:12	12,950	2,170	21,6961	0,034	0,3419
15.01.2026 15:00:13	13,000	2,171	21,7102	0,034	0,3407
15.01.2026 15:00:13	13,050	2,172	21,7162	0,034	0,3405
15.01.2026 15:00:13	13,100	2,172	21,7217	0,034	0,3395
15.01.2026 15:00:13	13,150	2,172	21,7239	0,034	0,3406
15.01.2026 15:00:13	13,200	2,172	21,7247	0,034	0,3375
15.01.2026 15:00:13	13,250	2,173	21,7288	0,034	0,3399
15.01.2026 15:00:13	13,300	2,173	21,7312	0,034	0,3375
15.01.2026 15:00:13	13,350	2,179	21,7861	0,034	0,3416
15.01.2026 15:00:13	13,400	2,192	21,9224	0,034	0,3392
15.01.2026 15:00:13	13,450	2,206	22,0607	0,034	0,3387
15.01.2026 15:00:13	13,500	2,216	22,1573	0,034	0,3394
15.01.2026 15:00:13	13,550	2,220	22,1991	0,034	0,3386
15.01.2026 15:00:13	13,600	2,222	22,2239	0,034	0,3393
15.01.2026 15:00:13	13,650	2,223	22,2325	0,034	0,3380
15.01.2026 15:00:13	13,700	2,224	22,2390	0,034	0,3379
15.01.2026 15:00:13	13,750	2,225	22,2490	0,034	0,3405
15.01.2026 15:00:13	13,800	2,233	22,3258	0,034	0,3389
15.01.2026 15:00:13	13,850	2,239	22,3858	0,034	0,3391
15.01.2026 15:00:13	13,900	2,242	22,4206	0,034	0,3394
15.01.2026 15:00:13	13,950	2,244	22,4395	0,034	0,3409
15.01.2026 15:00:14	14,000	2,247	22,4699	0,034	0,3379
15.01.2026 15:00:14	14,050	2,255	22,5518	0,034	0,3434
15.01.2026 15:00:14	14,100	2,266	22,6608	0,034	0,3413
15.01.2026 15:00:14	14,150	2,272	22,7241	0,034	0,3401
15.01.2026 15:00:14	14,200	2,276	22,7582	0,034	0,3408
15.01.2026 15:00:14	14,250	2,277	22,7737	0,034	0,3415
15.01.2026 15:00:14	14,300	2,278	22,7836	0,034	0,3409
15.01.2026 15:00:14	14,350	2,279	22,7868	0,034	0,3416
15.01.2026 15:00:14	14,400	2,279	22,7902	0,034	0,3421
15.01.2026 15:00:14	14,450	2,282	22,8223	0,034	0,3393
15.01.2026 15:00:14	14,500	2,295	22,9510	0,034	0,3383
15.01.2026 15:00:14	14,550	2,305	23,0497	0,034	0,3410
15.01.2026 15:00:14	14,600	2,310	23,0988	0,034	0,3405
15.01.2026 15:00:14	14,650	2,312	23,1187	0,034	0,3407
15.01.2026 15:00:14	14,700	2,314	23,1361	0,034	0,3394
15.01.2026 15:00:14	14,750	2,321	23,2110	0,034	0,3407
15.01.2026 15:00:14	14,800	2,329	23,2939	0,034	0,3401
15.01.2026 15:00:14	14,850	2,340	23,3992	0,034	0,3396
15.01.2026 15:00:14	14,900	2,352	23,5225	0,034	0,3421
15.01.2026 15:00:14	14,950	2,360	23,6010	0,034	0,3414
15.01.2026 15:00:15	15,000	2,364	23,6443	0,034	0,3425
15.01.2026 15:00:15	15,050	2,367	23,6653	0,034	0,3430
15.01.2026 15:00:15	15,100	2,374	23,7392	0,034	0,3434
15.01.2026 15:00:15	15,150	2,384	23,8393	0,034	0,3402
15.01.2026 15:00:15	15,200	2,394	23,9439	0,034	0,3399
15.01.2026 15:00:15	15,250	2,400	23,9982	0,034	0,3428
15.01.2026 15:00:15	15,300	2,403	24,0287	0,034	0,3442
15.01.2026 15:00:15	15,350	2,404	24,0433	0,034	0,3420
15.01.2026 15:00:15	15,400	2,412	24,1175	0,034	0,3423
15.01.2026 15:00:15	15,450	2,417	24,1678	0,034	0,3423
15.01.2026 15:00:15	15,500	2,420	24,1992	0,034	0,3440
15.01.2026 15:00:15	15,550	2,427	24,2681	0,034	0,3436
15.01.2026 15:00:15	15,600	2,434	24,3364	0,034	0,3433
15.01.2026 15:00:15	15,650	2,438	24,3800	0,034	0,3410
15.01.2026 15:00:15	15,700	2,447	24,4701	0,035	0,3455
15.01.2026 15:00:15	15,750	2,452	24,5215	0,034	0,3426
15.01.2026 15:00:15	15,800	2,455	24,5511	0,034	0,3437
15.01.2026 15:00:15	15,850	2,456	24,5635	0,034	0,3440
15.01.2026 15:00:15	15,900	2,457	24,5698	0,034	0,3423
15.01.2026 15:00:15	15,950	2,462	24,6227	0,034	0,3442
15.01.2026 15:00:16	16,000	2,475	24,7519	0,035	0,3452
15.01.2026 15:00:16	16,050	2,484	24,8432	0,034	0,3435
15.01.2026 15:00:16	16,100	2,489	24,8897	0,034	0,3422
15.01.2026 15:00:16	16,150	2,491	24,9129	0,034	0,3439
15.01.2026 15:00:16	16,200	2,497	24,9671	0,034	0,3417
15.01.2026 15:00:16	16,250	2,509	25,0889	0,034	0,3424
15.01.2026 15:00:16	16,300	2,519	25,1864	0,034	0,3419
15.01.2026 15:00:16	16,350	2,523	25,2346	0,034	0,3439
15.01.2026 15:00:16	16,400	2,526	25,2613	0,035	0,3455
15.01.2026 15:00:16	16,450	2,527	25,2712	0,035	0,3458
15.01.2026 15:00:16	16,500	2,528	25,2795	0,035	0,3460
15.01.2026 15:00:16	16,550	2,528	25,2764	0,034	0,3407
15.01.2026 15:00:16	16,600	2,528	25,2813	0,034	0,3433
15.01.2026 15:00:16	16,650	2,529	25,2908	0,034	0,3416
15.01.2026 15:00:16	16,700	2,539	25,3907	0,035	0,3457
15.01.2026 15:00:16	16,750	2,551	25,5084	0,034	0,3429
15.01.2026 15:00:16	16,800	2,557	25,5749	0,034	0,3413
15.01.2026 15:00:16	16,850	2,565	25,6546	0,034	0,3448
15.01.2026 15:00:16	16,900	2,574	25,7363	0,034	0,3436
15.01.2026 15:00:16	16,950	2,578	25,7803	0,035	0,3459
15.01.2026 15:00:17	17,000	2,581	25,8096	0,035	0,3457
15.01.2026 15:00:17	17,050	2,591	25,9146	0,035	0,3466
15.01.2026 15:00:17	17,100	2,609	26,0875	0,034	0,3418
15.01.2026 15:00:17	17,150	2,627	26,2699	0,034	0,3447
15.01.2026 15:00:17	17,200	2,640	26,4028	0,035	0,3457
15.01.2026 15:00:17	17,250	2,647	26,4681	0,035	0,3477
15.01.2026 15:00:17	17,300	2,648	26,4791	0,034	0,3441
15.01.2026 15:00:17	17,350	2,642	26,4222	0,035	0,3460
15.01.2026 15:00:17	17,400	2,639	26,3873	0,034	0,3437
15.01.2026 15:00:17	17,450	2,637	26,3705	0,035	0,3458
15.01.2026 15:00:17	17,500	2,636	26,3617	0,034	0,3440
15.01.2026 15:00:17	17,550	2,636	26,3572	0,035	0,3457
15.01.2026 15:00:17	17,600	2,636	26,3554	0,034	0,3436
15.01.2026 15:00:17	17,650	2,635	26,3533	0,034	0,3447
15.01.2026 15:00:17	17,700	2,636	26,3588	0,035	0,3462
15.01.2026 15:00:17	17,750	2,636	26,3607	0,035	0,3463
15.01.2026 15:00:17	17,800	2,642	26,4193	0,035	0,3450
15.01.2026 15:00:17	17,850	2,656	26,5562	0,034	0,3444
15.01.2026 15:00:17	17,900	2,664	26,6395	0,035	0,3460
15.01.2026 15:00:17	17,950	2,674	26,7429	0,035	0,3470
15.01.2026 15:00:18	18,000	2,683	26,8334	0,034	0,3441
15.01.2026 15:00:18	18,050	2,694	26,9438	0,035	0,3468
15.01.2026 15:00:18	18,100	2,700	27,0019	0,034	0,3416
15.01.2026 15:00:18	18,150	2,704	27,0397	0,035	0,3478
15.01.2026 15:00:18	18,200	2,711	27,1148	0,034	0,3427
15.01.2026 15:00:18	18,250	2,719	27,1859	0,035	0,3478
15.01.2026 15:00:18	18,300	2,731	27,3138	0,035	0,3461
15.01.2026 15:00:18	18,350	2,751	27,5088	0,035	0,3488
15.01.2026 15:00:18	18,400	2,772	27,7239	0,035	0,3504
15.01.2026 15:00:18	18,450	2,792	27,9197	0,035	0,3513
15.01.2026 15:00:18	18,500	2,809	28,0874	0,035	0,3475
15.01.2026 15:00:18	18,550	2,820	28,2035	0,035	0,3506
15.01.2026 15:00:18	18,600	2,825	28,2544	0,035	0,3454
15.01.2026 15:00:18	18,650	2,828	28,2833	0,035	0,3468
15.01.2026 15:00:18	18,700	2,834	28,3385	0,035	0,3458
15.01.2026 15:00:18	18,750	2,848	28,4799	0,035	0,3491
15.01.2026 15:00:18	18,800	2,858	28,5800	0,035	0,3496
15.01.2026 15:00:18	18,850	2,863	28,6277	0,035	0,3502
15.01.2026 15:00:18	18,900	2,866	28,6555	0,035	0,3545
15.01.2026 15:00:18	18,950	2,866	28,6645	0,035	0,3522
15.01.2026 15:00:19	19,000	2,867	28,6679	0,035	0,3480
15.01.2026 15:00:19	19,050	2,867	28,6693	0,035	0,3485
15.01.2026 15:00:19	19,100	2,867	28,6730	0,035	0,3486
15.01.2026 15:00:19	19,150	2,867	28,6749	0,035	0,3505
15.01.2026 15:00:19	19,200	2,867	28,6736	0,035	0,3469
15.01.2026 15:00:19	19,250	2,868	28,6759	0,035	0,3498
15.01.2026 15:00:19	19,300	2,867	28,6747	0,035	0,3480
15.01.2026 15:00:19	19,350	2,867	28,6738	0,035	0,3490
15.01.2026 15:00:19	19,400	2,880	28,7963	0,035	0,3482
15.01.2026 15:00:19	19,450	2,907	29,0661	0,035	0,3487
15.01.2026 15:00:19	19,500	2,934	29,3410	0,035	0,3484
15.01.2026 15:00:19	19,550	2,962	29,6194	0,035	0,3478
15.01.2026 15:00:19	19,600	2,982	29,8200	0,035	0,3473
15.01.2026 15:00:19	19,650	3,004	30,0358	0,035	0,3525
15.01.2026 15:00:19	19,700	3,017	30,1722	0,035	0,3531
15.01.2026 15:00:19	19,750	3,024	30,2361	0,035	0,3507
15.01.2026 15:00:19	19,800	3,027	30,2726	0,035	0,3517
15.01.2026 15:00:19	19,850	3,029	30,2872	0,035	0,3518
15.01.2026 15:00:19	19,900	3,030	30,2966	0,035	0,3505
15.01.2026 15:00:19	19,950	3,030	30,3019	0,035	0,3527
15.01.2026 15:00:20	20,000	3,030	30,3026	0,035	0,3497
15.01.2026 15:00:20	20,050	3,030	30,3039	0,035	0,3499
15.01.2026 15:00:20	20,100	3,030	30,3032	0,035	0,3472
15.01.2026 15:00:20	20,150	3,031	30,3068	0,035	0,3515
15.01.2026 15:00:20	20,200	3,031	30,3083	0,035	0,3510
15.01.2026 15:00:20	20,250	3,031	30,3085	0,035	0,3531
15.01.2026 15:00:20	20,300	3,031	30,3066	0,035	0,3494
15.01.2026 15:00:20	20,350	3,031	30,3108	0,036	0,3554
15.01.2026 15:00:20	20,400	3,031	30,3103	0,035	0,3525
15.01.2026 15:00:20	20,450	3,034	30,3447	0,035	0,3521
15.01.2026 15:00:20	20,500	3,051	30,5051	0,035	0,3504
15.01.2026 15:00:20	20,550	3,067	30,6740	0,035	0,3542
15.01.2026 15:00:20	20,600	3,076	30,7588	0,035	0,3484
15.01.2026 15:00:20	20,650	3,081	30,8062	0,035	0,3533
15.01.2026 15:00:20	20,700	3,082	30,8241	0,035	0,3522
15.01.2026 15:00:20	20,750	3,090	30,9044	0,035	0,3529
15.01.2026 15:00:20	20,800	3,108	31,0795	0,035	0,3480
15.01.2026 15:00:20	20,850	3,130	31,2971	0,035	0,3527
15.01.2026 15:00:20	20,900	3,143	31,4251	0,035	0,3507
15.01.2026 15:00:20	20,950	3,154	31,5383	0,035	0,3508
15.01.2026 15:00:21	21,000	3,164	31,6445	0,035	0,3506
15.01.2026 15:00:21	21,050	3,177	31,7675	0,036	0,3562
15.01.2026 15:00:21	21,100	3,193	31,9275	0,035	0,3511
15.01.2026 15:00:21	21,150	3,213	32,1337	0,035	0,3548
15.01.2026 15:00:21	21,200	3,234	32,3397	0,035	0,3527
15.01.2026 15:00:21	21,250	3,250	32,4971	0,036	0,3556
15.01.2026 15:00:21	21,300	3,268	32,6804	0,035	0,3517
15.01.2026 15:00:21	21,350	3,298	32,9803	0,036	0,3565
15.01.2026 15:00:21	21,400	3,329	33,2850	0,035	0,3533
15.01.2026 15:00:21	21,450	3,353	33,5310	0,036	0,3569
15.01.2026 15:00:21	21,500	3,372	33,7248	0,035	0,3545
15.01.2026 15:00:21	21,550	3,400	33,9956	0,036	0,3569
15.01.2026 15:00:21	21,600	3,428	34,2779	0,035	0,3534
15.01.2026 15:00:21	21,650	3,449	34,4918	0,036	0,3570
15.01.2026 15:00:21	21,700	3,474	34,7372	0,035	0,3542
15.01.2026 15:00:21	21,750	3,499	34,9919	0,036	0,3586
15.01.2026 15:00:21	21,800	3,520	35,1994	0,035	0,3547
15.01.2026 15:00:21	21,850	3,548	35,4830	0,036	0,3623
15.01.2026 15:00:21	21,900	3,575	35,7513	0,036	0,3596
15.01.2026 15:00:21	21,950	3,600	35,9967	0,036	0,3604
15.01.2026 15:00:22	22,000	3,625	36,2550	0,036	0,3571
15.01.2026 15:00:22	22,050	3,647	36,4726	0,036	0,3611
15.01.2026 15:00:22	22,100	3,670	36,7049	0,036	0,3582
15.01.2026 15:00:22	22,150	3,694	36,9427	0,036	0,3626
15.01.2026 15:00:22	22,200	3,716	37,1612	0,036	0,3582
15.01.2026 15:00:22	22,250	3,737	37,3699	0,036	0,3634
15.01.2026 15:00:22	22,300	3,760	37,5967	0,036	0,3609
15.01.2026 15:00:22	22,350	3,788	37,8761	0,036	0,3616
15.01.2026 15:00:22	22,400	3,821	38,2062	0,036	0,3638
15.01.2026 15:00:22	22,450	3,854	38,5357	0,036	0,3645
15.01.2026 15:00:22	22,500	3,881	38,8055	0,036	0,3598
15.01.2026 15:00:22	22,550	3,902	39,0230	0,036	0,3624
15.01.2026 15:00:22	22,600	3,919	39,1872	0,036	0,3617
15.01.2026 15:00:22	22,650	3,941	39,4134	0,036	0,3643
15.01.2026 15:00:22	22,700	3,978	39,7751	0,036	0,3625
15.01.2026 15:00:22	22,750	4,009	40,0865	0,037	0,3666
15.01.2026 15:00:22	22,800	4,035	40,3500	0,036	0,3627
15.01.2026 15:00:22	22,850	4,064	40,6364	0,036	0,3642
15.01.2026 15:00:22	22,900	4,102	41,0190	0,036	0,3634
15.01.2026 15:00:22	22,950	4,148	41,4832	0,037	0,3679
15.01.2026 15:00:23	23,000	4,187	41,8749	0,037	0,3656
15.01.2026 15:00:23	23,050	4,229	42,2921	0,037	0,3723
15.01.2026 15:00:23	23,100	4,259	42,5872	0,037	0,3668
15.01.2026 15:00:23	23,150	4,281	42,8129	0,037	0,3703
15.01.2026 15:00:23	23,200	4,300	42,9970	0,037	0,3672
15.01.2026 15:00:23	23,250	4,311	43,1141	0,037	0,3710
15.01.2026 15:00:23	23,300	4,317	43,1682	0,037	0,3669
15.01.2026 15:00:23	23,350	4,320	43,1969	0,037	0,3705
15.01.2026 15:00:23	23,400	4,320	43,2028	0,037	0,3661
15.01.2026 15:00:23	23,450	4,323	43,2258	0,037	0,3697
15.01.2026 15:00:23	23,500	4,332	43,3183	0,037	0,3681
15.01.2026 15:00:23	23,550	4,351	43,5137	0,037	0,3744
15.01.2026 15:00:23	23,600	4,384	43,8407	0,037	0,3682
15.01.2026 15:00:23	23,650	4,420	44,2027	0,037	0,3733
15.01.2026 15:00:23	23,700	4,453	44,5304	0,037	0,3702
15.01.2026 15:00:23	23,750	4,488	44,8768	0,038	0,3757
15.01.2026 15:00:23	23,800	4,512	45,1247	0,037	0,3689
15.01.2026 15:00:23	23,850	4,533	45,3254	0,038	0,3752
15.01.2026 15:00:23	23,900	4,555	45,5467	0,037	0,3717
15.01.2026 15:00:23	23,950	4,579	45,7936	0,037	0,3744
15.01.2026 15:00:24	24,000	4,599	45,9854	0,037	0,3724
15.01.2026 15:00:24	24,050	4,615	46,1542	0,038	0,3752
15.01.2026 15:00:24	24,100	4,631	46,3053	0,038	0,3753
15.01.2026 15:00:24	24,150	4,641	46,4101	0,038	0,3770
15.01.2026 15:00:24	24,200	4,659	46,5918	0,038	0,3756
15.01.2026 15:00:24	24,250	4,679	46,7926	0,038	0,3781
15.01.2026 15:00:24	24,300	4,690	46,8992	0,037	0,3710
15.01.2026 15:00:24	24,350	4,696	46,9614	0,038	0,3762
15.01.2026 15:00:24	24,400	4,700	46,9972	0,038	0,3754
15.01.2026 15:00:24	24,450	4,703	47,0299	0,038	0,3768
15.01.2026 15:00:24	24,500	4,712	47,1152	0,037	0,3750
15.01.2026 15:00:24	24,550	4,724	47,2421	0,038	0,3788
15.01.2026 15:00:24	24,600	4,739	47,3877	0,037	0,3738
15.01.2026 15:00:24	24,650	4,755	47,5482	0,038	0,3771
15.01.2026 15:00:24	24,700	4,764	47,6403	0,037	0,3740
15.01.2026 15:00:24	24,750	4,776	47,7569	0,038	0,3784
15.01.2026 15:00:24	24,800	4,789	47,8950	0,038	0,3782
15.01.2026 15:00:24	24,850	4,802	48,0215	0,038	0,3817
15.01.2026 15:00:24	24,900	4,814	48,1381	0,038	0,3791
15.01.2026 15:00:24	24,950	4,822	48,2160	0,038	0,3800
15.01.2026 15:00:25	25,000	4,832	48,3239	0,037	0,3749
15.01.2026 15:00:25	25,050	4,846	48,4583	0,038	0,3796
15.01.2026 15:00:25	25,100	4,861	48,6102	0,038	0,3762
15.01.2026 15:00:25	25,150	4,883	48,8260	0,038	0,3790
15.01.2026 15:00:25	25,200	4,911	49,1064	0,038	0,3756
15.01.2026 15:00:25	25,250	4,939	49,3920	0,038	0,3811
15.01.2026 15:00:25	25,300	4,955	49,5479	0,038	0,3790
15.01.2026 15:00:25	25,350	4,961	49,6142	0,038	0,3822
15.01.2026 15:00:25	25,400	4,943	49,4266	0,038	0,3803
15.01.2026 15:00:25	25,450	4,921	49,2147	0,038	0,3840
15.01.2026 15:00:25	25,500	4,910	49,1019	0,038	0,3789
15.01.2026 15:00:25	25,550	4,905	49,0504	0,038	0,3796
15.01.2026 15:00:25	25,600	4,902	49,0208	0,038	0,3765
15.01.2026 15:00:25	25,650	4,901	49,0115	0,038	0,3809
15.01.2026 15:00:25	25,700	4,900	49,0024	0,038	0,3780
15.01.2026 15:00:25	25,750	4,901	49,0052	0,038	0,3843
15.01.2026 15:00:25	25,800	4,900	48,9976	0,038	0,3773
15.01.2026 15:00:25	25,850	4,900	49,0031	0,038	0,3837
15.01.2026 15:00:25	25,900	4,900	48,9975	0,038	0,3781
15.01.2026 15:00:25	25,950	4,900	49,0029	0,038	0,3836
15.01.2026 15:00:26	26,000	4,900	49,0024	0,038	0,3809
15.01.2026 15:00:26	26,050	4,907	49,0733	0,038	0,3846
15.01.2026 15:00:26	26,100	4,928	49,2815	0,038	0,3777
15.01.2026 15:00:26	26,150	4,955	49,5510	0,038	0,3847
15.01.2026 15:00:26	26,200	4,992	49,9200	0,038	0,3779
15.01.2026 15:00:26	26,250	5,040	50,3993	0,039	0,3872
15.01.2026 15:00:26	26,300	5,075	50,7504	0,038	0,3781
15.01.2026 15:00:26	26,350	5,094	50,9355	0,039	0,3865
15.01.2026 15:00:26	26,400	5,104	51,0432	0,038	0,3814
15.01.2026 15:00:26	26,450	5,116	51,1595	0,038	0,3822
15.01.2026 15:00:26	26,500	5,132	51,3241	0,038	0,3796
15.01.2026 15:00:26	26,550	5,151	51,5076	0,039	0,3856
15.01.2026 15:00:26	26,600	5,161	51,6102	0,038	0,3807
15.01.2026 15:00:26	26,650	5,174	51,7415	0,039	0,3853
15.01.2026 15:00:26	26,700	5,190	51,8983	0,038	0,3826
15.01.2026 15:00:26	26,750	5,213	52,1324	0,039	0,3880
15.01.2026 15:00:26	26,800	5,241	52,4067	0,038	0,3830
15.01.2026 15:00:26	26,850	5,260	52,6029	0,039	0,3901
15.01.2026 15:00:26	26,900	5,274	52,7377	0,038	0,3841
15.01.2026 15:00:26	26,950	5,290	52,8996	0,039	0,3885
15.01.2026 15:00:27	27,000	5,303	53,0289	0,038	0,3831
15.01.2026 15:00:27	27,050	5,325	53,2500	0,038	0,3834
15.01.2026 15:00:27	27,100	5,351	53,5112	0,038	0,3839
15.01.2026 15:00:27	27,150	5,370	53,6973	0,039	0,3877
15.01.2026 15:00:27	27,200	5,387	53,8733	0,038	0,3845
15.01.2026 15:00:27	27,250	5,405	54,0489	0,039	0,3912
15.01.2026 15:00:27	27,300	5,419	54,1866	0,038	0,3837
15.01.2026 15:00:27	27,350	5,443	54,4310	0,039	0,3936
15.01.2026 15:00:27	27,400	5,473	54,7251	0,039	0,3875
15.01.2026 15:00:27	27,450	5,497	54,9707	0,039	0,3894
15.01.2026 15:00:27	27,500	5,514	55,1376	0,039	0,3880
15.01.2026 15:00:27	27,550	5,529	55,2913	0,039	0,3933
15.01.2026 15:00:27	27,600	5,548	55,4758	0,039	0,3873
15.01.2026 15:00:27	27,650	5,575	55,7494	0,039	0,3944
15.01.2026 15:00:27	27,700	5,602	56,0218	0,039	0,3881
15.01.2026 15:00:27	27,750	5,629	56,2881	0,040	0,3958
15.01.2026 15:00:27	27,800	5,655	56,5471	0,039	0,3892
15.01.2026 15:00:27	27,850	5,686	56,8573	0,039	0,3946
15.01.2026 15:00:27	27,900	5,711	57,1086	0,039	0,3924
15.01.2026 15:00:27	27,950	5,733	57,3287	0,040	0,3957
15.01.2026 15:00:28	28,000	5,749	57,4877	0,039	0,3894
15.01.2026 15:00:28	28,050	5,759	57,5934	0,040	0,3971
15.01.2026 15:00:28	28,100	5,771	57,7061	0,039	0,3920
15.01.2026 15:00:28	28,150	5,781	57,8095	0,040	0,3968
15.01.2026 15:00:28	28,200	5,794	57,9377	0,039	0,3940
15.01.2026 15:00:28	28,250	5,811	58,1109	0,040	0,3989
15.01.2026 15:00:28	28,300	5,832	58,3154	0,039	0,3911
15.01.2026 15:00:28	28,350	5,847	58,4735	0,040	0,3996
15.01.2026 15:00:28	28,400	5,868	58,6813	0,040	0,3963
15.01.2026 15:00:28	28,450	5,897	58,9660	0,040	0,4006
15.01.2026 15:00:28	28,500	5,920	59,2028	0,039	0,3944
15.01.2026 15:00:28	28,550	5,936	59,3591	0,040	0,4000
15.01.2026 15:00:28	28,600	5,948	59,4837	0,040	0,3962
15.01.2026 15:00:28	28,650	5,958	59,5783	0,040	0,4010
15.01.2026 15:00:28	28,700	5,962	59,6204	0,040	0,3952
15.01.2026 15:00:28	28,750	5,965	59,6478	0,040	0,4017
15.01.2026 15:00:28	28,800	5,968	59,6805	0,039	0,3938
15.01.2026 15:00:28	28,850	5,978	59,7772	0,040	0,4011
15.01.2026 15:00:28	28,900	5,992	59,9221	0,040	0,3952
15.01.2026 15:00:28	28,950	6,014	60,1395	0,040	0,4033
15.01.2026 15:00:29	29,000	6,054	60,5440	0,040	0,3963
15.01.2026 15:00:29	29,050	6,099	60,9947	0,040	0,4011
15.01.2026 15:00:29	29,100	6,124	61,2380	0,040	0,3954
15.01.2026 15:00:29	29,150	6,137	61,3724	0,040	0,4029
15.01.2026 15:00:29	29,200	6,144	61,4389	0,040	0,4021
15.01.2026 15:00:29	29,250	6,153	61,5294	0,041	0,4057
15.01.2026 15:00:29	29,300	6,166	61,6617	0,040	0,3981
15.01.2026 15:00:29	29,350	6,176	61,7605	0,041	0,4059
15.01.2026 15:00:29	29,400	6,183	61,8345	0,040	0,4018
15.01.2026 15:00:29	29,450	6,193	61,9298	0,041	0,4064
15.01.2026 15:00:29	29,500	6,201	62,0143	0,040	0,3981
15.01.2026 15:00:29	29,550	6,223	62,2252	0,041	0,4074
15.01.2026 15:00:29	29,600	6,250	62,5011	0,040	0,4018
15.01.2026 15:00:29	29,650	6,272	62,7206	0,041	0,4083
15.01.2026 15:00:29	29,700	6,287	62,8672	0,040	0,4013
15.01.2026 15:00:29	29,750	6,301	63,0115	0,041	0,4089
15.01.2026 15:00:29	29,800	6,317	63,1670	0,040	0,4014
15.01.2026 15:00:29	29,850	6,340	63,4034	0,041	0,4086
15.01.2026 15:00:29	29,900	6,368	63,6761	0,040	0,4026
15.01.2026 15:00:29	29,950	6,385	63,8549	0,041	0,4073
15.01.2026 15:00:30	30,000	6,401	64,0102	0,040	0,4036
15.01.2026 15:00:30	30,050	6,420	64,1979	0,041	0,4119
15.01.2026 15:00:30	30,100	6,438	64,3753	0,040	0,4030
15.01.2026 15:00:30	30,150	6,465	64,6477	0,041	0,4139
15.01.2026 15:00:30	30,200	6,487	64,8685	0,041	0,4066
15.01.2026 15:00:30	30,250	6,500	64,9958	0,041	0,4123
15.01.2026 15:00:30	30,300	6,512	65,1166	0,041	0,4068
15.01.2026 15:00:30	30,350	6,528	65,2821	0,041	0,4135
15.01.2026 15:00:30	30,400	6,546	65,4581	0,041	0,4061
15.01.2026 15:00:30	30,450	6,561	65,6118	0,041	0,4128
15.01.2026 15:00:30	30,500	6,580	65,7968	0,041	0,4077
15.01.2026 15:00:30	30,550	6,598	65,9800	0,042	0,4151
15.01.2026 15:00:30	30,600	6,619	66,1924	0,041	0,4093
15.01.2026 15:00:30	30,650	6,638	66,3847	0,042	0,4170
15.01.2026 15:00:30	30,700	6,647	66,4727	0,041	0,4062
15.01.2026 15:00:30	30,750	6,653	66,5308	0,042	0,4157
15.01.2026 15:00:30	30,800	6,655	66,5531	0,041	0,4107
15.01.2026 15:00:30	30,850	6,664	66,6360	0,042	0,4155
15.01.2026 15:00:30	30,900	6,682	66,8174	0,041	0,4089
15.01.2026 15:00:30	30,950	6,712	67,1169	0,042	0,4189
15.01.2026 15:00:31	31,000	6,737	67,3706	0,041	0,4117
15.01.2026 15:00:31	31,050	6,753	67,5252	0,042	0,4193
15.01.2026 15:00:31	31,100	6,759	67,5931	0,041	0,4114
15.01.2026 15:00:31	31,150	6,764	67,6382	0,042	0,4214
15.01.2026 15:00:31	31,200	6,766	67,6567	0,042	0,4157
15.01.2026 15:00:31	31,250	6,773	67,7332	0,042	0,4227
15.01.2026 15:00:31	31,300	6,779	67,7930	0,041	0,4143
15.01.2026 15:00:31	31,350	6,787	67,8650	0,042	0,4225
15.01.2026 15:00:31	31,400	6,796	67,9592	0,041	0,4130
15.01.2026 15:00:31	31,450	6,809	68,0912	0,042	0,4239
15.01.2026 15:00:31	31,500	6,816	68,1568	0,042	0,4160
15.01.2026 15:00:31	31,550	6,820	68,2004	0,042	0,4210
15.01.2026 15:00:31	31,600	6,827	68,2710	0,041	0,4142
15.01.2026 15:00:31	31,650	6,834	68,3428	0,042	0,4232
15.01.2026 15:00:31	31,700	6,837	68,3737	0,042	0,4164
15.01.2026 15:00:31	31,750	6,840	68,3993	0,042	0,4235
15.01.2026 15:00:31	31,800	6,840	68,4046	0,041	0,4143
15.01.2026 15:00:31	31,850	6,842	68,4182	0,042	0,4243
15.01.2026 15:00:31	31,900	6,841	68,4135	0,042	0,4150
15.01.2026 15:00:31	31,950	6,842	68,4210	0,042	0,4237
15.01.2026 15:00:32	32,000	6,841	68,4148	0,042	0,4154
15.01.2026 15:00:32	32,050	6,842	68,4220	0,042	0,4246
15.01.2026 15:00:32	32,100	6,841	68,4054	0,041	0,4143
15.01.2026 15:00:32	32,150	6,834	68,3361	0,042	0,4248
15.01.2026 15:00:32	32,200	6,822	68,2159	0,042	0,4182
15.01.2026 15:00:32	32,250	6,815	68,1479	0,042	0,4243
15.01.2026 15:00:32	32,300	6,811	68,1101	0,042	0,4201
15.01.2026 15:00:32	32,350	6,809	68,0913	0,042	0,4213
15.01.2026 15:00:32	32,400	6,808	68,0824	0,042	0,4168
15.01.2026 15:00:32	32,450	6,808	68,0785	0,042	0,4223
15.01.2026 15:00:32	32,500	6,806	68,0644	0,042	0,4169
15.01.2026 15:00:32	32,550	6,806	68,0629	0,043	0,4255
15.01.2026 15:00:32	32,600	6,803	68,0348	0,041	0,4150
15.01.2026 15:00:32	32,650	6,797	67,9656	0,042	0,4247
15.01.2026 15:00:32	32,700	6,784	67,8382	0,041	0,4144
15.01.2026 15:00:32	32,750	6,765	67,6468	0,042	0,4206
15.01.2026 15:00:32	32,800	6,741	67,4076	0,042	0,4152
15.01.2026 15:00:32	32,850	6,721	67,2117	0,042	0,4241
15.01.2026 15:00:32	32,900	6,708	67,0778	0,042	0,4150
15.01.2026 15:00:32	32,950	6,696	66,9633	0,042	0,4247
15.01.2026 15:00:33	33,000	6,688	66,8771	0,042	0,4158
15.01.2026 15:00:33	33,050	6,684	66,8413	0,042	0,4243
15.01.2026 15:00:33	33,100	6,681	66,8066	0,041	0,4127
15.01.2026 15:00:33	33,150	6,674	66,7361	0,042	0,4204
15.01.2026 15:00:33	33,200	6,667	66,6689	0,041	0,4127
15.01.2026 15:00:33	33,250	6,660	66,6031	0,042	0,4219
15.01.2026 15:00:33	33,300	6,647	66,4665	0,042	0,4165
15.01.2026 15:00:33	33,350	6,630	66,3000	0,042	0,4207
15.01.2026 15:00:33	33,400	6,616	66,1628	0,042	0,4158
15.01.2026 15:00:33	33,450	6,602	66,0192	0,042	0,4234
15.01.2026 15:00:33	33,500	6,587	65,8707	0,042	0,4181
15.01.2026 15:00:33	33,550	6,579	65,7896	0,042	0,4244
15.01.2026 15:00:33	33,600	6,568	65,6805	0,041	0,4148
15.01.2026 15:00:33	33,650	6,559	65,5864	0,042	0,4233
15.01.2026 15:00:33	33,700	6,545	65,4532	0,042	0,4163
15.01.2026 15:00:33	33,750	6,531	65,3129	0,042	0,4245
15.01.2026 15:00:33	33,800	6,516	65,1578	0,042	0,4158
15.01.2026 15:00:33	33,850	6,508	65,0763	0,042	0,4224
15.01.2026 15:00:33	33,900	6,501	65,0091	0,041	0,4140
15.01.2026 15:00:33	33,950	6,492	64,9192	0,042	0,4224
15.01.2026 15:00:34	34,000	6,484	64,8399	0,041	0,4131
15.01.2026 15:00:34	34,050	6,475	64,7457	0,042	0,4233
15.01.2026 15:00:34	34,100	6,468	64,6826	0,041	0,4142
15.01.2026 15:00:34	34,150	6,466	64,6579	0,042	0,4221
15.01.2026 15:00:34	34,200	6,464	64,6398	0,042	0,4170
15.01.2026 15:00:34	34,250	6,459	64,5861	0,042	0,4221
15.01.2026 15:00:34	34,300	6,443	64,4344	0,041	0,4140
15.01.2026 15:00:34	34,350	6,421	64,2128	0,042	0,4213
15.01.2026 15:00:34	34,400	6,405	64,0517	0,042	0,4157
15.01.2026 15:00:34	34,450	6,393	63,9277	0,042	0,4205
15.01.2026 15:00:34	34,500	6,377	63,7672	0,041	0,4106
15.01.2026 15:00:34	34,550	6,366	63,6592	0,042	0,4235
15.01.2026 15:00:34	34,600	6,359	63,5909	0,041	0,4131
15.01.2026 15:00:34	34,650	6,357	63,5651	0,042	0,4214
15.01.2026 15:00:34	34,700	6,355	63,5469	0,041	0,4130
15.01.2026 15:00:34	34,750	6,351	63,5149	0,042	0,4231
15.01.2026 15:00:34	34,800	6,341	63,4136	0,041	0,4124
15.01.2026 15:00:34	34,850	6,329	63,2872	0,042	0,4219
15.01.2026 15:00:34	34,900	6,308	63,0828	0,041	0,4115
15.01.2026 15:00:34	34,950	6,286	62,8611	0,042	0,4189
15.01.2026 15:00:35	35,000	6,266	62,6625	0,041	0,4142
15.01.2026 15:00:35	35,050	6,255	62,5532	0,042	0,4186
15.01.2026 15:00:35	35,100	6,249	62,4859	0,042	0,4152
15.01.2026 15:00:35	35,150	6,239	62,3921	0,042	0,4207
15.01.2026 15:00:35	35,200	6,229	62,2856	0,041	0,4148
15.01.2026 15:00:35	35,250	6,217	62,1721	0,042	0,4194
15.01.2026 15:00:35	35,300	6,204	62,0444	0,041	0,4145
15.01.2026 15:00:35	35,350	6,197	61,9737	0,042	0,4198
15.01.2026 15:00:35	35,400	6,191	61,9098	0,041	0,4127
15.01.2026 15:00:35	35,450	6,182	61,8215	0,042	0,4186
15.01.2026 15:00:35	35,500	6,171	61,7135	0,041	0,4118
15.01.2026 15:00:35	35,550	6,157	61,5741	0,042	0,4219
15.01.2026 15:00:35	35,600	6,139	61,3873	0,041	0,4124
15.01.2026 15:00:35	35,650	6,128	61,2824	0,042	0,4175
15.01.2026 15:00:35	35,700	6,120	61,1955	0,041	0,4126
15.01.2026 15:00:35	35,750	6,110	61,1009	0,042	0,4180
15.01.2026 15:00:35	35,800	6,104	61,0449	0,041	0,4119
15.01.2026 15:00:35	35,850	6,102	61,0226	0,042	0,4190
15.01.2026 15:00:35	35,900	6,097	60,9709	0,041	0,4120
15.01.2026 15:00:35	35,950	6,084	60,8372	0,042	0,4169
15.01.2026 15:00:36	36,000	6,073	60,7344	0,041	0,4121
15.01.2026 15:00:36	36,050	6,065	60,6500	0,042	0,4190
15.01.2026 15:00:36	36,100	6,051	60,5055	0,041	0,4116
15.01.2026 15:00:36	36,150	6,036	60,3648	0,042	0,4199
15.01.2026 15:00:36	36,200	6,021	60,2052	0,041	0,4103
15.01.2026 15:00:36	36,250	6,006	60,0561	0,042	0,4188
15.01.2026 15:00:36	36,300	5,989	59,8938	0,041	0,4088
15.01.2026 15:00:36	36,350	5,974	59,7373	0,042	0,4184
15.01.2026 15:00:36	36,400	5,954	59,5419	0,041	0,4125
15.01.2026 15:00:36	36,450	5,935	59,3486	0,042	0,4185
15.01.2026 15:00:36	36,500	5,915	59,1478	0,041	0,4105
15.01.2026 15:00:36	36,550	5,899	58,9920	0,042	0,4183
15.01.2026 15:00:36	36,600	5,888	58,8831	0,041	0,4108
15.01.2026 15:00:36	36,650	5,877	58,7715	0,042	0,4196
15.01.2026 15:00:36	36,700	5,863	58,6335	0,041	0,4092
15.01.2026 15:00:36	36,750	5,848	58,4825	0,042	0,4164
15.01.2026 15:00:36	36,800	5,838	58,3753	0,041	0,4099
15.01.2026 15:00:36	36,850	5,828	58,2795	0,041	0,4144
15.01.2026 15:00:36	36,900	5,818	58,1841	0,041	0,4112
15.01.2026 15:00:36	36,950	5,807	58,0738	0,042	0,4151
15.01.2026 15:00:37	37,000	5,791	57,9093	0,041	0,4087
15.01.2026 15:00:37	37,050	5,767	57,6688	0,042	0,4157
15.01.2026 15:00:37	37,100	5,739	57,3945	0,041	0,4098
15.01.2026 15:00:37	37,150	5,718	57,1808	0,041	0,4138
15.01.2026 15:00:37	37,200	5,700	57,0012	0,041	0,4097
15.01.2026 15:00:37	37,250	5,684	56,8369	0,042	0,4177
15.01.2026 15:00:37	37,300	5,662	56,6194	0,041	0,4105
15.01.2026 15:00:37	37,350	5,645	56,4507	0,041	0,4123
15.01.2026 15:00:37	37,400	5,630	56,3039	0,041	0,4098
15.01.2026 15:00:37	37,450	5,619	56,1860	0,041	0,4140
15.01.2026 15:00:37	37,500	5,605	56,0548	0,041	0,4063
15.01.2026 15:00:37	37,550	5,594	55,9367	0,041	0,4124
15.01.2026 15:00:37	37,600	5,583	55,8288	0,040	0,4044
15.01.2026 15:00:37	37,650	5,578	55,7849	0,041	0,4148
15.01.2026 15:00:37	37,700	5,576	55,7553	0,041	0,4076
15.01.2026 15:00:37	37,750	5,581	55,8072	0,041	0,4134
15.01.2026 15:00:37	37,800	5,585	55,8516	0,041	0,4062
15.01.2026 15:00:37	37,850	5,588	55,8828	0,042	0,4158
15.01.2026 15:00:37	37,900	5,589	55,8877	0,041	0,4062
15.01.2026 15:00:37	37,950	5,590	55,8985	0,041	0,4140
15.01.2026 15:00:38	38,000	5,590	55,8950	0,041	0,4071
15.01.2026 15:00:38	38,050	5,590	55,9013	0,041	0,4145
15.01.2026 15:00:38	38,100	5,590	55,8973	0,041	0,4080
15.01.2026 15:00:38	38,150	5,590	55,9010	0,041	0,4131
15.01.2026 15:00:38	38,200	5,590	55,8979	0,041	0,4070
15.01.2026 15:00:38	38,250	5,590	55,9000	0,041	0,4130
15.01.2026 15:00:38	38,300	5,590	55,8981	0,041	0,4090
15.01.2026 15:00:38	38,350	5,590	55,9011	0,041	0,4139
15.01.2026 15:00:38	38,400	5,590	55,8972	0,041	0,4094
15.01.2026 15:00:38	38,450	5,585	55,8484	0,042	0,4180
15.01.2026 15:00:38	38,500	5,581	55,8131	0,041	0,4086
15.01.2026 15:00:38	38,550	5,584	55,8397	0,042	0,4153
15.01.2026 15:00:38	38,600	5,578	55,7802	0,041	0,4060
15.01.2026 15:00:38	38,650	5,575	55,7547	0,042	0,4153
15.01.2026 15:00:38	38,700	5,573	55,7261	0,041	0,4086
15.01.2026 15:00:38	38,750	5,564	55,6426	0,042	0,4151
15.01.2026 15:00:38	38,800	5,548	55,4802	0,041	0,4051
15.01.2026 15:00:38	38,850	5,529	55,2922	0,042	0,4154
15.01.2026 15:00:38	38,900	5,511	55,1150	0,041	0,4092
15.01.2026 15:00:38	38,950	5,499	54,9922	0,042	0,4153
15.01.2026 15:00:39	39,000	5,491	54,9092	0,041	0,4094
15.01.2026 15:00:39	39,050	5,487	54,8704	0,041	0,4143
15.01.2026 15:00:39	39,100	5,484	54,8440	0,041	0,4064
15.01.2026 15:00:39	39,150	5,483	54,8310	0,041	0,4137
15.01.2026 15:00:39	39,200	5,476	54,7560	0,041	0,4050
15.01.2026 15:00:39	39,250	5,469	54,6924	0,041	0,4137
15.01.2026 15:00:39	39,300	5,458	54,5798	0,041	0,4059
15.01.2026 15:00:39	39,350	5,445	54,4504	0,041	0,4127
15.01.2026 15:00:39	39,400	5,434	54,3383	0,041	0,4057
15.01.2026 15:00:39	39,450	5,418	54,1799	0,041	0,4103
15.01.2026 15:00:39	39,500	5,405	54,0467	0,040	0,4036
15.01.2026 15:00:39	39,550	5,394	53,9361	0,041	0,4122
15.01.2026 15:00:39	39,600	5,383	53,8288	0,040	0,4040
15.01.2026 15:00:39	39,650	5,372	53,7180	0,041	0,4136
15.01.2026 15:00:39	39,700	5,364	53,6366	0,041	0,4063
15.01.2026 15:00:39	39,750	5,361	53,6051	0,041	0,4133
15.01.2026 15:00:39	39,800	5,355	53,5518	0,041	0,4064
15.01.2026 15:00:39	39,850	5,347	53,4727	0,041	0,4128
15.01.2026 15:00:39	39,900	5,342	53,4171	0,040	0,4040
15.01.2026 15:00:39	39,950	5,333	53,3345	0,041	0,4116
15.01.2026 15:00:40	40,000	5,326	53,2569	0,040	0,4014
15.01.2026 15:00:40	40,050	5,321	53,2135	0,041	0,4131
15.01.2026 15:00:40	40,100	5,309	53,0895	0,041	0,4063
15.01.2026 15:00:40	40,150	5,297	52,9699	0,041	0,4149
15.01.2026 15:00:40	40,200	5,289	52,8943	0,040	0,4031
15.01.2026 15:00:40	40,250	5,284	52,8440	0,041	0,4142
15.01.2026 15:00:40	40,300	5,275	52,7469	0,041	0,4061
15.01.2026 15:00:40	40,350	5,270	52,7005	0,041	0,4121
15.01.2026 15:00:40	40,400	5,261	52,6148	0,040	0,4046
15.01.2026 15:00:40	40,450	5,255	52,5469	0,041	0,4105
15.01.2026 15:00:40	40,500	5,251	52,5065	0,040	0,4049
15.01.2026 15:00:40	40,550	5,249	52,4870	0,041	0,4116
15.01.2026 15:00:40	40,600	5,241	52,4129	0,041	0,4057
15.01.2026 15:00:40	40,650	5,235	52,3479	0,041	0,4145
15.01.2026 15:00:40	40,700	5,221	52,2087	0,040	0,4049
15.01.2026 15:00:40	40,750	5,207	52,0729	0,041	0,4110
15.01.2026 15:00:40	40,800	5,194	51,9373	0,040	0,4043
15.01.2026 15:00:40	40,850	5,184	51,8424	0,041	0,4075
15.01.2026 15:00:40	40,900	5,179	51,7916	0,040	0,4039
15.01.2026 15:00:40	40,950	5,177	51,7705	0,041	0,4101
15.01.2026 15:00:41	41,000	5,176	51,7573	0,041	0,4053
15.01.2026 15:00:41	41,050	5,175	51,7452	0,041	0,4107
15.01.2026 15:00:41	41,100	5,167	51,6674	0,041	0,4057
15.01.2026 15:00:41	41,150	5,162	51,6184	0,041	0,4114
15.01.2026 15:00:41	41,200	5,157	51,5692	0,041	0,4061
15.01.2026 15:00:41	41,250	5,144	51,4378	0,041	0,4115
15.01.2026 15:00:41	41,300	5,132	51,3197	0,041	0,4064
15.01.2026 15:00:41	41,350	5,122	51,2229	0,041	0,4106
15.01.2026 15:00:41	41,400	5,112	51,1163	0,040	0,4016
15.01.2026 15:00:41	41,450	5,107	51,0745	0,041	0,4130
15.01.2026 15:00:41	41,500	5,104	51,0445	0,040	0,4046
15.01.2026 15:00:41	41,550	5,104	51,0363	0,041	0,4103
15.01.2026 15:00:41	41,600	5,099	50,9907	0,040	0,4016
15.01.2026 15:00:41	41,650	5,092	50,9230	0,041	0,4112
15.01.2026 15:00:41	41,700	5,088	50,8764	0,040	0,4016
15.01.2026 15:00:41	41,750	5,083	50,8310	0,041	0,4076
15.01.2026 15:00:41	41,800	5,074	50,7376	0,040	0,4036
15.01.2026 15:00:41	41,850	5,062	50,6247	0,041	0,4079
15.01.2026 15:00:41	41,900	5,055	50,5459	0,040	0,4024
15.01.2026 15:00:41	41,950	5,045	50,4518	0,041	0,4123
15.01.2026 15:00:42	42,000	5,037	50,3735	0,040	0,4041
15.01.2026 15:00:42	42,050	5,034	50,3362	0,041	0,4106
15.01.2026 15:00:42	42,100	5,025	50,2472	0,040	0,4015
15.01.2026 15:00:42	42,150	5,019	50,1871	0,041	0,4090
15.01.2026 15:00:42	42,200	5,013	50,1314	0,040	0,4034
15.01.2026 15:00:42	42,250	5,005	50,0458	0,041	0,4103
15.01.2026 15:00:42	42,300	4,999	49,9912	0,040	0,4033
15.01.2026 15:00:42	42,350	4,994	49,9394	0,041	0,4112
15.01.2026 15:00:42	42,400	4,985	49,8484	0,040	0,4026
15.01.2026 15:00:42	42,450	4,980	49,8048	0,041	0,4091
15.01.2026 15:00:42	42,500	4,971	49,7115	0,040	0,4008
15.01.2026 15:00:42	42,550	4,960	49,6019	0,041	0,4111
15.01.2026 15:00:42	42,600	4,950	49,4986	0,040	0,4016
15.01.2026 15:00:42	42,650	4,944	49,4414	0,041	0,4078
15.01.2026 15:00:42	42,700	4,934	49,3364	0,040	0,4006
15.01.2026 15:00:42	42,750	4,922	49,2182	0,041	0,4087
15.01.2026 15:00:42	42,800	4,907	49,0710	0,040	0,4021
15.01.2026 15:00:42	42,850	4,897	48,9715	0,041	0,4109
15.01.2026 15:00:42	42,900	4,891	48,9144	0,040	0,4041
15.01.2026 15:00:42	42,950	4,888	48,8847	0,041	0,4072
15.01.2026 15:00:43	43,000	4,881	48,8090	0,040	0,4039
15.01.2026 15:00:43	43,050	4,873	48,7282	0,041	0,4085
15.01.2026 15:00:43	43,100	4,862	48,6220	0,040	0,4022
15.01.2026 15:00:43	43,150	4,855	48,5469	0,041	0,4097
15.01.2026 15:00:43	43,200	4,844	48,4400	0,040	0,4021
15.01.2026 15:00:43	43,250	4,838	48,3822	0,041	0,4097
15.01.2026 15:00:43	43,300	4,828	48,2773	0,040	0,4020
15.01.2026 15:00:43	43,350	4,813	48,1253	0,040	0,4041
15.01.2026 15:00:43	43,400	4,795	47,9490	0,040	0,4001
15.01.2026 15:00:43	43,450	4,779	47,7922	0,041	0,4071
15.01.2026 15:00:43	43,500	4,764	47,6420	0,040	0,4047
15.01.2026 15:00:43	43,550	4,753	47,5263	0,041	0,4087
15.01.2026 15:00:43	43,600	4,739	47,3928	0,040	0,4015
15.01.2026 15:00:43	43,650	4,733	47,3253	0,041	0,4080
15.01.2026 15:00:43	43,700	4,728	47,2796	0,040	0,4033
15.01.2026 15:00:43	43,750	4,720	47,2014	0,041	0,4089
15.01.2026 15:00:43	43,800	4,714	47,1366	0,040	0,3995
15.01.2026 15:00:43	43,850	4,711	47,1067	0,041	0,4059
15.01.2026 15:00:43	43,900	4,709	47,0873	0,040	0,4024
15.01.2026 15:00:43	43,950	4,705	47,0491	0,041	0,4063
15.01.2026 15:00:44	44,000	4,697	46,9673	0,040	0,4012
15.01.2026 15:00:44	44,050	4,693	46,9256	0,041	0,4051
15.01.2026 15:00:44	44,100	4,682	46,8218	0,040	0,3988
15.01.2026 15:00:44	44,150	4,668	46,6849	0,041	0,4062
15.01.2026 15:00:44	44,200	4,660	46,5994	0,040	0,4005
15.01.2026 15:00:44	44,250	4,656	46,5617	0,040	0,4050
15.01.2026 15:00:44	44,300	4,654	46,5398	0,040	0,4007
15.01.2026 15:00:44	44,350	4,653	46,5348	0,041	0,4087
15.01.2026 15:00:44	44,400	4,652	46,5228	0,040	0,3987
15.01.2026 15:00:44	44,450	4,653	46,5267	0,041	0,4070
15.01.2026 15:00:44	44,500	4,652	46,5210	0,040	0,4013
15.01.2026 15:00:44	44,550	4,652	46,5234	0,041	0,4056
15.01.2026 15:00:44	44,600	4,652	46,5183	0,040	0,3991
15.01.2026 15:00:44	44,650	4,652	46,5241	0,041	0,4072
15.01.2026 15:00:44	44,700	4,652	46,5167	0,040	0,3984
15.01.2026 15:00:44	44,750	4,652	46,5227	0,041	0,4073
15.01.2026 15:00:44	44,800	4,651	46,5146	0,040	0,3997
15.01.2026 15:00:44	44,850	4,652	46,5195	0,040	0,4049
15.01.2026 15:00:44	44,900	4,651	46,5136	0,040	0,3991
15.01.2026 15:00:44	44,950	4,652	46,5189	0,041	0,4064
15.01.2026 15:00:45	45,000	4,652	46,5156	0,040	0,4014
15.01.2026 15:00:45	45,050	4,652	46,5202	0,041	0,4069
15.01.2026 15:00:45	45,100	4,651	46,5146	0,040	0,4004
15.01.2026 15:00:45	45,150	4,652	46,5195	0,041	0,4076
15.01.2026 15:00:45	45,200	4,651	46,5107	0,040	0,3966
15.01.2026 15:00:45	45,250	4,652	46,5163	0,040	0,4046
15.01.2026 15:00:45	45,300	4,651	46,5147	0,040	0,4018
15.01.2026 15:00:45	45,350	4,652	46,5168	0,041	0,4057
15.01.2026 15:00:45	45,400	4,651	46,5102	0,040	0,4013
15.01.2026 15:00:45	45,450	4,643	46,4321	0,041	0,4073
15.01.2026 15:00:45	45,500	4,626	46,2596	0,040	0,4022
15.01.2026 15:00:45	45,550	4,606	46,0578	0,041	0,4067
15.01.2026 15:00:45	45,600	4,585	45,8539	0,040	0,4018
15.01.2026 15:00:45	45,650	4,574	45,7389	0,040	0,4045
15.01.2026 15:00:45	45,700	4,568	45,6789	0,040	0,3983
15.01.2026 15:00:45	45,750	4,565	45,6525	0,041	0,4063
15.01.2026 15:00:45	45,800	4,557	45,5660	0,040	0,3986
15.01.2026 15:00:45	45,850	4,546	45,4571	0,041	0,4072
15.01.2026 15:00:45	45,900	4,533	45,3272	0,040	0,3971
15.01.2026 15:00:45	45,950	4,521	45,2142	0,041	0,4051
15.01.2026 15:00:46	46,000	4,511	45,1087	0,040	0,3958
15.01.2026 15:00:46	46,050	4,502	45,0150	0,040	0,4045
15.01.2026 15:00:46	46,100	4,493	44,9297	0,040	0,3999
15.01.2026 15:00:46	46,150	4,483	44,8339	0,040	0,4041
15.01.2026 15:00:46	46,200	4,476	44,7564	0,040	0,3982
15.01.2026 15:00:46	46,250	4,466	44,6629	0,041	0,4068
15.01.2026 15:00:46	46,300	4,459	44,5934	0,040	0,3962
15.01.2026 15:00:46	46,350	4,457	44,5725	0,040	0,4044
15.01.2026 15:00:46	46,400	4,451	44,5074	0,040	0,3972
15.01.2026 15:00:46	46,450	4,442	44,4167	0,040	0,4019
15.01.2026 15:00:46	46,500	4,430	44,2983	0,039	0,3946
15.01.2026 15:00:46	46,550	4,424	44,2396	0,040	0,4022
15.01.2026 15:00:46	46,600	4,415	44,1519	0,040	0,3968
15.01.2026 15:00:46	46,650	4,407	44,0664	0,040	0,4030
15.01.2026 15:00:46	46,700	4,395	43,9462	0,040	0,3983
15.01.2026 15:00:46	46,750	4,381	43,8119	0,040	0,4020
15.01.2026 15:00:46	46,800	4,372	43,7218	0,040	0,3965
15.01.2026 15:00:46	46,850	4,369	43,6853	0,041	0,4065
15.01.2026 15:00:46	46,900	4,366	43,6560	0,040	0,3957
15.01.2026 15:00:46	46,950	4,361	43,6128	0,041	0,4060
15.01.2026 15:00:47	47,000	4,353	43,5311	0,040	0,3978
15.01.2026 15:00:47	47,050	4,344	43,4445	0,040	0,4036
15.01.2026 15:00:47	47,100	4,336	43,3598	0,040	0,3998
15.01.2026 15:00:47	47,150	4,332	43,3171	0,040	0,4035
15.01.2026 15:00:47	47,200	4,329	43,2889	0,039	0,3946
15.01.2026 15:00:47	47,250	4,329	43,2856	0,040	0,4049
15.01.2026 15:00:47	47,300	4,328	43,2771	0,040	0,3981
15.01.2026 15:00:47	47,350	4,324	43,2382	0,041	0,4079
15.01.2026 15:00:47	47,400	4,316	43,1566	0,040	0,3960
15.01.2026 15:00:47	47,450	4,313	43,1264	0,040	0,4034
15.01.2026 15:00:47	47,500	4,310	43,1037	0,040	0,3952
15.01.2026 15:00:47	47,550	4,306	43,0612	0,040	0,4031
15.01.2026 15:00:47	47,600	4,296	42,9552	0,040	0,3962
15.01.2026 15:00:47	47,650	4,285	42,8493	0,040	0,4042
15.01.2026 15:00:47	47,700	4,279	42,7853	0,040	0,3987
15.01.2026 15:00:47	47,750	4,276	42,7619	0,040	0,4040
15.01.2026 15:00:47	47,800	4,275	42,7456	0,040	0,3994
15.01.2026 15:00:47	47,850	4,274	42,7372	0,040	0,4035
15.01.2026 15:00:47	47,900	4,267	42,6735	0,039	0,3941
15.01.2026 15:00:47	47,950	4,261	42,6113	0,040	0,4018
15.01.2026 15:00:48	48,000	4,257	42,5742	0,039	0,3947
15.01.2026 15:00:48	48,050	4,256	42,5646	0,040	0,4044
15.01.2026 15:00:48	48,100	4,255	42,5494	0,039	0,3934
15.01.2026 15:00:48	48,150	4,255	42,5527	0,040	0,4038
15.01.2026 15:00:48	48,200	4,249	42,4874	0,039	0,3934
15.01.2026 15:00:48	48,250	4,244	42,4389	0,040	0,4014
15.01.2026 15:00:48	48,300	4,241	42,4096	0,040	0,3951
15.01.2026 15:00:48	48,350	4,240	42,3992	0,040	0,4006
15.01.2026 15:00:48	48,400	4,239	42,3909	0,040	0,3976
15.01.2026 15:00:48	48,450	4,239	42,3883	0,040	0,4033
15.01.2026 15:00:48	48,500	4,235	42,3530	0,040	0,3951
15.01.2026 15:00:48	48,550	4,228	42,2777	0,040	0,4009
15.01.2026 15:00:48	48,600	4,223	42,2280	0,039	0,3944
15.01.2026 15:00:48	48,650	4,219	42,1898	0,040	0,3992
15.01.2026 15:00:48	48,700	4,211	42,1112	0,039	0,3935
15.01.2026 15:00:48	48,750	4,207	42,0744	0,040	0,4017
15.01.2026 15:00:48	48,800	4,204	42,0373	0,039	0,3943
15.01.2026 15:00:48	48,850	4,202	42,0230	0,040	0,4013
15.01.2026 15:00:48	48,900	4,201	42,0095	0,040	0,3957
15.01.2026 15:00:48	48,950	4,201	42,0106	0,040	0,4037
15.01.2026 15:00:49	49,000	4,200	42,0003	0,039	0,3937
15.01.2026 15:00:49	49,050	4,200	42,0036	0,040	0,4009
15.01.2026 15:00:49	49,100	4,200	42,0013	0,040	0,3964
15.01.2026 15:00:49	49,150	4,201	42,0053	0,040	0,4031
15.01.2026 15:00:49	49,200	4,197	41,9655	0,040	0,3958
15.01.2026 15:00:49	49,250	4,190	41,9026	0,040	0,4036
15.01.2026 15:00:49	49,300	4,186	41,8609	0,040	0,3963
15.01.2026 15:00:49	49,350	4,183	41,8322	0,040	0,4015
15.01.2026 15:00:49	49,400	4,175	41,7467	0,040	0,3950
15.01.2026 15:00:49	49,450	4,170	41,7011	0,040	0,4038
15.01.2026 15:00:49	49,500	4,167	41,6722	0,040	0,3971
15.01.2026 15:00:49	49,550	4,164	41,6386	0,040	0,4036
15.01.2026 15:00:49	49,600	4,155	41,5534	0,040	0,3956
15.01.2026 15:00:49	49,650	4,146	41,4566	0,040	0,3994
15.01.2026 15:00:49	49,700	4,137	41,3691	0,039	0,3941
15.01.2026 15:00:49	49,750	4,133	41,3274	0,040	0,3988
15.01.2026 15:00:49	49,800	4,125	41,2452	0,039	0,3930
15.01.2026 15:00:49	49,850	4,118	41,1785	0,040	0,4014
15.01.2026 15:00:49	49,900	4,114	41,1353	0,039	0,3916
15.01.2026 15:00:49	49,950	4,110	41,1012	0,040	0,3983
15.01.2026 15:00:50	50,000	4,101	41,0081	0,039	0,3902
15.01.2026 15:00:50	50,050	4,097	40,9669	0,040	0,4002
15.01.2026 15:00:50	50,100	4,093	40,9332	0,039	0,3945
15.01.2026 15:00:50	50,150	4,086	40,8563	0,040	0,4014
15.01.2026 15:00:50	50,200	4,080	40,7953	0,039	0,3943
15.01.2026 15:00:50	50,250	4,077	40,7712	0,040	0,4005
15.01.2026 15:00:50	50,300	4,075	40,7527	0,039	0,3946
15.01.2026 15:00:50	50,350	4,074	40,7407	0,040	0,4009
15.01.2026 15:00:50	50,400	4,066	40,6650	0,039	0,3949
15.01.2026 15:00:50	50,450	4,062	40,6179	0,040	0,4020
15.01.2026 15:00:50	50,500	4,059	40,5877	0,040	0,3951
15.01.2026 15:00:50	50,550	4,058	40,5786	0,040	0,4012
15.01.2026 15:00:50	50,600	4,057	40,5669	0,039	0,3939
15.01.2026 15:00:50	50,650	4,057	40,5698	0,040	0,4024
15.01.2026 15:00:50	50,700	4,056	40,5634	0,040	0,3953
15.01.2026 15:00:50	50,750	4,056	40,5645	0,040	0,4002
15.01.2026 15:00:50	50,800	4,056	40,5604	0,039	0,3940
15.01.2026 15:00:50	50,850	4,053	40,5275	0,040	0,3995
15.01.2026 15:00:50	50,900	4,046	40,4573	0,039	0,3940
15.01.2026 15:00:50	50,950	4,043	40,4266	0,040	0,4017
15.01.2026 15:00:51	51,000	4,038	40,3840	0,039	0,3935
15.01.2026 15:00:51	51,050	4,031	40,3081	0,040	0,4012
15.01.2026 15:00:51	51,100	4,025	40,2534	0,039	0,3935
15.01.2026 15:00:51	51,150	4,024	40,2352	0,040	0,4021
15.01.2026 15:00:51	51,200	4,021	40,2071	0,040	0,3956
15.01.2026 15:00:51	51,250	4,013	40,1317	0,040	0,4012
15.01.2026 15:00:51	51,300	4,008	40,0771	0,039	0,3921
15.01.2026 15:00:51	51,350	4,004	40,0414	0,040	0,4002
15.01.2026 15:00:51	51,400	3,997	39,9723	0,039	0,3936
15.01.2026 15:00:51	51,450	3,992	39,9159	0,040	0,3987
15.01.2026 15:00:51	51,500	3,988	39,8804	0,039	0,3941
15.01.2026 15:00:51	51,550	3,987	39,8670	0,040	0,3991
15.01.2026 15:00:51	51,600	3,986	39,8562	0,039	0,3928
15.01.2026 15:00:51	51,650	3,982	39,8235	0,040	0,3990
15.01.2026 15:00:51	51,700	3,975	39,7469	0,039	0,3945
15.01.2026 15:00:51	51,750	3,971	39,7147	0,040	0,4018
15.01.2026 15:00:51	51,800	3,969	39,6859	0,039	0,3921
15.01.2026 15:00:51	51,850	3,968	39,6820	0,040	0,4008
15.01.2026 15:00:51	51,900	3,967	39,6702	0,039	0,3924
15.01.2026 15:00:51	51,950	3,966	39,6596	0,040	0,3979
15.01.2026 15:00:52	52,000	3,959	39,5871	0,040	0,3953
15.01.2026 15:00:52	52,050	3,950	39,4953	0,040	0,4022
15.01.2026 15:00:52	52,100	3,940	39,3985	0,039	0,3900
15.01.2026 15:00:52	52,150	3,936	39,3579	0,040	0,3990
15.01.2026 15:00:52	52,200	3,927	39,2666	0,039	0,3906
15.01.2026 15:00:52	52,250	3,921	39,2070	0,040	0,4001
15.01.2026 15:00:52	52,300	3,917	39,1662	0,039	0,3910
15.01.2026 15:00:52	52,350	3,911	39,1097	0,040	0,3974
15.01.2026 15:00:52	52,400	3,903	39,0318	0,039	0,3939
15.01.2026 15:00:52	52,450	3,897	38,9741	0,040	0,3990
15.01.2026 15:00:52	52,500	3,888	38,8800	0,039	0,3921
15.01.2026 15:00:52	52,550	3,883	38,8325	0,040	0,3983
15.01.2026 15:00:52	52,600	3,875	38,7504	0,039	0,3910
15.01.2026 15:00:52	52,650	3,868	38,6800	0,040	0,3991
15.01.2026 15:00:52	52,700	3,863	38,6346	0,039	0,3921
15.01.2026 15:00:52	52,750	3,862	38,6186	0,040	0,3985
15.01.2026 15:00:52	52,800	3,855	38,5541	0,039	0,3932
15.01.2026 15:00:52	52,850	3,849	38,4886	0,040	0,4001
15.01.2026 15:00:52	52,900	3,845	38,4451	0,039	0,3902
15.01.2026 15:00:52	52,950	3,839	38,3861	0,040	0,3974
15.01.2026 15:00:53	53,000	3,831	38,3077	0,039	0,3931
15.01.2026 15:00:53	53,050	3,828	38,2769	0,040	0,3999
15.01.2026 15:00:53	53,100	3,829	38,2883	0,039	0,3899
15.01.2026 15:00:53	53,150	3,835	38,3524	0,040	0,3987
15.01.2026 15:00:53	53,200	3,838	38,3768	0,039	0,3924
15.01.2026 15:00:53	53,250	3,839	38,3926	0,039	0,3950
15.01.2026 15:00:53	53,300	3,839	38,3943	0,039	0,3890
15.01.2026 15:00:53	53,350	3,840	38,4028	0,040	0,3966
15.01.2026 15:00:53	53,400	3,840	38,4031	0,039	0,3916
15.01.2026 15:00:53	53,450	3,841	38,4081	0,040	0,4009
15.01.2026 15:00:53	53,500	3,840	38,4021	0,039	0,3910
15.01.2026 15:00:53	53,550	3,841	38,4070	0,040	0,3988
15.01.2026 15:00:53	53,600	3,840	38,4031	0,039	0,3917
15.01.2026 15:00:53	53,650	3,841	38,4082	0,040	0,3990
15.01.2026 15:00:53	53,700	3,840	38,4019	0,039	0,3910
15.01.2026 15:00:53	53,750	3,840	38,4049	0,040	0,3971
15.01.2026 15:00:53	53,800	3,840	38,4029	0,039	0,3931
15.01.2026 15:00:53	53,850	3,841	38,4099	0,040	0,4033
15.01.2026 15:00:53	53,900	3,840	38,3985	0,039	0,3900
15.01.2026 15:00:53	53,950	3,838	38,3833	0,040	0,3985
15.01.2026 15:00:54	54,000	3,838	38,3757	0,039	0,3907
15.01.2026 15:00:54	54,050	3,840	38,3978	0,040	0,3999
15.01.2026 15:00:54	54,100	3,840	38,4019	0,039	0,3933
15.01.2026 15:00:54	54,150	3,841	38,4102	0,040	0,3992
15.01.2026 15:00:54	54,200	3,838	38,3794	0,039	0,3872
15.01.2026 15:00:54	54,250	3,831	38,3130	0,040	0,3978
15.01.2026 15:00:54	54,300	3,820	38,2005	0,039	0,3904
15.01.2026 15:00:54	54,350	3,802	38,0188	0,040	0,4003
15.01.2026 15:00:54	54,400	3,778	37,7805	0,039	0,3899
15.01.2026 15:00:54	54,450	3,765	37,6482	0,040	0,3978
15.01.2026 15:00:54	54,500	3,757	37,5739	0,039	0,3899
15.01.2026 15:00:54	54,550	3,755	37,5474	0,040	0,4005
15.01.2026 15:00:54	54,600	3,746	37,4588	0,039	0,3917
15.01.2026 15:00:54	54,650	3,732	37,3179	0,040	0,3988
15.01.2026 15:00:54	54,700	3,713	37,1328	0,039	0,3888
15.01.2026 15:00:54	54,750	3,697	36,9745	0,040	0,3959
15.01.2026 15:00:54	54,800	3,688	36,8774	0,039	0,3881
15.01.2026 15:00:54	54,850	3,684	36,8381	0,040	0,3965
15.01.2026 15:00:54	54,900	3,681	36,8116	0,039	0,3909
15.01.2026 15:00:54	54,950	3,681	36,8051	0,040	0,3981
15.01.2026 15:00:55	55,000	3,679	36,7900	0,039	0,3897
15.01.2026 15:00:55	55,050	3,673	36,7255	0,040	0,3982
15.01.2026 15:00:55	55,100	3,660	36,6009	0,039	0,3890
15.01.2026 15:00:55	55,150	3,652	36,5239	0,040	0,3987
15.01.2026 15:00:55	55,200	3,647	36,4731	0,039	0,3884
15.01.2026 15:00:55	55,250	3,646	36,4574	0,040	0,3968
15.01.2026 15:00:55	55,300	3,643	36,4341	0,039	0,3885
15.01.2026 15:00:55	55,350	3,636	36,3590	0,039	0,3940
15.01.2026 15:00:55	55,400	3,623	36,2342	0,039	0,3883
15.01.2026 15:00:55	55,450	3,616	36,1591	0,040	0,3977
15.01.2026 15:00:55	55,500	3,611	36,1118	0,039	0,3900
15.01.2026 15:00:55	55,550	3,609	36,0945	0,040	0,3956
15.01.2026 15:00:55	55,600	3,608	36,0787	0,039	0,3879
15.01.2026 15:00:55	55,650	3,608	36,0802	0,040	0,3968
15.01.2026 15:00:55	55,700	3,607	36,0721	0,039	0,3913
15.01.2026 15:00:55	55,750	3,607	36,0714	0,040	0,3965
15.01.2026 15:00:55	55,800	3,606	36,0618	0,039	0,3884
15.01.2026 15:00:55	55,850	3,607	36,0688	0,040	0,3978
15.01.2026 15:00:55	55,900	3,606	36,0600	0,039	0,3893
15.01.2026 15:00:55	55,950	3,607	36,0680	0,040	0,3988
15.01.2026 15:00:56	56,000	3,606	36,0599	0,039	0,3877
15.01.2026 15:00:56	56,050	3,604	36,0412	0,040	0,3957
15.01.2026 15:00:56	56,100	3,590	35,8955	0,039	0,3868
15.01.2026 15:00:56	56,150	3,579	35,7886	0,039	0,3950
15.01.2026 15:00:56	56,200	3,567	35,6656	0,039	0,3915
15.01.2026 15:00:56	56,250	3,556	35,5617	0,040	0,3961
15.01.2026 15:00:56	56,300	3,545	35,4499	0,039	0,3870
15.01.2026 15:00:56	56,350	3,534	35,3361	0,039	0,3931
15.01.2026 15:00:56	56,400	3,525	35,2518	0,039	0,3882
15.01.2026 15:00:56	56,450	3,520	35,2022	0,039	0,3940
15.01.2026 15:00:56	56,500	3,511	35,1071	0,039	0,3890
15.01.2026 15:00:56	56,550	3,502	35,0249	0,040	0,3953
15.01.2026 15:00:56	56,600	3,487	34,8698	0,039	0,3879
15.01.2026 15:00:56	56,650	3,474	34,7376	0,039	0,3949
15.01.2026 15:00:56	56,700	3,454	34,5389	0,039	0,3871
15.01.2026 15:00:56	56,750	3,434	34,3440	0,040	0,3974
15.01.2026 15:00:56	56,800	3,422	34,2165	0,039	0,3873
15.01.2026 15:00:56	56,850	3,416	34,1607	0,039	0,3928
15.01.2026 15:00:56	56,900	3,413	34,1269	0,039	0,3878
15.01.2026 15:00:56	56,950	3,411	34,1054	0,039	0,3945
15.01.2026 15:00:57	57,000	3,397	33,9747	0,039	0,3853
15.01.2026 15:00:57	57,050	3,386	33,8646	0,039	0,3933
15.01.2026 15:00:57	57,100	3,380	33,8019	0,039	0,3899
15.01.2026 15:00:57	57,150	3,377	33,7729	0,039	0,3945
15.01.2026 15:00:57	57,200	3,375	33,7531	0,039	0,3882
15.01.2026 15:00:57	57,250	3,375	33,7503	0,040	0,3952
15.01.2026 15:00:57	57,300	3,374	33,7385	0,039	0,3874
15.01.2026 15:00:57	57,350	3,367	33,6741	0,039	0,3894
15.01.2026 15:00:57	57,400	3,361	33,6121	0,039	0,3853
15.01.2026 15:00:57	57,450	3,359	33,5888	0,039	0,3949
15.01.2026 15:00:57	57,500	3,357	33,5676	0,039	0,3869
15.01.2026 15:00:57	57,550	3,352	33,5156	0,039	0,3918
15.01.2026 15:00:57	57,600	3,339	33,3897	0,039	0,3860
15.01.2026 15:00:57	57,650	3,328	33,2758	0,040	0,3960
15.01.2026 15:00:57	57,700	3,314	33,1381	0,039	0,3857
15.01.2026 15:00:57	57,750	3,301	33,0057	0,039	0,3923
15.01.2026 15:00:57	57,800	3,292	32,9195	0,039	0,3851
15.01.2026 15:00:57	57,850	3,288	32,8836	0,039	0,3912
15.01.2026 15:00:57	57,900	3,286	32,8584	0,038	0,3827
15.01.2026 15:00:57	57,950	3,285	32,8539	0,039	0,3898
15.01.2026 15:00:58	58,000	3,285	32,8450	0,039	0,3858
15.01.2026 15:00:58	58,050	3,283	32,8250	0,039	0,3937
15.01.2026 15:00:58	58,100	3,269	32,6913	0,039	0,3862
15.01.2026 15:00:58	58,150	3,253	32,5325	0,039	0,3941
15.01.2026 15:00:58	58,200	3,240	32,3993	0,038	0,3835
15.01.2026 15:00:58	58,250	3,229	32,2920	0,039	0,3896
15.01.2026 15:00:58	58,300	3,223	32,2261	0,039	0,3855
15.01.2026 15:00:58	58,350	3,220	32,1966	0,039	0,3944
15.01.2026 15:00:58	58,400	3,216	32,1631	0,038	0,3829
15.01.2026 15:00:58	58,450	3,213	32,1350	0,039	0,3911
15.01.2026 15:00:58	58,500	3,204	32,0420	0,038	0,3843
15.01.2026 15:00:58	58,550	3,193	31,9329	0,039	0,3886
15.01.2026 15:00:58	58,600	3,185	31,8518	0,038	0,3843
15.01.2026 15:00:58	58,650	3,181	31,8102	0,039	0,3894
15.01.2026 15:00:58	58,700	3,178	31,7800	0,038	0,3816
15.01.2026 15:00:58	58,750	3,173	31,7279	0,039	0,3889
15.01.2026 15:00:58	58,800	3,160	31,5981	0,038	0,3818
15.01.2026 15:00:58	58,850	3,150	31,5043	0,039	0,3867
15.01.2026 15:00:58	58,900	3,144	31,4369	0,039	0,3864
15.01.2026 15:00:58	58,950	3,134	31,3409	0,039	0,3892
15.01.2026 15:00:59	59,000	3,128	31,2806	0,038	0,3828
15.01.2026 15:00:59	59,050	3,126	31,2576	0,039	0,3901
15.01.2026 15:00:59	59,100	3,118	31,1848	0,038	0,3834
15.01.2026 15:00:59	59,150	3,113	31,1274	0,039	0,3889
15.01.2026 15:00:59	59,200	3,107	31,0730	0,038	0,3823
15.01.2026 15:00:59	59,250	3,098	30,9842	0,039	0,3876
15.01.2026 15:00:59	59,300	3,092	30,9214	0,038	0,3815
15.01.2026 15:00:59	59,350	3,087	30,8683	0,039	0,3879
15.01.2026 15:00:59	59,400	3,071	30,7107	0,038	0,3836
15.01.2026 15:00:59	59,450	3,061	30,6124	0,039	0,3905
15.01.2026 15:00:59	59,500	3,050	30,5032	0,039	0,3857
15.01.2026 15:00:59	59,550	3,039	30,3854	0,039	0,3884
15.01.2026 15:00:59	59,600	3,027	30,2668	0,038	0,3833
15.01.2026 15:00:59	59,650	3,021	30,2103	0,039	0,3877
15.01.2026 15:00:59	59,700	3,018	30,1777	0,038	0,3824
15.01.2026 15:00:59	59,750	3,011	30,1135	0,039	0,3878
15.01.2026 15:00:59	59,800	3,004	30,0362	0,038	0,3848
15.01.2026 15:00:59	59,850	2,994	29,9448	0,039	0,3897
15.01.2026 15:00:59	59,900	2,986	29,8589	0,038	0,3806
15.01.2026 15:00:59	59,950	2,975	29,7513	0,038	0,3848
15.01.2026 15:01:00	60,000	2,964	29,6387	0,038	0,3800
15.01.2026 15:01:00	60,050	2,954	29,5399	0,039	0,3887
15.01.2026 15:01:00	60,100	2,948	29,4808	0,038	0,3811
15.01.2026 15:01:00	60,150	2,944	29,4418	0,039	0,3869
15.01.2026 15:01:00	60,200	2,935	29,3506	0,038	0,3804
15.01.2026 15:01:00	60,250	2,928	29,2770	0,039	0,3860
15.01.2026 15:01:00	60,300	2,911	29,1114	0,038	0,3779
15.01.2026 15:01:00	60,350	2,900	29,0049	0,038	0,3850
15.01.2026 15:01:00	60,400	2,893	28,9337	0,038	0,3817
15.01.2026 15:01:00	60,450	2,883	28,8328	0,038	0,3842
15.01.2026 15:01:00	60,500	2,876	28,7645	0,038	0,3782
15.01.2026 15:01:00	60,550	2,871	28,7096	0,039	0,3854
15.01.2026 15:01:00	60,600	2,856	28,5582	0,038	0,3787
15.01.2026 15:01:00	60,650	2,843	28,4269	0,038	0,3848
15.01.2026 15:01:00	60,700	2,829	28,2928	0,038	0,3776
15.01.2026 15:01:00	60,750	2,817	28,1720	0,039	0,3880
15.01.2026 15:01:00	60,800	2,808	28,0766	0,038	0,3776
15.01.2026 15:01:00	60,850	2,804	28,0381	0,038	0,3843
15.01.2026 15:01:00	60,900	2,801	28,0098	0,038	0,3772
15.01.2026 15:01:00	60,950	2,800	28,0040	0,038	0,3836
15.01.2026 15:01:01	61,000	2,800	27,9952	0,038	0,3777
15.01.2026 15:01:01	61,050	2,800	27,9953	0,038	0,3823
15.01.2026 15:01:01	61,100	2,799	27,9902	0,038	0,3763
15.01.2026 15:01:01	61,150	2,800	27,9972	0,039	0,3871
15.01.2026 15:01:01	61,200	2,797	27,9682	0,038	0,3833
15.01.2026 15:01:01	61,250	2,790	27,8961	0,039	0,3858
15.01.2026 15:01:01	61,300	2,785	27,8478	0,038	0,3791
15.01.2026 15:01:01	61,350	2,779	27,7871	0,038	0,3848
15.01.2026 15:01:01	61,400	2,771	27,7082	0,038	0,3805
15.01.2026 15:01:01	61,450	2,767	27,6730	0,038	0,3829
15.01.2026 15:01:01	61,500	2,769	27,6937	0,038	0,3808
15.01.2026 15:01:01	61,550	2,782	27,8241	0,038	0,3836
15.01.2026 15:01:01	61,600	2,791	27,9057	0,038	0,3811
15.01.2026 15:01:01	61,650	2,795	27,9464	0,038	0,3827
15.01.2026 15:01:01	61,700	2,797	27,9653	0,038	0,3801
15.01.2026 15:01:01	61,750	2,798	27,9764	0,038	0,3840
15.01.2026 15:01:01	61,800	2,798	27,9795	0,038	0,3805
15.01.2026 15:01:01	61,850	2,799	27,9873	0,039	0,3863
15.01.2026 15:01:01	61,900	2,799	27,9851	0,038	0,3817
15.01.2026 15:01:01	61,950	2,799	27,9900	0,039	0,3868
15.01.2026 15:01:02	62,000	2,798	27,9844	0,038	0,3804
15.01.2026 15:01:02	62,050	2,799	27,9891	0,039	0,3860
15.01.2026 15:01:02	62,100	2,798	27,9850	0,038	0,3808
15.01.2026 15:01:02	62,150	2,799	27,9894	0,039	0,3863
15.01.2026 15:01:02	62,200	2,798	27,9837	0,038	0,3796
15.01.2026 15:01:02	62,250	2,799	27,9893	0,039	0,3863
15.01.2026 15:01:02	62,300	2,799	27,9861	0,038	0,3817
15.01.2026 15:01:02	62,350	2,799	27,9872	0,038	0,3833
15.01.2026 15:01:02	62,400	2,798	27,9814	0,038	0,3778
15.01.2026 15:01:02	62,450	2,799	27,9881	0,039	0,3869
15.01.2026 15:01:02	62,500	2,799	27,9859	0,038	0,3832
15.01.2026 15:01:02	62,550	2,799	27,9897	0,039	0,3879
15.01.2026 15:01:02	62,600	2,799	27,9889	0,038	0,3831
15.01.2026 15:01:02	62,650	2,800	27,9984	0,039	0,3895
15.01.2026 15:01:02	62,700	2,799	27,9923	0,038	0,3796
15.01.2026 15:01:02	62,750	2,799	27,9930	0,039	0,3869
15.01.2026 15:01:02	62,800	2,790	27,9042	0,038	0,3825
15.01.2026 15:01:02	62,850	2,777	27,7707	0,039	0,3867
15.01.2026 15:01:02	62,900	2,761	27,6063	0,038	0,3788
15.01.2026 15:01:02	62,950	2,744	27,4387	0,039	0,3881
15.01.2026 15:01:03	63,000	2,727	27,2718	0,038	0,3810
15.01.2026 15:01:03	63,050	2,718	27,1818	0,038	0,3815
15.01.2026 15:01:03	63,100	2,713	27,1341	0,038	0,3792
15.01.2026 15:01:03	63,150	2,712	27,1152	0,038	0,3842
15.01.2026 15:01:03	63,200	2,709	27,0942	0,037	0,3749
15.01.2026 15:01:03	63,250	2,706	27,0633	0,038	0,3838
15.01.2026 15:01:03	63,300	2,698	26,9843	0,038	0,3775
15.01.2026 15:01:03	63,350	2,695	26,9513	0,038	0,3848
15.01.2026 15:01:03	63,400	2,693	26,9294	0,038	0,3801
15.01.2026 15:01:03	63,450	2,692	26,9214	0,038	0,3841
15.01.2026 15:01:03	63,500	2,691	26,9136	0,038	0,3789
15.01.2026 15:01:03	63,550	2,691	26,9100	0,038	0,3844
15.01.2026 15:01:03	63,600	2,676	26,7599	0,038	0,3792
15.01.2026 15:01:03	63,650	2,656	26,5602	0,038	0,3840
15.01.2026 15:01:03	63,700	2,638	26,3792	0,038	0,3767
15.01.2026 15:01:03	63,750	2,629	26,2903	0,038	0,3829
15.01.2026 15:01:03	63,800	2,624	26,2385	0,038	0,3783
15.01.2026 15:01:03	63,850	2,622	26,2165	0,038	0,3808
15.01.2026 15:01:03	63,900	2,620	26,1968	0,038	0,3780
15.01.2026 15:01:03	63,950	2,603	26,0291	0,038	0,3825
15.01.2026 15:01:04	64,000	2,577	25,7724	0,038	0,3777
15.01.2026 15:01:04	64,050	2,563	25,6284	0,038	0,3810
15.01.2026 15:01:04	64,100	2,555	25,5512	0,038	0,3754
15.01.2026 15:01:04	64,150	2,552	25,5203	0,038	0,3826
15.01.2026 15:01:04	64,200	2,550	25,4985	0,038	0,3766
15.01.2026 15:01:04	64,250	2,549	25,4897	0,038	0,3786
15.01.2026 15:01:04	64,300	2,548	25,4806	0,037	0,3742
15.01.2026 15:01:04	64,350	2,548	25,4823	0,038	0,3799
15.01.2026 15:01:04	64,400	2,548	25,4801	0,038	0,3775
15.01.2026 15:01:04	64,450	2,548	25,4825	0,038	0,3813
15.01.2026 15:01:04	64,500	2,548	25,4789	0,038	0,3756
15.01.2026 15:01:04	64,550	2,548	25,4824	0,038	0,3807
15.01.2026 15:01:04	64,600	2,548	25,4763	0,037	0,3730
15.01.2026 15:01:04	64,650	2,548	25,4829	0,038	0,3806
15.01.2026 15:01:04	64,700	2,548	25,4781	0,038	0,3757
15.01.2026 15:01:04	64,750	2,541	25,4052	0,038	0,3821
15.01.2026 15:01:04	64,800	2,527	25,2706	0,038	0,3781
15.01.2026 15:01:04	64,850	2,520	25,2000	0,038	0,3801
15.01.2026 15:01:04	64,900	2,516	25,1603	0,038	0,3756
15.01.2026 15:01:04	64,950	2,515	25,1453	0,038	0,3802
15.01.2026 15:01:05	65,000	2,513	25,1326	0,038	0,3760
15.01.2026 15:01:05	65,050	2,513	25,1299	0,038	0,3801
15.01.2026 15:01:05	65,100	2,512	25,1226	0,037	0,3734
15.01.2026 15:01:05	65,150	2,513	25,1261	0,038	0,3802
15.01.2026 15:01:05	65,200	2,512	25,1213	0,037	0,3745
15.01.2026 15:01:05	65,250	2,512	25,1242	0,038	0,3808
15.01.2026 15:01:05	65,300	2,523	25,2251	0,037	0,3728
15.01.2026 15:01:05	65,350	2,555	25,5479	0,038	0,3808
15.01.2026 15:01:05	65,400	2,578	25,7797	0,038	0,3771
15.01.2026 15:01:05	65,450	2,590	25,9011	0,038	0,3818
15.01.2026 15:01:05	65,500	2,596	25,9565	0,038	0,3787
15.01.2026 15:01:05	65,550	2,599	25,9869	0,038	0,3818
15.01.2026 15:01:05	65,600	2,600	25,9990	0,038	0,3774
15.01.2026 15:01:05	65,650	2,601	26,0085	0,038	0,3813
15.01.2026 15:01:05	65,700	2,601	26,0101	0,038	0,3774
15.01.2026 15:01:05	65,750	2,601	26,0118	0,038	0,3798
15.01.2026 15:01:05	65,800	2,601	26,0121	0,038	0,3765
15.01.2026 15:01:05	65,850	2,601	26,0150	0,038	0,3803
15.01.2026 15:01:05	65,900	2,601	26,0133	0,038	0,3757
15.01.2026 15:01:05	65,950	2,602	26,0152	0,038	0,3828
15.01.2026 15:01:06	66,000	2,594	25,9428	0,038	0,3760
15.01.2026 15:01:06	66,050	2,589	25,8915	0,038	0,3812
15.01.2026 15:01:06	66,100	2,578	25,7809	0,037	0,3744
15.01.2026 15:01:06	66,150	2,555	25,5521	0,038	0,3829
15.01.2026 15:01:06	66,200	2,517	25,1674	0,038	0,3766
15.01.2026 15:01:06	66,250	2,489	24,8917	0,038	0,3778
15.01.2026 15:01:06	66,300	2,474	24,7447	0,037	0,3747
15.01.2026 15:01:06	66,350	2,467	24,6747	0,038	0,3787
15.01.2026 15:01:06	66,400	2,462	24,6218	0,037	0,3723
15.01.2026 15:01:06	66,450	2,453	24,5267	0,038	0,3813
15.01.2026 15:01:06	66,500	2,437	24,3715	0,038	0,3770
15.01.2026 15:01:06	66,550	2,422	24,2224	0,038	0,3796
15.01.2026 15:01:06	66,600	2,414	24,1382	0,038	0,3757
15.01.2026 15:01:06	66,650	2,410	24,0973	0,038	0,3782
15.01.2026 15:01:06	66,700	2,408	24,0772	0,038	0,3755
15.01.2026 15:01:06	66,750	2,407	24,0712	0,038	0,3808
15.01.2026 15:01:06	66,800	2,405	24,0523	0,038	0,3767
15.01.2026 15:01:06	66,850	2,397	23,9660	0,038	0,3773
15.01.2026 15:01:06	66,900	2,385	23,8451	0,037	0,3749
15.01.2026 15:01:06	66,950	2,377	23,7724	0,038	0,3795
15.01.2026 15:01:07	67,000	2,366	23,6645	0,037	0,3722
15.01.2026 15:01:07	67,050	2,360	23,5960	0,038	0,3768
15.01.2026 15:01:07	67,100	2,356	23,5576	0,037	0,3736
15.01.2026 15:01:07	67,150	2,353	23,5308	0,038	0,3789
15.01.2026 15:01:07	67,200	2,345	23,4504	0,037	0,3731
15.01.2026 15:01:07	67,250	2,340	23,4004	0,038	0,3768
15.01.2026 15:01:07	67,300	2,333	23,3313	0,037	0,3722
15.01.2026 15:01:07	67,350	2,325	23,2505	0,038	0,3753
15.01.2026 15:01:07	67,400	2,321	23,2098	0,038	0,3765
15.01.2026 15:01:07	67,450	2,319	23,1892	0,038	0,3772
15.01.2026 15:01:07	67,500	2,316	23,1570	0,037	0,3731
15.01.2026 15:01:07	67,550	2,306	23,0587	0,038	0,3774
15.01.2026 15:01:07	67,600	2,287	22,8722	0,037	0,3729
15.01.2026 15:01:07	67,650	2,269	22,6878	0,038	0,3774
15.01.2026 15:01:07	67,700	2,257	22,5682	0,037	0,3730
15.01.2026 15:01:07	67,750	2,251	22,5129	0,038	0,3764
15.01.2026 15:01:07	67,800	2,248	22,4798	0,037	0,3712
15.01.2026 15:01:07	67,850	2,247	22,4679	0,038	0,3781
15.01.2026 15:01:07	67,900	2,239	22,3931	0,037	0,3721
15.01.2026 15:01:07	67,950	2,234	22,3386	0,038	0,3778
15.01.2026 15:01:08	68,000	2,230	22,3024	0,037	0,3705
15.01.2026 15:01:08	68,050	2,229	22,2885	0,038	0,3762
15.01.2026 15:01:08	68,100	2,228	22,2769	0,037	0,3723
15.01.2026 15:01:08	68,150	2,222	22,2167	0,038	0,3760
15.01.2026 15:01:08	68,200	2,212	22,1164	0,037	0,3735
15.01.2026 15:01:08	68,250	2,202	22,0178	0,038	0,3766
15.01.2026 15:01:08	68,300	2,196	21,9630	0,037	0,3716
15.01.2026 15:01:08	68,350	2,194	21,9398	0,038	0,3757
15.01.2026 15:01:08	68,400	2,192	21,9240	0,037	0,3718
15.01.2026 15:01:08	68,450	2,192	21,9215	0,038	0,3774
15.01.2026 15:01:08	68,500	2,188	21,8765	0,037	0,3726
15.01.2026 15:01:08	68,550	2,181	21,8118	0,038	0,3777
15.01.2026 15:01:08	68,600	2,177	21,7726	0,037	0,3717
15.01.2026 15:01:08	68,650	2,176	21,7561	0,037	0,3750
15.01.2026 15:01:08	68,700	2,175	21,7463	0,037	0,3713
15.01.2026 15:01:08	68,750	2,174	21,7450	0,037	0,3744
15.01.2026 15:01:08	68,800	2,174	21,7448	0,037	0,3733
15.01.2026 15:01:08	68,850	2,174	21,7446	0,038	0,3772
15.01.2026 15:01:08	68,900	2,174	21,7355	0,037	0,3703
15.01.2026 15:01:08	68,950	2,168	21,6767	0,037	0,3746
15.01.2026 15:01:09	69,000	2,162	21,6159	0,037	0,3722
15.01.2026 15:01:09	69,050	2,159	21,5880	0,037	0,3745
15.01.2026 15:01:09	69,100	2,152	21,5221	0,037	0,3703
15.01.2026 15:01:09	69,150	2,141	21,4102	0,037	0,3746
15.01.2026 15:01:09	69,200	2,131	21,3057	0,037	0,3707
15.01.2026 15:01:09	69,250	2,126	21,2559	0,037	0,3743
15.01.2026 15:01:09	69,300	2,123	21,2322	0,038	0,3752
15.01.2026 15:01:09	69,350	2,122	21,2189	0,038	0,3768
15.01.2026 15:01:09	69,400	2,121	21,2087	0,037	0,3726
15.01.2026 15:01:09	69,450	2,120	21,2019	0,037	0,3739
15.01.2026 15:01:09	69,500	2,120	21,1964	0,037	0,3675
15.01.2026 15:01:09	69,550	2,120	21,2007	0,037	0,3744
15.01.2026 15:01:09	69,600	2,120	21,1959	0,037	0,3703
15.01.2026 15:01:09	69,650	2,119	21,1931	0,038	0,3762
15.01.2026 15:01:09	69,700	2,112	21,1197	0,037	0,3727
15.01.2026 15:01:09	69,750	2,107	21,0716	0,038	0,3780
15.01.2026 15:01:09	69,800	2,103	21,0350	0,037	0,3708
15.01.2026 15:01:09	69,850	2,096	20,9603	0,038	0,3765
15.01.2026 15:01:09	69,900	2,089	20,8945	0,037	0,3687
15.01.2026 15:01:09	69,950	2,087	20,8734	0,038	0,3770
15.01.2026 15:01:10	70,000	2,079	20,7855	0,037	0,3698
15.01.2026 15:01:10	70,050	2,065	20,6465	0,038	0,3758
15.01.2026 15:01:10	70,100	2,056	20,5615	0,037	0,3709
15.01.2026 15:01:10	70,150	2,052	20,5209	0,037	0,3730
15.01.2026 15:01:10	70,200	2,050	20,4983	0,037	0,3693
15.01.2026 15:01:10	70,250	2,049	20,4947	0,038	0,3772
15.01.2026 15:01:10	70,300	2,049	20,4854	0,037	0,3698
15.01.2026 15:01:10	70,350	2,043	20,4341	0,038	0,3755
15.01.2026 15:01:10	70,400	2,025	20,2514	0,037	0,3722
15.01.2026 15:01:10	70,450	2,005	20,0467	0,037	0,3723
15.01.2026 15:01:10	70,500	1,991	19,9071	0,037	0,3660
15.01.2026 15:01:10	70,550	1,984	19,8427	0,037	0,3717
15.01.2026 15:01:10	70,600	1,981	19,8081	0,037	0,3690
15.01.2026 15:01:10	70,650	1,979	19,7939	0,037	0,3728
15.01.2026 15:01:10	70,700	1,978	19,7812	0,037	0,3679
15.01.2026 15:01:10	70,750	1,979	19,7879	0,038	0,3758
15.01.2026 15:01:10	70,800	1,978	19,7812	0,037	0,3692
15.01.2026 15:01:10	70,850	1,979	19,7855	0,037	0,3741
15.01.2026 15:01:10	70,900	1,978	19,7811	0,037	0,3690
15.01.2026 15:01:10	70,950	1,978	19,7818	0,037	0,3716
15.01.2026 15:01:11	71,000	1,978	19,7776	0,037	0,3668
15.01.2026 15:01:11	71,050	1,978	19,7810	0,037	0,3710
15.01.2026 15:01:11	71,100	1,978	19,7793	0,037	0,3687
15.01.2026 15:01:11	71,150	1,978	19,7810	0,037	0,3728
15.01.2026 15:01:11	71,200	1,978	19,7763	0,037	0,3691
15.01.2026 15:01:11	71,250	1,974	19,7432	0,037	0,3716
15.01.2026 15:01:11	71,300	1,941	19,4068	0,037	0,3681
15.01.2026 15:01:11	71,350	1,900	19,0024	0,037	0,3715
15.01.2026 15:01:11	71,400	1,876	18,7626	0,037	0,3683
15.01.2026 15:01:11	71,450	1,865	18,6469	0,037	0,3719
15.01.2026 15:01:11	71,500	1,859	18,5857	0,037	0,3677
15.01.2026 15:01:11	71,550	1,856	18,5609	0,037	0,3730
15.01.2026 15:01:11	71,600	1,854	18,5442	0,037	0,3679
15.01.2026 15:01:11	71,650	1,854	18,5401	0,037	0,3708
15.01.2026 15:01:11	71,700	1,853	18,5295	0,037	0,3677
15.01.2026 15:01:11	71,750	1,847	18,4660	0,037	0,3717
15.01.2026 15:01:11	71,800	1,841	18,4063	0,037	0,3674
15.01.2026 15:01:11	71,850	1,836	18,3603	0,037	0,3739
15.01.2026 15:01:11	71,900	1,817	18,1705	0,037	0,3684
15.01.2026 15:01:11	71,950	1,795	17,9454	0,037	0,3728
15.01.2026 15:01:12	72,000	1,779	17,7893	0,037	0,3652
15.01.2026 15:01:12	72,050	1,770	17,6990	0,037	0,3713
15.01.2026 15:01:12	72,100	1,759	17,5863	0,037	0,3675
15.01.2026 15:01:12	72,150	1,752	17,5229	0,037	0,3674
15.01.2026 15:01:12	72,200	1,749	17,4903	0,036	0,3644
15.01.2026 15:01:12	72,250	1,748	17,4781	0,037	0,3704
15.01.2026 15:01:12	72,300	1,747	17,4665	0,037	0,3660
15.01.2026 15:01:12	72,350	1,746	17,4634	0,037	0,3686
15.01.2026 15:01:12	72,400	1,746	17,4578	0,037	0,3652
15.01.2026 15:01:12	72,450	1,737	17,3726	0,037	0,3695
15.01.2026 15:01:12	72,500	1,724	17,2395	0,037	0,3657
15.01.2026 15:01:12	72,550	1,717	17,1732	0,037	0,3716
15.01.2026 15:01:12	72,600	1,713	17,1333	0,037	0,3655
15.01.2026 15:01:12	72,650	1,712	17,1200	0,037	0,3712
15.01.2026 15:01:12	72,700	1,706	17,0614	0,037	0,3670
15.01.2026 15:01:12	72,750	1,699	16,9948	0,037	0,3703
15.01.2026 15:01:12	72,800	1,696	16,9600	0,037	0,3692
15.01.2026 15:01:12	72,850	1,694	16,9430	0,037	0,3722
15.01.2026 15:01:12	72,900	1,693	16,9290	0,036	0,3644
15.01.2026 15:01:12	72,950	1,693	16,9297	0,037	0,3711
15.01.2026 15:01:13	73,000	1,692	16,9215	0,036	0,3629
15.01.2026 15:01:13	73,050	1,693	16,9263	0,037	0,3698
15.01.2026 15:01:13	73,100	1,691	16,9117	0,037	0,3679
15.01.2026 15:01:13	73,150	1,683	16,8255	0,037	0,3684
15.01.2026 15:01:13	73,200	1,671	16,7053	0,037	0,3653
15.01.2026 15:01:13	73,250	1,664	16,6409	0,037	0,3714
15.01.2026 15:01:13	73,300	1,660	16,6032	0,037	0,3670
15.01.2026 15:01:13	73,350	1,659	16,5868	0,037	0,3683
15.01.2026 15:01:13	73,400	1,658	16,5803	0,037	0,3678
15.01.2026 15:01:13	73,450	1,657	16,5744	0,037	0,3684
15.01.2026 15:01:13	73,500	1,657	16,5697	0,036	0,3646
15.01.2026 15:01:13	73,550	1,657	16,5727	0,037	0,3697
15.01.2026 15:01:13	73,600	1,657	16,5676	0,036	0,3644
15.01.2026 15:01:13	73,650	1,657	16,5675	0,037	0,3671
15.01.2026 15:01:13	73,700	1,657	16,5684	0,037	0,3664
15.01.2026 15:01:13	73,750	1,657	16,5677	0,037	0,3692
15.01.2026 15:01:13	73,800	1,657	16,5680	0,037	0,3671
15.01.2026 15:01:13	73,850	1,657	16,5701	0,037	0,3712
15.01.2026 15:01:13	73,900	1,656	16,5646	0,036	0,3642
15.01.2026 15:01:13	73,950	1,657	16,5678	0,037	0,3679
15.01.2026 15:01:14	74,000	1,657	16,5659	0,036	0,3648
15.01.2026 15:01:14	74,050	1,657	16,5673	0,037	0,3683
15.01.2026 15:01:14	74,100	1,657	16,5658	0,037	0,3659
15.01.2026 15:01:14	74,150	1,657	16,5711	0,037	0,3725
15.01.2026 15:01:14	74,200	1,656	16,5648	0,037	0,3652
15.01.2026 15:01:14	74,250	1,657	16,5667	0,037	0,3692
15.01.2026 15:01:14	74,300	1,648	16,4752	0,036	0,3644
15.01.2026 15:01:14	74,350	1,628	16,2805	0,037	0,3669
15.01.2026 15:01:14	74,400	1,616	16,1588	0,037	0,3659
15.01.2026 15:01:14	74,450	1,610	16,0999	0,037	0,3692
15.01.2026 15:01:14	74,500	1,607	16,0669	0,037	0,3655
15.01.2026 15:01:14	74,550	1,605	16,0524	0,037	0,3671
15.01.2026 15:01:14	74,600	1,604	16,0439	0,037	0,3650
15.01.2026 15:01:14	74,650	1,609	16,0906	0,037	0,3675
15.01.2026 15:01:14	74,700	1,614	16,1426	0,037	0,3670
15.01.2026 15:01:14	74,750	1,605	16,0518	0,037	0,3694
15.01.2026 15:01:14	74,800	1,574	15,7427	0,037	0,3661
15.01.2026 15:01:14	74,850	1,546	15,4577	0,037	0,3679
15.01.2026 15:01:14	74,900	1,530	15,3039	0,036	0,3648
15.01.2026 15:01:14	74,950	1,523	15,2305	0,037	0,3689
15.01.2026 15:01:15	75,000	1,519	15,1899	0,036	0,3644
15.01.2026 15:01:15	75,050	1,517	15,1743	0,037	0,3685
15.01.2026 15:01:15	75,100	1,516	15,1636	0,037	0,3659
15.01.2026 15:01:15	75,150	1,516	15,1611	0,037	0,3689
15.01.2026 15:01:15	75,200	1,515	15,1508	0,036	0,3593
15.01.2026 15:01:15	75,250	1,515	15,1537	0,037	0,3660
15.01.2026 15:01:15	75,300	1,515	15,1538	0,036	0,3633
15.01.2026 15:01:15	75,350	1,516	15,1550	0,037	0,3663
15.01.2026 15:01:15	75,400	1,517	15,1724	0,037	0,3654
15.01.2026 15:01:15	75,450	1,517	15,1709	0,037	0,3661
15.01.2026 15:01:15	75,500	1,516	15,1609	0,036	0,3631
15.01.2026 15:01:15	75,550	1,516	15,1569	0,037	0,3662
15.01.2026 15:01:15	75,600	1,514	15,1360	0,036	0,3643
15.01.2026 15:01:15	75,650	1,500	14,9951	0,037	0,3662
15.01.2026 15:01:15	75,700	1,490	14,8956	0,036	0,3646
15.01.2026 15:01:15	75,750	1,485	14,8461	0,037	0,3673
15.01.2026 15:01:15	75,800	1,482	14,8160	0,036	0,3612
15.01.2026 15:01:15	75,850	1,480	14,8048	0,037	0,3671
15.01.2026 15:01:15	75,900	1,469	14,6948	0,036	0,3621
15.01.2026 15:01:15	75,950	1,457	14,5746	0,037	0,3676
15.01.2026 15:01:16	76,000	1,451	14,5062	0,036	0,3643
15.01.2026 15:01:16	76,050	1,448	14,4774	0,037	0,3698
15.01.2026 15:01:16	76,100	1,440	14,4034	0,036	0,3614
15.01.2026 15:01:16	76,150	1,421	14,2096	0,037	0,3676
15.01.2026 15:01:16	76,200	1,406	14,0590	0,036	0,3620
15.01.2026 15:01:16	76,250	1,395	13,9487	0,036	0,3645
15.01.2026 15:01:16	76,300	1,384	13,8374	0,036	0,3596
15.01.2026 15:01:16	76,350	1,379	13,7858	0,036	0,3642
15.01.2026 15:01:16	76,400	1,371	13,7139	0,036	0,3627
15.01.2026 15:01:16	76,450	1,364	13,6361	0,037	0,3655
15.01.2026 15:01:16	76,500	1,356	13,5579	0,036	0,3578
15.01.2026 15:01:16	76,550	1,345	13,4508	0,036	0,3630
15.01.2026 15:01:16	76,600	1,325	13,2463	0,036	0,3588
15.01.2026 15:01:16	76,650	1,298	12,9847	0,036	0,3617
15.01.2026 15:01:16	76,700	1,283	12,8270	0,036	0,3610
15.01.2026 15:01:16	76,750	1,275	12,7481	0,036	0,3641
15.01.2026 15:01:16	76,800	1,271	12,7053	0,036	0,3602
15.01.2026 15:01:16	76,850	1,262	12,6227	0,036	0,3643
15.01.2026 15:01:16	76,900	1,250	12,4954	0,036	0,3603
15.01.2026 15:01:16	76,950	1,241	12,4080	0,036	0,3618
15.01.2026 15:01:17	77,000	1,236	12,3623	0,036	0,3595
15.01.2026 15:01:17	77,050	1,234	12,3446	0,036	0,3648
15.01.2026 15:01:17	77,100	1,230	12,3018	0,036	0,3609
15.01.2026 15:01:17	77,150	1,222	12,2240	0,037	0,3652
15.01.2026 15:01:17	77,200	1,214	12,1373	0,036	0,3606
15.01.2026 15:01:17	77,250	1,207	12,0706	0,036	0,3623
15.01.2026 15:01:17	77,300	1,203	12,0322	0,036	0,3589
15.01.2026 15:01:17	77,350	1,201	12,0136	0,036	0,3632
15.01.2026 15:01:17	77,400	1,198	11,9775	0,036	0,3570
15.01.2026 15:01:17	77,450	1,180	11,8014	0,036	0,3643
15.01.2026 15:01:17	77,500	1,162	11,6227	0,036	0,3603
15.01.2026 15:01:17	77,550	1,153	11,5329	0,036	0,3629
15.01.2026 15:01:17	77,600	1,148	11,4828	0,036	0,3585
15.01.2026 15:01:17	77,650	1,146	11,4608	0,036	0,3599
15.01.2026 15:01:17	77,700	1,142	11,4202	0,036	0,3568
15.01.2026 15:01:17	77,750	1,128	11,2805	0,036	0,3606
15.01.2026 15:01:17	77,800	1,114	11,1409	0,036	0,3563
15.01.2026 15:01:17	77,850	1,097	10,9682	0,036	0,3622
15.01.2026 15:01:17	77,900	1,085	10,8502	0,036	0,3553
15.01.2026 15:01:17	77,950	1,079	10,7936	0,036	0,3570
15.01.2026 15:01:18	78,000	1,077	10,7653	0,036	0,3569
15.01.2026 15:01:18	78,050	1,074	10,7401	0,036	0,3584
15.01.2026 15:01:18	78,100	1,068	10,6809	0,036	0,3571
15.01.2026 15:01:18	78,150	1,061	10,6146	0,036	0,3603
15.01.2026 15:01:18	78,200	1,050	10,5047	0,036	0,3552
15.01.2026 15:01:18	78,250	1,044	10,4397	0,036	0,3581
15.01.2026 15:01:18	78,300	1,033	10,3318	0,035	0,3542
15.01.2026 15:01:18	78,350	1,018	10,1820	0,036	0,3567
15.01.2026 15:01:18	78,400	1,010	10,1002	0,036	0,3552
15.01.2026 15:01:18	78,450	0,998	9,9828	0,036	0,3577
15.01.2026 15:01:18	78,500	0,979	9,7865	0,035	0,3544
15.01.2026 15:01:18	78,550	0,959	9,5899	0,036	0,3589
15.01.2026 15:01:18	78,600	0,945	9,4515	0,035	0,3540
15.01.2026 15:01:18	78,650	0,939	9,3851	0,036	0,3563
15.01.2026 15:01:18	78,700	0,935	9,3494	0,035	0,3527
15.01.2026 15:01:18	78,750	0,934	9,3364	0,036	0,3571
15.01.2026 15:01:18	78,800	0,929	9,2853	0,036	0,3576
15.01.2026 15:01:18	78,850	0,916	9,1591	0,035	0,3549
15.01.2026 15:01:18	78,900	0,901	9,0062	0,035	0,3544
15.01.2026 15:01:18	78,950	0,883	8,8297	0,036	0,3576
15.01.2026 15:01:19	79,000	0,872	8,7202	0,035	0,3534
15.01.2026 15:01:19	79,050	0,867	8,6689	0,036	0,3554
15.01.2026 15:01:19	79,100	0,864	8,6434	0,036	0,3564
15.01.2026 15:01:19	79,150	0,863	8,6294	0,036	0,3551
15.01.2026 15:01:19	79,200	0,862	8,6219	0,035	0,3535
15.01.2026 15:01:19	79,250	0,862	8,6196	0,036	0,3557
15.01.2026 15:01:19	79,300	0,860	8,6009	0,035	0,3549
15.01.2026 15:01:19	79,350	0,852	8,5212	0,036	0,3555
15.01.2026 15:01:19	79,400	0,841	8,4086	0,035	0,3534
15.01.2026 15:01:19	79,450	0,834	8,3365	0,036	0,3562
15.01.2026 15:01:19	79,500	0,826	8,2587	0,035	0,3522
15.01.2026 15:01:19	79,550	0,817	8,1721	0,035	0,3545
15.01.2026 15:01:19	79,600	0,807	8,0746	0,035	0,3527
15.01.2026 15:01:19	79,650	0,793	7,9292	0,036	0,3565
15.01.2026 15:01:19	79,700	0,783	7,8325	0,035	0,3535
15.01.2026 15:01:19	79,750	0,778	7,7824	0,035	0,3542
15.01.2026 15:01:19	79,800	0,775	7,7547	0,035	0,3480
15.01.2026 15:01:19	79,850	0,774	7,7356	0,035	0,3540
15.01.2026 15:01:19	79,900	0,758	7,5841	0,035	0,3520
15.01.2026 15:01:19	79,950	0,739	7,3855	0,035	0,3543
15.01.2026 15:01:20	80,000	0,722	7,2199	0,035	0,3495
15.01.2026 15:01:20	80,050	0,713	7,1260	0,035	0,3528
15.01.2026 15:01:20	80,100	0,708	7,0753	0,035	0,3516
15.01.2026 15:01:20	80,150	0,705	7,0504	0,035	0,3539
15.01.2026 15:01:20	80,200	0,704	7,0360	0,035	0,3489
15.01.2026 15:01:20	80,250	0,703	7,0337	0,036	0,3555
15.01.2026 15:01:20	80,300	0,702	7,0245	0,035	0,3482
15.01.2026 15:01:20	80,350	0,703	7,0285	0,035	0,3529
15.01.2026 15:01:20	80,400	0,703	7,0275	0,035	0,3520
15.01.2026 15:01:20	80,450	0,703	7,0263	0,035	0,3542
15.01.2026 15:01:20	80,500	0,702	7,0242	0,035	0,3492
15.01.2026 15:01:20	80,550	0,703	7,0291	0,036	0,3561
15.01.2026 15:01:20	80,600	0,702	7,0232	0,035	0,3489
15.01.2026 15:01:20	80,650	0,703	7,0251	0,035	0,3537
15.01.2026 15:01:20	80,700	0,702	7,0224	0,035	0,3499
15.01.2026 15:01:20	80,750	0,703	7,0261	0,036	0,3557
15.01.2026 15:01:20	80,800	0,702	7,0206	0,035	0,3487
15.01.2026 15:01:20	80,850	0,702	7,0208	0,035	0,3520
15.01.2026 15:01:20	80,900	0,702	7,0219	0,035	0,3480
15.01.2026 15:01:20	80,950	0,707	7,0685	0,035	0,3537
15.01.2026 15:01:21	81,000	0,713	7,1330	0,035	0,3516
15.01.2026 15:01:21	81,050	0,717	7,1688	0,036	0,3564
15.01.2026 15:01:21	81,100	0,718	7,1783	0,035	0,3471
15.01.2026 15:01:21	81,150	0,719	7,1893	0,035	0,3495
15.01.2026 15:01:21	81,200	0,720	7,2014	0,035	0,3499
15.01.2026 15:01:21	81,250	0,716	7,1606	0,035	0,3519
15.01.2026 15:01:21	81,300	0,708	7,0846	0,035	0,3493
15.01.2026 15:01:21	81,350	0,699	6,9863	0,035	0,3539
15.01.2026 15:01:21	81,400	0,684	6,8441	0,035	0,3497
15.01.2026 15:01:21	81,450	0,667	6,6711	0,035	0,3498
15.01.2026 15:01:21	81,500	0,649	6,4917	0,035	0,3483
15.01.2026 15:01:21	81,550	0,633	6,3270	0,035	0,3513
15.01.2026 15:01:21	81,600	0,617	6,1697	0,035	0,3473
15.01.2026 15:01:21	81,650	0,599	5,9938	0,035	0,3518
15.01.2026 15:01:21	81,700	0,588	5,8813	0,035	0,3464
15.01.2026 15:01:21	81,750	0,575	5,7524	0,035	0,3524
15.01.2026 15:01:21	81,800	0,559	5,5945	0,035	0,3506
15.01.2026 15:01:21	81,850	0,539	5,3932	0,035	0,3504
15.01.2026 15:01:21	81,900	0,518	5,1790	0,035	0,3488
15.01.2026 15:01:21	81,950	0,498	4,9806	0,035	0,3494
15.01.2026 15:01:22	82,000	0,484	4,8401	0,034	0,3434
15.01.2026 15:01:22	82,050	0,468	4,6757	0,035	0,3479
15.01.2026 15:01:22	82,100	0,451	4,5075	0,034	0,3435
15.01.2026 15:01:22	82,150	0,437	4,3694	0,035	0,3522
15.01.2026 15:01:22	82,200	0,425	4,2543	0,035	0,3478
15.01.2026 15:01:22	82,250	0,407	4,0747	0,035	0,3482
15.01.2026 15:01:22	82,300	0,392	3,9181	0,035	0,3461
15.01.2026 15:01:22	82,350	0,364	3,6434	0,035	0,3486
15.01.2026 15:01:22	82,400	0,327	3,2717	0,034	0,3441
15.01.2026 15:01:22	82,450	0,297	2,9670	0,035	0,3470
15.01.2026 15:01:22	82,500	0,280	2,7995	0,034	0,3440
15.01.2026 15:01:22	82,550	0,272	2,7176	0,035	0,3469
15.01.2026 15:01:22	82,600	0,267	2,6689	0,034	0,3385
15.01.2026 15:01:22	82,650	0,264	2,6399	0,035	0,3455
15.01.2026 15:01:22	82,700	0,257	2,5652	0,034	0,3425
15.01.2026 15:01:22	82,750	0,252	2,5217	0,035	0,3461
15.01.2026 15:01:22	82,800	0,239	2,3939	0,034	0,3426
15.01.2026 15:01:22	82,850	0,220	2,1975	0,035	0,3463
15.01.2026 15:01:22	82,900	0,207	2,0655	0,034	0,3412
15.01.2026 15:01:22	82,950	0,200	1,9999	0,034	0,3445
15.01.2026 15:01:23	83,000	0,196	1,9579	0,034	0,3395
15.01.2026 15:01:23	83,050	0,189	1,8868	0,035	0,3451
15.01.2026 15:01:23	83,100	0,183	1,8268	0,034	0,3425
15.01.2026 15:01:23	83,150	0,180	1,7966	0,035	0,3466
15.01.2026 15:01:23	83,200	0,177	1,7685	0,034	0,3395
15.01.2026 15:01:23	83,250	0,170	1,6984	0,034	0,3448
15.01.2026 15:01:23	83,300	0,162	1,6225	0,034	0,3390
15.01.2026 15:01:23	83,350	0,153	1,5258	0,034	0,3446
15.01.2026 15:01:23	83,400	0,146	1,4567	0,034	0,3405
15.01.2026 15:01:23	83,450	0,133	1,3278	0,034	0,3449
15.01.2026 15:01:23	83,500	0,119	1,1902	0,034	0,3393
15.01.2026 15:01:23	83,550	0,113	1,1266	0,034	0,3433
15.01.2026 15:01:23	83,600	0,109	1,0927	0,034	0,3404
15.01.2026 15:01:23	83,650	0,108	1,0783	0,034	0,3439
15.01.2026 15:01:23	83,700	0,107	1,0667	0,034	0,3381
15.01.2026 15:01:23	83,750	0,107	1,0664	0,034	0,3441
15.01.2026 15:01:23	83,800	0,105	1,0536	0,034	0,3374
15.01.2026 15:01:23	83,850	0,097	0,9744	0,035	0,3461
15.01.2026 15:01:23	83,900	0,084	0,8388	0,034	0,3398
15.01.2026 15:01:23	83,950	0,066	0,6602	0,034	0,3421
15.01.2026 15:01:24	84,000	0,041	0,4055	0,034	0,3354
15.01.2026 15:01:24	84,050	0,017	0,1667	0,034	0,3435
15.01.2026 15:01:24	84,100	0,002	0,0184	0,034	0,3364
15.01.2026 15:01:24	84,150	-0,005	-0,0500	0,034	0,3399
15.01.2026 15:01:24	84,200	-0,009	-0,0876	0,034	0,3369
15.01.2026 15:01:24	84,250	-0,010	-0,0980	0,034	0,3440
15.01.2026 15:01:24	84,300	-0,011	-0,1115	0,034	0,3397
15.01.2026 15:01:24	84,350	-0,011	-0,1133	0,034	0,3433
15.01.2026 15:01:24	84,400	-0,012	-0,1177	0,034	0,3394
15.01.2026 15:01:24	84,450	-0,012	-0,1162	0,034	0,3432
15.01.2026 15:01:24	84,500	-0,012	-0,1185	0,034	0,3378
15.01.2026 15:01:24	84,550	-0,009	-0,0891	0,034	0,3428
15.01.2026 15:01:24	84,600	-0,004	-0,0368	0,034	0,3380
15.01.2026 15:01:24	84,650	0,017	0,1707	0,034	0,3393
15.01.2026 15:01:24	84,700	0,051	0,5104	0,033	0,3340
15.01.2026 15:01:24	84,750	0,070	0,6962	0,034	0,3402
15.01.2026 15:01:24	84,800	0,079	0,7857	0,034	0,3372
15.01.2026 15:01:24	84,850	0,083	0,8324	0,034	0,3402
15.01.2026 15:01:24	84,900	0,085	0,8532	0,034	0,3369
15.01.2026 15:01:24	84,950	0,086	0,8640	0,034	0,3383
15.01.2026 15:01:25	85,000	0,087	0,8688	0,034	0,3357
15.01.2026 15:01:25	85,050	0,087	0,8728	0,034	0,3378
15.01.2026 15:01:25	85,100	0,088	0,8751	0,034	0,3383
15.01.2026 15:01:25	85,150	0,088	0,8773	0,034	0,3405
15.01.2026 15:01:25	85,200	0,087	0,8744	0,034	0,3360
15.01.2026 15:01:25	85,250	0,088	0,8787	0,034	0,3412
15.01.2026 15:01:25	85,300	0,087	0,8723	0,033	0,3339
15.01.2026 15:01:25	85,350	0,087	0,8747	0,034	0,3386
15.01.2026 15:01:25	85,400	0,088	0,8764	0,034	0,3383
15.01.2026 15:01:25	85,450	0,088	0,8754	0,034	0,3386
15.01.2026 15:01:25	85,500	0,088	0,8767	0,034	0,3376
15.01.2026 15:01:25	85,550	0,088	0,8772	0,034	0,3392
15.01.2026 15:01:25	85,600	0,088	0,8756	0,034	0,3368
15.01.2026 15:01:25	85,650	0,088	0,8770	0,034	0,3396
15.01.2026 15:01:25	85,700	0,088	0,8796	0,034	0,3400
15.01.2026 15:01:25	85,750	0,088	0,8789	0,034	0,3423
15.01.2026 15:01:25	85,800	0,088	0,8762	0,034	0,3375
15.01.2026 15:01:25	85,850	0,088	0,8787	0,034	0,3412
15.01.2026 15:01:25	85,900	0,088	0,8771	0,034	0,3386
15.01.2026 15:01:25	85,950	0,088	0,8770	0,034	0,3393
15.01.2026 15:01:26	86,000	0,088	0,8752	0,034	0,3369
15.01.2026 15:01:26	86,050	0,088	0,8808	0,034	0,3426
15.01.2026 15:01:26	86,100	0,087	0,8748	0,033	0,3344
15.01.2026 15:01:26	86,150	0,088	0,8776	0,034	0,3403
15.01.2026 15:01:26	86,200	0,087	0,8730	0,033	0,3342
15.01.2026 15:01:26	86,250	0,088	0,8768	0,034	0,3392
15.01.2026 15:01:26	86,300	0,087	0,8737	0,033	0,3339
15.01.2026 15:01:26	86,350	0,088	0,8776	0,034	0,3407
15.01.2026 15:01:26	86,400	0,087	0,8740	0,034	0,3354
15.01.2026 15:01:26	86,450	0,088	0,8770	0,034	0,3402
15.01.2026 15:01:26	86,500	0,087	0,8734	0,033	0,3341
15.01.2026 15:01:26	86,550	0,088	0,8773	0,034	0,3395
15.01.2026 15:01:26	86,600	0,088	0,8761	0,034	0,3377
15.01.2026 15:01:26	86,650	-0,065	-0,6468	0,034	0,3415
15.01.2026 15:01:26	86,700	-0,088	-0,8844	0,034	0,3357
15.01.2026 15:01:26	86,750	-0,087	-0,8652	0,034	0,3420
15.01.2026 15:01:26	86,800	-0,086	-0,8555	0,034	0,3355
15.01.2026 15:01:26	86,850	-0,084	-0,8445	0,034	0,3420
15.01.2026 15:01:26	86,900	-0,084	-0,8388	0,034	0,3400
15.01.2026 15:01:26	86,950	-0,084	-0,8407	0,034	0,3410
15.01.2026 15:01:27	87,000	-0,084	-0,8374	0,034	0,3380
15.01.2026 15:01:27	87,050	-0,084	-0,8378	0,034	0,3403
15.01.2026 15:01:27	87,100	-0,084	-0,8352	0,034	0,3384
15.01.2026 15:01:27	87,150	-0,084	-0,8398	0,034	0,3389
15.01.2026 15:01:27	87,200	-0,084	-0,8375	0,034	0,3362
15.01.2026 15:01:27	87,250	-0,084	-0,8364	0,034	0,3421
15.01.2026 15:01:27	87,300	-0,084	-0,8366	0,034	0,3376
15.01.2026 15:01:27	87,350	-0,084	-0,8370	0,034	0,3406
15.01.2026 15:01:27	87,400	-0,084	-0,8379	0,034	0,3361
15.01.2026 15:01:27	87,450	-0,084	-0,8375	0,034	0,3409
15.01.2026 15:01:27	87,500	-0,084	-0,8362	0,034	0,3375
15.01.2026 15:01:27	87,550	-0,084	-0,8381	0,034	0,3402
15.01.2026 15:01:27	87,600	-0,084	-0,8404	0,033	0,3336
15.01.2026 15:01:27	87,650	-0,084	-0,8399	0,034	0,3385
15.01.2026 15:01:27	87,700	-0,084	-0,8384	0,034	0,3358
15.01.2026 15:01:27	87,750	-0,084	-0,8410	0,034	0,3365
15.01.2026 15:01:27	87,800	-0,084	-0,8365	0,034	0,3360
15.01.2026 15:01:27	87,850	-0,083	-0,8346	0,034	0,3422
15.01.2026 15:01:27	87,900	-0,083	-0,8336	0,034	0,3392
15.01.2026 15:01:27	87,950	-0,083	-0,8346	0,034	0,3424
15.01.2026 15:01:28	88,000	-0,083	-0,8340	0,034	0,3383
15.01.2026 15:01:28	88,050	-0,084	-0,8373	0,034	0,3408
15.01.2026 15:01:28	88,100	-0,084	-0,8367	0,034	0,3365
15.01.2026 15:01:28	88,150	-0,084	-0,8365	0,034	0,3417
15.01.2026 15:01:28	88,200	-0,084	-0,8369	0,034	0,3372
15.01.2026 15:01:28	88,250	-0,084	-0,8391	0,034	0,3393
15.01.2026 15:01:28	88,300	-0,084	-0,8379	0,034	0,3354
15.01.2026 15:01:28	88,350	-0,084	-0,8379	0,034	0,3398
15.01.2026 15:01:28	88,400	-0,080	-0,8050	0,034	0,3371
15.01.2026 15:01:28	88,450	-0,074	-0,7360	0,034	0,3402
15.01.2026 15:01:28	88,500	-0,065	-0,6516	0,034	0,3371
15.01.2026 15:01:28	88,550	-0,050	-0,4980	0,034	0,3410
15.01.2026 15:01:28	88,600	-0,039	-0,3946	0,034	0,3391
15.01.2026 15:01:28	88,650	-0,028	-0,2828	0,034	0,3418
15.01.2026 15:01:28	88,700	-0,022	-0,2194	0,034	0,3394
15.01.2026 15:01:28	88,750	-0,022	-0,2161	0,034	0,3424
15.01.2026 15:01:28	88,800	-0,036	-0,3570	0,034	0,3382
15.01.2026 15:01:28	88,850	-0,051	-0,5105	0,034	0,3432
15.01.2026 15:01:28	88,900	-0,059	-0,5862	0,034	0,3378
15.01.2026 15:01:28	88,950	-0,062	-0,6236	0,034	0,3432
15.01.2026 15:01:29	89,000	-0,065	-0,6464	0,033	0,3346
15.01.2026 15:01:29	89,050	-0,069	-0,6933	0,034	0,3408
15.01.2026 15:01:29	89,100	-0,079	-0,7921	0,034	0,3363
15.01.2026 15:01:29	89,150	-0,090	-0,9011	0,034	0,3387
15.01.2026 15:01:29	89,200	-0,096	-0,9572	0,034	0,3355
15.01.2026 15:01:29	89,250	-0,100	-1,0010	0,034	0,3393
15.01.2026 15:01:29	89,300	-0,111	-1,1064	0,034	0,3379
15.01.2026 15:01:29	89,350	-0,126	-1,2623	0,034	0,3445
15.01.2026 15:01:29	89,400	-0,141	-1,4069	0,033	0,3347
15.01.2026 15:01:29	89,450	-0,154	-1,5390	0,034	0,3424
15.01.2026 15:01:29	89,500	-0,162	-1,6231	0,034	0,3389
15.01.2026 15:01:29	89,550	-0,169	-1,6853	0,034	0,3387
15.01.2026 15:01:29	89,600	-0,177	-1,7714	0,034	0,3369
15.01.2026 15:01:29	89,650	-0,183	-1,8323	0,034	0,3401
15.01.2026 15:01:29	89,700	-0,186	-1,8567	0,034	0,3387
15.01.2026 15:01:29	89,750	-0,192	-1,9223	0,034	0,3394
15.01.2026 15:01:29	89,800	-0,199	-1,9933	0,034	0,3363
15.01.2026 15:01:29	89,850	-0,206	-2,0649	0,034	0,3395
15.01.2026 15:01:29	89,900	-0,215	-2,1499	0,033	0,3338
15.01.2026 15:01:29	89,950	-0,224	-2,2444	0,034	0,3386
15.01.2026 15:01:30	90,000	-0,239	-2,3856	0,034	0,3395
15.01.2026 15:01:30	90,050	-0,257	-2,5715	0,034	0,3414
15.01.2026 15:01:30	90,100	-0,274	-2,7420	0,033	0,3315
15.01.2026 15:01:30	90,150	-0,284	-2,8421	0,034	0,3370
15.01.2026 15:01:30	90,200	-0,290	-2,8985	0,033	0,3311
15.01.2026 15:01:30	90,250	-0,299	-2,9860	0,034	0,3356
15.01.2026 15:01:30	90,300	-0,311	-3,1083	0,033	0,3329
15.01.2026 15:01:30	90,350	-0,325	-3,2514	0,034	0,3360
15.01.2026 15:01:30	90,400	-0,336	-3,3560	0,033	0,3327
15.01.2026 15:01:30	90,450	-0,342	-3,4166	0,034	0,3352
15.01.2026 15:01:30	90,500	-0,344	-3,4448	0,033	0,3311
15.01.2026 15:01:30	90,550	-0,346	-3,4577	0,034	0,3388
15.01.2026 15:01:30	90,600	-0,346	-3,4632	0,034	0,3353
15.01.2026 15:01:30	90,650	-0,347	-3,4734	0,034	0,3367
15.01.2026 15:01:30	90,700	-0,348	-3,4765	0,033	0,3333
15.01.2026 15:01:30	90,750	-0,348	-3,4799	0,034	0,3382
15.01.2026 15:01:30	90,800	-0,351	-3,5128	0,033	0,3326
15.01.2026 15:01:30	90,850	-0,357	-3,5750	0,034	0,3377
15.01.2026 15:01:30	90,900	-0,361	-3,6083	0,033	0,3312
15.01.2026 15:01:30	90,950	-0,366	-3,6587	0,034	0,3386
15.01.2026 15:01:31	91,000	-0,374	-3,7446	0,033	0,3314
15.01.2026 15:01:31	91,050	-0,385	-3,8497	0,034	0,3370
15.01.2026 15:01:31	91,100	-0,392	-3,9201	0,033	0,3312
15.01.2026 15:01:31	91,150	-0,396	-3,9565	0,033	0,3343
15.01.2026 15:01:31	91,200	-0,397	-3,9709	0,033	0,3323
15.01.2026 15:01:31	91,250	-0,398	-3,9803	0,034	0,3391
15.01.2026 15:01:31	91,300	-0,403	-4,0259	0,033	0,3340
15.01.2026 15:01:31	91,350	-0,410	-4,0956	0,034	0,3382
15.01.2026 15:01:31	91,400	-0,413	-4,1345	0,033	0,3306
15.01.2026 15:01:31	91,450	-0,422	-4,2156	0,034	0,3380
15.01.2026 15:01:31	91,500	-0,428	-4,2786	0,033	0,3322
15.01.2026 15:01:31	91,550	-0,431	-4,3108	0,034	0,3382
15.01.2026 15:01:31	91,600	-0,433	-4,3265	0,033	0,3322
15.01.2026 15:01:31	91,650	-0,439	-4,3895	0,034	0,3366
15.01.2026 15:01:31	91,700	-0,450	-4,5046	0,033	0,3298
15.01.2026 15:01:31	91,750	-0,462	-4,6194	0,034	0,3350
15.01.2026 15:01:31	91,800	-0,474	-4,7373	0,033	0,3318
15.01.2026 15:01:31	91,850	-0,484	-4,8403	0,033	0,3335
15.01.2026 15:01:31	91,900	-0,494	-4,9376	0,033	0,3308
15.01.2026 15:01:31	91,950	-0,499	-4,9943	0,033	0,3336
15.01.2026 15:01:32	92,000	-0,502	-5,0210	0,033	0,3311
15.01.2026 15:01:32	92,050	-0,504	-5,0408	0,033	0,3329
15.01.2026 15:01:32	92,100	-0,505	-5,0457	0,033	0,3316
15.01.2026 15:01:32	92,150	-0,510	-5,1024	0,034	0,3351
15.01.2026 15:01:32	92,200	-0,516	-5,1631	0,033	0,3285
15.01.2026 15:01:32	92,250	-0,519	-5,1940	0,033	0,3322
15.01.2026 15:01:32	92,300	-0,522	-5,2192	0,033	0,3266
15.01.2026 15:01:32	92,350	-0,529	-5,2923	0,033	0,3334
15.01.2026 15:01:32	92,400	-0,539	-5,3851	0,033	0,3286
15.01.2026 15:01:32	92,450	-0,548	-5,4845	0,033	0,3314
15.01.2026 15:01:32	92,500	-0,553	-5,5339	0,033	0,3285
15.01.2026 15:01:32	92,550	-0,557	-5,5705	0,033	0,3330
15.01.2026 15:01:32	92,600	-0,560	-5,6014	0,033	0,3252
15.01.2026 15:01:32	92,650	-0,566	-5,6589	0,033	0,3313
15.01.2026 15:01:32	92,700	-0,571	-5,7071	0,033	0,3281
15.01.2026 15:01:32	92,750	-0,580	-5,8023	0,033	0,3299
15.01.2026 15:01:32	92,800	-0,595	-5,9518	0,033	0,3280
15.01.2026 15:01:32	92,850	-0,614	-6,1374	0,033	0,3282
15.01.2026 15:01:32	92,900	-0,629	-6,2884	0,033	0,3267
15.01.2026 15:01:32	92,950	-0,637	-6,3729	0,033	0,3293
15.01.2026 15:01:33	93,000	-0,641	-6,4108	0,033	0,3267
15.01.2026 15:01:33	93,050	-0,643	-6,4322	0,033	0,3314
15.01.2026 15:01:33	93,100	-0,644	-6,4410	0,033	0,3261
15.01.2026 15:01:33	93,150	-0,645	-6,4477	0,033	0,3303
15.01.2026 15:01:33	93,200	-0,645	-6,4498	0,032	0,3235
15.01.2026 15:01:33	93,250	-0,645	-6,4507	0,033	0,3301
15.01.2026 15:01:33	93,300	-0,645	-6,4486	0,033	0,3265
15.01.2026 15:01:33	93,350	-0,645	-6,4548	0,033	0,3288
15.01.2026 15:01:33	93,400	-0,648	-6,4792	0,033	0,3258
15.01.2026 15:01:33	93,450	-0,655	-6,5506	0,033	0,3295
15.01.2026 15:01:33	93,500	-0,659	-6,5870	0,033	0,3274
15.01.2026 15:01:33	93,550	-0,661	-6,6104	0,033	0,3323
15.01.2026 15:01:33	93,600	-0,662	-6,6238	0,033	0,3265
15.01.2026 15:01:33	93,650	-0,665	-6,6471	0,033	0,3308
15.01.2026 15:01:33	93,700	-0,668	-6,6791	0,032	0,3244
15.01.2026 15:01:33	93,750	-0,673	-6,7348	0,033	0,3272
15.01.2026 15:01:33	93,800	-0,677	-6,7748	0,033	0,3283
15.01.2026 15:01:33	93,850	-0,687	-6,8704	0,033	0,3265
15.01.2026 15:01:33	93,900	-0,693	-6,9337	0,033	0,3283
15.01.2026 15:01:33	93,950	-0,704	-7,0354	0,033	0,3302
15.01.2026 15:01:34	94,000	-0,710	-7,1028	0,032	0,3250
15.01.2026 15:01:34	94,050	-0,720	-7,1995	0,033	0,3302
15.01.2026 15:01:34	94,100	-0,730	-7,2966	0,032	0,3247
15.01.2026 15:01:34	94,150	-0,740	-7,4031	0,033	0,3280
15.01.2026 15:01:34	94,200	-0,746	-7,4586	0,032	0,3243
15.01.2026 15:01:34	94,250	-0,749	-7,4934	0,033	0,3302
15.01.2026 15:01:34	94,300	-0,757	-7,5711	0,032	0,3242
15.01.2026 15:01:34	94,350	-0,763	-7,6295	0,033	0,3276
15.01.2026 15:01:34	94,400	-0,767	-7,6727	0,032	0,3222
15.01.2026 15:01:34	94,450	-0,776	-7,7579	0,033	0,3272
15.01.2026 15:01:34	94,500	-0,781	-7,8117	0,032	0,3223
15.01.2026 15:01:34	94,550	-0,784	-7,8417	0,033	0,3282
15.01.2026 15:01:34	94,600	-0,787	-7,8698	0,032	0,3219
15.01.2026 15:01:34	94,650	-0,795	-7,9532	0,032	0,3241
15.01.2026 15:01:34	94,700	-0,805	-8,0519	0,032	0,3234
15.01.2026 15:01:34	94,750	-0,814	-8,1372	0,033	0,3284
15.01.2026 15:01:34	94,800	-0,818	-8,1822	0,032	0,3197
15.01.2026 15:01:34	94,850	-0,823	-8,2272	0,033	0,3280
15.01.2026 15:01:34	94,900	-0,831	-8,3101	0,032	0,3210
15.01.2026 15:01:34	94,950	-0,838	-8,3790	0,033	0,3279
15.01.2026 15:01:35	95,000	-0,849	-8,4854	0,032	0,3237
15.01.2026 15:01:35	95,050	-0,861	-8,6071	0,033	0,3273
15.01.2026 15:01:35	95,100	-0,869	-8,6908	0,032	0,3226
15.01.2026 15:01:35	95,150	-0,880	-8,8029	0,032	0,3219
15.01.2026 15:01:35	95,200	-0,888	-8,8755	0,032	0,3187
15.01.2026 15:01:35	95,250	-0,898	-8,9753	0,032	0,3232
15.01.2026 15:01:35	95,300	-0,904	-9,0355	0,032	0,3206
15.01.2026 15:01:35	95,350	-0,907	-9,0654	0,033	0,3258
15.01.2026 15:01:35	95,400	-0,908	-9,0822	0,032	0,3201
15.01.2026 15:01:35	95,450	-0,909	-9,0911	0,032	0,3234
15.01.2026 15:01:35	95,500	-0,910	-9,0963	0,032	0,3179
15.01.2026 15:01:35	95,550	-0,910	-9,1026	0,032	0,3231
15.01.2026 15:01:35	95,600	-0,911	-9,1063	0,032	0,3184
15.01.2026 15:01:35	95,650	-0,911	-9,1100	0,032	0,3206
15.01.2026 15:01:35	95,700	-0,911	-9,1054	0,032	0,3194
15.01.2026 15:01:35	95,750	-0,915	-9,1523	0,032	0,3219
15.01.2026 15:01:35	95,800	-0,981	-9,8081	0,032	0,3217
15.01.2026 15:01:35	95,850	-1,090	-10,9030	0,032	0,3201
15.01.2026 15:01:35	95,900	-1,151	-11,5053	0,032	0,3162
15.01.2026 15:01:35	95,950	-1,181	-11,8092	0,032	0,3181
15.01.2026 15:01:36	96,000	-1,196	-11,9559	0,031	0,3136
15.01.2026 15:01:36	96,050	-1,203	-12,0262	0,032	0,3179
15.01.2026 15:01:36	96,100	-1,206	-12,0615	0,031	0,3143
15.01.2026 15:01:36	96,150	-1,208	-12,0783	0,032	0,3192
15.01.2026 15:01:36	96,200	-1,209	-12,0864	0,031	0,3148
15.01.2026 15:01:36	96,250	-1,209	-12,0949	0,032	0,3157
15.01.2026 15:01:36	96,300	-1,209	-12,0948	0,031	0,3116
15.01.2026 15:01:36	96,350	-1,210	-12,0970	0,032	0,3171
15.01.2026 15:01:36	96,400	-1,210	-12,0970	0,031	0,3124
15.01.2026 15:01:36	96,450	-1,210	-12,0979	0,032	0,3155
15.01.2026 15:01:36	96,500	-1,210	-12,0968	0,031	0,3140
15.01.2026 15:01:36	96,550	-1,210	-12,1016	0,031	0,3145
15.01.2026 15:01:36	96,600	-1,210	-12,0961	0,031	0,3123
15.01.2026 15:01:36	96,650	-1,210	-12,1023	0,032	0,3164
15.01.2026 15:01:36	96,700	-1,217	-12,1730	0,031	0,3106
15.01.2026 15:01:36	96,750	-1,223	-12,2256	0,031	0,3125
15.01.2026 15:01:36	96,800	-1,225	-12,2452	0,031	0,3126
15.01.2026 15:01:36	96,850	-1,226	-12,2583	0,032	0,3158
15.01.2026 15:01:36	96,900	-1,227	-12,2673	0,031	0,3108
15.01.2026 15:01:36	96,950	-1,227	-12,2684	0,032	0,3154
15.01.2026 15:01:37	97,000	-1,227	-12,2712	0,031	0,3093
15.01.2026 15:01:37	97,050	-1,227	-12,2724	0,031	0,3130
15.01.2026 15:01:37	97,100	-1,227	-12,2691	0,031	0,3140
15.01.2026 15:01:37	97,150	-1,227	-12,2725	0,031	0,3141
15.01.2026 15:01:37	97,200	-1,227	-12,2707	0,031	0,3136
15.01.2026 15:01:37	97,250	-1,227	-12,2740	0,031	0,3133
15.01.2026 15:01:37	97,300	-1,227	-12,2693	0,031	0,3143
15.01.2026 15:01:37	97,350	-1,227	-12,2748	0,031	0,3121
15.01.2026 15:01:37	97,400	-1,227	-12,2735	0,031	0,3107
15.01.2026 15:01:37	97,450	-1,227	-12,2733	0,031	0,3142
15.01.2026 15:01:37	97,500	-1,227	-12,2741	0,031	0,3094
15.01.2026 15:01:37	97,550	-1,227	-12,2739	0,031	0,3136
15.01.2026 15:01:37	97,600	-1,227	-12,2724	0,031	0,3119
15.01.2026 15:01:37	97,650	-1,227	-12,2726	0,031	0,3144
15.01.2026 15:01:37	97,700	-1,228	-12,2756	0,031	0,3098
15.01.2026 15:01:37	97,750	-1,235	-12,3506	0,031	0,3116
15.01.2026 15:01:37	97,800	-1,252	-12,5176	0,031	0,3120
15.01.2026 15:01:37	97,850	-1,273	-12,7291	0,031	0,3140
15.01.2026 15:01:37	97,900	-1,292	-12,9233	0,031	0,3113
15.01.2026 15:01:37	97,950	-1,304	-13,0352	0,031	0,3149
15.01.2026 15:01:38	98,000	-1,309	-13,0906	0,031	0,3132
15.01.2026 15:01:38	98,050	-1,312	-13,1228	0,032	0,3158
15.01.2026 15:01:38	98,100	-1,314	-13,1388	0,031	0,3124
15.01.2026 15:01:38	98,150	-1,315	-13,1500	0,031	0,3136
15.01.2026 15:01:38	98,200	-1,321	-13,2132	0,031	0,3109
15.01.2026 15:01:38	98,250	-1,330	-13,3044	0,032	0,3167
15.01.2026 15:01:38	98,300	-1,341	-13,4064	0,031	0,3109
15.01.2026 15:01:38	98,350	-1,350	-13,5038	0,032	0,3157
15.01.2026 15:01:38	98,400	-1,362	-13,6216	0,031	0,3090
15.01.2026 15:01:38	98,450	-1,374	-13,7375	0,031	0,3134
15.01.2026 15:01:38	98,500	-1,386	-13,8640	0,031	0,3091
15.01.2026 15:01:38	98,550	-1,396	-13,9557	0,031	0,3089
15.01.2026 15:01:38	98,600	-1,400	-13,9990	0,031	0,3105
15.01.2026 15:01:38	98,650	-1,402	-14,0241	0,031	0,3121
15.01.2026 15:01:38	98,700	-1,404	-14,0353	0,031	0,3113
15.01.2026 15:01:38	98,750	-1,405	-14,0465	0,032	0,3152
15.01.2026 15:01:38	98,800	-1,416	-14,1577	0,031	0,3057
15.01.2026 15:01:38	98,850	-1,431	-14,3091	0,031	0,3089
15.01.2026 15:01:38	98,900	-1,449	-14,4917	0,031	0,3076
15.01.2026 15:01:38	98,950	-1,462	-14,6199	0,031	0,3102
15.01.2026 15:01:39	99,000	-1,469	-14,6856	0,031	0,3101
15.01.2026 15:01:39	99,050	-1,472	-14,7187	0,031	0,3113
15.01.2026 15:01:39	99,100	-1,474	-14,7358	0,031	0,3086
15.01.2026 15:01:39	99,150	-1,474	-14,7430	0,031	0,3103
15.01.2026 15:01:39	99,200	-1,475	-14,7450	0,031	0,3098
15.01.2026 15:01:39	99,250	-1,475	-14,7474	0,031	0,3114
15.01.2026 15:01:39	99,300	-1,483	-14,8301	0,031	0,3093
15.01.2026 15:01:39	99,350	-1,497	-14,9650	0,031	0,3083
15.01.2026 15:01:39	99,400	-1,509	-15,0886	0,031	0,3074
15.01.2026 15:01:39	99,450	-1,533	-15,3337	0,031	0,3126
15.01.2026 15:01:39	99,500	-1,550	-15,5003	0,031	0,3083
15.01.2026 15:01:39	99,550	-1,564	-15,6439	0,031	0,3081
15.01.2026 15:01:39	99,600	-1,573	-15,7286	0,031	0,3078
15.01.2026 15:01:39	99,650	-1,580	-15,8023	0,031	0,3078
15.01.2026 15:01:39	99,700	-1,590	-15,8967	0,031	0,3061
15.01.2026 15:01:39	99,750	-1,595	-15,9451	0,031	0,3054
15.01.2026 15:01:39	99,800	-1,597	-15,9665	0,031	0,3077
15.01.2026 15:01:39	99,850	-1,598	-15,9782	0,031	0,3080
15.01.2026 15:01:39	99,900	-1,599	-15,9877	0,030	0,3038
15.01.2026 15:01:39	99,950	-1,599	-15,9893	0,031	0,3064
15.01.2026 15:01:40	100,000	-1,599	-15,9936	0,031	0,3054
15.01.2026 15:01:40	100,050	-1,603	-16,0307	0,031	0,3082
15.01.2026 15:01:40	100,100	-1,609	-16,0907	0,030	0,3040
15.01.2026 15:01:40	100,150	-1,611	-16,1084	0,031	0,3066
15.01.2026 15:01:40	100,200	-1,614	-16,1420	0,030	0,3041
15.01.2026 15:01:40	100,250	-1,616	-16,1591	0,030	0,3049
15.01.2026 15:01:40	100,300	-1,617	-16,1690	0,030	0,3031
15.01.2026 15:01:40	100,350	-1,618	-16,1773	0,031	0,3065
15.01.2026 15:01:40	100,400	-1,626	-16,2558	0,031	0,3058
15.01.2026 15:01:40	100,450	-1,638	-16,3775	0,030	0,3040
15.01.2026 15:01:40	100,500	-1,649	-16,4947	0,030	0,3036
15.01.2026 15:01:40	100,550	-1,661	-16,6079	0,030	0,3043
15.01.2026 15:01:40	100,600	-1,674	-16,7368	0,030	0,3035
15.01.2026 15:01:40	100,650	-1,688	-16,8777	0,031	0,3060
15.01.2026 15:01:40	100,700	-1,698	-16,9795	0,030	0,3023
15.01.2026 15:01:40	100,750	-1,709	-17,0921	0,030	0,3025
15.01.2026 15:01:40	100,800	-1,718	-17,1813	0,030	0,3024
15.01.2026 15:01:40	100,850	-1,730	-17,2989	0,031	0,3077
15.01.2026 15:01:40	100,900	-1,744	-17,4400	0,030	0,3027
15.01.2026 15:01:40	100,950	-1,752	-17,5152	0,031	0,3065
15.01.2026 15:01:41	101,000	-1,756	-17,5642	0,030	0,2988
15.01.2026 15:01:41	101,050	-1,758	-17,5793	0,030	0,3029
15.01.2026 15:01:41	101,100	-1,765	-17,6512	0,030	0,3018
15.01.2026 15:01:41	101,150	-1,771	-17,7124	0,030	0,3001
15.01.2026 15:01:41	101,200	-1,777	-17,7735	0,030	0,2986
15.01.2026 15:01:41	101,250	-1,786	-17,8558	0,030	0,3022
15.01.2026 15:01:41	101,300	-1,793	-17,9308	0,030	0,3014
15.01.2026 15:01:41	101,350	-1,803	-18,0260	0,030	0,3024
15.01.2026 15:01:41	101,400	-1,813	-18,1294	0,030	0,3003
15.01.2026 15:01:41	101,450	-1,825	-18,2476	0,030	0,2997
15.01.2026 15:01:41	101,500	-1,839	-18,3924	0,030	0,2985
15.01.2026 15:01:41	101,550	-1,852	-18,5229	0,030	0,3008
15.01.2026 15:01:41	101,600	-1,860	-18,5975	0,030	0,2996
15.01.2026 15:01:41	101,650	-1,861	-18,6086	0,030	0,2998
15.01.2026 15:01:41	101,700	-1,837	-18,3653	0,030	0,3002
15.01.2026 15:01:41	101,750	-1,800	-17,9992	0,030	0,3032
15.01.2026 15:01:41	101,800	-1,760	-17,6022	0,030	0,3009
15.01.2026 15:01:41	101,850	-1,733	-17,3288	0,030	0,3037
15.01.2026 15:01:41	101,900	-1,720	-17,1991	0,030	0,3029
15.01.2026 15:01:41	101,950	-1,713	-17,1276	0,031	0,3061
15.01.2026 15:01:42	102,000	-1,710	-17,1021	0,030	0,2996
15.01.2026 15:01:42	102,050	-1,700	-16,9989	0,030	0,3000
15.01.2026 15:01:42	102,100	-1,684	-16,8389	0,030	0,3006
15.01.2026 15:01:42	102,150	-1,669	-16,6907	0,030	0,3020
15.01.2026 15:01:42	102,200	-1,662	-16,6166	0,030	0,3011
15.01.2026 15:01:42	102,250	-1,657	-16,5738	0,030	0,3031
15.01.2026 15:01:42	102,300	-1,658	-16,5815	0,030	0,2996
15.01.2026 15:01:42	102,350	-1,665	-16,6464	0,030	0,2986
15.01.2026 15:01:42	102,400	-1,677	-16,7680	0,030	0,2996
15.01.2026 15:01:42	102,450	-1,691	-16,9084	0,030	0,3003
15.01.2026 15:01:42	102,500	-1,702	-17,0232	0,030	0,3013
15.01.2026 15:01:42	102,550	-1,720	-17,1987	0,030	0,3012
15.01.2026 15:01:42	102,600	-1,739	-17,3936	0,030	0,2986
15.01.2026 15:01:42	102,650	-1,758	-17,5846	0,030	0,3012
15.01.2026 15:01:42	102,700	-1,779	-17,7856	0,030	0,3016
15.01.2026 15:01:42	102,750	-1,795	-17,9528	0,030	0,3023
15.01.2026 15:01:42	102,800	-1,804	-18,0431	0,030	0,3037
15.01.2026 15:01:42	102,850	-1,809	-18,0858	0,030	0,2984
15.01.2026 15:01:42	102,900	-1,802	-18,0208	0,030	0,3004
15.01.2026 15:01:42	102,950	-1,790	-17,9045	0,030	0,2987
15.01.2026 15:01:43	103,000	-1,785	-17,8460	0,030	0,2998
15.01.2026 15:01:43	103,050	-1,781	-17,8125	0,030	0,3013
15.01.2026 15:01:43	103,100	-1,780	-17,8000	0,030	0,3037
15.01.2026 15:01:43	103,150	-1,779	-17,7910	0,030	0,3022
15.01.2026 15:01:43	103,200	-1,779	-17,7911	0,030	0,3014
15.01.2026 15:01:43	103,250	-1,779	-17,7862	0,030	0,3011
15.01.2026 15:01:43	103,300	-1,779	-17,7895	0,030	0,3006
15.01.2026 15:01:43	103,350	-1,772	-17,7240	0,030	0,3003
15.01.2026 15:01:43	103,400	-1,760	-17,5999	0,030	0,3005
15.01.2026 15:01:43	103,450	-1,754	-17,5403	0,030	0,2994
15.01.2026 15:01:43	103,500	-1,764	-17,6434	0,030	0,2981
15.01.2026 15:01:43	103,550	-1,770	-17,7043	0,030	0,3007
15.01.2026 15:01:43	103,600	-1,774	-17,7423	0,030	0,3005
15.01.2026 15:01:43	103,650	-1,775	-17,7548	0,030	0,3007
15.01.2026 15:01:43	103,700	-1,777	-17,7691	0,030	0,2984
15.01.2026 15:01:43	103,750	-1,777	-17,7722	0,030	0,3014
15.01.2026 15:01:43	103,800	-1,787	-17,8680	0,030	0,3036
15.01.2026 15:01:43	103,850	-1,800	-17,9978	0,030	0,2992
15.01.2026 15:01:43	103,900	-1,808	-18,0825	0,030	0,2984
15.01.2026 15:01:43	103,950	-1,818	-18,1806	0,030	0,2984
15.01.2026 15:01:44	104,000	-1,828	-18,2769	0,030	0,3001
15.01.2026 15:01:44	104,050	-1,839	-18,3917	0,030	0,3007
15.01.2026 15:01:44	104,100	-1,854	-18,5357	0,030	0,3014
15.01.2026 15:01:44	104,150	-1,869	-18,6863	0,030	0,3000
15.01.2026 15:01:44	104,200	-1,884	-18,8438	0,030	0,3012
15.01.2026 15:01:44	104,250	-1,896	-18,9600	0,030	0,2989
15.01.2026 15:01:44	104,300	-1,910	-19,1030	0,030	0,3005
15.01.2026 15:01:44	104,350	-1,927	-19,2654	0,030	0,2984
15.01.2026 15:01:44	104,400	-1,942	-19,4168	0,030	0,2981
15.01.2026 15:01:44	104,450	-1,955	-19,5493	0,030	0,3009
15.01.2026 15:01:44	104,500	-1,969	-19,6884	0,030	0,3006
15.01.2026 15:01:44	104,550	-1,980	-19,7961	0,030	0,2994
15.01.2026 15:01:44	104,600	-1,986	-19,8590	0,030	0,2972
15.01.2026 15:01:44	104,650	-1,989	-19,8918	0,029	0,2941
15.01.2026 15:01:44	104,700	-1,999	-19,9906	0,030	0,2987
15.01.2026 15:01:44	104,750	-2,013	-20,1330	0,030	0,2967
15.01.2026 15:01:44	104,800	-2,028	-20,2803	0,030	0,2972
15.01.2026 15:01:44	104,850	-2,037	-20,3704	0,029	0,2931
15.01.2026 15:01:44	104,900	-2,047	-20,4679	0,030	0,2966
15.01.2026 15:01:44	104,950	-2,054	-20,5393	0,029	0,2941
15.01.2026 15:01:45	105,000	-2,058	-20,5797	0,030	0,2968
15.01.2026 15:01:45	105,050	-2,060	-20,5950	0,030	0,2954
15.01.2026 15:01:45	105,100	-2,061	-20,6095	0,030	0,2963
15.01.2026 15:01:45	105,150	-2,063	-20,6276	0,029	0,2923
15.01.2026 15:01:45	105,200	-2,071	-20,7065	0,030	0,2963
15.01.2026 15:01:45	105,250	-2,075	-20,7537	0,029	0,2938
15.01.2026 15:01:45	105,300	-2,079	-20,7948	0,029	0,2939
15.01.2026 15:01:45	105,350	-2,087	-20,8704	0,029	0,2936
15.01.2026 15:01:45	105,400	-2,098	-20,9752	0,029	0,2936
15.01.2026 15:01:45	105,450	-2,111	-21,1067	0,029	0,2924
15.01.2026 15:01:45	105,500	-2,130	-21,2961	0,029	0,2921
15.01.2026 15:01:45	105,550	-2,152	-21,5151	0,029	0,2933
15.01.2026 15:01:45	105,600	-2,170	-21,6959	0,029	0,2945
15.01.2026 15:01:45	105,650	-2,180	-21,8011	0,029	0,2933
15.01.2026 15:01:45	105,700	-2,188	-21,8824	0,029	0,2935
15.01.2026 15:01:45	105,750	-2,192	-21,9162	0,029	0,2902
15.01.2026 15:01:45	105,800	-2,192	-21,9227	0,029	0,2943
15.01.2026 15:01:45	105,850	-2,198	-21,9762	0,029	0,2901
15.01.2026 15:01:45	105,900	-2,204	-22,0386	0,029	0,2927
15.01.2026 15:01:45	105,950	-2,207	-22,0652	0,029	0,2902
15.01.2026 15:01:46	106,000	-2,208	-22,0839	0,029	0,2928
15.01.2026 15:01:46	106,050	-2,209	-22,0867	0,029	0,2898
15.01.2026 15:01:46	106,100	-2,210	-22,0957	0,029	0,2913
15.01.2026 15:01:46	106,150	-2,209	-22,0909	0,029	0,2917
15.01.2026 15:01:46	106,200	-2,210	-22,0974	0,029	0,2918
15.01.2026 15:01:46	106,250	-2,209	-22,0912	0,029	0,2926
15.01.2026 15:01:46	106,300	-2,210	-22,0971	0,029	0,2922
15.01.2026 15:01:46	106,350	-2,210	-22,0976	0,029	0,2910
15.01.2026 15:01:46	106,400	-2,212	-22,1190	0,029	0,2929
15.01.2026 15:01:46	106,450	-2,217	-22,1677	0,029	0,2903
15.01.2026 15:01:46	106,500	-2,230	-22,2976	0,029	0,2927
15.01.2026 15:01:46	106,550	-2,260	-22,6004	0,029	0,2890
15.01.2026 15:01:46	106,600	-2,303	-23,0345	0,029	0,2914
15.01.2026 15:01:46	106,650	-2,347	-23,4662	0,029	0,2883
15.01.2026 15:01:46	106,700	-2,385	-23,8471	0,029	0,2876
15.01.2026 15:01:46	106,750	-2,411	-24,1051	0,028	0,2848
15.01.2026 15:01:46	106,800	-2,424	-24,2416	0,029	0,2898
15.01.2026 15:01:46	106,850	-2,431	-24,3060	0,029	0,2861
15.01.2026 15:01:46	106,900	-2,434	-24,3434	0,029	0,2858
15.01.2026 15:01:46	106,950	-2,435	-24,3536	0,028	0,2849
15.01.2026 15:01:47	107,000	-2,436	-24,3629	0,029	0,2890
15.01.2026 15:01:47	107,050	-2,436	-24,3645	0,028	0,2840
15.01.2026 15:01:47	107,100	-2,437	-24,3733	0,028	0,2831
15.01.2026 15:01:47	107,150	-2,437	-24,3653	0,029	0,2858
15.01.2026 15:01:47	107,200	-2,437	-24,3718	0,029	0,2853
15.01.2026 15:01:47	107,250	-2,437	-24,3652	0,028	0,2848
15.01.2026 15:01:47	107,300	-2,437	-24,3711	0,029	0,2872
15.01.2026 15:01:47	107,350	-2,437	-24,3667	0,029	0,2864
15.01.2026 15:01:47	107,400	-2,441	-24,4056	0,028	0,2850
15.01.2026 15:01:47	107,450	-2,447	-24,4736	0,028	0,2804
15.01.2026 15:01:47	107,500	-2,453	-24,5261	0,029	0,2870
15.01.2026 15:01:47	107,550	-2,464	-24,6388	0,028	0,2816
15.01.2026 15:01:47	107,600	-2,477	-24,7695	0,028	0,2838
15.01.2026 15:01:47	107,650	-2,483	-24,8328	0,028	0,2847
15.01.2026 15:01:47	107,700	-2,487	-24,8713	0,029	0,2872
15.01.2026 15:01:47	107,750	-2,491	-24,9081	0,028	0,2798
15.01.2026 15:01:47	107,800	-2,499	-24,9851	0,029	0,2873
15.01.2026 15:01:47	107,850	-2,503	-25,0320	0,028	0,2816
15.01.2026 15:01:47	107,900	-2,512	-25,1185	0,028	0,2843
15.01.2026 15:01:47	107,950	-2,519	-25,1868	0,029	0,2853
15.01.2026 15:01:48	108,000	-2,524	-25,2374	0,029	0,2869
15.01.2026 15:01:48	108,050	-2,528	-25,2794	0,028	0,2838
15.01.2026 15:01:48	108,100	-2,536	-25,3587	0,029	0,2856
15.01.2026 15:01:48	108,150	-2,540	-25,4025	0,028	0,2845
15.01.2026 15:01:48	108,200	-2,550	-25,5014	0,028	0,2846
15.01.2026 15:01:48	108,250	-2,560	-25,6025	0,028	0,2824
15.01.2026 15:01:48	108,300	-2,571	-25,7059	0,028	0,2819
15.01.2026 15:01:48	108,350	-2,575	-25,7497	0,028	0,2808
15.01.2026 15:01:48	108,400	-2,581	-25,8136	0,029	0,2867
15.01.2026 15:01:48	108,450	-2,592	-25,9161	0,028	0,2816
15.01.2026 15:01:48	108,500	-2,604	-26,0368	0,028	0,2844
15.01.2026 15:01:48	108,550	-2,615	-26,1515	0,028	0,2815
15.01.2026 15:01:48	108,600	-2,630	-26,2974	0,028	0,2805
15.01.2026 15:01:48	108,650	-2,640	-26,3973	0,028	0,2815
15.01.2026 15:01:48	108,700	-2,649	-26,4884	0,028	0,2819
15.01.2026 15:01:48	108,750	-2,658	-26,5805	0,028	0,2801
15.01.2026 15:01:48	108,800	-2,664	-26,6384	0,028	0,2838
15.01.2026 15:01:48	108,850	-2,674	-26,7357	0,028	0,2766
15.01.2026 15:01:48	108,900	-2,681	-26,8088	0,028	0,2836
15.01.2026 15:01:48	108,950	-2,694	-26,9395	0,027	0,2741
15.01.2026 15:01:49	109,000	-2,708	-27,0776	0,028	0,2803
15.01.2026 15:01:49	109,050	-2,714	-27,1449	0,028	0,2767
15.01.2026 15:01:49	109,100	-2,722	-27,2217	0,028	0,2827
15.01.2026 15:01:49	109,150	-2,731	-27,3089	0,028	0,2766
15.01.2026 15:01:49	109,200	-2,736	-27,3569	0,028	0,2819
15.01.2026 15:01:49	109,250	-2,738	-27,3756	0,028	0,2767
15.01.2026 15:01:49	109,300	-2,739	-27,3916	0,028	0,2793
15.01.2026 15:01:49	109,350	-2,741	-27,4094	0,027	0,2746
15.01.2026 15:01:49	109,400	-2,749	-27,4863	0,028	0,2805
15.01.2026 15:01:49	109,450	-2,753	-27,5290	0,028	0,2766
15.01.2026 15:01:49	109,500	-2,756	-27,5620	0,028	0,2807
15.01.2026 15:01:49	109,550	-2,762	-27,6167	0,028	0,2754
15.01.2026 15:01:49	109,600	-2,770	-27,7036	0,028	0,2787
15.01.2026 15:01:49	109,650	-2,783	-27,8258	0,028	0,2756
15.01.2026 15:01:49	109,700	-2,797	-27,9694	0,028	0,2764
15.01.2026 15:01:49	109,750	-2,805	-28,0473	0,027	0,2740
15.01.2026 15:01:49	109,800	-2,816	-28,1598	0,028	0,2790
15.01.2026 15:01:49	109,850	-2,823	-28,2296	0,027	0,2740
15.01.2026 15:01:49	109,900	-2,831	-28,3090	0,028	0,2793
15.01.2026 15:01:49	109,950	-2,839	-28,3883	0,027	0,2738
15.01.2026 15:01:50	110,000	-2,844	-28,4405	0,028	0,2797
15.01.2026 15:01:50	110,050	-2,853	-28,5300	0,027	0,2749
15.01.2026 15:01:50	110,100	-2,861	-28,6057	0,028	0,2780
15.01.2026 15:01:50	110,150	-2,871	-28,7096	0,027	0,2732
15.01.2026 15:01:50	110,200	-2,884	-28,8437	0,028	0,2769
15.01.2026 15:01:50	110,250	-2,893	-28,9271	0,027	0,2716
15.01.2026 15:01:50	110,300	-2,903	-29,0289	0,028	0,2758
15.01.2026 15:01:50	110,350	-2,911	-29,1105	0,027	0,2725
15.01.2026 15:01:50	110,400	-2,919	-29,1907	0,028	0,2769
15.01.2026 15:01:50	110,450	-2,929	-29,2913	0,027	0,2730
15.01.2026 15:01:50	110,500	-2,943	-29,4278	0,027	0,2720
15.01.2026 15:01:50	110,550	-2,956	-29,5604	0,027	0,2720
15.01.2026 15:01:50	110,600	-2,966	-29,6555	0,028	0,2752
15.01.2026 15:01:50	110,650	-2,976	-29,7569	0,027	0,2690
15.01.2026 15:01:50	110,700	-2,986	-29,8603	0,027	0,2706
15.01.2026 15:01:50	110,750	-2,998	-29,9770	0,027	0,2715
15.01.2026 15:01:50	110,800	-3,012	-30,1213	0,027	0,2721
15.01.2026 15:01:50	110,850	-3,025	-30,2453	0,027	0,2694
15.01.2026 15:01:50	110,900	-3,037	-30,3683	0,027	0,2736
15.01.2026 15:01:50	110,950	-3,049	-30,4936	0,027	0,2680
15.01.2026 15:01:51	111,000	-3,058	-30,5763	0,027	0,2717
15.01.2026 15:01:51	111,050	-3,067	-30,6729	0,027	0,2691
15.01.2026 15:01:51	111,100	-3,075	-30,7514	0,027	0,2717
15.01.2026 15:01:51	111,150	-3,084	-30,8445	0,027	0,2683
15.01.2026 15:01:51	111,200	-3,101	-31,0127	0,027	0,2703
15.01.2026 15:01:51	111,250	-3,124	-31,2440	0,027	0,2690
15.01.2026 15:01:51	111,300	-3,161	-31,6092	0,027	0,2683
15.01.2026 15:01:51	111,350	-3,192	-31,9167	0,027	0,2655
15.01.2026 15:01:51	111,400	-3,209	-32,0858	0,027	0,2695
15.01.2026 15:01:51	111,450	-3,217	-32,1699	0,026	0,2608
15.01.2026 15:01:51	111,500	-3,221	-32,2133	0,027	0,2654
15.01.2026 15:01:51	111,550	-3,245	-32,4507	0,026	0,2632
15.01.2026 15:01:51	111,600	-3,287	-32,8743	0,027	0,2654
15.01.2026 15:01:51	111,650	-3,310	-33,0963	0,026	0,2610
15.01.2026 15:01:51	111,700	-3,322	-33,2165	0,026	0,2632
15.01.2026 15:01:51	111,750	-3,327	-33,2688	0,026	0,2610
15.01.2026 15:01:51	111,800	-3,330	-33,3024	0,026	0,2630
15.01.2026 15:01:51	111,850	-3,331	-33,3112	0,026	0,2580
15.01.2026 15:01:51	111,900	-3,332	-33,3227	0,026	0,2626
15.01.2026 15:01:51	111,950	-3,332	-33,3186	0,026	0,2604
15.01.2026 15:01:52	112,000	-3,332	-33,3248	0,026	0,2633
15.01.2026 15:01:52	112,050	-3,332	-33,3191	0,026	0,2611
15.01.2026 15:01:52	112,100	-3,333	-33,3279	0,026	0,2633
15.01.2026 15:01:52	112,150	-3,341	-33,4092	0,026	0,2599
15.01.2026 15:01:52	112,200	-3,363	-33,6282	0,027	0,2654
15.01.2026 15:01:52	112,250	-3,390	-33,9035	0,026	0,2612
15.01.2026 15:01:52	112,300	-3,415	-34,1454	0,026	0,2601
15.01.2026 15:01:52	112,350	-3,432	-34,3239	0,026	0,2571
15.01.2026 15:01:52	112,400	-3,445	-34,4507	0,026	0,2604
15.01.2026 15:01:52	112,450	-3,452	-34,5197	0,026	0,2584
15.01.2026 15:01:52	112,500	-3,464	-34,6361	0,026	0,2603
15.01.2026 15:01:52	112,550	-3,476	-34,7557	0,025	0,2550
15.01.2026 15:01:52	112,600	-3,490	-34,9045	0,026	0,2610
15.01.2026 15:01:52	112,650	-3,501	-35,0070	0,025	0,2539
15.01.2026 15:01:52	112,700	-3,509	-35,0891	0,026	0,2604
15.01.2026 15:01:52	112,750	-3,520	-35,1986	0,025	0,2529
15.01.2026 15:01:52	112,800	-3,533	-35,3307	0,026	0,2588
15.01.2026 15:01:52	112,850	-3,548	-35,4750	0,025	0,2532
15.01.2026 15:01:52	112,900	-3,564	-35,6390	0,026	0,2598
15.01.2026 15:01:52	112,950	-3,579	-35,7867	0,025	0,2527
15.01.2026 15:01:53	113,000	-3,593	-35,9281	0,026	0,2597
15.01.2026 15:01:53	113,050	-3,606	-36,0579	0,025	0,2531
15.01.2026 15:01:53	113,100	-3,622	-36,2157	0,025	0,2547
15.01.2026 15:01:53	113,150	-3,638	-36,3834	0,025	0,2518
15.01.2026 15:01:53	113,200	-3,658	-36,5841	0,025	0,2528
15.01.2026 15:01:53	113,250	-3,677	-36,7731	0,025	0,2485
15.01.2026 15:01:53	113,300	-3,698	-36,9795	0,026	0,2551
15.01.2026 15:01:53	113,350	-3,717	-37,1675	0,025	0,2509
15.01.2026 15:01:53	113,400	-3,731	-37,3146	0,025	0,2526
15.01.2026 15:01:53	113,450	-3,742	-37,4180	0,025	0,2491
15.01.2026 15:01:53	113,500	-3,755	-37,5473	0,025	0,2535
15.01.2026 15:01:53	113,550	-3,768	-37,6790	0,025	0,2471
15.01.2026 15:01:53	113,600	-3,783	-37,8324	0,025	0,2511
15.01.2026 15:01:53	113,650	-3,799	-37,9870	0,024	0,2447
15.01.2026 15:01:53	113,700	-3,815	-38,1509	0,025	0,2505
15.01.2026 15:01:53	113,750	-3,826	-38,2625	0,024	0,2442
15.01.2026 15:01:53	113,800	-3,839	-38,3936	0,025	0,2477
15.01.2026 15:01:53	113,850	-3,846	-38,4577	0,025	0,2453
15.01.2026 15:01:53	113,900	-3,853	-38,5309	0,025	0,2495
15.01.2026 15:01:53	113,950	-3,863	-38,6349	0,024	0,2445
15.01.2026 15:01:54	114,000	-3,880	-38,7991	0,025	0,2481
15.01.2026 15:01:54	114,050	-3,899	-38,9870	0,024	0,2427
15.01.2026 15:01:54	114,100	-3,916	-39,1624	0,025	0,2494
15.01.2026 15:01:54	114,150	-3,930	-39,3038	0,024	0,2433
15.01.2026 15:01:54	114,200	-3,945	-39,4508	0,025	0,2479
15.01.2026 15:01:54	114,250	-3,960	-39,5952	0,024	0,2433
15.01.2026 15:01:54	114,300	-3,977	-39,7743	0,024	0,2446
15.01.2026 15:01:54	114,350	-3,995	-39,9531	0,024	0,2405
15.01.2026 15:01:54	114,400	-4,015	-40,1522	0,024	0,2416
15.01.2026 15:01:54	114,450	-4,032	-40,3209	0,024	0,2405
15.01.2026 15:01:54	114,500	-4,050	-40,5001	0,025	0,2454
15.01.2026 15:01:54	114,550	-4,071	-40,7130	0,024	0,2388
15.01.2026 15:01:54	114,600	-4,094	-40,9406	0,024	0,2425
15.01.2026 15:01:54	114,650	-4,108	-41,0845	0,023	0,2349
15.01.2026 15:01:54	114,700	-4,123	-41,2259	0,024	0,2395
15.01.2026 15:01:54	114,750	-4,131	-41,3104	0,023	0,2342
15.01.2026 15:01:54	114,800	-4,136	-41,3629	0,024	0,2381
15.01.2026 15:01:54	114,850	-4,138	-41,3782	0,023	0,2347
15.01.2026 15:01:54	114,900	-4,139	-41,3938	0,024	0,2422
15.01.2026 15:01:54	114,950	-4,142	-41,4240	0,023	0,2330
15.01.2026 15:01:55	115,000	-4,151	-41,5055	0,024	0,2401
15.01.2026 15:01:55	115,050	-4,154	-41,5390	0,024	0,2360
15.01.2026 15:01:55	115,100	-4,160	-41,5951	0,024	0,2401
15.01.2026 15:01:55	115,150	-4,167	-41,6738	0,024	0,2354
15.01.2026 15:01:55	115,200	-4,175	-41,7456	0,024	0,2403
15.01.2026 15:01:55	115,250	-4,187	-41,8654	0,024	0,2355
15.01.2026 15:01:55	115,300	-4,209	-42,0858	0,024	0,2397
15.01.2026 15:01:55	115,350	-4,228	-42,2794	0,024	0,2367
15.01.2026 15:01:55	115,400	-4,239	-42,3919	0,024	0,2383
15.01.2026 15:01:55	115,450	-4,245	-42,4469	0,023	0,2328
15.01.2026 15:01:55	115,500	-4,255	-42,5463	0,024	0,2362
15.01.2026 15:01:55	115,550	-4,263	-42,6266	0,023	0,2297
15.01.2026 15:01:55	115,600	-4,274	-42,7369	0,023	0,2348
15.01.2026 15:01:55	115,650	-4,280	-42,7975	0,023	0,2277
15.01.2026 15:01:55	115,700	-4,288	-42,8821	0,024	0,2379
15.01.2026 15:01:55	115,750	-4,296	-42,9607	0,023	0,2253
15.01.2026 15:01:55	115,800	-4,304	-43,0400	0,024	0,2373
15.01.2026 15:01:55	115,850	-4,313	-43,1257	0,023	0,2282
15.01.2026 15:01:55	115,900	-4,317	-43,1700	0,024	0,2364
15.01.2026 15:01:55	115,950	-4,313	-43,1260	0,023	0,2271
15.01.2026 15:01:56	116,000	-4,308	-43,0832	0,024	0,2366
15.01.2026 15:01:56	116,050	-4,306	-43,0592	0,023	0,2270
15.01.2026 15:01:56	116,100	-4,305	-43,0496	0,024	0,2361
15.01.2026 15:01:56	116,150	-4,304	-43,0414	0,023	0,2268
15.01.2026 15:01:56	116,200	-4,304	-43,0427	0,023	0,2340
15.01.2026 15:01:56	116,250	-4,304	-43,0357	0,023	0,2285
15.01.2026 15:01:56	116,300	-4,304	-43,0394	0,024	0,2361
15.01.2026 15:01:56	116,350	-4,303	-43,0347	0,023	0,2293
15.01.2026 15:01:56	116,400	-4,304	-43,0382	0,024	0,2369
15.01.2026 15:01:56	116,450	-4,304	-43,0367	0,023	0,2280
15.01.2026 15:01:56	116,500	-4,305	-43,0456	0,024	0,2369
15.01.2026 15:01:56	116,550	-4,305	-43,0491	0,023	0,2268
15.01.2026 15:01:56	116,600	-4,306	-43,0556	0,024	0,2366
15.01.2026 15:01:56	116,650	-4,306	-43,0586	0,023	0,2288
15.01.2026 15:01:56	116,700	-4,307	-43,0716	0,024	0,2365
15.01.2026 15:01:56	116,750	-4,313	-43,1303	0,023	0,2288
15.01.2026 15:01:56	116,800	-4,316	-43,1647	0,024	0,2354
15.01.2026 15:01:56	116,850	-4,313	-43,1310	0,023	0,2294
15.01.2026 15:01:56	116,900	-4,311	-43,1126	0,023	0,2343
15.01.2026 15:01:56	116,950	-4,308	-43,0773	0,023	0,2286
15.01.2026 15:01:57	117,000	-4,306	-43,0607	0,024	0,2361
15.01.2026 15:01:57	117,050	-4,305	-43,0460	0,023	0,2300
15.01.2026 15:01:57	117,100	-4,305	-43,0549	0,024	0,2377
15.01.2026 15:01:57	117,150	-4,308	-43,0792	0,023	0,2299
15.01.2026 15:01:57	117,200	-4,315	-43,1482	0,024	0,2355
15.01.2026 15:01:57	117,250	-4,319	-43,1878	0,023	0,2294
15.01.2026 15:01:57	117,300	-4,329	-43,2895	0,023	0,2336
15.01.2026 15:01:57	117,350	-4,338	-43,3803	0,023	0,2289
15.01.2026 15:01:57	117,400	-4,348	-43,4782	0,023	0,2336
15.01.2026 15:01:57	117,450	-4,352	-43,5233	0,023	0,2275
15.01.2026 15:01:57	117,500	-4,356	-43,5578	0,024	0,2362
15.01.2026 15:01:57	117,550	-4,359	-43,5937	0,023	0,2278
15.01.2026 15:01:57	117,600	-4,368	-43,6831	0,023	0,2337
15.01.2026 15:01:57	117,650	-4,380	-43,8037	0,023	0,2272
15.01.2026 15:01:57	117,700	-4,396	-43,9598	0,023	0,2318
15.01.2026 15:01:57	117,750	-4,404	-44,0382	0,023	0,2305
15.01.2026 15:01:57	117,800	-4,408	-44,0838	0,023	0,2345
15.01.2026 15:01:57	117,850	-4,415	-44,1493	0,023	0,2293
15.01.2026 15:01:57	117,900	-4,423	-44,2310	0,023	0,2339
15.01.2026 15:01:57	117,950	-4,432	-44,3246	0,023	0,2280
15.01.2026 15:01:58	118,000	-4,446	-44,4620	0,023	0,2318
15.01.2026 15:01:58	118,050	-4,461	-44,6135	0,022	0,2249
15.01.2026 15:01:58	118,100	-4,475	-44,7534	0,023	0,2312
15.01.2026 15:01:58	118,150	-4,488	-44,8780	0,022	0,2242
15.01.2026 15:01:58	118,200	-4,498	-44,9778	0,023	0,2305
15.01.2026 15:01:58	118,250	-4,510	-45,0958	0,022	0,2246
15.01.2026 15:01:58	118,300	-4,523	-45,2338	0,023	0,2302
15.01.2026 15:01:58	118,350	-4,531	-45,3101	0,023	0,2252
15.01.2026 15:01:58	118,400	-4,542	-45,4235	0,023	0,2292
15.01.2026 15:01:58	118,450	-4,548	-45,4822	0,023	0,2265
15.01.2026 15:01:58	118,500	-4,554	-45,5374	0,023	0,2299
15.01.2026 15:01:58	118,550	-4,562	-45,6220	0,022	0,2240
15.01.2026 15:01:58	118,600	-4,574	-45,7357	0,023	0,2284
15.01.2026 15:01:58	118,650	-4,582	-45,8224	0,022	0,2220
15.01.2026 15:01:58	118,700	-4,588	-45,8814	0,023	0,2277
15.01.2026 15:01:58	118,750	-4,593	-45,9296	0,022	0,2226
15.01.2026 15:01:58	118,800	-4,601	-46,0112	0,023	0,2301
15.01.2026 15:01:58	118,850	-4,612	-46,1248	0,022	0,2210
15.01.2026 15:01:58	118,900	-4,621	-46,2052	0,023	0,2260
15.01.2026 15:01:58	118,950	-4,628	-46,2776	0,023	0,2250
15.01.2026 15:01:59	119,000	-4,637	-46,3732	0,023	0,2268
15.01.2026 15:01:59	119,050	-4,647	-46,4712	0,022	0,2188
15.01.2026 15:01:59	119,100	-4,656	-46,5646	0,023	0,2271
15.01.2026 15:01:59	119,150	-4,667	-46,6742	0,022	0,2200
15.01.2026 15:01:59	119,200	-4,675	-46,7467	0,023	0,2278
15.01.2026 15:01:59	119,250	-4,681	-46,8092	0,022	0,2191
15.01.2026 15:01:59	119,300	-4,690	-46,9016	0,023	0,2277
15.01.2026 15:01:59	119,350	-4,697	-46,9745	0,022	0,2194
15.01.2026 15:01:59	119,400	-4,710	-47,1024	0,022	0,2243
15.01.2026 15:01:59	119,450	-4,722	-47,2235	0,022	0,2173
15.01.2026 15:01:59	119,500	-4,730	-47,2958	0,022	0,2229
15.01.2026 15:01:59	119,550	-4,733	-47,3342	0,022	0,2179
15.01.2026 15:01:59	119,600	-4,743	-47,4257	0,023	0,2252
15.01.2026 15:01:59	119,650	-4,751	-47,5099	0,022	0,2177
15.01.2026 15:01:59	119,700	-4,761	-47,6139	0,022	0,2235
15.01.2026 15:01:59	119,750	-4,766	-47,6593	0,022	0,2190
15.01.2026 15:01:59	119,800	-4,769	-47,6944	0,022	0,2218
15.01.2026 15:01:59	119,850	-4,770	-47,6987	0,022	0,2191
15.01.2026 15:01:59	119,900	-4,771	-47,7117	0,022	0,2240
15.01.2026 15:01:59	119,950	-4,771	-47,7121	0,022	0,2177
15.01.2026 15:02:00	120,000	-4,778	-47,7819	0,022	0,2220
15.01.2026 15:02:00	120,050	-4,784	-47,8376	0,022	0,2167
15.01.2026 15:02:00	120,100	-4,793	-47,9305	0,022	0,2205
15.01.2026 15:02:00	120,150	-4,804	-48,0398	0,022	0,2158
15.01.2026 15:02:00	120,200	-4,816	-48,1555	0,022	0,2201
15.01.2026 15:02:00	120,250	-4,821	-48,2054	0,021	0,2142
15.01.2026 15:02:00	120,300	-4,824	-48,2377	0,022	0,2211
15.01.2026 15:02:00	120,350	-4,825	-48,2475	0,022	0,2151
15.01.2026 15:02:00	120,400	-4,829	-48,2949	0,022	0,2217
15.01.2026 15:02:00	120,450	-4,839	-48,3891	0,022	0,2155
15.01.2026 15:02:00	120,500	-4,850	-48,5040	0,022	0,2213
15.01.2026 15:02:00	120,550	-4,856	-48,5585	0,022	0,2151
15.01.2026 15:02:00	120,600	-4,864	-48,6361	0,022	0,2219
15.01.2026 15:02:00	120,650	-4,872	-48,7183	0,021	0,2118
15.01.2026 15:02:00	120,700	-4,877	-48,7691	0,022	0,2197
15.01.2026 15:02:00	120,750	-4,886	-48,8560	0,021	0,2122
15.01.2026 15:02:00	120,800	-4,898	-48,9773	0,022	0,2193
15.01.2026 15:02:00	120,850	-4,906	-49,0637	0,022	0,2162
15.01.2026 15:02:00	120,900	-4,912	-49,1175	0,022	0,2209
15.01.2026 15:02:00	120,950	-4,914	-49,1396	0,021	0,2143
15.01.2026 15:02:01	121,000	-4,916	-49,1572	0,022	0,2207
15.01.2026 15:02:01	121,050	-4,922	-49,2174	0,021	0,2129
15.01.2026 15:02:01	121,100	-4,928	-49,2789	0,022	0,2202
15.01.2026 15:02:01	121,150	-4,921	-49,2129	0,021	0,2119
15.01.2026 15:02:01	121,200	-4,911	-49,1147	0,022	0,2179
15.01.2026 15:02:01	121,250	-4,905	-49,0497	0,021	0,2124
15.01.2026 15:02:01	121,300	-4,903	-49,0266	0,022	0,2177
15.01.2026 15:02:01	121,350	-4,901	-49,0065	0,021	0,2101
15.01.2026 15:02:01	121,400	-4,900	-49,0020	0,022	0,2180
15.01.2026 15:02:01	121,450	-4,899	-48,9911	0,021	0,2146
15.01.2026 15:02:01	121,500	-4,900	-48,9981	0,022	0,2171
15.01.2026 15:02:01	121,550	-4,899	-48,9920	0,021	0,2121
15.01.2026 15:02:01	121,600	-4,900	-48,9963	0,022	0,2191
15.01.2026 15:02:01	121,650	-4,899	-48,9922	0,021	0,2103
15.01.2026 15:02:01	121,700	-4,900	-48,9955	0,022	0,2200
15.01.2026 15:02:01	121,750	-4,899	-48,9922	0,021	0,2117
15.01.2026 15:02:01	121,800	-4,900	-48,9959	0,022	0,2190
15.01.2026 15:02:01	121,850	-4,899	-48,9890	0,021	0,2137
15.01.2026 15:02:01	121,900	-4,900	-48,9956	0,022	0,2190
15.01.2026 15:02:01	121,950	-4,899	-48,9892	0,021	0,2141
15.01.2026 15:02:02	122,000	-4,900	-48,9990	0,022	0,2187
15.01.2026 15:02:02	122,050	-4,905	-49,0533	0,021	0,2114
15.01.2026 15:02:02	122,100	-4,916	-49,1630	0,022	0,2177
15.01.2026 15:02:02	122,150	-4,928	-49,2836	0,021	0,2145
15.01.2026 15:02:02	122,200	-4,942	-49,4239	0,022	0,2186
15.01.2026 15:02:02	122,250	-4,957	-49,5695	0,021	0,2117
15.01.2026 15:02:02	122,300	-4,975	-49,7482	0,022	0,2173
15.01.2026 15:02:02	122,350	-4,996	-49,9644	0,021	0,2121
15.01.2026 15:02:02	122,400	-5,023	-50,2337	0,022	0,2179
15.01.2026 15:02:02	122,450	-5,049	-50,4877	0,021	0,2099
15.01.2026 15:02:02	122,500	-5,064	-50,6381	0,022	0,2166
15.01.2026 15:02:02	122,550	-5,073	-50,7302	0,021	0,2074
15.01.2026 15:02:02	122,600	-5,090	-50,8994	0,022	0,2187
15.01.2026 15:02:02	122,650	-5,119	-51,1853	0,021	0,2075
15.01.2026 15:02:02	122,700	-5,157	-51,5729	0,021	0,2149
15.01.2026 15:02:02	122,750	-5,188	-51,8840	0,021	0,2060
15.01.2026 15:02:02	122,800	-5,206	-52,0628	0,021	0,2114
15.01.2026 15:02:02	122,850	-5,216	-52,1640	0,021	0,2088
15.01.2026 15:02:02	122,900	-5,230	-52,3042	0,021	0,2088
15.01.2026 15:02:02	122,950	-5,245	-52,4514	0,020	0,2032
15.01.2026 15:02:03	123,000	-5,264	-52,6351	0,021	0,2061
15.01.2026 15:02:03	123,050	-5,280	-52,7952	0,020	0,2027
15.01.2026 15:02:03	123,100	-5,296	-52,9581	0,021	0,2065
15.01.2026 15:02:03	123,150	-5,305	-53,0548	0,020	0,2019
15.01.2026 15:02:03	123,200	-5,317	-53,1748	0,021	0,2099
15.01.2026 15:02:03	123,250	-5,326	-53,2604	0,020	0,1999
15.01.2026 15:02:03	123,300	-5,339	-53,3888	0,021	0,2098
15.01.2026 15:02:03	123,350	-5,355	-53,5493	0,020	0,2010
15.01.2026 15:02:03	123,400	-5,373	-53,7338	0,021	0,2066
15.01.2026 15:02:03	123,450	-5,388	-53,8774	0,020	0,1998
15.01.2026 15:02:03	123,500	-5,397	-53,9659	0,021	0,2067
15.01.2026 15:02:03	123,550	-5,409	-54,0873	0,019	0,1946
15.01.2026 15:02:03	123,600	-5,424	-54,2387	0,020	0,2036
15.01.2026 15:02:03	123,650	-5,440	-54,3968	0,020	0,1962
15.01.2026 15:02:03	123,700	-5,460	-54,6049	0,020	0,2037
15.01.2026 15:02:03	123,750	-5,477	-54,7686	0,019	0,1948
15.01.2026 15:02:03	123,800	-5,486	-54,8592	0,020	0,2014
15.01.2026 15:02:03	123,850	-5,490	-54,8971	0,020	0,1952
15.01.2026 15:02:03	123,900	-5,492	-54,9233	0,020	0,2014
15.01.2026 15:02:03	123,950	-5,493	-54,9301	0,019	0,1926
15.01.2026 15:02:04	124,000	-5,494	-54,9364	0,020	0,2030
15.01.2026 15:02:04	124,050	-5,494	-54,9374	0,019	0,1936
15.01.2026 15:02:04	124,100	-5,499	-54,9904	0,020	0,1991
15.01.2026 15:02:04	124,150	-5,505	-55,0547	0,019	0,1900
15.01.2026 15:02:04	124,200	-5,515	-55,1526	0,020	0,1994
15.01.2026 15:02:04	124,250	-5,523	-55,2315	0,019	0,1924
15.01.2026 15:02:04	124,300	-5,534	-55,3416	0,020	0,1993
15.01.2026 15:02:04	124,350	-5,542	-55,4173	0,019	0,1897
15.01.2026 15:02:04	124,400	-5,553	-55,5263	0,020	0,1983
15.01.2026 15:02:04	124,450	-5,560	-55,5954	0,019	0,1921
15.01.2026 15:02:04	124,500	-5,572	-55,7162	0,020	0,1997
15.01.2026 15:02:04	124,550	-5,586	-55,8589	0,019	0,1895
15.01.2026 15:02:04	124,600	-5,594	-55,9442	0,020	0,1987
15.01.2026 15:02:04	124,650	-5,599	-55,9872	0,019	0,1892
15.01.2026 15:02:04	124,700	-5,601	-56,0134	0,020	0,1992
15.01.2026 15:02:04	124,750	-5,603	-56,0271	0,019	0,1895
15.01.2026 15:02:04	124,800	-5,610	-56,0996	0,020	0,1959
15.01.2026 15:02:04	124,850	-5,616	-56,1636	0,019	0,1899
15.01.2026 15:02:04	124,900	-5,633	-56,3252	0,019	0,1950
15.01.2026 15:02:04	124,950	-5,654	-56,5366	0,019	0,1889
15.01.2026 15:02:05	125,000	-5,674	-56,7353	0,019	0,1945
15.01.2026 15:02:05	125,050	-5,687	-56,8738	0,019	0,1911
15.01.2026 15:02:05	125,100	-5,700	-57,0049	0,019	0,1945
15.01.2026 15:02:05	125,150	-5,710	-57,0960	0,019	0,1887
15.01.2026 15:02:05	125,200	-5,720	-57,2035	0,019	0,1938
15.01.2026 15:02:05	125,250	-5,729	-57,2920	0,019	0,1869
15.01.2026 15:02:05	125,300	-5,740	-57,3973	0,019	0,1935
15.01.2026 15:02:05	125,350	-5,752	-57,5201	0,018	0,1839
15.01.2026 15:02:05	125,400	-5,768	-57,6759	0,019	0,1900
15.01.2026 15:02:05	125,450	-5,778	-57,7795	0,018	0,1848
15.01.2026 15:02:05	125,500	-5,790	-57,9019	0,019	0,1936
15.01.2026 15:02:05	125,550	-5,800	-58,0004	0,018	0,1808
15.01.2026 15:02:05	125,600	-5,811	-58,1089	0,019	0,1903
15.01.2026 15:02:05	125,650	-5,820	-58,2023	0,018	0,1813
15.01.2026 15:02:05	125,700	-5,830	-58,3033	0,019	0,1893
15.01.2026 15:02:05	125,750	-5,837	-58,3704	0,018	0,1825
15.01.2026 15:02:05	125,800	-5,850	-58,4972	0,019	0,1886
15.01.2026 15:02:05	125,850	-5,863	-58,6300	0,018	0,1838
15.01.2026 15:02:05	125,900	-5,878	-58,7782	0,019	0,1861
15.01.2026 15:02:05	125,950	-5,886	-58,8593	0,018	0,1795
15.01.2026 15:02:06	126,000	-5,890	-58,9049	0,019	0,1879
15.01.2026 15:02:06	126,050	-5,892	-58,9240	0,018	0,1785
15.01.2026 15:02:06	126,100	-5,894	-58,9371	0,019	0,1871
15.01.2026 15:02:06	126,150	-5,894	-58,9411	0,018	0,1782
15.01.2026 15:02:06	126,200	-5,894	-58,9424	0,019	0,1896
15.01.2026 15:02:06	126,250	-5,894	-58,9432	0,018	0,1783
15.01.2026 15:02:06	126,300	-5,895	-58,9479	0,019	0,1873
15.01.2026 15:02:06	126,350	-5,894	-58,9450	0,018	0,1782
15.01.2026 15:02:06	126,400	-5,895	-58,9487	0,019	0,1879
15.01.2026 15:02:06	126,450	-5,894	-58,9433	0,018	0,1808
15.01.2026 15:02:06	126,500	-5,895	-58,9490	0,019	0,1861
15.01.2026 15:02:06	126,550	-5,892	-58,9229	0,018	0,1795
15.01.2026 15:02:06	126,600	-5,887	-58,8670	0,019	0,1866
15.01.2026 15:02:06	126,650	-5,885	-58,8515	0,018	0,1791
15.01.2026 15:02:06	126,700	-5,890	-58,9016	0,019	0,1886
15.01.2026 15:02:06	126,750	-5,893	-58,9282	0,018	0,1770
15.01.2026 15:02:06	126,800	-5,894	-58,9429	0,019	0,1895
15.01.2026 15:02:06	126,850	-5,902	-59,0169	0,018	0,1811
15.01.2026 15:02:06	126,900	-5,917	-59,1658	0,019	0,1871
15.01.2026 15:02:06	126,950	-5,932	-59,3244	0,018	0,1784
15.01.2026 15:02:07	127,000	-5,949	-59,4902	0,019	0,1862
15.01.2026 15:02:07	127,050	-5,964	-59,6419	0,018	0,1789
15.01.2026 15:02:07	127,100	-5,976	-59,7619	0,019	0,1863
15.01.2026 15:02:07	127,150	-5,989	-59,8874	0,018	0,1767
15.01.2026 15:02:07	127,200	-6,004	-60,0436	0,019	0,1863
15.01.2026 15:02:07	127,250	-6,026	-60,2628	0,018	0,1770
15.01.2026 15:02:07	127,300	-6,048	-60,4754	0,018	0,1830
15.01.2026 15:02:07	127,350	-6,062	-60,6156	0,017	0,1742
15.01.2026 15:02:07	127,400	-6,070	-60,7012	0,018	0,1827
15.01.2026 15:02:07	127,450	-6,082	-60,8204	0,017	0,1746
15.01.2026 15:02:07	127,500	-6,101	-61,0129	0,018	0,1818
15.01.2026 15:02:07	127,550	-6,116	-61,1553	0,017	0,1727
15.01.2026 15:02:07	127,600	-6,125	-61,2480	0,018	0,1799
15.01.2026 15:02:07	127,650	-6,136	-61,3575	0,017	0,1709
15.01.2026 15:02:07	127,700	-6,143	-61,4278	0,018	0,1796
15.01.2026 15:02:07	127,750	-6,153	-61,5349	0,017	0,1727
15.01.2026 15:02:07	127,800	-6,170	-61,6961	0,018	0,1783
15.01.2026 15:02:07	127,850	-6,185	-61,8483	0,017	0,1723
15.01.2026 15:02:07	127,900	-6,202	-62,0249	0,017	0,1748
15.01.2026 15:02:07	127,950	-6,217	-62,1676	0,017	0,1675
15.01.2026 15:02:08	128,000	-6,231	-62,3077	0,018	0,1766
15.01.2026 15:02:08	128,050	-6,244	-62,4402	0,017	0,1707
15.01.2026 15:02:08	128,100	-6,259	-62,5887	0,018	0,1757
15.01.2026 15:02:08	128,150	-6,274	-62,7374	0,017	0,1672
15.01.2026 15:02:08	128,200	-6,290	-62,9002	0,018	0,1757
15.01.2026 15:02:08	128,250	-6,312	-63,1199	0,017	0,1662
15.01.2026 15:02:08	128,300	-6,336	-63,3595	0,017	0,1738
15.01.2026 15:02:08	128,350	-6,353	-63,5274	0,017	0,1658
15.01.2026 15:02:08	128,400	-6,369	-63,6865	0,017	0,1712
15.01.2026 15:02:08	128,450	-6,381	-63,8104	0,016	0,1623
15.01.2026 15:02:08	128,500	-6,392	-63,9229	0,017	0,1701
15.01.2026 15:02:08	128,550	-6,399	-63,9910	0,016	0,1628
15.01.2026 15:02:08	128,600	-6,410	-64,0987	0,017	0,1697
15.01.2026 15:02:08	128,650	-6,416	-64,1590	0,016	0,1608
15.01.2026 15:02:08	128,700	-6,419	-64,1931	0,017	0,1704
15.01.2026 15:02:08	128,750	-6,427	-64,2720	0,016	0,1635
15.01.2026 15:02:08	128,800	-6,434	-64,3391	0,017	0,1688
15.01.2026 15:02:08	128,850	-6,437	-64,3659	0,016	0,1618
15.01.2026 15:02:08	128,900	-6,439	-64,3879	0,017	0,1675
15.01.2026 15:02:08	128,950	-6,439	-64,3943	0,016	0,1598
15.01.2026 15:02:09	129,000	-6,447	-64,4713	0,017	0,1679
15.01.2026 15:02:09	129,050	-6,452	-64,5243	0,016	0,1596
15.01.2026 15:02:09	129,100	-6,457	-64,5706	0,017	0,1681
15.01.2026 15:02:09	129,150	-6,465	-64,6535	0,016	0,1635
15.01.2026 15:02:09	129,200	-6,472	-64,7199	0,016	0,1650
15.01.2026 15:02:09	129,250	-6,476	-64,7575	0,016	0,1605
15.01.2026 15:02:09	129,300	-6,484	-64,8443	0,017	0,1670
15.01.2026 15:02:09	129,350	-6,490	-64,8958	0,016	0,1581
15.01.2026 15:02:09	129,400	-6,494	-64,9414	0,017	0,1668
15.01.2026 15:02:09	129,450	-6,505	-65,0533	0,016	0,1591
15.01.2026 15:02:09	129,500	-6,518	-65,1810	0,017	0,1685
15.01.2026 15:02:09	129,550	-6,525	-65,2456	0,016	0,1607
15.01.2026 15:02:09	129,600	-6,529	-65,2877	0,016	0,1646
15.01.2026 15:02:09	129,650	-6,530	-65,2984	0,016	0,1586
15.01.2026 15:02:09	129,700	-6,531	-65,3138	0,016	0,1639
15.01.2026 15:02:09	129,750	-6,531	-65,3112	0,016	0,1591
15.01.2026 15:02:09	129,800	-6,532	-65,3209	0,016	0,1639
15.01.2026 15:02:09	129,850	-6,531	-65,3145	0,016	0,1590
15.01.2026 15:02:09	129,900	-6,532	-65,3218	0,016	0,1648
15.01.2026 15:02:09	129,950	-6,532	-65,3163	0,016	0,1588
15.01.2026 15:02:10	130,000	-6,536	-65,3621	0,016	0,1630
15.01.2026 15:02:10	130,050	-6,543	-65,4272	0,016	0,1557
15.01.2026 15:02:10	130,100	-6,547	-65,4707	0,016	0,1614
15.01.2026 15:02:10	130,150	-6,549	-65,4927	0,016	0,1563
15.01.2026 15:02:10	130,200	-6,558	-65,5790	0,017	0,1652
15.01.2026 15:02:10	130,250	-6,562	-65,6230	0,016	0,1603
15.01.2026 15:02:10	130,300	-6,566	-65,6584	0,016	0,1618
15.01.2026 15:02:10	130,350	-6,566	-65,6640	0,016	0,1572
15.01.2026 15:02:10	130,400	-6,568	-65,6774	0,016	0,1640
15.01.2026 15:02:10	130,450	-6,572	-65,7178	0,016	0,1562
15.01.2026 15:02:10	130,500	-6,580	-65,7976	0,016	0,1624
15.01.2026 15:02:10	130,550	-6,589	-65,8936	0,015	0,1545
15.01.2026 15:02:10	130,600	-6,597	-65,9691	0,016	0,1632
15.01.2026 15:02:10	130,650	-6,600	-66,0005	0,016	0,1566
15.01.2026 15:02:10	130,700	-6,602	-66,0238	0,016	0,1626
15.01.2026 15:02:10	130,750	-6,603	-66,0297	0,015	0,1548
15.01.2026 15:02:10	130,800	-6,604	-66,0396	0,016	0,1620
15.01.2026 15:02:10	130,850	-6,604	-66,0389	0,016	0,1552
15.01.2026 15:02:10	130,900	-6,605	-66,0462	0,016	0,1611
15.01.2026 15:02:10	130,950	-6,604	-66,0422	0,016	0,1554
15.01.2026 15:02:11	131,000	-6,604	-66,0442	0,017	0,1664
15.01.2026 15:02:11	131,050	-6,605	-66,0495	0,015	0,1531
15.01.2026 15:02:11	131,100	-6,612	-66,1187	0,016	0,1631
15.01.2026 15:02:11	131,150	-6,617	-66,1710	0,016	0,1554
15.01.2026 15:02:11	131,200	-6,623	-66,2328	0,016	0,1619
15.01.2026 15:02:11	131,250	-6,631	-66,3130	0,015	0,1547
15.01.2026 15:02:11	131,300	-6,636	-66,3628	0,016	0,1629
15.01.2026 15:02:11	131,350	-6,638	-66,3815	0,015	0,1543
15.01.2026 15:02:11	131,400	-6,640	-66,4002	0,016	0,1619
15.01.2026 15:02:11	131,450	-6,640	-66,4033	0,015	0,1538
15.01.2026 15:02:11	131,500	-6,641	-66,4111	0,016	0,1615
15.01.2026 15:02:11	131,550	-6,641	-66,4105	0,015	0,1544
15.01.2026 15:02:11	131,600	-6,644	-66,4434	0,016	0,1627
15.01.2026 15:02:11	131,650	-6,651	-66,5121	0,015	0,1548
15.01.2026 15:02:11	131,700	-6,656	-66,5600	0,016	0,1584
15.01.2026 15:02:11	131,750	-6,659	-66,5923	0,016	0,1573
15.01.2026 15:02:11	131,800	-6,669	-66,6893	0,016	0,1593
15.01.2026 15:02:11	131,850	-6,674	-66,7352	0,015	0,1520
15.01.2026 15:02:11	131,900	-6,677	-66,7652	0,016	0,1600
15.01.2026 15:02:11	131,950	-6,677	-66,7749	0,015	0,1525
15.01.2026 15:02:12	132,000	-6,678	-66,7822	0,016	0,1621
15.01.2026 15:02:12	132,050	-6,678	-66,7849	0,015	0,1533
15.01.2026 15:02:12	132,100	-6,679	-66,7887	0,017	0,1654
15.01.2026 15:02:12	132,150	-6,679	-66,7883	0,015	0,1542
15.01.2026 15:02:12	132,200	-6,679	-66,7949	0,016	0,1592
15.01.2026 15:02:12	132,250	-6,679	-66,7901	0,015	0,1506
15.01.2026 15:02:12	132,300	-6,679	-66,7935	0,016	0,1581
15.01.2026 15:02:12	132,350	-6,679	-66,7859	0,015	0,1521
15.01.2026 15:02:12	132,400	-6,677	-66,7697	0,016	0,1611
15.01.2026 15:02:12	132,450	-6,665	-66,6494	0,015	0,1522
15.01.2026 15:02:12	132,500	-6,654	-66,5376	0,016	0,1578
15.01.2026 15:02:12	132,550	-6,647	-66,4697	0,016	0,1556
15.01.2026 15:02:12	132,600	-6,645	-66,4502	0,016	0,1583
15.01.2026 15:02:12	132,650	-6,643	-66,4290	0,015	0,1530
15.01.2026 15:02:12	132,700	-6,643	-66,4278	0,016	0,1578
15.01.2026 15:02:12	132,750	-6,642	-66,4167	0,015	0,1527
15.01.2026 15:02:12	132,800	-6,642	-66,4215	0,016	0,1596
15.01.2026 15:02:12	132,850	-6,641	-66,4126	0,015	0,1541
15.01.2026 15:02:12	132,900	-6,642	-66,4169	0,016	0,1598
15.01.2026 15:02:12	132,950	-6,641	-66,4102	0,015	0,1526
15.01.2026 15:02:13	133,000	-6,642	-66,4160	0,016	0,1593
15.01.2026 15:02:13	133,050	-6,641	-66,4086	0,015	0,1538
15.01.2026 15:02:13	133,100	-6,642	-66,4157	0,016	0,1604
15.01.2026 15:02:13	133,150	-6,642	-66,4161	0,015	0,1524
15.01.2026 15:02:13	133,200	-6,645	-66,4514	0,016	0,1618
15.01.2026 15:02:13	133,250	-6,646	-66,4604	0,015	0,1517
15.01.2026 15:02:13	133,300	-6,648	-66,4829	0,016	0,1621
15.01.2026 15:02:13	133,350	-6,647	-66,4688	0,015	0,1527
15.01.2026 15:02:13	133,400	-6,645	-66,4507	0,016	0,1620
15.01.2026 15:02:13	133,450	-6,643	-66,4293	0,015	0,1544
15.01.2026 15:02:13	133,500	-6,642	-66,4237	0,016	0,1622
15.01.2026 15:02:13	133,550	-6,638	-66,3786	0,016	0,1552
15.01.2026 15:02:13	133,600	-6,631	-66,3128	0,016	0,1580
15.01.2026 15:02:13	133,650	-6,627	-66,2670	0,015	0,1547
15.01.2026 15:02:13	133,700	-6,625	-66,2499	0,016	0,1622
15.01.2026 15:02:13	133,750	-6,623	-66,2348	0,016	0,1555
15.01.2026 15:02:13	133,800	-6,618	-66,1763	0,016	0,1612
15.01.2026 15:02:13	133,850	-6,611	-66,1111	0,015	0,1526
15.01.2026 15:02:13	133,900	-6,609	-66,0854	0,016	0,1589
15.01.2026 15:02:13	133,950	-6,606	-66,0646	0,015	0,1518
15.01.2026 15:02:14	134,000	-6,606	-66,0621	0,016	0,1584
15.01.2026 15:02:14	134,050	-6,605	-66,0500	0,015	0,1549
15.01.2026 15:02:14	134,100	-6,603	-66,0276	0,016	0,1601
15.01.2026 15:02:14	134,150	-6,591	-65,9136	0,015	0,1540
15.01.2026 15:02:14	134,200	-6,580	-65,8045	0,016	0,1621
15.01.2026 15:02:14	134,250	-6,568	-65,6764	0,015	0,1540
15.01.2026 15:02:14	134,300	-6,560	-65,5960	0,016	0,1606
15.01.2026 15:02:14	134,350	-6,554	-65,5419	0,016	0,1573
15.01.2026 15:02:14	134,400	-6,553	-65,5292	0,016	0,1622
15.01.2026 15:02:14	134,450	-6,551	-65,5111	0,016	0,1564
15.01.2026 15:02:14	134,500	-6,552	-65,5186	0,016	0,1588
15.01.2026 15:02:14	134,550	-6,551	-65,5079	0,015	0,1545
15.01.2026 15:02:14	134,600	-6,548	-65,4850	0,016	0,1605
15.01.2026 15:02:14	134,650	-6,537	-65,3698	0,015	0,1544
15.01.2026 15:02:14	134,700	-6,526	-65,2607	0,016	0,1640
15.01.2026 15:02:14	134,750	-6,515	-65,1518	0,015	0,1534
15.01.2026 15:02:14	134,800	-6,506	-65,0598	0,016	0,1631
15.01.2026 15:02:14	134,850	-6,495	-64,9486	0,015	0,1532
15.01.2026 15:02:14	134,900	-6,487	-64,8684	0,016	0,1631
15.01.2026 15:02:14	134,950	-6,482	-64,8220	0,015	0,1539
15.01.2026 15:02:15	135,000	-6,481	-64,8060	0,016	0,1593
15.01.2026 15:02:15	135,050	-6,476	-64,7634	0,016	0,1554
15.01.2026 15:02:15	135,100	-6,469	-64,6910	0,016	0,1630
15.01.2026 15:02:15	135,150	-6,464	-64,6386	0,015	0,1548
15.01.2026 15:02:15	135,200	-6,456	-64,5587	0,016	0,1570
15.01.2026 15:02:15	135,250	-6,449	-64,4858	0,016	0,1558
15.01.2026 15:02:15	135,300	-6,446	-64,4579	0,016	0,1626
15.01.2026 15:02:15	135,350	-6,444	-64,4392	0,015	0,1523
15.01.2026 15:02:15	135,400	-6,438	-64,3820	0,016	0,1636
15.01.2026 15:02:15	135,450	-6,431	-64,3115	0,016	0,1555
15.01.2026 15:02:15	135,500	-6,428	-64,2788	0,016	0,1633
15.01.2026 15:02:15	135,550	-6,421	-64,2136	0,016	0,1564
15.01.2026 15:02:15	135,600	-6,417	-64,1741	0,016	0,1611
15.01.2026 15:02:15	135,650	-6,414	-64,1419	0,015	0,1549
15.01.2026 15:02:15	135,700	-6,411	-64,1108	0,016	0,1598
15.01.2026 15:02:15	135,750	-6,401	-64,0129	0,016	0,1560
15.01.2026 15:02:15	135,800	-6,395	-63,9496	0,016	0,1634
15.01.2026 15:02:15	135,850	-6,391	-63,9118	0,016	0,1557
15.01.2026 15:02:15	135,900	-6,389	-63,8940	0,016	0,1629
15.01.2026 15:02:15	135,950	-6,382	-63,8192	0,016	0,1559
15.01.2026 15:02:16	136,000	-6,376	-63,7610	0,016	0,1635
15.01.2026 15:02:16	136,050	-6,373	-63,7325	0,015	0,1523
15.01.2026 15:02:16	136,100	-6,370	-63,6991	0,016	0,1631
15.01.2026 15:02:16	136,150	-6,357	-63,5687	0,016	0,1561
15.01.2026 15:02:16	136,200	-6,342	-63,4158	0,016	0,1620
15.01.2026 15:02:16	136,250	-6,326	-63,2613	0,016	0,1555
15.01.2026 15:02:16	136,300	-6,312	-63,1212	0,017	0,1674
15.01.2026 15:02:16	136,350	-6,304	-63,0411	0,016	0,1558
15.01.2026 15:02:16	136,400	-6,301	-63,0063	0,016	0,1642
15.01.2026 15:02:16	136,450	-6,298	-62,9818	0,016	0,1579
15.01.2026 15:02:16	136,500	-6,294	-62,9380	0,016	0,1645
15.01.2026 15:02:16	136,550	-6,286	-62,8611	0,015	0,1541
15.01.2026 15:02:16	136,600	-6,282	-62,8227	0,016	0,1630
15.01.2026 15:02:16	136,650	-6,273	-62,7294	0,016	0,1554
15.01.2026 15:02:16	136,700	-6,266	-62,6568	0,017	0,1656
15.01.2026 15:02:16	136,750	-6,256	-62,5552	0,016	0,1565
15.01.2026 15:02:16	136,800	-6,250	-62,4956	0,016	0,1647
15.01.2026 15:02:16	136,850	-6,246	-62,4572	0,016	0,1565
15.01.2026 15:02:16	136,900	-6,244	-62,4432	0,016	0,1648
15.01.2026 15:02:16	136,950	-6,241	-62,4124	0,016	0,1565
15.01.2026 15:02:17	137,000	-6,234	-62,3398	0,016	0,1626
15.01.2026 15:02:17	137,050	-6,223	-62,2286	0,015	0,1542
15.01.2026 15:02:17	137,100	-6,207	-62,0740	0,017	0,1682
15.01.2026 15:02:17	137,150	-6,194	-61,9420	0,016	0,1577
15.01.2026 15:02:17	137,200	-6,183	-61,8269	0,016	0,1640
15.01.2026 15:02:17	137,250	-6,176	-61,7594	0,016	0,1564
15.01.2026 15:02:17	137,300	-6,171	-61,7133	0,016	0,1633
15.01.2026 15:02:17	137,350	-6,162	-61,6197	0,016	0,1551
15.01.2026 15:02:17	137,400	-6,156	-61,5565	0,016	0,1641
15.01.2026 15:02:17	137,450	-6,145	-61,4483	0,016	0,1574
15.01.2026 15:02:17	137,500	-6,133	-61,3320	0,017	0,1665
15.01.2026 15:02:17	137,550	-6,124	-61,2390	0,016	0,1570
15.01.2026 15:02:17	137,600	-6,114	-61,1360	0,017	0,1656
15.01.2026 15:02:17	137,650	-6,105	-61,0541	0,016	0,1558
15.01.2026 15:02:17	137,700	-6,098	-60,9759	0,017	0,1655
15.01.2026 15:02:17	137,750	-6,086	-60,8594	0,016	0,1567
15.01.2026 15:02:17	137,800	-6,072	-60,7241	0,016	0,1638
15.01.2026 15:02:17	137,850	-6,058	-60,5837	0,016	0,1556
15.01.2026 15:02:17	137,900	-6,051	-60,5091	0,016	0,1634
15.01.2026 15:02:17	137,950	-6,047	-60,4688	0,015	0,1544
15.01.2026 15:02:18	138,000	-6,045	-60,4496	0,017	0,1659
15.01.2026 15:02:18	138,050	-6,043	-60,4346	0,016	0,1597
15.01.2026 15:02:18	138,100	-6,043	-60,4319	0,017	0,1681
15.01.2026 15:02:18	138,150	-6,043	-60,4257	0,016	0,1599
15.01.2026 15:02:18	138,200	-6,043	-60,4314	0,017	0,1652
15.01.2026 15:02:18	138,250	-6,037	-60,3741	0,016	0,1567
15.01.2026 15:02:18	138,300	-6,031	-60,3135	0,017	0,1677
15.01.2026 15:02:18	138,350	-6,028	-60,2778	0,016	0,1582
15.01.2026 15:02:18	138,400	-6,026	-60,2639	0,017	0,1662
15.01.2026 15:02:18	138,450	-6,025	-60,2493	0,016	0,1595
15.01.2026 15:02:18	138,500	-6,025	-60,2507	0,017	0,1678
15.01.2026 15:02:18	138,550	-6,024	-60,2388	0,016	0,1600
15.01.2026 15:02:18	138,600	-6,018	-60,1752	0,017	0,1656
15.01.2026 15:02:18	138,650	-6,012	-60,1151	0,016	0,1600
15.01.2026 15:02:18	138,700	-6,009	-60,0923	0,017	0,1657
15.01.2026 15:02:18	138,750	-6,007	-60,0711	0,016	0,1604
15.01.2026 15:02:18	138,800	-6,007	-60,0685	0,017	0,1672
15.01.2026 15:02:18	138,850	-6,006	-60,0591	0,016	0,1617
15.01.2026 15:02:18	138,900	-6,007	-60,0677	0,017	0,1661
15.01.2026 15:02:18	138,950	-6,001	-60,0069	0,016	0,1574
15.01.2026 15:02:19	139,000	-5,995	-59,9463	0,017	0,1657
15.01.2026 15:02:19	139,050	-5,991	-59,9087	0,016	0,1587
15.01.2026 15:02:19	139,100	-5,990	-59,8965	0,017	0,1662
15.01.2026 15:02:19	139,150	-5,988	-59,8824	0,016	0,1608
15.01.2026 15:02:19	139,200	-5,988	-59,8840	0,017	0,1658
15.01.2026 15:02:19	139,250	-5,988	-59,8771	0,016	0,1596
15.01.2026 15:02:19	139,300	-5,989	-59,8877	0,016	0,1642
15.01.2026 15:02:19	139,350	-5,988	-59,8806	0,016	0,1594
15.01.2026 15:02:19	139,400	-5,982	-59,8158	0,016	0,1645
15.01.2026 15:02:19	139,450	-5,975	-59,7521	0,016	0,1591
15.01.2026 15:02:19	139,500	-5,973	-59,7279	0,017	0,1662
15.01.2026 15:02:19	139,550	-5,970	-59,7028	0,016	0,1603
15.01.2026 15:02:19	139,600	-5,963	-59,6322	0,017	0,1659
15.01.2026 15:02:19	139,650	-5,954	-59,5439	0,016	0,1598
15.01.2026 15:02:19	139,700	-5,945	-59,4470	0,017	0,1674
15.01.2026 15:02:19	139,750	-5,939	-59,3896	0,016	0,1609
15.01.2026 15:02:19	139,800	-5,937	-59,3696	0,017	0,1651
15.01.2026 15:02:19	139,850	-5,935	-59,3511	0,016	0,1563
15.01.2026 15:02:19	139,900	-5,934	-59,3433	0,017	0,1671
15.01.2026 15:02:19	139,950	-5,934	-59,3389	0,016	0,1570
15.01.2026 15:02:20	140,000	-5,934	-59,3391	0,017	0,1678
15.01.2026 15:02:20	140,050	-5,930	-59,3035	0,016	0,1600
15.01.2026 15:02:20	140,100	-5,923	-59,2349	0,017	0,1705
15.01.2026 15:02:20	140,150	-5,919	-59,1929	0,016	0,1609
15.01.2026 15:02:20	140,200	-5,918	-59,1799	0,017	0,1661
15.01.2026 15:02:20	140,250	-5,916	-59,1569	0,016	0,1584
15.01.2026 15:02:20	140,300	-5,908	-59,0835	0,017	0,1655
15.01.2026 15:02:20	140,350	-5,902	-59,0228	0,016	0,1633
15.01.2026 15:02:20	140,400	-5,900	-59,0037	0,017	0,1671
15.01.2026 15:02:20	140,450	-5,893	-58,9260	0,016	0,1577
15.01.2026 15:02:20	140,500	-5,886	-58,8635	0,017	0,1668
15.01.2026 15:02:20	140,550	-5,883	-58,8260	0,016	0,1596
15.01.2026 15:02:20	140,600	-5,877	-58,7731	0,017	0,1659
15.01.2026 15:02:20	140,650	-5,869	-58,6888	0,016	0,1623
15.01.2026 15:02:20	140,700	-5,865	-58,6545	0,017	0,1684
15.01.2026 15:02:20	140,750	-5,863	-58,6326	0,016	0,1606
15.01.2026 15:02:20	140,800	-5,862	-58,6231	0,017	0,1699
15.01.2026 15:02:20	140,850	-5,861	-58,6135	0,016	0,1619
15.01.2026 15:02:20	140,900	-5,862	-58,6168	0,017	0,1656
15.01.2026 15:02:20	140,950	-5,861	-58,6097	0,016	0,1617
15.01.2026 15:02:21	141,000	-5,861	-58,6138	0,017	0,1680
15.01.2026 15:02:21	141,050	-5,859	-58,5912	0,016	0,1615
15.01.2026 15:02:21	141,100	-5,852	-58,5210	0,017	0,1660
15.01.2026 15:02:21	141,150	-5,847	-58,4727	0,016	0,1597
15.01.2026 15:02:21	141,200	-5,845	-58,4538	0,017	0,1673
15.01.2026 15:02:21	141,250	-5,844	-58,4369	0,016	0,1614
15.01.2026 15:02:21	141,300	-5,844	-58,4395	0,016	0,1649
15.01.2026 15:02:21	141,350	-5,843	-58,4274	0,016	0,1624
15.01.2026 15:02:21	141,400	-5,843	-58,4317	0,017	0,1688
15.01.2026 15:02:21	141,450	-5,843	-58,4267	0,016	0,1631
15.01.2026 15:02:21	141,500	-5,843	-58,4323	0,017	0,1673
15.01.2026 15:02:21	141,550	-5,841	-58,4067	0,016	0,1587
15.01.2026 15:02:21	141,600	-5,834	-58,3379	0,017	0,1665
15.01.2026 15:02:21	141,650	-5,829	-58,2921	0,016	0,1608
15.01.2026 15:02:21	141,700	-5,827	-58,2724	0,017	0,1683
15.01.2026 15:02:21	141,750	-5,825	-58,2531	0,016	0,1612
15.01.2026 15:02:21	141,800	-5,818	-58,1833	0,017	0,1695
15.01.2026 15:02:21	141,850	-5,813	-58,1258	0,016	0,1599
15.01.2026 15:02:21	141,900	-5,806	-58,0594	0,017	0,1673
15.01.2026 15:02:21	141,950	-5,797	-57,9674	0,016	0,1645
15.01.2026 15:02:22	142,000	-5,790	-57,9032	0,017	0,1669
15.01.2026 15:02:22	142,050	-5,780	-57,8048	0,016	0,1634
15.01.2026 15:02:22	142,100	-5,776	-57,7576	0,017	0,1698
15.01.2026 15:02:22	142,150	-5,773	-57,7268	0,016	0,1614
15.01.2026 15:02:22	142,200	-5,772	-57,7187	0,017	0,1664
15.01.2026 15:02:22	142,250	-5,771	-57,7076	0,016	0,1609
15.01.2026 15:02:22	142,300	-5,769	-57,6885	0,017	0,1659
15.01.2026 15:02:22	142,350	-5,761	-57,6095	0,016	0,1614
15.01.2026 15:02:22	142,400	-5,757	-57,5697	0,017	0,1656
15.01.2026 15:02:22	142,450	-5,754	-57,5408	0,016	0,1620
15.01.2026 15:02:22	142,500	-5,751	-57,5059	0,017	0,1679
15.01.2026 15:02:22	142,550	-5,742	-57,4231	0,016	0,1607
15.01.2026 15:02:22	142,600	-5,738	-57,3843	0,017	0,1676
15.01.2026 15:02:22	142,650	-5,736	-57,3567	0,016	0,1638
15.01.2026 15:02:22	142,700	-5,731	-57,3074	0,017	0,1687
15.01.2026 15:02:22	142,750	-5,723	-57,2329	0,016	0,1602
15.01.2026 15:02:22	142,800	-5,717	-57,1662	0,017	0,1683
15.01.2026 15:02:22	142,850	-5,707	-57,0691	0,016	0,1638
15.01.2026 15:02:22	142,900	-5,703	-57,0297	0,016	0,1647
15.01.2026 15:02:22	142,950	-5,700	-56,9986	0,016	0,1631
15.01.2026 15:02:23	143,000	-5,699	-56,9907	0,017	0,1679
15.01.2026 15:02:23	143,050	-5,698	-56,9820	0,016	0,1606
15.01.2026 15:02:23	143,100	-5,698	-56,9826	0,017	0,1691
15.01.2026 15:02:23	143,150	-5,698	-56,9783	0,016	0,1629
15.01.2026 15:02:23	143,200	-5,698	-56,9807	0,017	0,1704
15.01.2026 15:02:23	143,250	-5,698	-56,9805	0,016	0,1609
15.01.2026 15:02:23	143,300	-5,698	-56,9819	0,017	0,1680
15.01.2026 15:02:23	143,350	-5,698	-56,9772	0,016	0,1628
15.01.2026 15:02:23	143,400	-5,698	-56,9794	0,017	0,1702
15.01.2026 15:02:23	143,450	-5,698	-56,9766	0,016	0,1631
15.01.2026 15:02:23	143,500	-5,698	-56,9791	0,017	0,1694
15.01.2026 15:02:23	143,550	-5,697	-56,9682	0,017	0,1670
15.01.2026 15:02:23	143,600	-5,697	-56,9679	0,017	0,1721
15.01.2026 15:02:23	143,650	-5,693	-56,9303	0,016	0,1642
15.01.2026 15:02:23	143,700	-5,686	-56,8637	0,017	0,1706
15.01.2026 15:02:23	143,750	-5,678	-56,7785	0,017	0,1654
15.01.2026 15:02:23	143,800	-5,670	-56,6969	0,017	0,1718
15.01.2026 15:02:23	143,850	-5,665	-56,6471	0,017	0,1671
15.01.2026 15:02:23	143,900	-5,662	-56,6177	0,017	0,1699
15.01.2026 15:02:23	143,950	-5,653	-56,5298	0,016	0,1647
15.01.2026 15:02:24	144,000	-5,648	-56,4814	0,017	0,1709
15.01.2026 15:02:24	144,050	-5,645	-56,4489	0,017	0,1671
15.01.2026 15:02:24	144,100	-5,644	-56,4417	0,017	0,1671
15.01.2026 15:02:24	144,150	-5,640	-56,3973	0,016	0,1638
15.01.2026 15:02:24	144,200	-5,632	-56,3227	0,017	0,1724
15.01.2026 15:02:24	144,250	-5,628	-56,2821	0,016	0,1628
15.01.2026 15:02:24	144,300	-5,626	-56,2609	0,017	0,1665
15.01.2026 15:02:24	144,350	-5,617	-56,1716	0,016	0,1650
15.01.2026 15:02:24	144,400	-5,612	-56,1243	0,017	0,1688
15.01.2026 15:02:24	144,450	-5,609	-56,0934	0,016	0,1637
15.01.2026 15:02:24	144,500	-5,608	-56,0794	0,017	0,1684
15.01.2026 15:02:24	144,550	-5,607	-56,0659	0,016	0,1645
15.01.2026 15:02:24	144,600	-5,603	-56,0308	0,017	0,1702
15.01.2026 15:02:24	144,650	-5,596	-55,9557	0,017	0,1655
15.01.2026 15:02:24	144,700	-5,592	-55,9196	0,017	0,1707
15.01.2026 15:02:24	144,750	-5,590	-55,8963	0,016	0,1635
15.01.2026 15:02:24	144,800	-5,587	-55,8723	0,017	0,1713
15.01.2026 15:02:24	144,850	-5,579	-55,7943	0,017	0,1654
15.01.2026 15:02:24	144,900	-5,571	-55,7107	0,017	0,1727
15.01.2026 15:02:24	144,950	-5,557	-55,5698	0,017	0,1679
15.01.2026 15:02:25	145,000	-5,545	-55,4515	0,017	0,1705
15.01.2026 15:02:25	145,050	-5,532	-55,3196	0,016	0,1629
15.01.2026 15:02:25	145,100	-5,524	-55,2393	0,017	0,1699
15.01.2026 15:02:25	145,150	-5,520	-55,1963	0,017	0,1674
15.01.2026 15:02:25	145,200	-5,527	-55,2741	0,017	0,1710
15.01.2026 15:02:25	145,250	-5,540	-55,3960	0,016	0,1641
15.01.2026 15:02:25	145,300	-5,546	-55,4593	0,017	0,1703
15.01.2026 15:02:25	145,350	-5,549	-55,4871	0,017	0,1662
15.01.2026 15:02:25	145,400	-5,551	-55,5058	0,017	0,1715
15.01.2026 15:02:25	145,450	-5,551	-55,5077	0,017	0,1669
15.01.2026 15:02:25	145,500	-5,552	-55,5180	0,017	0,1706
15.01.2026 15:02:25	145,550	-5,552	-55,5184	0,016	0,1635
15.01.2026 15:02:25	145,600	-5,552	-55,5204	0,017	0,1698
15.01.2026 15:02:25	145,650	-5,552	-55,5167	0,017	0,1652
15.01.2026 15:02:25	145,700	-5,552	-55,5211	0,017	0,1691
15.01.2026 15:02:25	145,750	-5,549	-55,4901	0,016	0,1621
15.01.2026 15:02:25	145,800	-5,528	-55,2754	0,017	0,1712
15.01.2026 15:02:25	145,850	-5,498	-54,9757	0,017	0,1651
15.01.2026 15:02:25	145,900	-5,473	-54,7251	0,017	0,1693
15.01.2026 15:02:25	145,950	-5,457	-54,5703	0,017	0,1680
15.01.2026 15:02:26	146,000	-5,443	-54,4302	0,017	0,1718
15.01.2026 15:02:26	146,050	-5,434	-54,3447	0,017	0,1669
15.01.2026 15:02:26	146,100	-5,431	-54,3076	0,017	0,1701
15.01.2026 15:02:26	146,150	-5,428	-54,2811	0,016	0,1647
15.01.2026 15:02:26	146,200	-5,420	-54,1981	0,017	0,1721
15.01.2026 15:02:26	146,250	-5,410	-54,1020	0,017	0,1665
15.01.2026 15:02:26	146,300	-5,400	-54,0027	0,017	0,1712
15.01.2026 15:02:26	146,350	-5,388	-53,8823	0,017	0,1687
15.01.2026 15:02:26	146,400	-5,379	-53,7924	0,017	0,1747
15.01.2026 15:02:26	146,450	-5,368	-53,6788	0,017	0,1680
15.01.2026 15:02:26	146,500	-5,360	-53,6017	0,017	0,1749
15.01.2026 15:02:26	146,550	-5,350	-53,4958	0,017	0,1660
15.01.2026 15:02:26	146,600	-5,339	-53,3917	0,017	0,1695
15.01.2026 15:02:26	146,650	-5,328	-53,2818	0,017	0,1674
15.01.2026 15:02:26	146,700	-5,324	-53,2364	0,017	0,1707
15.01.2026 15:02:26	146,750	-5,318	-53,1795	0,017	0,1696
15.01.2026 15:02:26	146,800	-5,310	-53,1008	0,017	0,1727
15.01.2026 15:02:26	146,850	-5,305	-53,0491	0,016	0,1647
15.01.2026 15:02:26	146,900	-5,303	-53,0257	0,017	0,1724
15.01.2026 15:02:26	146,950	-5,301	-53,0089	0,017	0,1687
15.01.2026 15:02:27	147,000	-5,297	-52,9744	0,017	0,1700
15.01.2026 15:02:27	147,050	-5,289	-52,8914	0,017	0,1703
15.01.2026 15:02:27	147,100	-5,285	-52,8514	0,017	0,1734
15.01.2026 15:02:27	147,150	-5,276	-52,7644	0,017	0,1654
15.01.2026 15:02:27	147,200	-5,270	-52,7011	0,017	0,1722
15.01.2026 15:02:27	147,250	-5,260	-52,6047	0,017	0,1686
15.01.2026 15:02:27	147,300	-5,253	-52,5288	0,018	0,1761
15.01.2026 15:02:27	147,350	-5,249	-52,4891	0,017	0,1699
15.01.2026 15:02:27	147,400	-5,248	-52,4767	0,017	0,1712
15.01.2026 15:02:27	147,450	-5,243	-52,4340	0,017	0,1711
15.01.2026 15:02:27	147,500	-5,236	-52,3573	0,017	0,1748
15.01.2026 15:02:27	147,550	-5,231	-52,3138	0,017	0,1698
15.01.2026 15:02:27	147,600	-5,230	-52,2960	0,017	0,1732
15.01.2026 15:02:27	147,650	-5,228	-52,2818	0,017	0,1695
15.01.2026 15:02:27	147,700	-5,227	-52,2685	0,017	0,1723
15.01.2026 15:02:27	147,750	-5,219	-52,1860	0,017	0,1715
15.01.2026 15:02:27	147,800	-5,214	-52,1426	0,017	0,1743
15.01.2026 15:02:27	147,850	-5,211	-52,1064	0,017	0,1714
15.01.2026 15:02:27	147,900	-5,203	-52,0300	0,018	0,1794
15.01.2026 15:02:27	147,950	-5,197	-51,9725	0,017	0,1685
15.01.2026 15:02:28	148,000	-5,194	-51,9358	0,018	0,1772
15.01.2026 15:02:28	148,050	-5,191	-51,9100	0,017	0,1723
15.01.2026 15:02:28	148,100	-5,184	-51,8367	0,018	0,1761
15.01.2026 15:02:28	148,150	-5,179	-51,7854	0,017	0,1709
15.01.2026 15:02:28	148,200	-5,176	-51,7605	0,017	0,1749
15.01.2026 15:02:28	148,250	-5,174	-51,7399	0,017	0,1708
15.01.2026 15:02:28	148,300	-5,173	-51,7333	0,018	0,1756
15.01.2026 15:02:28	148,350	-5,173	-51,7299	0,017	0,1683
15.01.2026 15:02:28	148,400	-5,170	-51,6973	0,017	0,1733
15.01.2026 15:02:28	148,450	-5,162	-51,6243	0,017	0,1704
15.01.2026 15:02:28	148,500	-5,159	-51,5859	0,017	0,1739
15.01.2026 15:02:28	148,550	-5,157	-51,5667	0,017	0,1683
15.01.2026 15:02:28	148,600	-5,150	-51,4981	0,018	0,1752
15.01.2026 15:02:28	148,650	-5,143	-51,4283	0,017	0,1713
15.01.2026 15:02:28	148,700	-5,134	-51,3418	0,017	0,1747
15.01.2026 15:02:28	148,750	-5,126	-51,2592	0,017	0,1709
15.01.2026 15:02:28	148,800	-5,119	-51,1910	0,018	0,1752
15.01.2026 15:02:28	148,850	-5,110	-51,0964	0,017	0,1712
15.01.2026 15:02:28	148,900	-5,105	-51,0492	0,017	0,1739
15.01.2026 15:02:28	148,950	-5,099	-50,9925	0,017	0,1732
15.01.2026 15:02:29	149,000	-5,091	-50,9088	0,018	0,1769
15.01.2026 15:02:29	149,050	-5,087	-50,8679	0,017	0,1666
15.01.2026 15:02:29	149,100	-5,084	-50,8419	0,017	0,1735
15.01.2026 15:02:29	149,150	-5,083	-50,8291	0,017	0,1711
15.01.2026 15:02:29	149,200	-5,082	-50,8244	0,017	0,1744
15.01.2026 15:02:29	149,250	-5,082	-50,8223	0,017	0,1719
15.01.2026 15:02:29	149,300	-5,082	-50,8208	0,018	0,1781
15.01.2026 15:02:29	149,350	-5,079	-50,7936	0,017	0,1678
15.01.2026 15:02:29	149,400	-5,072	-50,7242	0,017	0,1738
15.01.2026 15:02:29	149,450	-5,068	-50,6794	0,017	0,1695
15.01.2026 15:02:29	149,500	-5,066	-50,6576	0,018	0,1787
15.01.2026 15:02:29	149,550	-5,065	-50,6497	0,017	0,1685
15.01.2026 15:02:29	149,600	-5,060	-50,6014	0,018	0,1754
15.01.2026 15:02:29	149,650	-5,053	-50,5322	0,017	0,1702
15.01.2026 15:02:29	149,700	-5,050	-50,5014	0,017	0,1734
15.01.2026 15:02:29	149,750	-5,048	-50,4782	0,017	0,1742
15.01.2026 15:02:29	149,800	-5,043	-50,4326	0,018	0,1758
15.01.2026 15:02:29	149,850	-5,033	-50,3270	0,017	0,1714
15.01.2026 15:02:29	149,900	-5,021	-50,2145	0,018	0,1775
15.01.2026 15:02:29	149,950	-5,011	-50,1068	0,017	0,1720
15.01.2026 15:02:30	150,000	-5,002	-50,0194	0,017	0,1721
15.01.2026 15:02:30	150,050	-4,997	-49,9714	0,017	0,1684
15.01.2026 15:02:30	150,100	-4,995	-49,9462	0,017	0,1728
15.01.2026 15:02:30	150,150	-4,993	-49,9311	0,017	0,1698
15.01.2026 15:02:30	150,200	-4,993	-49,9299	0,017	0,1733
15.01.2026 15:02:30	150,250	-4,993	-49,9281	0,017	0,1705
15.01.2026 15:02:30	150,300	-4,993	-49,9282	0,017	0,1745
15.01.2026 15:02:30	150,350	-4,993	-49,9275	0,017	0,1707
15.01.2026 15:02:30	150,400	-4,993	-49,9256	0,018	0,1767
15.01.2026 15:02:30	150,450	-4,993	-49,9279	0,017	0,1703
15.01.2026 15:02:30	150,500	-4,993	-49,9268	0,017	0,1746
15.01.2026 15:02:30	150,550	-4,992	-49,9239	0,017	0,1704
15.01.2026 15:02:30	150,600	-4,990	-49,8971	0,018	0,1767
15.01.2026 15:02:30	150,650	-4,984	-49,8383	0,018	0,1753
15.01.2026 15:02:30	150,700	-4,979	-49,7942	0,017	0,1737
15.01.2026 15:02:30	150,750	-4,977	-49,7729	0,017	0,1694
15.01.2026 15:02:30	150,800	-4,976	-49,7585	0,018	0,1769
15.01.2026 15:02:30	150,850	-4,975	-49,7514	0,017	0,1709
15.01.2026 15:02:30	150,900	-4,972	-49,7159	0,018	0,1785
15.01.2026 15:02:30	150,950	-4,964	-49,6448	0,017	0,1725
15.01.2026 15:02:31	151,000	-4,960	-49,6028	0,017	0,1731
15.01.2026 15:02:31	151,050	-4,951	-49,5147	0,017	0,1730
15.01.2026 15:02:31	151,100	-4,946	-49,4556	0,017	0,1713
15.01.2026 15:02:31	151,150	-4,941	-49,4146	0,017	0,1734
15.01.2026 15:02:31	151,200	-4,940	-49,3976	0,017	0,1737
15.01.2026 15:02:31	151,250	-4,937	-49,3748	0,017	0,1741
15.01.2026 15:02:31	151,300	-4,931	-49,3107	0,017	0,1741
15.01.2026 15:02:31	151,350	-4,926	-49,2554	0,017	0,1735
15.01.2026 15:02:31	151,400	-4,923	-49,2326	0,017	0,1732
15.01.2026 15:02:31	151,450	-4,922	-49,2159	0,017	0,1729
15.01.2026 15:02:31	151,500	-4,921	-49,2107	0,017	0,1737
15.01.2026 15:02:31	151,550	-4,920	-49,2039	0,017	0,1729
15.01.2026 15:02:31	151,600	-4,920	-49,2017	0,018	0,1755
15.01.2026 15:02:31	151,650	-4,920	-49,1990	0,017	0,1731
15.01.2026 15:02:31	151,700	-4,920	-49,1999	0,018	0,1763
15.01.2026 15:02:31	151,750	-4,920	-49,1992	0,017	0,1730
15.01.2026 15:02:31	151,800	-4,920	-49,1979	0,018	0,1768
15.01.2026 15:02:31	151,850	-4,918	-49,1810	0,017	0,1717
15.01.2026 15:02:31	151,900	-4,912	-49,1155	0,018	0,1762
15.01.2026 15:02:31	151,950	-4,907	-49,0682	0,017	0,1741
15.01.2026 15:02:32	152,000	-4,904	-49,0432	0,018	0,1751
15.01.2026 15:02:32	152,050	-4,903	-49,0278	0,018	0,1761
15.01.2026 15:02:32	152,100	-4,902	-49,0222	0,018	0,1774
15.01.2026 15:02:32	152,150	-4,902	-49,0192	0,018	0,1755
15.01.2026 15:02:32	152,200	-4,902	-49,0212	0,018	0,1759
15.01.2026 15:02:32	152,250	-4,902	-49,0230	0,017	0,1731
15.01.2026 15:02:32	152,300	-4,897	-48,9715	0,018	0,1769
15.01.2026 15:02:32	152,350	-4,891	-48,9081	0,017	0,1722
15.01.2026 15:02:32	152,400	-4,887	-48,8724	0,018	0,1754
15.01.2026 15:02:32	152,450	-4,886	-48,8553	0,017	0,1740
15.01.2026 15:02:32	152,500	-4,883	-48,8343	0,018	0,1751
15.01.2026 15:02:32	152,550	-4,875	-48,7542	0,017	0,1737
15.01.2026 15:02:32	152,600	-4,865	-48,6523	0,018	0,1781
15.01.2026 15:02:32	152,650	-4,856	-48,5615	0,017	0,1742
15.01.2026 15:02:32	152,700	-4,845	-48,4460	0,018	0,1768
15.01.2026 15:02:32	152,750	-4,838	-48,3752	0,017	0,1730
15.01.2026 15:02:32	152,800	-4,834	-48,3366	0,018	0,1777
15.01.2026 15:02:32	152,850	-4,831	-48,3109	0,017	0,1739
15.01.2026 15:02:32	152,900	-4,823	-48,2281	0,018	0,1762
15.01.2026 15:02:32	152,950	-4,813	-48,1322	0,017	0,1743
15.01.2026 15:02:33	153,000	-4,798	-47,9763	0,018	0,1787
15.01.2026 15:02:33	153,050	-4,787	-47,8657	0,018	0,1756
15.01.2026 15:02:33	153,100	-4,781	-47,8107	0,018	0,1770
15.01.2026 15:02:33	153,150	-4,779	-47,7860	0,017	0,1747
15.01.2026 15:02:33	153,200	-4,773	-47,7268	0,018	0,1759
15.01.2026 15:02:33	153,250	-4,765	-47,6489	0,018	0,1786
15.01.2026 15:02:33	153,300	-4,761	-47,6125	0,018	0,1783
15.01.2026 15:02:33	153,350	-4,760	-47,5969	0,017	0,1744
15.01.2026 15:02:33	153,400	-4,755	-47,5509	0,018	0,1790
15.01.2026 15:02:33	153,450	-4,745	-47,4499	0,017	0,1749
15.01.2026 15:02:33	153,500	-4,733	-47,3345	0,018	0,1757
15.01.2026 15:02:33	153,550	-4,721	-47,2117	0,018	0,1765
15.01.2026 15:02:33	153,600	-4,712	-47,1248	0,018	0,1770
15.01.2026 15:02:33	153,650	-4,704	-47,0392	0,017	0,1729
15.01.2026 15:02:33	153,700	-4,692	-46,9236	0,018	0,1771
15.01.2026 15:02:33	153,750	-4,681	-46,8078	0,017	0,1734
15.01.2026 15:02:33	153,800	-4,668	-46,6814	0,018	0,1763
15.01.2026 15:02:33	153,850	-4,659	-46,5906	0,018	0,1753
15.01.2026 15:02:33	153,900	-4,648	-46,4807	0,018	0,1803
15.01.2026 15:02:33	153,950	-4,639	-46,3862	0,018	0,1787
15.01.2026 15:02:34	154,000	-4,624	-46,2430	0,018	0,1814
15.01.2026 15:02:34	154,050	-4,606	-46,0646	0,018	0,1768
15.01.2026 15:02:34	154,100	-4,588	-45,8813	0,018	0,1797
15.01.2026 15:02:34	154,150	-4,574	-45,7450	0,018	0,1766
15.01.2026 15:02:34	154,200	-4,567	-45,6738	0,018	0,1774
15.01.2026 15:02:34	154,250	-4,559	-45,5948	0,018	0,1769
15.01.2026 15:02:34	154,300	-4,551	-45,5085	0,018	0,1808
15.01.2026 15:02:34	154,350	-4,547	-45,4656	0,018	0,1776
15.01.2026 15:02:34	154,400	-4,544	-45,4434	0,018	0,1777
15.01.2026 15:02:34	154,450	-4,548	-45,4758	0,018	0,1767
15.01.2026 15:02:34	154,500	-4,555	-45,5471	0,018	0,1797
15.01.2026 15:02:34	154,550	-4,559	-45,5889	0,018	0,1782
15.01.2026 15:02:34	154,600	-4,561	-45,6071	0,018	0,1780
15.01.2026 15:02:34	154,650	-4,562	-45,6178	0,018	0,1760
15.01.2026 15:02:34	154,700	-4,561	-45,6141	0,018	0,1812
15.01.2026 15:02:34	154,750	-4,562	-45,6209	0,018	0,1767
15.01.2026 15:02:34	154,800	-4,562	-45,6195	0,018	0,1763
15.01.2026 15:02:34	154,850	-4,562	-45,6198	0,018	0,1763
15.01.2026 15:02:34	154,900	-4,562	-45,6154	0,018	0,1794
15.01.2026 15:02:34	154,950	-4,562	-45,6167	0,018	0,1793
15.01.2026 15:02:35	155,000	-4,561	-45,6073	0,018	0,1809
15.01.2026 15:02:35	155,050	-4,560	-45,6017	0,018	0,1811
15.01.2026 15:02:35	155,100	-4,557	-45,5683	0,018	0,1815
15.01.2026 15:02:35	155,150	-4,550	-45,5021	0,018	0,1761
15.01.2026 15:02:35	155,200	-4,543	-45,4266	0,018	0,1780
15.01.2026 15:02:35	155,250	-4,534	-45,3353	0,018	0,1781
15.01.2026 15:02:35	155,300	-4,522	-45,2231	0,018	0,1812
15.01.2026 15:02:35	155,350	-4,514	-45,1440	0,018	0,1806
15.01.2026 15:02:35	155,400	-4,509	-45,0929	0,018	0,1782
15.01.2026 15:02:35	155,450	-4,500	-45,0024	0,018	0,1767
15.01.2026 15:02:35	155,500	-4,491	-44,9095	0,018	0,1802
15.01.2026 15:02:35	155,550	-4,477	-44,7679	0,018	0,1791
15.01.2026 15:02:35	155,600	-4,464	-44,6429	0,018	0,1788
15.01.2026 15:02:35	155,650	-4,454	-44,5427	0,018	0,1787
15.01.2026 15:02:35	155,700	-4,442	-44,4167	0,018	0,1797
15.01.2026 15:02:35	155,750	-4,429	-44,2944	0,018	0,1808
15.01.2026 15:02:35	155,800	-4,416	-44,1556	0,018	0,1813
15.01.2026 15:02:35	155,850	-4,407	-44,0684	0,018	0,1790
15.01.2026 15:02:35	155,900	-4,397	-43,9651	0,018	0,1802
15.01.2026 15:02:35	155,950	-4,385	-43,8534	0,018	0,1810
15.01.2026 15:02:36	156,000	-4,370	-43,6974	0,018	0,1813
15.01.2026 15:02:36	156,050	-4,351	-43,5051	0,018	0,1803
15.01.2026 15:02:36	156,100	-4,333	-43,3323	0,018	0,1833
15.01.2026 15:02:36	156,150	-4,315	-43,1480	0,018	0,1833
15.01.2026 15:02:36	156,200	-4,302	-43,0230	0,018	0,1812
15.01.2026 15:02:36	156,250	-4,291	-42,9124	0,018	0,1837
15.01.2026 15:02:36	156,300	-4,281	-42,8137	0,018	0,1830
15.01.2026 15:02:36	156,350	-4,272	-42,7177	0,019	0,1855
15.01.2026 15:02:36	156,400	-4,263	-42,6284	0,018	0,1808
15.01.2026 15:02:36	156,450	-4,254	-42,5356	0,018	0,1814
15.01.2026 15:02:36	156,500	-4,243	-42,4288	0,018	0,1802
15.01.2026 15:02:36	156,550	-4,231	-42,3081	0,018	0,1843
15.01.2026 15:02:36	156,600	-4,224	-42,2387	0,018	0,1825
15.01.2026 15:02:36	156,650	-4,221	-42,2096	0,019	0,1852
15.01.2026 15:02:36	156,700	-4,214	-42,1381	0,018	0,1825
15.01.2026 15:02:36	156,750	-4,206	-42,0630	0,019	0,1855
15.01.2026 15:02:36	156,800	-4,195	-41,9453	0,019	0,1855
15.01.2026 15:02:36	156,850	-4,179	-41,7867	0,019	0,1863
15.01.2026 15:02:36	156,900	-4,157	-41,5656	0,019	0,1851
15.01.2026 15:02:36	156,950	-4,133	-41,3321	0,019	0,1856
15.01.2026 15:02:37	157,000	-4,112	-41,1208	0,018	0,1829
15.01.2026 15:02:37	157,050	-4,093	-40,9288	0,019	0,1870
15.01.2026 15:02:37	157,100	-4,075	-40,7486	0,018	0,1839
15.01.2026 15:02:37	157,150	-4,057	-40,5720	0,018	0,1846
15.01.2026 15:02:37	157,200	-4,033	-40,3333	0,018	0,1838
15.01.2026 15:02:37	157,250	-4,018	-40,1787	0,018	0,1849
15.01.2026 15:02:37	157,300	-4,008	-40,0842	0,019	0,1866
15.01.2026 15:02:37	157,350	-3,999	-39,9945	0,018	0,1847
15.01.2026 15:02:37	157,400	-3,993	-39,9287	0,019	0,1853
15.01.2026 15:02:37	157,450	-3,990	-39,8977	0,019	0,1854
15.01.2026 15:02:37	157,500	-3,986	-39,8647	0,018	0,1842
15.01.2026 15:02:37	157,550	-3,979	-39,7851	0,019	0,1882
15.01.2026 15:02:37	157,600	-3,965	-39,6533	0,018	0,1844
15.01.2026 15:02:37	157,650	-3,955	-39,5465	0,019	0,1868
15.01.2026 15:02:37	157,700	-3,945	-39,4499	0,018	0,1828
15.01.2026 15:02:37	157,750	-3,939	-39,3942	0,019	0,1891
15.01.2026 15:02:37	157,800	-3,936	-39,3636	0,019	0,1885
15.01.2026 15:02:37	157,850	-3,935	-39,3506	0,019	0,1902
15.01.2026 15:02:37	157,900	-3,934	-39,3381	0,018	0,1845
15.01.2026 15:02:37	157,950	-3,933	-39,3257	0,019	0,1881
15.01.2026 15:02:38	158,000	-3,931	-39,3101	0,018	0,1838
15.01.2026 15:02:38	158,050	-3,925	-39,2475	0,019	0,1881
15.01.2026 15:02:38	158,100	-3,918	-39,1814	0,018	0,1822
15.01.2026 15:02:38	158,150	-3,915	-39,1493	0,019	0,1881
15.01.2026 15:02:38	158,200	-3,913	-39,1300	0,019	0,1862
15.01.2026 15:02:38	158,250	-3,912	-39,1249	0,019	0,1880
15.01.2026 15:02:38	158,300	-3,910	-39,0990	0,019	0,1856
15.01.2026 15:02:38	158,350	-3,903	-39,0314	0,019	0,1900
15.01.2026 15:02:38	158,400	-3,898	-38,9813	0,019	0,1854
15.01.2026 15:02:38	158,450	-3,895	-38,9526	0,019	0,1893
15.01.2026 15:02:38	158,500	-3,887	-38,8666	0,019	0,1869
15.01.2026 15:02:38	158,550	-3,881	-38,8141	0,019	0,1855
15.01.2026 15:02:38	158,600	-3,878	-38,7767	0,019	0,1869
15.01.2026 15:02:38	158,650	-3,877	-38,7678	0,019	0,1881
15.01.2026 15:02:38	158,700	-3,876	-38,7565	0,019	0,1891
15.01.2026 15:02:38	158,750	-3,871	-38,7110	0,019	0,1892
15.01.2026 15:02:38	158,800	-3,864	-38,6413	0,019	0,1869
15.01.2026 15:02:38	158,850	-3,858	-38,5807	0,019	0,1883
15.01.2026 15:02:38	158,900	-3,848	-38,4846	0,019	0,1883
15.01.2026 15:02:38	158,950	-3,843	-38,4334	0,019	0,1895
15.01.2026 15:02:39	159,000	-3,833	-38,3343	0,019	0,1907
15.01.2026 15:02:39	159,050	-3,828	-38,2753	0,019	0,1904
15.01.2026 15:02:39	159,100	-3,824	-38,2393	0,019	0,1874
15.01.2026 15:02:39	159,150	-3,816	-38,1631	0,019	0,1926
15.01.2026 15:02:39	159,200	-3,810	-38,0966	0,018	0,1847
15.01.2026 15:02:39	159,250	-3,806	-38,0641	0,019	0,1905
15.01.2026 15:02:39	159,300	-3,804	-38,0398	0,019	0,1906
15.01.2026 15:02:39	159,350	-3,800	-38,0043	0,019	0,1891
15.01.2026 15:02:39	159,400	-3,792	-37,9236	0,019	0,1859
15.01.2026 15:02:39	159,450	-3,783	-37,8266	0,019	0,1902
15.01.2026 15:02:39	159,500	-3,774	-37,7436	0,019	0,1898
15.01.2026 15:02:39	159,550	-3,766	-37,6588	0,019	0,1891
15.01.2026 15:02:39	159,600	-3,755	-37,5538	0,019	0,1870
15.01.2026 15:02:39	159,650	-3,744	-37,4431	0,019	0,1892
15.01.2026 15:02:39	159,700	-3,737	-37,3697	0,019	0,1903
15.01.2026 15:02:39	159,750	-3,734	-37,3416	0,019	0,1901
15.01.2026 15:02:39	159,800	-3,732	-37,3223	0,019	0,1858
15.01.2026 15:02:39	159,850	-3,732	-37,3161	0,019	0,1911
15.01.2026 15:02:39	159,900	-3,731	-37,3089	0,019	0,1874
15.01.2026 15:02:39	159,950	-3,726	-37,2568	0,019	0,1898
15.01.2026 15:02:40	160,000	-3,719	-37,1887	0,019	0,1874
15.01.2026 15:02:40	160,050	-3,716	-37,1637	0,019	0,1880
15.01.2026 15:02:40	160,100	-3,714	-37,1373	0,019	0,1904
15.01.2026 15:02:40	160,150	-3,714	-37,1363	0,019	0,1893
15.01.2026 15:02:40	160,200	-3,713	-37,1276	0,019	0,1869
15.01.2026 15:02:40	160,250	-3,713	-37,1304	0,019	0,1897
15.01.2026 15:02:40	160,300	-3,713	-37,1252	0,019	0,1865
15.01.2026 15:02:40	160,350	-3,713	-37,1265	0,019	0,1902
15.01.2026 15:02:40	160,400	-3,712	-37,1208	0,019	0,1891
15.01.2026 15:02:40	160,450	-3,713	-37,1261	0,019	0,1907
15.01.2026 15:02:40	160,500	-3,712	-37,1216	0,019	0,1884
15.01.2026 15:02:40	160,550	-3,713	-37,1272	0,019	0,1899
15.01.2026 15:02:40	160,600	-3,712	-37,1222	0,019	0,1868
15.01.2026 15:02:40	160,650	-3,711	-37,1053	0,019	0,1929
15.01.2026 15:02:40	160,700	-3,697	-36,9660	0,019	0,1862
15.01.2026 15:02:40	160,750	-3,684	-36,8359	0,019	0,1897
15.01.2026 15:02:40	160,800	-3,671	-36,7089	0,019	0,1876
15.01.2026 15:02:40	160,850	-3,665	-36,6496	0,019	0,1911
15.01.2026 15:02:40	160,900	-3,661	-36,6122	0,019	0,1883
15.01.2026 15:02:40	160,950	-3,660	-36,6021	0,019	0,1905
15.01.2026 15:02:41	161,000	-3,656	-36,5629	0,019	0,1900
15.01.2026 15:02:41	161,050	-3,641	-36,4111	0,019	0,1926
15.01.2026 15:02:41	161,100	-3,621	-36,2118	0,019	0,1869
15.01.2026 15:02:41	161,150	-3,605	-36,0458	0,019	0,1909
15.01.2026 15:02:41	161,200	-3,595	-35,9502	0,019	0,1905
15.01.2026 15:02:41	161,250	-3,591	-35,9100	0,019	0,1927
15.01.2026 15:02:41	161,300	-3,582	-35,8181	0,019	0,1913
15.01.2026 15:02:41	161,350	-3,571	-35,7084	0,019	0,1929
15.01.2026 15:02:41	161,400	-3,563	-35,6256	0,019	0,1871
15.01.2026 15:02:41	161,450	-3,558	-35,5806	0,019	0,1943
15.01.2026 15:02:41	161,500	-3,554	-35,5410	0,019	0,1924
15.01.2026 15:02:41	161,550	-3,548	-35,4833	0,019	0,1935
15.01.2026 15:02:41	161,600	-3,540	-35,3988	0,019	0,1913
15.01.2026 15:02:41	161,650	-3,528	-35,2799	0,019	0,1944
15.01.2026 15:02:41	161,700	-3,513	-35,1271	0,019	0,1923
15.01.2026 15:02:41	161,750	-3,502	-35,0176	0,020	0,1973
15.01.2026 15:02:41	161,800	-3,490	-34,9032	0,019	0,1914
15.01.2026 15:02:41	161,850	-3,480	-34,8003	0,019	0,1949
15.01.2026 15:02:41	161,900	-3,464	-34,6365	0,019	0,1912
15.01.2026 15:02:41	161,950	-3,454	-34,5389	0,019	0,1947
15.01.2026 15:02:42	162,000	-3,445	-34,4533	0,019	0,1939
15.01.2026 15:02:42	162,050	-3,436	-34,3560	0,020	0,1969
15.01.2026 15:02:42	162,100	-3,423	-34,2296	0,019	0,1888
15.01.2026 15:02:42	162,150	-3,409	-34,0874	0,020	0,1958
15.01.2026 15:02:42	162,200	-3,395	-33,9523	0,019	0,1906
15.01.2026 15:02:42	162,250	-3,385	-33,8485	0,019	0,1945
15.01.2026 15:02:42	162,300	-3,378	-33,7828	0,019	0,1914
15.01.2026 15:02:42	162,350	-3,374	-33,7409	0,020	0,1953
15.01.2026 15:02:42	162,400	-3,361	-33,6115	0,019	0,1944
15.01.2026 15:02:42	162,450	-3,349	-33,4935	0,020	0,1964
15.01.2026 15:02:42	162,500	-3,343	-33,4260	0,019	0,1921
15.01.2026 15:02:42	162,550	-3,340	-33,3968	0,020	0,1957
15.01.2026 15:02:42	162,600	-3,337	-33,3700	0,019	0,1942
15.01.2026 15:02:42	162,650	-3,331	-33,3063	0,020	0,1952
15.01.2026 15:02:42	162,700	-3,324	-33,2411	0,019	0,1934
15.01.2026 15:02:42	162,750	-3,321	-33,2129	0,020	0,1976
15.01.2026 15:02:42	162,800	-3,317	-33,1746	0,019	0,1918
15.01.2026 15:02:42	162,850	-3,310	-33,0994	0,020	0,1966
15.01.2026 15:02:42	162,900	-3,305	-33,0482	0,019	0,1914
15.01.2026 15:02:42	162,950	-3,302	-33,0243	0,020	0,1993
15.01.2026 15:02:43	163,000	-3,301	-33,0060	0,020	0,1958
15.01.2026 15:02:43	163,050	-3,301	-33,0066	0,020	0,1989
15.01.2026 15:02:43	163,100	-3,300	-32,9988	0,019	0,1947
15.01.2026 15:02:43	163,150	-3,300	-33,0033	0,020	0,1962
15.01.2026 15:02:43	163,200	-3,297	-32,9680	0,019	0,1948
15.01.2026 15:02:43	163,250	-3,290	-32,9024	0,020	0,1968
15.01.2026 15:02:43	163,300	-3,285	-32,8540	0,019	0,1948
15.01.2026 15:02:43	163,350	-3,278	-32,7784	0,020	0,1966
15.01.2026 15:02:43	163,400	-3,265	-32,6486	0,019	0,1941
15.01.2026 15:02:43	163,450	-3,256	-32,5605	0,020	0,1974
15.01.2026 15:02:43	163,500	-3,245	-32,4512	0,019	0,1948
15.01.2026 15:02:43	163,550	-3,231	-32,3149	0,020	0,1987
15.01.2026 15:02:43	163,600	-3,220	-32,2048	0,019	0,1927
15.01.2026 15:02:43	163,650	-3,210	-32,1047	0,020	0,1980
15.01.2026 15:02:43	163,700	-3,196	-31,9610	0,019	0,1935
15.01.2026 15:02:43	163,750	-3,181	-31,8071	0,020	0,2012
15.01.2026 15:02:43	163,800	-3,163	-31,6286	0,019	0,1933
15.01.2026 15:02:43	163,850	-3,151	-31,5075	0,020	0,2002
15.01.2026 15:02:43	163,900	-3,144	-31,4449	0,019	0,1945
15.01.2026 15:02:43	163,950	-3,140	-31,4012	0,020	0,2020
15.01.2026 15:02:44	164,000	-3,131	-31,3077	0,019	0,1943
15.01.2026 15:02:44	164,050	-3,119	-31,1905	0,020	0,2010
15.01.2026 15:02:44	164,100	-3,110	-31,1043	0,020	0,1952
15.01.2026 15:02:44	164,150	-3,100	-30,9999	0,020	0,2019
15.01.2026 15:02:44	164,200	-3,092	-30,9193	0,019	0,1940
15.01.2026 15:02:44	164,250	-3,088	-30,8803	0,020	0,2020
15.01.2026 15:02:44	164,300	-3,085	-30,8535	0,020	0,1994
15.01.2026 15:02:44	164,350	-3,085	-30,8529	0,020	0,1999
15.01.2026 15:02:44	164,400	-3,084	-30,8387	0,019	0,1926
15.01.2026 15:02:44	164,450	-3,075	-30,7478	0,020	0,2009
15.01.2026 15:02:44	164,500	-3,062	-30,6174	0,020	0,1951
15.01.2026 15:02:44	164,550	-3,055	-30,5523	0,020	0,2030
15.01.2026 15:02:44	164,600	-3,052	-30,5153	0,020	0,1966
15.01.2026 15:02:44	164,650	-3,050	-30,5034	0,020	0,2018
15.01.2026 15:02:44	164,700	-3,049	-30,4900	0,020	0,1974
15.01.2026 15:02:44	164,750	-3,049	-30,4933	0,020	0,1994
15.01.2026 15:02:44	164,800	-3,048	-30,4823	0,020	0,1987
15.01.2026 15:02:44	164,850	-3,049	-30,4856	0,020	0,2041
15.01.2026 15:02:44	164,900	-3,048	-30,4818	0,020	0,1966
15.01.2026 15:02:44	164,950	-3,049	-30,4867	0,020	0,2011
15.01.2026 15:02:45	165,000	-3,048	-30,4820	0,020	0,1952
15.01.2026 15:02:45	165,050	-3,048	-30,4803	0,020	0,2018
15.01.2026 15:02:45	165,100	-3,041	-30,4091	0,020	0,1967
15.01.2026 15:02:45	165,150	-3,032	-30,3163	0,020	0,1988
15.01.2026 15:02:45	165,200	-3,021	-30,2132	0,020	0,1969
15.01.2026 15:02:45	165,250	-3,011	-30,1133	0,020	0,2026
15.01.2026 15:02:45	165,300	-3,002	-30,0242	0,020	0,1976
15.01.2026 15:02:45	165,350	-2,992	-29,9229	0,020	0,2046
15.01.2026 15:02:45	165,400	-2,983	-29,8311	0,020	0,1963
15.01.2026 15:02:45	165,450	-2,972	-29,7174	0,020	0,2018
15.01.2026 15:02:45	165,500	-2,957	-29,5656	0,020	0,1957
15.01.2026 15:02:45	165,550	-2,945	-29,4507	0,020	0,2011
15.01.2026 15:02:45	165,600	-2,937	-29,3654	0,020	0,1975
15.01.2026 15:02:45	165,650	-2,930	-29,2955	0,020	0,2013
15.01.2026 15:02:45	165,700	-2,918	-29,1801	0,020	0,1986
15.01.2026 15:02:45	165,750	-2,908	-29,0768	0,020	0,2038
15.01.2026 15:02:45	165,800	-2,897	-28,9660	0,020	0,2025
15.01.2026 15:02:45	165,850	-2,892	-28,9211	0,020	0,2013
15.01.2026 15:02:45	165,900	-2,889	-28,8879	0,020	0,1993
15.01.2026 15:02:45	165,950	-2,882	-28,8169	0,021	0,2056
15.01.2026 15:02:46	166,000	-2,873	-28,7269	0,020	0,1975
15.01.2026 15:02:46	166,050	-2,859	-28,5901	0,021	0,2050
15.01.2026 15:02:46	166,100	-2,845	-28,4540	0,020	0,2002
15.01.2026 15:02:46	166,150	-2,835	-28,3500	0,021	0,2051
15.01.2026 15:02:46	166,200	-2,824	-28,2385	0,020	0,2024
15.01.2026 15:02:46	166,250	-2,813	-28,1269	0,020	0,2033
15.01.2026 15:02:46	166,300	-2,804	-28,0383	0,020	0,1997
15.01.2026 15:02:46	166,350	-2,800	-28,0015	0,021	0,2051
15.01.2026 15:02:46	166,400	-2,798	-27,9787	0,020	0,1981
15.01.2026 15:02:46	166,450	-2,797	-27,9715	0,021	0,2056
15.01.2026 15:02:46	166,500	-2,792	-27,9177	0,020	0,2008
15.01.2026 15:02:46	166,550	-2,786	-27,8585	0,021	0,2058
15.01.2026 15:02:46	166,600	-2,782	-27,8175	0,020	0,1987
15.01.2026 15:02:46	166,650	-2,773	-27,7341	0,021	0,2087
15.01.2026 15:02:46	166,700	-2,766	-27,6649	0,020	0,2017
15.01.2026 15:02:46	166,750	-2,757	-27,5730	0,021	0,2050
15.01.2026 15:02:46	166,800	-2,743	-27,4302	0,020	0,2038
15.01.2026 15:02:46	166,850	-2,734	-27,3376	0,021	0,2087
15.01.2026 15:02:46	166,900	-2,723	-27,2272	0,020	0,1992
15.01.2026 15:02:46	166,950	-2,709	-27,0887	0,021	0,2081
15.01.2026 15:02:47	167,000	-2,698	-26,9790	0,020	0,2010
15.01.2026 15:02:47	167,050	-2,686	-26,8615	0,021	0,2097
15.01.2026 15:02:47	167,100	-2,678	-26,7842	0,020	0,2025
15.01.2026 15:02:47	167,150	-2,675	-26,7535	0,021	0,2057
15.01.2026 15:02:47	167,200	-2,673	-26,7271	0,020	0,2019
15.01.2026 15:02:47	167,250	-2,672	-26,7201	0,021	0,2056
15.01.2026 15:02:47	167,300	-2,664	-26,6435	0,020	0,2036
15.01.2026 15:02:47	167,350	-2,655	-26,5549	0,020	0,2049
15.01.2026 15:02:47	167,400	-2,642	-26,4247	0,020	0,2021
15.01.2026 15:02:47	167,450	-2,630	-26,3037	0,021	0,2073
15.01.2026 15:02:47	167,500	-2,617	-26,1704	0,020	0,2025
15.01.2026 15:02:47	167,550	-2,608	-26,0835	0,021	0,2080
15.01.2026 15:02:47	167,600	-2,603	-26,0319	0,020	0,2034
15.01.2026 15:02:47	167,650	-2,601	-26,0103	0,021	0,2112
15.01.2026 15:02:47	167,700	-2,598	-25,9831	0,021	0,2051
15.01.2026 15:02:47	167,750	-2,591	-25,9110	0,021	0,2075
15.01.2026 15:02:47	167,800	-2,583	-25,8297	0,020	0,2040
15.01.2026 15:02:47	167,850	-2,574	-25,7361	0,021	0,2082
15.01.2026 15:02:47	167,900	-2,561	-25,6114	0,020	0,2046
15.01.2026 15:02:47	167,950	-2,551	-25,5120	0,021	0,2124
15.01.2026 15:02:48	168,000	-2,540	-25,3975	0,020	0,2033
15.01.2026 15:02:48	168,050	-2,534	-25,3386	0,021	0,2103
15.01.2026 15:02:48	168,100	-2,531	-25,3071	0,020	0,2016
15.01.2026 15:02:48	168,150	-2,529	-25,2938	0,021	0,2111
15.01.2026 15:02:48	168,200	-2,529	-25,2851	0,020	0,2027
15.01.2026 15:02:48	168,250	-2,529	-25,2879	0,021	0,2067
15.01.2026 15:02:48	168,300	-2,528	-25,2819	0,020	0,2004
15.01.2026 15:02:48	168,350	-2,528	-25,2826	0,021	0,2081
15.01.2026 15:02:48	168,400	-2,528	-25,2775	0,020	0,2024
15.01.2026 15:02:48	168,450	-2,528	-25,2804	0,021	0,2104
15.01.2026 15:02:48	168,500	-2,528	-25,2760	0,020	0,2031
15.01.2026 15:02:48	168,550	-2,528	-25,2788	0,021	0,2098
15.01.2026 15:02:48	168,600	-2,528	-25,2767	0,020	0,2019
15.01.2026 15:02:48	168,650	-2,528	-25,2776	0,021	0,2107
15.01.2026 15:02:48	168,700	-2,527	-25,2716	0,020	0,2047
15.01.2026 15:02:48	168,750	-2,528	-25,2760	0,021	0,2113
15.01.2026 15:02:48	168,800	-2,527	-25,2745	0,020	0,2021
15.01.2026 15:02:48	168,850	-2,528	-25,2781	0,021	0,2092
15.01.2026 15:02:48	168,900	-2,527	-25,2709	0,020	0,2042
15.01.2026 15:02:48	168,950	-2,527	-25,2748	0,021	0,2101
15.01.2026 15:02:49	169,000	-2,527	-25,2688	0,021	0,2052
15.01.2026 15:02:49	169,050	-2,527	-25,2729	0,021	0,2123
15.01.2026 15:02:49	169,100	-2,527	-25,2718	0,020	0,2025
15.01.2026 15:02:49	169,150	-2,528	-25,2761	0,021	0,2100
15.01.2026 15:02:49	169,200	-2,527	-25,2723	0,020	0,2041
15.01.2026 15:02:49	169,250	-2,528	-25,2804	0,021	0,2069
15.01.2026 15:02:49	169,300	-2,527	-25,2714	0,020	0,2040
15.01.2026 15:02:49	169,350	-2,528	-25,2756	0,021	0,2105
15.01.2026 15:02:49	169,400	-2,527	-25,2709	0,020	0,2041
15.01.2026 15:02:49	169,450	-2,528	-25,2778	0,021	0,2075
15.01.2026 15:02:49	169,500	-2,527	-25,2680	0,020	0,2048
15.01.2026 15:02:49	169,550	-2,527	-25,2736	0,021	0,2099
15.01.2026 15:02:49	169,600	-2,527	-25,2655	0,021	0,2073
15.01.2026 15:02:49	169,650	-2,527	-25,2745	0,021	0,2089
15.01.2026 15:02:49	169,700	-2,527	-25,2705	0,020	0,2025
15.01.2026 15:02:49	169,750	-2,527	-25,2739	0,021	0,2090
15.01.2026 15:02:49	169,800	-2,527	-25,2672	0,021	0,2051
15.01.2026 15:02:49	169,850	-2,527	-25,2748	0,021	0,2090
15.01.2026 15:02:49	169,900	-2,527	-25,2683	0,021	0,2056
15.01.2026 15:02:49	169,950	-2,527	-25,2737	0,021	0,2111
15.01.2026 15:02:50	170,000	-2,527	-25,2721	0,020	0,2008
15.01.2026 15:02:50	170,050	-2,528	-25,2771	0,021	0,2085
15.01.2026 15:02:50	170,100	-2,527	-25,2692	0,020	0,2042
15.01.2026 15:02:50	170,150	-2,527	-25,2735	0,021	0,2108
15.01.2026 15:02:50	170,200	-2,527	-25,2676	0,021	0,2050
15.01.2026 15:02:50	170,250	-2,527	-25,2724	0,021	0,2103
15.01.2026 15:02:50	170,300	-2,527	-25,2669	0,020	0,2041
15.01.2026 15:02:50	170,350	-2,527	-25,2731	0,021	0,2097
15.01.2026 15:02:50	170,400	-2,527	-25,2680	0,020	0,2033
15.01.2026 15:02:50	170,450	-2,527	-25,2711	0,021	0,2098
15.01.2026 15:02:50	170,500	-2,527	-25,2684	0,020	0,2026
15.01.2026 15:02:50	170,550	-2,527	-25,2723	0,021	0,2076
15.01.2026 15:02:50	170,600	-2,521	-25,2117	0,020	0,2024
15.01.2026 15:02:50	170,650	-2,516	-25,1557	0,021	0,2100
15.01.2026 15:02:50	170,700	-2,512	-25,1187	0,021	0,2067
15.01.2026 15:02:50	170,750	-2,503	-25,0312	0,021	0,2120
15.01.2026 15:02:50	170,800	-2,489	-24,8885	0,020	0,2039
15.01.2026 15:02:50	170,850	-2,482	-24,8178	0,021	0,2106
15.01.2026 15:02:50	170,900	-2,475	-24,7461	0,020	0,2046
15.01.2026 15:02:50	170,950	-2,466	-24,6603	0,021	0,2111
15.01.2026 15:02:51	171,000	-2,461	-24,6086	0,020	0,2042
15.01.2026 15:02:51	171,050	-2,459	-24,5905	0,021	0,2104
15.01.2026 15:02:51	171,100	-2,455	-24,5472	0,021	0,2052
15.01.2026 15:02:51	171,150	-2,443	-24,4272	0,021	0,2095
15.01.2026 15:02:51	171,200	-2,431	-24,3130	0,020	0,2031
15.01.2026 15:02:51	171,250	-2,426	-24,2586	0,021	0,2124
15.01.2026 15:02:51	171,300	-2,423	-24,2255	0,021	0,2082
15.01.2026 15:02:51	171,350	-2,422	-24,2180	0,021	0,2126
15.01.2026 15:02:51	171,400	-2,415	-24,1471	0,021	0,2055
15.01.2026 15:02:51	171,450	-2,409	-24,0871	0,021	0,2148
15.01.2026 15:02:51	171,500	-2,405	-24,0501	0,021	0,2076
15.01.2026 15:02:51	171,550	-2,404	-24,0391	0,021	0,2129
15.01.2026 15:02:51	171,600	-2,395	-23,9529	0,021	0,2057
15.01.2026 15:02:51	171,650	-2,382	-23,8163	0,021	0,2103
15.01.2026 15:02:51	171,700	-2,366	-23,6557	0,021	0,2081
15.01.2026 15:02:51	171,750	-2,357	-23,5716	0,022	0,2162
15.01.2026 15:02:51	171,800	-2,352	-23,5243	0,021	0,2100
15.01.2026 15:02:51	171,850	-2,351	-23,5076	0,022	0,2165
15.01.2026 15:02:51	171,900	-2,345	-23,4457	0,021	0,2073
15.01.2026 15:02:51	171,950	-2,338	-23,3798	0,021	0,2135
15.01.2026 15:02:52	172,000	-2,331	-23,3126	0,020	0,2040
15.01.2026 15:02:52	172,050	-2,323	-23,2273	0,021	0,2142
15.01.2026 15:02:52	172,100	-2,315	-23,1454	0,020	0,2045
15.01.2026 15:02:52	172,150	-2,306	-23,0585	0,021	0,2133
15.01.2026 15:02:52	172,200	-2,300	-23,0036	0,021	0,2070
15.01.2026 15:02:52	172,250	-2,298	-22,9815	0,021	0,2132
15.01.2026 15:02:52	172,300	-2,296	-22,9637	0,021	0,2084
15.01.2026 15:02:52	172,350	-2,296	-22,9627	0,021	0,2135
15.01.2026 15:02:52	172,400	-2,290	-22,8999	0,021	0,2081
15.01.2026 15:02:52	172,450	-2,284	-22,8427	0,021	0,2128
15.01.2026 15:02:52	172,500	-2,280	-22,8037	0,021	0,2075
15.01.2026 15:02:52	172,550	-2,279	-22,7919	0,021	0,2142
15.01.2026 15:02:52	172,600	-2,278	-22,7785	0,021	0,2068
15.01.2026 15:02:52	172,650	-2,278	-22,7783	0,021	0,2128
15.01.2026 15:02:52	172,700	-2,277	-22,7704	0,021	0,2082
15.01.2026 15:02:52	172,750	-2,278	-22,7786	0,021	0,2113
15.01.2026 15:02:52	172,800	-2,277	-22,7717	0,021	0,2068
15.01.2026 15:02:52	172,850	-2,278	-22,7772	0,021	0,2127
15.01.2026 15:02:52	172,900	-2,277	-22,7712	0,021	0,2071
15.01.2026 15:02:52	172,950	-2,276	-22,7564	0,022	0,2159
15.01.2026 15:02:53	173,000	-2,268	-22,6791	0,021	0,2086
15.01.2026 15:02:53	173,050	-2,259	-22,5922	0,022	0,2177
15.01.2026 15:02:53	173,100	-2,250	-22,5040	0,021	0,2071
15.01.2026 15:02:53	173,150	-2,246	-22,4607	0,021	0,2142
15.01.2026 15:02:53	173,200	-2,243	-22,4316	0,021	0,2089
15.01.2026 15:02:53	173,250	-2,243	-22,4270	0,021	0,2145
15.01.2026 15:02:53	173,300	-2,242	-22,4184	0,020	0,2046
15.01.2026 15:02:53	173,350	-2,241	-22,4148	0,022	0,2168
15.01.2026 15:02:53	173,400	-2,241	-22,4093	0,021	0,2097
15.01.2026 15:02:53	173,450	-2,241	-22,4141	0,022	0,2158
15.01.2026 15:02:53	173,500	-2,241	-22,4081	0,021	0,2084
15.01.2026 15:02:53	173,550	-2,241	-22,4117	0,022	0,2165
15.01.2026 15:02:53	173,600	-2,241	-22,4076	0,021	0,2089
15.01.2026 15:02:53	173,650	-2,241	-22,4139	0,021	0,2146
15.01.2026 15:02:53	173,700	-2,241	-22,4063	0,021	0,2110
15.01.2026 15:02:53	173,750	-2,241	-22,4128	0,021	0,2148
15.01.2026 15:02:53	173,800	-2,241	-22,4067	0,021	0,2093
15.01.2026 15:02:53	173,850	-2,236	-22,3618	0,021	0,2140
15.01.2026 15:02:53	173,900	-2,222	-22,2157	0,021	0,2085
15.01.2026 15:02:53	173,950	-2,214	-22,1443	0,022	0,2154
15.01.2026 15:02:54	174,000	-2,210	-22,1032	0,021	0,2075
15.01.2026 15:02:54	174,050	-2,208	-22,0825	0,022	0,2192
15.01.2026 15:02:54	174,100	-2,207	-22,0698	0,021	0,2102
15.01.2026 15:02:54	174,150	-2,207	-22,0731	0,021	0,2144
15.01.2026 15:02:54	174,200	-2,206	-22,0625	0,021	0,2117
15.01.2026 15:02:54	174,250	-2,207	-22,0688	0,021	0,2145
15.01.2026 15:02:54	174,300	-2,206	-22,0621	0,021	0,2094
15.01.2026 15:02:54	174,350	-2,207	-22,0693	0,022	0,2152
15.01.2026 15:02:54	174,400	-2,206	-22,0607	0,021	0,2081
15.01.2026 15:02:54	174,450	-2,206	-22,0640	0,021	0,2144
15.01.2026 15:02:54	174,500	-2,203	-22,0340	0,021	0,2100
15.01.2026 15:02:54	174,550	-2,194	-21,9433	0,021	0,2134
15.01.2026 15:02:54	174,600	-2,182	-21,8174	0,021	0,2124
15.01.2026 15:02:54	174,650	-2,176	-21,7628	0,022	0,2158
15.01.2026 15:02:54	174,700	-2,173	-21,7293	0,021	0,2079
15.01.2026 15:02:54	174,750	-2,172	-21,7184	0,022	0,2152
15.01.2026 15:02:54	174,800	-2,171	-21,7055	0,021	0,2098
15.01.2026 15:02:54	174,850	-2,171	-21,7076	0,022	0,2150
15.01.2026 15:02:54	174,900	-2,170	-21,7004	0,021	0,2080
15.01.2026 15:02:54	174,950	-2,170	-21,7038	0,022	0,2157
15.01.2026 15:02:55	175,000	-2,170	-21,6961	0,021	0,2106
15.01.2026 15:02:55	175,050	-2,170	-21,6995	0,022	0,2177
15.01.2026 15:02:55	175,100	-2,163	-21,6339	0,021	0,2092
15.01.2026 15:02:55	175,150	-2,158	-21,5803	0,022	0,2161
15.01.2026 15:02:55	175,200	-2,153	-21,5322	0,021	0,2099
15.01.2026 15:02:55	175,250	-2,144	-21,4396	0,022	0,2160
15.01.2026 15:02:55	175,300	-2,131	-21,3091	0,021	0,2090
15.01.2026 15:02:55	175,350	-2,124	-21,2378	0,022	0,2178
15.01.2026 15:02:55	175,400	-2,117	-21,1663	0,021	0,2136
15.01.2026 15:02:55	175,450	-2,102	-21,0198	0,022	0,2163
15.01.2026 15:02:55	175,500	-2,091	-20,9110	0,021	0,2102
15.01.2026 15:02:55	175,550	-2,086	-20,8640	0,022	0,2176
15.01.2026 15:02:55	175,600	-2,083	-20,8322	0,021	0,2119
15.01.2026 15:02:55	175,650	-2,082	-20,8164	0,022	0,2173
15.01.2026 15:02:55	175,700	-2,072	-20,7225	0,021	0,2140
15.01.2026 15:02:55	175,750	-2,061	-20,6127	0,022	0,2161
15.01.2026 15:02:55	175,800	-2,053	-20,5303	0,021	0,2078
15.01.2026 15:02:55	175,850	-2,043	-20,4340	0,022	0,2190
15.01.2026 15:02:55	175,900	-2,035	-20,3502	0,021	0,2123
15.01.2026 15:02:55	175,950	-2,032	-20,3171	0,022	0,2164
15.01.2026 15:02:56	176,000	-2,029	-20,2924	0,021	0,2109
15.01.2026 15:02:56	176,050	-2,029	-20,2870	0,022	0,2173
15.01.2026 15:02:56	176,100	-2,028	-20,2766	0,021	0,2109
15.01.2026 15:02:56	176,150	-2,028	-20,2800	0,022	0,2174
15.01.2026 15:02:56	176,200	-2,022	-20,2208	0,021	0,2115
15.01.2026 15:02:56	176,250	-2,011	-20,1093	0,022	0,2210
15.01.2026 15:02:56	176,300	-2,000	-20,0033	0,021	0,2144
15.01.2026 15:02:56	176,350	-1,990	-19,8952	0,022	0,2182
15.01.2026 15:02:56	176,400	-1,976	-19,7612	0,021	0,2139
15.01.2026 15:02:56	176,450	-1,967	-19,6730	0,022	0,2154
15.01.2026 15:02:56	176,500	-1,961	-19,6130	0,021	0,2122
15.01.2026 15:02:56	176,550	-1,959	-19,5925	0,022	0,2197
15.01.2026 15:02:56	176,600	-1,957	-19,5731	0,021	0,2146
15.01.2026 15:02:56	176,650	-1,953	-19,5292	0,022	0,2197
15.01.2026 15:02:56	176,700	-1,933	-19,3336	0,022	0,2167
15.01.2026 15:02:56	176,750	-1,919	-19,1932	0,022	0,2244
15.01.2026 15:02:56	176,800	-1,912	-19,1187	0,021	0,2140
15.01.2026 15:02:56	176,850	-1,909	-19,0878	0,022	0,2203
15.01.2026 15:02:56	176,900	-1,907	-19,0677	0,021	0,2113
15.01.2026 15:02:56	176,950	-1,906	-19,0618	0,022	0,2196
15.01.2026 15:02:57	177,000	-1,905	-19,0492	0,022	0,2158
15.01.2026 15:02:57	177,050	-1,906	-19,0577	0,022	0,2216
15.01.2026 15:02:57	177,100	-1,911	-19,1113	0,022	0,2161
15.01.2026 15:02:57	177,150	-1,911	-19,1137	0,022	0,2216
15.01.2026 15:02:57	177,200	-1,899	-18,9946	0,021	0,2143
15.01.2026 15:02:57	177,250	-1,886	-18,8587	0,022	0,2192
15.01.2026 15:02:57	177,300	-1,866	-18,6559	0,022	0,2170
15.01.2026 15:02:57	177,350	-1,844	-18,4367	0,022	0,2227
15.01.2026 15:02:57	177,400	-1,819	-18,1867	0,021	0,2137
15.01.2026 15:02:57	177,450	-1,799	-17,9920	0,022	0,2219
15.01.2026 15:02:57	177,500	-1,787	-17,8671	0,022	0,2156
15.01.2026 15:02:57	177,550	-1,775	-17,7504	0,022	0,2217
15.01.2026 15:02:57	177,600	-1,767	-17,6675	0,022	0,2174
15.01.2026 15:02:57	177,650	-1,758	-17,5804	0,022	0,2197
15.01.2026 15:02:57	177,700	-1,751	-17,5052	0,022	0,2173
15.01.2026 15:02:57	177,750	-1,746	-17,4636	0,022	0,2215
15.01.2026 15:02:57	177,800	-1,737	-17,3651	0,022	0,2169
15.01.2026 15:02:57	177,850	-1,729	-17,2904	0,023	0,2252
15.01.2026 15:02:57	177,900	-1,719	-17,1874	0,022	0,2179
15.01.2026 15:02:57	177,950	-1,713	-17,1342	0,023	0,2257
15.01.2026 15:02:58	178,000	-1,710	-17,1033	0,022	0,2151
15.01.2026 15:02:58	178,050	-1,708	-17,0843	0,022	0,2241
15.01.2026 15:02:58	178,100	-1,699	-16,9925	0,022	0,2176
15.01.2026 15:02:58	178,150	-1,687	-16,8722	0,023	0,2258
15.01.2026 15:02:58	178,200	-1,679	-16,7854	0,022	0,2171
15.01.2026 15:02:58	178,250	-1,669	-16,6862	0,022	0,2240
15.01.2026 15:02:58	178,300	-1,661	-16,6053	0,022	0,2169
15.01.2026 15:02:58	178,350	-1,651	-16,5089	0,022	0,2234
15.01.2026 15:02:58	178,400	-1,642	-16,4193	0,022	0,2162
15.01.2026 15:02:58	178,450	-1,631	-16,3136	0,023	0,2251
15.01.2026 15:02:58	178,500	-1,623	-16,2281	0,022	0,2215
15.01.2026 15:02:58	178,550	-1,613	-16,1251	0,023	0,2269
15.01.2026 15:02:58	178,600	-1,599	-15,9925	0,022	0,2195
15.01.2026 15:02:58	178,650	-1,587	-15,8733	0,023	0,2260
15.01.2026 15:02:58	178,700	-1,572	-15,7239	0,022	0,2170
15.01.2026 15:02:58	178,750	-1,552	-15,5240	0,023	0,2261
15.01.2026 15:02:58	178,800	-1,533	-15,3320	0,022	0,2186
15.01.2026 15:02:58	178,850	-1,519	-15,1889	0,023	0,2275
15.01.2026 15:02:58	178,900	-1,506	-15,0592	0,022	0,2228
15.01.2026 15:02:58	178,950	-1,496	-14,9593	0,023	0,2295
15.01.2026 15:02:59	179,000	-1,486	-14,8601	0,022	0,2200
15.01.2026 15:02:59	179,050	-1,479	-14,7927	0,023	0,2275
15.01.2026 15:02:59	179,100	-1,468	-14,6803	0,022	0,2202
15.01.2026 15:02:59	179,150	-1,454	-14,5423	0,023	0,2297
15.01.2026 15:02:59	179,200	-1,437	-14,3697	0,022	0,2243
15.01.2026 15:02:59	179,250	-1,422	-14,2196	0,023	0,2300
15.01.2026 15:02:59	179,300	-1,411	-14,1136	0,022	0,2232
15.01.2026 15:02:59	179,350	-1,396	-13,9564	0,023	0,2292
15.01.2026 15:02:59	179,400	-1,381	-13,8111	0,022	0,2223
15.01.2026 15:02:59	179,450	-1,366	-13,6619	0,023	0,2270
15.01.2026 15:02:59	179,500	-1,346	-13,4560	0,022	0,2232
15.01.2026 15:02:59	179,550	-1,331	-13,3050	0,023	0,2331
15.01.2026 15:02:59	179,600	-1,316	-13,1571	0,022	0,2245
15.01.2026 15:02:59	179,650	-1,301	-13,0130	0,023	0,2305
15.01.2026 15:02:59	179,700	-1,284	-12,8433	0,023	0,2263
15.01.2026 15:02:59	179,750	-1,270	-12,7019	0,023	0,2294
15.01.2026 15:02:59	179,800	-1,251	-12,5144	0,022	0,2249
15.01.2026 15:02:59	179,850	-1,239	-12,3850	0,023	0,2329
15.01.2026 15:02:59	179,900	-1,225	-12,2496	0,023	0,2266
15.01.2026 15:02:59	179,950	-1,218	-12,1813	0,023	0,2328
15.01.2026 15:03:00	180,000	-1,212	-12,1180	0,023	0,2259
15.01.2026 15:03:00	180,050	-1,203	-12,0298	0,023	0,2348
15.01.2026 15:03:00	180,100	-1,197	-11,9695	0,022	0,2219
15.01.2026 15:03:00	180,150	-1,187	-11,8747	0,023	0,2340
15.01.2026 15:03:00	180,200	-1,181	-11,8078	0,023	0,2289
15.01.2026 15:03:00	180,250	-1,179	-11,7868	0,023	0,2327
15.01.2026 15:03:00	180,300	-1,174	-11,7370	0,023	0,2272
15.01.2026 15:03:00	180,350	-1,167	-11,6726	0,023	0,2323
15.01.2026 15:03:00	180,400	-1,162	-11,6235	0,023	0,2272
15.01.2026 15:03:00	180,450	-1,160	-11,6038	0,023	0,2321
15.01.2026 15:03:00	180,500	-1,158	-11,5812	0,023	0,2286
15.01.2026 15:03:00	180,550	-1,158	-11,5836	0,023	0,2327
15.01.2026 15:03:00	180,600	-1,154	-11,5448	0,023	0,2266
15.01.2026 15:03:00	180,650	-1,148	-11,4755	0,023	0,2341
15.01.2026 15:03:00	180,700	-1,137	-11,3740	0,023	0,2279
15.01.2026 15:03:00	180,750	-1,124	-11,2409	0,023	0,2331
15.01.2026 15:03:00	180,800	-1,106	-11,0592	0,023	0,2287
15.01.2026 15:03:00	180,850	-1,097	-10,9694	0,023	0,2334
15.01.2026 15:03:00	180,900	-1,091	-10,9059	0,023	0,2275
15.01.2026 15:03:00	180,950	-1,082	-10,8203	0,024	0,2379
15.01.2026 15:03:01	181,000	-1,075	-10,7507	0,023	0,2295
15.01.2026 15:03:01	181,050	-1,072	-10,7247	0,024	0,2355
15.01.2026 15:03:01	181,100	-1,070	-10,7043	0,023	0,2301
15.01.2026 15:03:01	181,150	-1,070	-10,7011	0,024	0,2360
15.01.2026 15:03:01	181,200	-1,064	-10,6435	0,023	0,2285
15.01.2026 15:03:01	181,250	-1,058	-10,5846	0,023	0,2342
15.01.2026 15:03:01	181,300	-1,054	-10,5447	0,023	0,2302
15.01.2026 15:03:01	181,350	-1,052	-10,5181	0,024	0,2365
15.01.2026 15:03:01	181,400	-1,043	-10,4349	0,023	0,2276
15.01.2026 15:03:01	181,450	-1,036	-10,3556	0,024	0,2360
15.01.2026 15:03:01	181,500	-1,022	-10,2164	0,023	0,2332
15.01.2026 15:03:01	181,550	-1,011	-10,1085	0,024	0,2365
15.01.2026 15:03:01	181,600	-1,004	-10,0422	0,023	0,2308
15.01.2026 15:03:01	181,650	-1,002	-10,0178	0,024	0,2374
15.01.2026 15:03:01	181,700	-1,000	-9,9995	0,023	0,2304
15.01.2026 15:03:01	181,750	-1,000	-9,9962	0,024	0,2398
15.01.2026 15:03:01	181,800	-0,999	-9,9914	0,023	0,2301
15.01.2026 15:03:01	181,850	-0,999	-9,9938	0,024	0,2380
15.01.2026 15:03:01	181,900	-0,999	-9,9861	0,023	0,2332
15.01.2026 15:03:01	181,950	-0,999	-9,9936	0,024	0,2378
15.01.2026 15:03:02	182,000	-0,999	-9,9870	0,023	0,2309
15.01.2026 15:03:02	182,050	-0,999	-9,9948	0,024	0,2353
15.01.2026 15:03:02	182,100	-0,994	-9,9412	0,023	0,2343
15.01.2026 15:03:02	182,150	-0,959	-9,5948	0,024	0,2367
15.01.2026 15:03:02	182,200	-0,915	-9,1484	0,023	0,2302
15.01.2026 15:03:02	182,250	-0,887	-8,8735	0,024	0,2384
15.01.2026 15:03:02	182,300	-0,873	-8,7287	0,023	0,2316
15.01.2026 15:03:02	182,350	-0,866	-8,6625	0,024	0,2411
15.01.2026 15:03:02	182,400	-0,862	-8,6247	0,023	0,2324
15.01.2026 15:03:02	182,450	-0,861	-8,6138	0,024	0,2382
15.01.2026 15:03:02	182,500	-0,859	-8,5869	0,023	0,2314
15.01.2026 15:03:02	182,550	-0,848	-8,4779	0,024	0,2381
15.01.2026 15:03:02	182,600	-0,835	-8,3516	0,023	0,2302
15.01.2026 15:03:02	182,650	-0,829	-8,2882	0,024	0,2421
15.01.2026 15:03:02	182,700	-0,825	-8,2549	0,023	0,2309
15.01.2026 15:03:02	182,750	-0,820	-8,1986	0,024	0,2414
15.01.2026 15:03:02	182,800	-0,809	-8,0919	0,023	0,2326
15.01.2026 15:03:02	182,850	-0,798	-7,9758	0,024	0,2416
15.01.2026 15:03:02	182,900	-0,783	-7,8295	0,023	0,2336
15.01.2026 15:03:02	182,950	-0,766	-7,6636	0,024	0,2408
15.01.2026 15:03:03	183,000	-0,750	-7,5024	0,023	0,2330
15.01.2026 15:03:03	183,050	-0,734	-7,3444	0,024	0,2435
15.01.2026 15:03:03	183,100	-0,717	-7,1744	0,024	0,2388
15.01.2026 15:03:03	183,150	-0,704	-7,0426	0,024	0,2407
15.01.2026 15:03:03	183,200	-0,686	-6,8619	0,023	0,2338
15.01.2026 15:03:03	183,250	-0,671	-6,7092	0,024	0,2426
15.01.2026 15:03:03	183,300	-0,658	-6,5846	0,023	0,2349
15.01.2026 15:03:03	183,350	-0,653	-6,5290	0,024	0,2435
15.01.2026 15:03:03	183,400	-0,646	-6,4584	0,023	0,2347
15.01.2026 15:03:03	183,450	-0,637	-6,3692	0,024	0,2441
15.01.2026 15:03:03	183,500	-0,622	-6,2212	0,023	0,2349
15.01.2026 15:03:03	183,550	-0,602	-6,0221	0,024	0,2428
15.01.2026 15:03:03	183,600	-0,582	-5,8202	0,024	0,2364
15.01.2026 15:03:03	183,650	-0,568	-5,6826	0,024	0,2424
15.01.2026 15:03:03	183,700	-0,554	-5,5426	0,024	0,2397
15.01.2026 15:03:03	183,750	-0,547	-5,4661	0,024	0,2434
15.01.2026 15:03:03	183,800	-0,534	-5,3417	0,024	0,2384
15.01.2026 15:03:03	183,850	-0,520	-5,2021	0,025	0,2477
15.01.2026 15:03:03	183,900	-0,505	-5,0520	0,024	0,2397
15.01.2026 15:03:03	183,950	-0,492	-4,9236	0,025	0,2476
15.01.2026 15:03:04	184,000	-0,478	-4,7829	0,024	0,2396
15.01.2026 15:03:04	184,050	-0,465	-4,6549	0,025	0,2465
15.01.2026 15:03:04	184,100	-0,450	-4,5011	0,024	0,2419
15.01.2026 15:03:04	184,150	-0,435	-4,3549	0,025	0,2472
15.01.2026 15:03:04	184,200	-0,426	-4,2581	0,024	0,2399
15.01.2026 15:03:04	184,250	-0,415	-4,1524	0,025	0,2463
15.01.2026 15:03:04	184,300	-0,402	-4,0250	0,024	0,2402
15.01.2026 15:03:04	184,350	-0,391	-3,9145	0,025	0,2489
15.01.2026 15:03:04	184,400	-0,374	-3,7357	0,025	0,2462
15.01.2026 15:03:04	184,450	-0,354	-3,5372	0,025	0,2477
15.01.2026 15:03:04	184,500	-0,341	-3,4141	0,024	0,2425
15.01.2026 15:03:04	184,550	-0,336	-3,3613	0,025	0,2510
15.01.2026 15:03:04	184,600	-0,333	-3,3332	0,024	0,2426
15.01.2026 15:03:04	184,650	-0,327	-3,2684	0,025	0,2504
15.01.2026 15:03:04	184,700	-0,319	-3,1947	0,024	0,2427
15.01.2026 15:03:04	184,750	-0,316	-3,1621	0,025	0,2522
15.01.2026 15:03:04	184,800	-0,310	-3,1038	0,024	0,2442
15.01.2026 15:03:04	184,850	-0,303	-3,0324	0,025	0,2514
15.01.2026 15:03:04	184,900	-0,298	-2,9769	0,024	0,2402
15.01.2026 15:03:04	184,950	-0,289	-2,8851	0,025	0,2521
15.01.2026 15:03:05	185,000	-0,283	-2,8260	0,024	0,2442
15.01.2026 15:03:05	185,050	-0,280	-2,8026	0,025	0,2502
15.01.2026 15:03:05	185,100	-0,278	-2,7806	0,025	0,2454
15.01.2026 15:03:05	185,150	-0,271	-2,7133	0,025	0,2523
15.01.2026 15:03:05	185,200	-0,266	-2,6551	0,024	0,2436
15.01.2026 15:03:05	185,250	-0,262	-2,6204	0,025	0,2530
15.01.2026 15:03:05	185,300	-0,247	-2,4729	0,025	0,2463
15.01.2026 15:03:05	185,350	-0,224	-2,2406	0,025	0,2522
15.01.2026 15:03:05	185,400	-0,206	-2,0610	0,025	0,2487
15.01.2026 15:03:05	185,450	-0,193	-1,9293	0,025	0,2530
15.01.2026 15:03:05	185,500	-0,182	-1,8201	0,025	0,2458
15.01.2026 15:03:05	185,550	-0,180	-1,7993	0,025	0,2514
15.01.2026 15:03:05	185,600	-0,196	-1,9575	0,025	0,2470
15.01.2026 15:03:05	185,650	-0,219	-2,1924	0,025	0,2533
15.01.2026 15:03:05	185,700	-0,227	-2,2686	0,025	0,2464
15.01.2026 15:03:05	185,750	-0,228	-2,2775	0,025	0,2528
15.01.2026 15:03:05	185,800	-0,227	-2,2724	0,025	0,2451
15.01.2026 15:03:05	185,850	-0,227	-2,2750	0,025	0,2511
15.01.2026 15:03:05	185,900	-0,227	-2,2673	0,025	0,2453
15.01.2026 15:03:05	185,950	-0,227	-2,2692	0,026	0,2553
15.01.2026 15:03:06	186,000	-0,226	-2,2631	0,025	0,2472
15.01.2026 15:03:06	186,050	-0,226	-2,2606	0,025	0,2523
15.01.2026 15:03:06	186,100	-0,225	-2,2476	0,025	0,2451
15.01.2026 15:03:06	186,150	-0,225	-2,2501	0,025	0,2511
15.01.2026 15:03:06	186,200	-0,224	-2,2398	0,025	0,2468
15.01.2026 15:03:06	186,250	-0,225	-2,2474	0,025	0,2518
15.01.2026 15:03:06	186,300	-0,223	-2,2318	0,025	0,2468
15.01.2026 15:03:06	186,350	-0,214	-2,1423	0,025	0,2525
15.01.2026 15:03:06	186,400	-0,188	-1,8765	0,025	0,2463
15.01.2026 15:03:06	186,450	-0,152	-1,5195	0,025	0,2541
15.01.2026 15:03:06	186,500	-0,116	-1,1558	0,025	0,2498
15.01.2026 15:03:06	186,550	-0,092	-0,9183	0,026	0,2555
15.01.2026 15:03:06	186,600	-0,079	-0,7864	0,025	0,2515
15.01.2026 15:03:06	186,650	-0,074	-0,7351	0,025	0,2529
15.01.2026 15:03:06	186,700	-0,069	-0,6926	0,025	0,2522
15.01.2026 15:03:06	186,750	-0,068	-0,6825	0,026	0,2587
15.01.2026 15:03:06	186,800	-0,064	-0,6426	0,025	0,2490
15.01.2026 15:03:06	186,850	-0,058	-0,5787	0,025	0,2533
15.01.2026 15:03:06	186,900	-0,053	-0,5327	0,025	0,2482
15.01.2026 15:03:06	186,950	-0,047	-0,4693	0,025	0,2546
15.01.2026 15:03:07	187,000	-0,037	-0,3717	0,025	0,2486
15.01.2026 15:03:07	187,050	-0,026	-0,2649	0,026	0,2601
15.01.2026 15:03:07	187,100	-0,014	-0,1401	0,025	0,2491
15.01.2026 15:03:07	187,150	-3,925E-4	-0,0039	0,026	0,2599
15.01.2026 15:03:07	187,200	0,011	0,1108	0,025	0,2499
15.01.2026 15:03:07	187,250	0,024	0,2400	0,026	0,2577
15.01.2026 15:03:07	187,300	0,036	0,3637	0,025	0,2501
15.01.2026 15:03:07	187,350	0,047	0,4691	0,026	0,2563
15.01.2026 15:03:07	187,400	0,057	0,5699	0,025	0,2532
15.01.2026 15:03:07	187,450	0,063	0,6333	0,026	0,2592
15.01.2026 15:03:07	187,500	0,067	0,6675	0,025	0,2521
15.01.2026 15:03:07	187,550	0,068	0,6818	0,026	0,2563
15.01.2026 15:03:07	187,600	0,072	0,7162	0,025	0,2540
15.01.2026 15:03:07	187,650	0,073	0,7339	0,026	0,2589
15.01.2026 15:03:07	187,700	0,074	0,7423	0,025	0,2487
15.01.2026 15:03:07	187,750	0,075	0,7508	0,026	0,2582
15.01.2026 15:03:07	187,800	0,075	0,7537	0,025	0,2510
15.01.2026 15:03:07	187,850	0,074	0,7434	0,026	0,2575
15.01.2026 15:03:07	187,900	0,071	0,7125	0,025	0,2495
15.01.2026 15:03:07	187,950	0,059	0,5947	0,026	0,2573
15.01.2026 15:03:08	188,000	0,047	0,4711	0,025	0,2496
15.01.2026 15:03:08	188,050	0,040	0,4004	0,026	0,2559
15.01.2026 15:03:08	188,100	0,038	0,3777	0,025	0,2526
15.01.2026 15:03:08	188,150	0,035	0,3541	0,026	0,2565
15.01.2026 15:03:08	188,200	0,035	0,3493	0,025	0,2482
15.01.2026 15:03:08	188,250	0,034	0,3436	0,026	0,2568
15.01.2026 15:03:08	188,300	0,035	0,3486	0,025	0,2519
15.01.2026 15:03:08	188,350	0,034	0,3420	0,026	0,2571
15.01.2026 15:03:08	188,400	0,035	0,3456	0,025	0,2494
15.01.2026 15:03:08	188,450	0,034	0,3391	0,026	0,2554
15.01.2026 15:03:08	188,500	0,035	0,3457	0,025	0,2501
15.01.2026 15:03:08	188,550	0,034	0,3396	0,026	0,2561
15.01.2026 15:03:08	188,600	0,034	0,3440	0,025	0,2484
15.01.2026 15:03:08	188,650	0,034	0,3403	0,026	0,2573
15.01.2026 15:03:08	188,700	0,035	0,3460	0,025	0,2496
15.01.2026 15:03:08	188,750	0,034	0,3395	0,026	0,2560
15.01.2026 15:03:08	188,800	0,034	0,3449	0,025	0,2503
15.01.2026 15:03:08	188,850	0,034	0,3421	0,026	0,2585
15.01.2026 15:03:08	188,900	0,035	0,3468	0,025	0,2523
15.01.2026 15:03:08	188,950	0,034	0,3382	0,025	0,2546
15.01.2026 15:03:09	189,000	0,035	0,3467	0,025	0,2518
15.01.2026 15:03:09	189,050	0,034	0,3431	0,026	0,2594
15.01.2026 15:03:09	189,100	0,034	0,3448	0,025	0,2495
15.01.2026 15:03:09	189,150	0,034	0,3381	0,026	0,2564
15.01.2026 15:03:09	189,200	0,034	0,3407	0,025	0,2498
15.01.2026 15:03:09	189,250	0,034	0,3424	0,026	0,2576
15.01.2026 15:03:09	189,300	0,035	0,3474	0,025	0,2507
15.01.2026 15:03:09	189,350	0,034	0,3413	0,026	0,2559
15.01.2026 15:03:09	189,400	0,035	0,3487	0,025	0,2521
15.01.2026 15:03:09	189,450	0,034	0,3417	0,026	0,2570
15.01.2026 15:03:09	189,500	0,035	0,3456	0,025	0,2491
15.01.2026 15:03:09	189,550	0,034	0,3408	0,026	0,2567
15.01.2026 15:03:09	189,600	0,035	0,3475	0,025	0,2525
15.01.2026 15:03:09	189,650	0,034	0,3425	0,026	0,2582
15.01.2026 15:03:09	189,700	0,035	0,3451	0,025	0,2501
15.01.2026 15:03:09	189,750	0,034	0,3413	0,026	0,2569
15.01.2026 15:03:09	189,800	0,035	0,3452	0,025	0,2495
15.01.2026 15:03:09	189,850	0,034	0,3417	0,026	0,2591
15.01.2026 15:03:09	189,900	0,035	0,3477	0,025	0,2522
15.01.2026 15:03:09	189,950	0,034	0,3416	0,026	0,2568
15.01.2026 15:03:10	190,000	0,035	0,3467	0,025	0,2515
15.01.2026 15:03:10	190,050	0,034	0,3428	0,026	0,2581
15.01.2026 15:03:10	190,100	0,035	0,3462	0,025	0,2494
15.01.2026 15:03:10	190,150	0,034	0,3414	0,026	0,2561
15.01.2026 15:03:10	190,200	0,035	0,3473	0,025	0,2505
15.01.2026 15:03:10	190,250	0,035	0,3456	0,026	0,2611
15.01.2026 15:03:10	190,300	0,024	0,2402	0,025	0,2501
15.01.2026 15:03:10	190,350	-0,033	-0,3280	0,026	0,2586
15.01.2026 15:03:10	190,400	-0,035	-0,3466	0,025	0,2532
15.01.2026 15:03:10	190,450	-0,032	-0,3214	0,026	0,2598
15.01.2026 15:03:10	190,500	-0,032	-0,3170	0,025	0,2522
15.01.2026 15:03:10	190,550	-0,031	-0,3085	0,026	0,2577
15.01.2026 15:03:10	190,600	-0,031	-0,3066	0,025	0,2547
15.01.2026 15:03:10	190,650	-0,030	-0,2995	0,026	0,2608
15.01.2026 15:03:10	190,700	-0,030	-0,3042	0,025	0,2543
15.01.2026 15:03:10	190,750	-0,030	-0,3013	0,026	0,2589
15.01.2026 15:03:10	190,800	-0,031	-0,3069	0,025	0,2514
15.01.2026 15:03:10	190,850	-0,030	-0,3021	0,026	0,2582
15.01.2026 15:03:10	190,900	-0,031	-0,3067	0,025	0,2530
15.01.2026 15:03:10	190,950	-0,030	-0,3002	0,026	0,2598
15.01.2026 15:03:11	191,000	-0,030	-0,3037	0,025	0,2543
15.01.2026 15:03:11	191,050	-0,030	-0,3030	0,026	0,2566
15.01.2026 15:03:11	191,100	-0,031	-0,3071	0,025	0,2517
15.01.2026 15:03:11	191,150	-0,030	-0,3006	0,026	0,2591
15.01.2026 15:03:11	191,200	-0,031	-0,3076	0,025	0,2502
15.01.2026 15:03:11	191,250	-0,030	-0,3018	0,026	0,2595
15.01.2026 15:03:11	191,300	-0,031	-0,3069	0,025	0,2520
15.01.2026 15:03:11	191,350	-0,030	-0,2996	0,026	0,2606
15.01.2026 15:03:11	191,400	-0,031	-0,3107	0,025	0,2493
15.01.2026 15:03:11	191,450	-0,030	-0,3028	0,026	0,2594
15.01.2026 15:03:11	191,500	-0,039	-0,3867	0,025	0,2530
15.01.2026 15:03:11	191,550	-0,055	-0,5500	0,026	0,2589
15.01.2026 15:03:11	191,600	-0,064	-0,6404	0,025	0,2495
15.01.2026 15:03:11	191,650	-0,068	-0,6792	0,026	0,2605
15.01.2026 15:03:11	191,700	-0,068	-0,6795	0,025	0,2505
15.01.2026 15:03:11	191,750	-0,047	-0,4678	0,026	0,2581
15.01.2026 15:03:11	191,800	-0,005	-0,0502	0,026	0,2564
15.01.2026 15:03:11	191,850	0,025	0,2493	0,026	0,2567
15.01.2026 15:03:11	191,900	0,039	0,3915	0,025	0,2509
15.01.2026 15:03:11	191,950	0,047	0,4656	0,026	0,2569
15.01.2026 15:03:12	192,000	0,049	0,4916	0,025	0,2492
15.01.2026 15:03:12	192,050	0,052	0,5161	0,026	0,2587
15.01.2026 15:03:12	192,100	0,053	0,5305	0,025	0,2526
15.01.2026 15:03:12	192,150	0,062	0,6219	0,025	0,2535
15.01.2026 15:03:12	192,200	0,082	0,8232	0,025	0,2523
15.01.2026 15:03:12	192,250	0,105	1,0451	0,026	0,2581
15.01.2026 15:03:12	192,300	0,121	1,2113	0,025	0,2530
15.01.2026 15:03:12	192,350	0,131	1,3080	0,026	0,2574
15.01.2026 15:03:12	192,400	0,137	1,3705	0,025	0,2528
15.01.2026 15:03:12	192,450	0,143	1,4312	0,026	0,2594
15.01.2026 15:03:12	192,500	0,152	1,5228	0,025	0,2548
15.01.2026 15:03:12	192,550	0,164	1,6441	0,026	0,2606
15.01.2026 15:03:12	192,600	0,179	1,7861	0,026	0,2564
15.01.2026 15:03:12	192,650	0,194	1,9379	0,026	0,2609
15.01.2026 15:03:12	192,700	0,207	2,0680	0,025	0,2539
15.01.2026 15:03:12	192,750	0,223	2,2320	0,026	0,2621
15.01.2026 15:03:12	192,800	0,236	2,3577	0,026	0,2565
15.01.2026 15:03:12	192,850	0,250	2,4961	0,026	0,2650
15.01.2026 15:03:12	192,900	0,257	2,5730	0,026	0,2578
15.01.2026 15:03:12	192,950	0,261	2,6146	0,026	0,2613
15.01.2026 15:03:13	193,000	0,263	2,6271	0,026	0,2565
15.01.2026 15:03:13	193,050	0,263	2,6286	0,026	0,2591
15.01.2026 15:03:13	193,100	0,262	2,6227	0,026	0,2553
15.01.2026 15:03:13	193,150	0,263	2,6294	0,026	0,2588
15.01.2026 15:03:13	193,200	0,263	2,6293	0,025	0,2540
15.01.2026 15:03:13	193,250	0,264	2,6393	0,026	0,2594
15.01.2026 15:03:13	193,300	0,264	2,6401	0,026	0,2564
15.01.2026 15:03:13	193,350	0,267	2,6689	0,026	0,2596
15.01.2026 15:03:13	193,400	0,285	2,8482	0,026	0,2561
15.01.2026 15:03:13	193,450	0,324	3,2365	0,026	0,2617
15.01.2026 15:03:13	193,500	0,354	3,5410	0,026	0,2581
15.01.2026 15:03:13	193,550	0,370	3,7017	0,026	0,2605
15.01.2026 15:03:13	193,600	0,378	3,7786	0,026	0,2596
15.01.2026 15:03:13	193,650	0,382	3,8200	0,026	0,2628
15.01.2026 15:03:13	193,700	0,384	3,8382	0,026	0,2619
15.01.2026 15:03:13	193,750	0,388	3,8830	0,026	0,2610
15.01.2026 15:03:13	193,800	0,401	4,0065	0,026	0,2573
15.01.2026 15:03:13	193,850	0,412	4,1179	0,027	0,2656
15.01.2026 15:03:13	193,900	0,424	4,2423	0,026	0,2609
15.01.2026 15:03:13	193,950	0,440	4,3968	0,026	0,2633
15.01.2026 15:03:14	194,000	0,448	4,4768	0,026	0,2595
15.01.2026 15:03:14	194,050	0,452	4,5240	0,026	0,2632
15.01.2026 15:03:14	194,100	0,456	4,5552	0,026	0,2583
15.01.2026 15:03:14	194,150	0,468	4,6825	0,026	0,2635
15.01.2026 15:03:14	194,200	0,490	4,8997	0,026	0,2598
15.01.2026 15:03:14	194,250	0,509	5,0868	0,026	0,2639
15.01.2026 15:03:14	194,300	0,518	5,1845	0,027	0,2651
15.01.2026 15:03:14	194,350	0,530	5,2989	0,027	0,2665
15.01.2026 15:03:14	194,400	0,537	5,3695	0,026	0,2624
15.01.2026 15:03:14	194,450	0,541	5,4124	0,027	0,2673
15.01.2026 15:03:14	194,500	0,546	5,4572	0,026	0,2590
15.01.2026 15:03:14	194,550	0,554	5,5421	0,027	0,2670
15.01.2026 15:03:14	194,600	0,562	5,6205	0,026	0,2601
15.01.2026 15:03:14	194,650	0,571	5,7107	0,027	0,2683
15.01.2026 15:03:14	194,700	0,576	5,7614	0,026	0,2597
15.01.2026 15:03:14	194,750	0,586	5,8594	0,027	0,2657
15.01.2026 15:03:14	194,800	0,592	5,9190	0,026	0,2628
15.01.2026 15:03:14	194,850	0,602	6,0204	0,027	0,2662
15.01.2026 15:03:14	194,900	0,608	6,0806	0,026	0,2626
15.01.2026 15:03:14	194,950	0,612	6,1162	0,027	0,2651
15.01.2026 15:03:15	195,000	0,613	6,1279	0,026	0,2641
15.01.2026 15:03:15	195,050	0,614	6,1370	0,027	0,2657
15.01.2026 15:03:15	195,100	0,616	6,1590	0,026	0,2599
15.01.2026 15:03:15	195,150	0,624	6,2402	0,027	0,2671
15.01.2026 15:03:15	195,200	0,630	6,3007	0,026	0,2621
15.01.2026 15:03:15	195,250	0,640	6,3961	0,027	0,2689
15.01.2026 15:03:15	195,300	0,646	6,4598	0,026	0,2641
15.01.2026 15:03:15	195,350	0,662	6,6153	0,027	0,2689
15.01.2026 15:03:15	195,400	0,673	6,7324	0,026	0,2644
15.01.2026 15:03:15	195,450	0,690	6,8963	0,027	0,2713
15.01.2026 15:03:15	195,500	0,704	7,0425	0,027	0,2673
15.01.2026 15:03:15	195,550	0,715	7,1462	0,027	0,2655
15.01.2026 15:03:15	195,600	0,726	7,2571	0,027	0,2655
15.01.2026 15:03:15	195,650	0,734	7,3435	0,027	0,2676
15.01.2026 15:03:15	195,700	0,748	7,4758	0,026	0,2630
15.01.2026 15:03:15	195,750	0,761	7,6064	0,027	0,2720
15.01.2026 15:03:15	195,800	0,766	7,6629	0,027	0,2660
15.01.2026 15:03:15	195,850	0,771	7,7076	0,027	0,2695
15.01.2026 15:03:15	195,900	0,780	7,8006	0,027	0,2660
15.01.2026 15:03:15	195,950	0,797	7,9715	0,027	0,2716
15.01.2026 15:03:16	196,000	0,815	8,1501	0,026	0,2648
15.01.2026 15:03:16	196,050	0,834	8,3385	0,027	0,2692
15.01.2026 15:03:16	196,100	0,847	8,4727	0,027	0,2693
15.01.2026 15:03:16	196,150	0,856	8,5624	0,027	0,2732
15.01.2026 15:03:16	196,200	0,871	8,7138	0,027	0,2688
15.01.2026 15:03:16	196,250	0,888	8,8807	0,027	0,2723
15.01.2026 15:03:16	196,300	0,889	8,8917	0,027	0,2711
15.01.2026 15:03:16	196,350	0,884	8,8439	0,027	0,2735
15.01.2026 15:03:16	196,400	0,882	8,8164	0,027	0,2725
15.01.2026 15:03:16	196,450	0,880	8,8037	0,027	0,2727
15.01.2026 15:03:16	196,500	0,879	8,7937	0,027	0,2692
15.01.2026 15:03:16	196,550	0,879	8,7926	0,027	0,2720
15.01.2026 15:03:16	196,600	0,879	8,7895	0,027	0,2705
15.01.2026 15:03:16	196,650	0,879	8,7909	0,027	0,2718
15.01.2026 15:03:16	196,700	0,879	8,7873	0,027	0,2694
15.01.2026 15:03:16	196,750	0,879	8,7926	0,027	0,2735
15.01.2026 15:03:16	196,800	0,879	8,7896	0,027	0,2694
15.01.2026 15:03:16	196,850	0,880	8,7966	0,027	0,2725
15.01.2026 15:03:16	196,900	0,879	8,7938	0,027	0,2713
15.01.2026 15:03:16	196,950	0,880	8,7976	0,027	0,2737
15.01.2026 15:03:17	197,000	0,887	8,8714	0,027	0,2720
15.01.2026 15:03:17	197,050	0,910	9,1004	0,027	0,2711
15.01.2026 15:03:17	197,100	0,944	9,4425	0,027	0,2694
15.01.2026 15:03:17	197,150	0,977	9,7668	0,028	0,2763
15.01.2026 15:03:17	197,200	0,998	9,9804	0,027	0,2733
15.01.2026 15:03:17	197,250	1,017	10,1655	0,028	0,2751
15.01.2026 15:03:17	197,300	1,034	10,3436	0,027	0,2736
15.01.2026 15:03:17	197,350	1,054	10,5425	0,028	0,2767
15.01.2026 15:03:17	197,400	1,087	10,8721	0,027	0,2745
15.01.2026 15:03:17	197,450	1,116	11,1634	0,028	0,2776
15.01.2026 15:03:17	197,500	1,131	11,3097	0,028	0,2765
15.01.2026 15:03:17	197,550	1,139	11,3890	0,028	0,2767
15.01.2026 15:03:17	197,600	1,148	11,4798	0,028	0,2787
15.01.2026 15:03:17	197,650	1,156	11,5622	0,028	0,2786
15.01.2026 15:03:17	197,700	1,166	11,6628	0,028	0,2775
15.01.2026 15:03:17	197,750	1,178	11,7750	0,028	0,2788
15.01.2026 15:03:17	197,800	1,193	11,9336	0,028	0,2759
15.01.2026 15:03:17	197,850	1,213	12,1278	0,028	0,2817
15.01.2026 15:03:17	197,900	1,247	12,4659	0,028	0,2768
15.01.2026 15:03:17	197,950	1,283	12,8277	0,029	0,2861
15.01.2026 15:03:18	198,000	1,305	13,0497	0,028	0,2799
15.01.2026 15:03:18	198,050	1,329	13,2894	0,028	0,2832
15.01.2026 15:03:18	198,100	1,342	13,4168	0,028	0,2774
15.01.2026 15:03:18	198,150	1,350	13,5005	0,028	0,2831
15.01.2026 15:03:18	198,200	1,361	13,6063	0,028	0,2804
15.01.2026 15:03:18	198,250	1,378	13,7816	0,028	0,2837
15.01.2026 15:03:18	198,300	1,400	13,9977	0,028	0,2841
15.01.2026 15:03:18	198,350	1,415	14,1539	0,029	0,2858
15.01.2026 15:03:18	198,400	1,428	14,2828	0,028	0,2829
15.01.2026 15:03:18	198,450	1,436	14,3594	0,028	0,2844
15.01.2026 15:03:18	198,500	1,442	14,4154	0,028	0,2841
15.01.2026 15:03:18	198,550	1,459	14,5917	0,029	0,2872
15.01.2026 15:03:18	198,600	1,477	14,7716	0,028	0,2833
15.01.2026 15:03:18	198,650	1,491	14,9135	0,029	0,2871
15.01.2026 15:03:18	198,700	1,514	15,1377	0,028	0,2847
15.01.2026 15:03:18	198,750	1,533	15,3280	0,029	0,2877
15.01.2026 15:03:18	198,800	1,543	15,4304	0,029	0,2858
15.01.2026 15:03:18	198,850	1,558	15,5846	0,029	0,2881
15.01.2026 15:03:18	198,900	1,578	15,7834	0,028	0,2841
15.01.2026 15:03:18	198,950	1,590	15,9049	0,029	0,2857
15.01.2026 15:03:19	199,000	1,596	15,9632	0,029	0,2870
15.01.2026 15:03:19	199,050	1,600	15,9958	0,029	0,2886
15.01.2026 15:03:19	199,100	1,601	16,0071	0,029	0,2875
15.01.2026 15:03:19	199,150	1,602	16,0159	0,029	0,2873
15.01.2026 15:03:19	199,200	1,602	16,0201	0,029	0,2898
15.01.2026 15:03:19	199,250	1,602	16,0204	0,029	0,2867
15.01.2026 15:03:19	199,300	1,602	16,0206	0,029	0,2886
15.01.2026 15:03:19	199,350	1,602	16,0238	0,029	0,2878
15.01.2026 15:03:19	199,400	1,603	16,0263	0,029	0,2881
15.01.2026 15:03:19	199,450	1,603	16,0251	0,029	0,2902
15.01.2026 15:03:19	199,500	1,596	15,9607	0,029	0,2899
15.01.2026 15:03:19	199,550	1,591	15,9137	0,029	0,2895
15.01.2026 15:03:19	199,600	1,590	15,8954	0,029	0,2890
15.01.2026 15:03:19	199,650	1,595	15,9502	0,029	0,2901
15.01.2026 15:03:19	199,700	1,599	15,9885	0,029	0,2877
15.01.2026 15:03:19	199,750	1,602	16,0203	0,029	0,2854
15.01.2026 15:03:19	199,800	1,610	16,1038	0,029	0,2882
15.01.2026 15:03:19	199,850	1,616	16,1612	0,029	0,2888
15.01.2026 15:03:19	199,900	1,619	16,1873	0,029	0,2887
15.01.2026 15:03:19	199,950	1,620	16,2000	0,029	0,2874
15.01.2026 15:03:20	200,000	1,620	16,2039	0,029	0,2884
15.01.2026 15:03:20	200,050	1,621	16,2109	0,029	0,2890
15.01.2026 15:03:20	200,100	1,621	16,2073	0,029	0,2863
15.01.2026 15:03:20	200,150	1,627	16,2687	0,029	0,2906
15.01.2026 15:03:20	200,200	1,642	16,4164	0,029	0,2886
15.01.2026 15:03:20	200,250	1,657	16,5667	0,029	0,2893
15.01.2026 15:03:20	200,300	1,665	16,6544	0,029	0,2894
15.01.2026 15:03:20	200,350	1,670	16,7022	0,029	0,2907
15.01.2026 15:03:20	200,400	1,673	16,7327	0,029	0,2884
15.01.2026 15:03:20	200,450	1,690	16,8972	0,030	0,2953
15.01.2026 15:03:20	200,500	1,710	17,1037	0,029	0,2910
15.01.2026 15:03:20	200,550	1,733	17,3291	0,029	0,2890
15.01.2026 15:03:20	200,600	1,755	17,5477	0,029	0,2909
15.01.2026 15:03:20	200,650	1,777	17,7659	0,029	0,2940
15.01.2026 15:03:20	200,700	1,792	17,9204	0,029	0,2941
15.01.2026 15:03:20	200,750	1,810	18,0981	0,029	0,2912
15.01.2026 15:03:20	200,800	1,822	18,2226	0,029	0,2946
15.01.2026 15:03:20	200,850	1,829	18,2871	0,029	0,2925
15.01.2026 15:03:20	200,900	1,832	18,3217	0,030	0,2962
15.01.2026 15:03:20	200,950	1,834	18,3393	0,030	0,2951
15.01.2026 15:03:21	201,000	1,834	18,3448	0,029	0,2944
15.01.2026 15:03:21	201,050	1,835	18,3516	0,030	0,2952
15.01.2026 15:03:21	201,100	1,835	18,3527	0,030	0,2964
15.01.2026 15:03:21	201,150	1,835	18,3542	0,030	0,2953
15.01.2026 15:03:21	201,200	1,835	18,3533	0,030	0,2951
15.01.2026 15:03:21	201,250	1,835	18,3529	0,029	0,2929
15.01.2026 15:03:21	201,300	1,836	18,3565	0,030	0,2957
15.01.2026 15:03:21	201,350	1,847	18,4650	0,029	0,2948
15.01.2026 15:03:21	201,400	1,873	18,7273	0,029	0,2944
15.01.2026 15:03:21	201,450	1,897	18,9746	0,029	0,2946
15.01.2026 15:03:21	201,500	1,911	19,1087	0,030	0,2976
15.01.2026 15:03:21	201,550	1,919	19,1910	0,030	0,2958
15.01.2026 15:03:21	201,600	1,930	19,2991	0,030	0,2980
15.01.2026 15:03:21	201,650	1,936	19,3562	0,030	0,2976
15.01.2026 15:03:21	201,700	1,938	19,3821	0,030	0,2984
15.01.2026 15:03:21	201,750	1,940	19,3959	0,030	0,2980
15.01.2026 15:03:21	201,800	1,940	19,3985	0,030	0,2959
15.01.2026 15:03:21	201,850	1,940	19,4032	0,030	0,2964
15.01.2026 15:03:21	201,900	1,941	19,4055	0,030	0,2974
15.01.2026 15:03:21	201,950	1,941	19,4089	0,030	0,2977
15.01.2026 15:03:22	202,000	1,941	19,4093	0,030	0,2970
15.01.2026 15:03:22	202,050	1,942	19,4223	0,030	0,2959
15.01.2026 15:03:22	202,100	1,948	19,4789	0,030	0,2961
15.01.2026 15:03:22	202,150	1,954	19,5383	0,030	0,2975
15.01.2026 15:03:22	202,200	1,962	19,6155	0,030	0,2979
15.01.2026 15:03:22	202,250	1,969	19,6908	0,030	0,2968
15.01.2026 15:03:22	202,300	1,973	19,7311	0,030	0,2982
15.01.2026 15:03:22	202,350	1,982	19,8189	0,030	0,2977
15.01.2026 15:03:22	202,400	1,988	19,8834	0,030	0,2976
15.01.2026 15:03:22	202,450	1,993	19,9277	0,030	0,3001
15.01.2026 15:03:22	202,500	2,003	20,0296	0,030	0,2965
15.01.2026 15:03:22	202,550	2,016	20,1617	0,030	0,2957
15.01.2026 15:03:22	202,600	2,024	20,2351	0,030	0,3009
15.01.2026 15:03:22	202,650	2,027	20,2742	0,030	0,2987
15.01.2026 15:03:22	202,700	2,030	20,3043	0,030	0,3013
15.01.2026 15:03:22	202,750	2,032	20,3248	0,030	0,2970
15.01.2026 15:03:22	202,800	2,039	20,3886	0,030	0,2989
15.01.2026 15:03:22	202,850	2,044	20,4384	0,030	0,2999
15.01.2026 15:03:22	202,900	2,050	20,5003	0,030	0,2991
15.01.2026 15:03:22	202,950	2,058	20,5774	0,030	0,2964
15.01.2026 15:03:23	203,000	2,064	20,6423	0,030	0,3007
15.01.2026 15:03:23	203,050	2,074	20,7365	0,030	0,2998
15.01.2026 15:03:23	203,100	2,079	20,7905	0,030	0,3006
15.01.2026 15:03:23	203,150	2,091	20,9120	0,030	0,3007
15.01.2026 15:03:23	203,200	2,106	21,0575	0,030	0,3020
15.01.2026 15:03:23	203,250	2,119	21,1902	0,030	0,2978
15.01.2026 15:03:23	203,300	2,128	21,2805	0,030	0,2994
15.01.2026 15:03:23	203,350	2,139	21,3913	0,030	0,3019
15.01.2026 15:03:23	203,400	2,153	21,5332	0,030	0,3035
15.01.2026 15:03:23	203,450	2,170	21,6996	0,030	0,3016
15.01.2026 15:03:23	203,500	2,192	21,9172	0,031	0,3053
15.01.2026 15:03:23	203,550	2,223	22,2346	0,030	0,3040
15.01.2026 15:03:23	203,600	2,250	22,4979	0,030	0,3014
15.01.2026 15:03:23	203,650	2,266	22,6622	0,030	0,3019
15.01.2026 15:03:23	203,700	2,283	22,8274	0,031	0,3071
15.01.2026 15:03:23	203,750	2,298	22,9824	0,030	0,3028
15.01.2026 15:03:23	203,800	2,308	23,0849	0,030	0,3046
15.01.2026 15:03:23	203,850	2,320	23,2043	0,031	0,3072
15.01.2026 15:03:23	203,900	2,327	23,2706	0,031	0,3062
15.01.2026 15:03:23	203,950	2,331	23,3074	0,031	0,3052
15.01.2026 15:03:24	204,000	2,335	23,3464	0,031	0,3092
15.01.2026 15:03:24	204,050	2,343	23,4252	0,031	0,3078
15.01.2026 15:03:24	204,100	2,350	23,4954	0,031	0,3092
15.01.2026 15:03:24	204,150	2,359	23,5949	0,031	0,3078
15.01.2026 15:03:24	204,200	2,364	23,6425	0,031	0,3077
15.01.2026 15:03:24	204,250	2,367	23,6691	0,031	0,3100
15.01.2026 15:03:24	204,300	2,368	23,6824	0,031	0,3140
15.01.2026 15:03:24	204,350	2,368	23,6835	0,031	0,3072
15.01.2026 15:03:24	204,400	2,369	23,6854	0,031	0,3100
15.01.2026 15:03:24	204,450	2,369	23,6856	0,031	0,3081
15.01.2026 15:03:24	204,500	2,369	23,6891	0,031	0,3119
15.01.2026 15:03:24	204,550	2,369	23,6882	0,031	0,3084
15.01.2026 15:03:24	204,600	2,369	23,6878	0,031	0,3092
15.01.2026 15:03:24	204,650	2,369	23,6884	0,031	0,3086
15.01.2026 15:03:24	204,700	2,369	23,6903	0,031	0,3101
15.01.2026 15:03:24	204,750	2,369	23,6911	0,031	0,3109
15.01.2026 15:03:24	204,800	2,369	23,6889	0,031	0,3097
15.01.2026 15:03:24	204,850	2,368	23,6836	0,031	0,3070
15.01.2026 15:03:24	204,900	2,364	23,6409	0,031	0,3097
15.01.2026 15:03:24	204,950	2,367	23,6732	0,031	0,3058
15.01.2026 15:03:25	205,000	2,379	23,7869	0,031	0,3119
15.01.2026 15:03:25	205,050	2,397	23,9712	0,030	0,3048
15.01.2026 15:03:25	205,100	2,423	24,2333	0,031	0,3098
15.01.2026 15:03:25	205,150	2,446	24,4629	0,031	0,3115
15.01.2026 15:03:25	205,200	2,468	24,6795	0,031	0,3132
15.01.2026 15:03:25	205,250	2,482	24,8154	0,031	0,3103
15.01.2026 15:03:25	205,300	2,491	24,9058	0,031	0,3136
15.01.2026 15:03:25	205,350	2,501	25,0094	0,031	0,3102
15.01.2026 15:03:25	205,400	2,513	25,1261	0,031	0,3120
15.01.2026 15:03:25	205,450	2,521	25,2116	0,031	0,3120
15.01.2026 15:03:25	205,500	2,525	25,2484	0,031	0,3109
15.01.2026 15:03:25	205,550	2,527	25,2706	0,031	0,3085
15.01.2026 15:03:25	205,600	2,529	25,2939	0,031	0,3144
15.01.2026 15:03:25	205,650	2,540	25,3982	0,031	0,3117
15.01.2026 15:03:25	205,700	2,555	25,5478	0,031	0,3115
15.01.2026 15:03:25	205,750	2,579	25,7860	0,031	0,3107
15.01.2026 15:03:25	205,800	2,604	26,0377	0,032	0,3155
15.01.2026 15:03:25	205,850	2,633	26,3282	0,031	0,3126
15.01.2026 15:03:25	205,900	2,665	26,6468	0,032	0,3155
15.01.2026 15:03:25	205,950	2,693	26,9258	0,031	0,3136
15.01.2026 15:03:26	206,000	2,726	27,2628	0,032	0,3161
15.01.2026 15:03:26	206,050	2,752	27,5230	0,032	0,3159
15.01.2026 15:03:26	206,100	2,766	27,6596	0,032	0,3212
15.01.2026 15:03:26	206,150	2,772	27,7240	0,032	0,3170
15.01.2026 15:03:26	206,200	2,777	27,7679	0,032	0,3204
15.01.2026 15:03:26	206,250	2,785	27,8507	0,032	0,3172
15.01.2026 15:03:26	206,300	2,791	27,9109	0,032	0,3188
15.01.2026 15:03:26	206,350	2,794	27,9424	0,032	0,3198
15.01.2026 15:03:26	206,400	2,799	27,9882	0,032	0,3224
15.01.2026 15:03:26	206,450	2,812	28,1211	0,032	0,3182
15.01.2026 15:03:26	206,500	2,822	28,2222	0,032	0,3196
15.01.2026 15:03:26	206,550	2,838	28,3803	0,032	0,3173
15.01.2026 15:03:26	206,600	2,868	28,6768	0,032	0,3213
15.01.2026 15:03:26	206,650	2,886	28,8630	0,032	0,3211
15.01.2026 15:03:26	206,700	2,903	29,0343	0,032	0,3236
15.01.2026 15:03:26	206,750	2,922	29,2191	0,032	0,3211
15.01.2026 15:03:26	206,800	2,942	29,4167	0,032	0,3248
15.01.2026 15:03:26	206,850	2,959	29,5883	0,032	0,3227
15.01.2026 15:03:26	206,900	2,976	29,7603	0,033	0,3262
15.01.2026 15:03:26	206,950	3,001	30,0128	0,032	0,3226
15.01.2026 15:03:27	207,000	3,020	30,1978	0,033	0,3291
15.01.2026 15:03:27	207,050	3,038	30,3815	0,033	0,3258
15.01.2026 15:03:27	207,100	3,052	30,5217	0,033	0,3270
15.01.2026 15:03:27	207,150	3,059	30,5917	0,032	0,3232
15.01.2026 15:03:27	207,200	3,063	30,6331	0,033	0,3289
15.01.2026 15:03:27	207,250	3,064	30,6448	0,032	0,3249
15.01.2026 15:03:27	207,300	3,066	30,6550	0,033	0,3285
15.01.2026 15:03:27	207,350	3,066	30,6564	0,032	0,3249
15.01.2026 15:03:27	207,400	3,066	30,6630	0,033	0,3311
15.01.2026 15:03:27	207,450	3,067	30,6714	0,033	0,3279
15.01.2026 15:03:27	207,500	3,075	30,7493	0,033	0,3313
15.01.2026 15:03:27	207,550	3,082	30,8153	0,033	0,3275
15.01.2026 15:03:27	207,600	3,092	30,9201	0,033	0,3312
15.01.2026 15:03:27	207,650	3,098	30,9816	0,033	0,3253
15.01.2026 15:03:27	207,700	3,103	31,0345	0,033	0,3300
15.01.2026 15:03:27	207,750	3,113	31,1305	0,032	0,3235
15.01.2026 15:03:27	207,800	3,125	31,2498	0,033	0,3312
15.01.2026 15:03:27	207,850	3,129	31,2875	0,033	0,3280
15.01.2026 15:03:27	207,900	3,132	31,3244	0,033	0,3294
15.01.2026 15:03:27	207,950	3,135	31,3511	0,033	0,3263
15.01.2026 15:03:28	208,000	3,137	31,3716	0,033	0,3311
15.01.2026 15:03:28	208,050	3,139	31,3917	0,033	0,3293
15.01.2026 15:03:28	208,100	3,147	31,4661	0,033	0,3287
15.01.2026 15:03:28	208,150	3,151	31,5141	0,033	0,3257
15.01.2026 15:03:28	208,200	3,177	31,7669	0,033	0,3307
15.01.2026 15:03:28	208,250	3,211	32,1083	0,033	0,3291
15.01.2026 15:03:28	208,300	3,229	32,2904	0,033	0,3319
15.01.2026 15:03:28	208,350	3,238	32,3755	0,033	0,3272
15.01.2026 15:03:28	208,400	3,243	32,4285	0,034	0,3356
15.01.2026 15:03:28	208,450	3,245	32,4466	0,033	0,3323
15.01.2026 15:03:28	208,500	3,246	32,4614	0,034	0,3365
15.01.2026 15:03:28	208,550	3,246	32,4591	0,033	0,3287
15.01.2026 15:03:28	208,600	3,247	32,4692	0,034	0,3353
15.01.2026 15:03:28	208,650	3,247	32,4652	0,033	0,3296
15.01.2026 15:03:28	208,700	3,247	32,4678	0,033	0,3326
15.01.2026 15:03:28	208,750	3,247	32,4711	0,033	0,3325
15.01.2026 15:03:28	208,800	3,250	32,5015	0,033	0,3342
15.01.2026 15:03:28	208,850	3,276	32,7606	0,033	0,3280
15.01.2026 15:03:28	208,900	3,317	33,1698	0,033	0,3323
15.01.2026 15:03:28	208,950	3,355	33,5542	0,033	0,3317
15.01.2026 15:03:29	209,000	3,383	33,8315	0,034	0,3405
15.01.2026 15:03:29	209,050	3,403	34,0253	0,033	0,3315
15.01.2026 15:03:29	209,100	3,414	34,1418	0,034	0,3380
15.01.2026 15:03:29	209,150	3,423	34,2289	0,033	0,3304
15.01.2026 15:03:29	209,200	3,433	34,3317	0,034	0,3360
15.01.2026 15:03:29	209,250	3,439	34,3862	0,033	0,3340
15.01.2026 15:03:29	209,300	3,454	34,5414	0,034	0,3356
15.01.2026 15:03:29	209,350	3,484	34,8422	0,033	0,3334
15.01.2026 15:03:29	209,400	3,516	35,1623	0,034	0,3401
15.01.2026 15:03:29	209,450	3,539	35,3881	0,034	0,3399
15.01.2026 15:03:29	209,500	3,554	35,5380	0,034	0,3408
15.01.2026 15:03:29	209,550	3,561	35,6090	0,034	0,3360
15.01.2026 15:03:29	209,600	3,565	35,6527	0,034	0,3424
15.01.2026 15:03:29	209,650	3,567	35,6694	0,034	0,3406
15.01.2026 15:03:29	209,700	3,568	35,6814	0,034	0,3447
15.01.2026 15:03:29	209,750	3,572	35,7199	0,034	0,3391
15.01.2026 15:03:29	209,800	3,582	35,8158	0,035	0,3465
15.01.2026 15:03:29	209,850	3,595	35,9524	0,034	0,3397
15.01.2026 15:03:29	209,900	3,609	36,0941	0,034	0,3444
15.01.2026 15:03:29	209,950	3,623	36,2255	0,034	0,3401
15.01.2026 15:03:30	210,000	3,632	36,3228	0,034	0,3435
15.01.2026 15:03:30	210,050	3,643	36,4344	0,034	0,3436
15.01.2026 15:03:30	210,100	3,652	36,5236	0,035	0,3477
15.01.2026 15:03:30	210,150	3,660	36,6041	0,034	0,3400
15.01.2026 15:03:30	210,200	3,669	36,6924	0,035	0,3462
15.01.2026 15:03:30	210,250	3,680	36,7962	0,034	0,3422
15.01.2026 15:03:30	210,300	3,692	36,9184	0,034	0,3442
15.01.2026 15:03:30	210,350	3,702	37,0234	0,034	0,3415
15.01.2026 15:03:30	210,400	3,713	37,1280	0,035	0,3502
15.01.2026 15:03:30	210,450	3,722	37,2207	0,035	0,3452
15.01.2026 15:03:30	210,500	3,727	37,2703	0,035	0,3454
15.01.2026 15:03:30	210,550	3,733	37,3316	0,035	0,3471
15.01.2026 15:03:30	210,600	3,741	37,4143	0,035	0,3507
15.01.2026 15:03:30	210,650	3,750	37,5011	0,034	0,3424
15.01.2026 15:03:30	210,700	3,762	37,6236	0,035	0,3494
15.01.2026 15:03:30	210,750	3,775	37,7489	0,034	0,3430
15.01.2026 15:03:30	210,800	3,791	37,9098	0,035	0,3486
15.01.2026 15:03:30	210,850	3,815	38,1481	0,034	0,3438
15.01.2026 15:03:30	210,900	3,843	38,4261	0,035	0,3505
15.01.2026 15:03:30	210,950	3,861	38,6111	0,035	0,3474
15.01.2026 15:03:31	211,000	3,881	38,8085	0,035	0,3520
15.01.2026 15:03:31	211,050	3,895	38,9529	0,035	0,3458
15.01.2026 15:03:31	211,100	3,910	39,0980	0,035	0,3525
15.01.2026 15:03:31	211,150	3,919	39,1912	0,035	0,3491
15.01.2026 15:03:31	211,200	3,926	39,2611	0,036	0,3557
15.01.2026 15:03:31	211,250	3,933	39,3284	0,035	0,3518
15.01.2026 15:03:31	211,300	3,947	39,4680	0,036	0,3556
15.01.2026 15:03:31	211,350	3,963	39,6261	0,035	0,3511
15.01.2026 15:03:31	211,400	3,981	39,8066	0,036	0,3574
15.01.2026 15:03:31	211,450	3,994	39,9395	0,035	0,3528
15.01.2026 15:03:31	211,500	4,006	40,0639	0,036	0,3577
15.01.2026 15:03:31	211,550	4,012	40,1224	0,035	0,3520
15.01.2026 15:03:31	211,600	4,015	40,1544	0,035	0,3538
15.01.2026 15:03:31	211,650	4,017	40,1701	0,035	0,3527
15.01.2026 15:03:31	211,700	4,018	40,1802	0,036	0,3561
15.01.2026 15:03:31	211,750	4,018	40,1783	0,035	0,3542
15.01.2026 15:03:31	211,800	4,019	40,1904	0,036	0,3563
15.01.2026 15:03:31	211,850	4,026	40,2616	0,035	0,3515
15.01.2026 15:03:31	211,900	4,033	40,3349	0,036	0,3569
15.01.2026 15:03:31	211,950	4,044	40,4353	0,035	0,3534
15.01.2026 15:03:32	212,000	4,056	40,5647	0,036	0,3587
15.01.2026 15:03:32	212,050	4,070	40,6952	0,035	0,3528
15.01.2026 15:03:32	212,100	4,086	40,8614	0,036	0,3574
15.01.2026 15:03:32	212,150	4,097	40,9659	0,035	0,3547
15.01.2026 15:03:32	212,200	4,103	41,0315	0,036	0,3595
15.01.2026 15:03:32	212,250	4,114	41,1420	0,036	0,3553
15.01.2026 15:03:32	212,300	4,132	41,3201	0,036	0,3620
15.01.2026 15:03:32	212,350	4,147	41,4723	0,035	0,3544
15.01.2026 15:03:32	212,400	4,163	41,6300	0,036	0,3615
15.01.2026 15:03:32	212,450	4,172	41,7156	0,036	0,3568
15.01.2026 15:03:32	212,500	4,183	41,8253	0,036	0,3614
15.01.2026 15:03:32	212,550	4,191	41,9137	0,036	0,3605
15.01.2026 15:03:32	212,600	4,203	42,0261	0,036	0,3647
15.01.2026 15:03:32	212,650	4,214	42,1427	0,036	0,3580
15.01.2026 15:03:32	212,700	4,231	42,3105	0,036	0,3634
15.01.2026 15:03:32	212,750	4,248	42,4822	0,036	0,3603
15.01.2026 15:03:32	212,800	4,267	42,6658	0,036	0,3634
15.01.2026 15:03:32	212,850	4,282	42,8183	0,036	0,3607
15.01.2026 15:03:32	212,900	4,295	42,9509	0,037	0,3657
15.01.2026 15:03:32	212,950	4,310	43,1010	0,036	0,3602
15.01.2026 15:03:33	213,000	4,328	43,2761	0,037	0,3669
15.01.2026 15:03:33	213,050	4,343	43,4298	0,036	0,3645
15.01.2026 15:03:33	213,100	4,357	43,5722	0,037	0,3682
15.01.2026 15:03:33	213,150	4,367	43,6748	0,037	0,3652
15.01.2026 15:03:33	213,200	4,373	43,7311	0,037	0,3674
15.01.2026 15:03:33	213,250	4,375	43,7524	0,036	0,3640
15.01.2026 15:03:33	213,300	4,377	43,7696	0,037	0,3681
15.01.2026 15:03:33	213,350	4,377	43,7737	0,036	0,3645
15.01.2026 15:03:33	213,400	4,379	43,7852	0,037	0,3714
15.01.2026 15:03:33	213,450	4,383	43,8345	0,036	0,3620
15.01.2026 15:03:33	213,500	4,396	43,9626	0,037	0,3688
15.01.2026 15:03:33	213,550	4,410	44,0979	0,036	0,3643
15.01.2026 15:03:33	213,600	4,426	44,2560	0,037	0,3704
15.01.2026 15:03:33	213,650	4,437	44,3741	0,036	0,3639
15.01.2026 15:03:33	213,700	4,445	44,4524	0,037	0,3748
15.01.2026 15:03:33	213,750	4,455	44,5460	0,036	0,3641
15.01.2026 15:03:33	213,800	4,468	44,6786	0,037	0,3696
15.01.2026 15:03:33	213,850	4,477	44,7691	0,037	0,3670
15.01.2026 15:03:33	213,900	4,478	44,7793	0,037	0,3714
15.01.2026 15:03:33	213,950	4,474	44,7369	0,037	0,3715
15.01.2026 15:03:34	214,000	4,472	44,7155	0,037	0,3715
15.01.2026 15:03:34	214,050	4,470	44,6988	0,036	0,3649
15.01.2026 15:03:34	214,100	4,470	44,7008	0,037	0,3730
15.01.2026 15:03:34	214,150	4,469	44,6937	0,037	0,3673
15.01.2026 15:03:34	214,200	4,470	44,6970	0,037	0,3743
15.01.2026 15:03:34	214,250	4,469	44,6924	0,037	0,3690
15.01.2026 15:03:34	214,300	4,469	44,6934	0,037	0,3701
15.01.2026 15:03:34	214,350	4,469	44,6893	0,037	0,3660
15.01.2026 15:03:34	214,400	4,470	44,6963	0,037	0,3736
15.01.2026 15:03:34	214,450	4,469	44,6885	0,037	0,3654
15.01.2026 15:03:34	214,500	4,470	44,6963	0,037	0,3727
15.01.2026 15:03:34	214,550	4,469	44,6901	0,037	0,3653
15.01.2026 15:03:34	214,600	4,470	44,6981	0,037	0,3733
15.01.2026 15:03:34	214,650	4,469	44,6930	0,037	0,3686
15.01.2026 15:03:34	214,700	4,474	44,7404	0,037	0,3735
15.01.2026 15:03:34	214,750	4,488	44,8819	0,037	0,3687
15.01.2026 15:03:34	214,800	4,503	45,0251	0,038	0,3751
15.01.2026 15:03:34	214,850	4,518	45,1753	0,037	0,3676
15.01.2026 15:03:34	214,900	4,543	45,4303	0,038	0,3750
15.01.2026 15:03:34	214,950	4,567	45,6740	0,037	0,3675
15.01.2026 15:03:35	215,000	4,582	45,8180	0,038	0,3756
15.01.2026 15:03:35	215,050	4,588	45,8819	0,037	0,3681
15.01.2026 15:03:35	215,100	4,592	45,9219	0,037	0,3730
15.01.2026 15:03:35	215,150	4,598	45,9829	0,037	0,3707
15.01.2026 15:03:35	215,200	4,613	46,1257	0,038	0,3780
15.01.2026 15:03:35	215,250	4,623	46,2310	0,037	0,3708
15.01.2026 15:03:35	215,300	4,641	46,4108	0,038	0,3778
15.01.2026 15:03:35	215,350	4,654	46,5415	0,037	0,3735
15.01.2026 15:03:35	215,400	4,666	46,6592	0,038	0,3798
15.01.2026 15:03:35	215,450	4,676	46,7576	0,037	0,3733
15.01.2026 15:03:35	215,500	4,689	46,8872	0,038	0,3784
15.01.2026 15:03:35	215,550	4,706	47,0613	0,037	0,3735
15.01.2026 15:03:35	215,600	4,731	47,3097	0,038	0,3800
15.01.2026 15:03:35	215,650	4,754	47,5424	0,038	0,3758
15.01.2026 15:03:35	215,700	4,783	47,8263	0,038	0,3805
15.01.2026 15:03:35	215,750	4,815	48,1518	0,038	0,3764
15.01.2026 15:03:35	215,800	4,846	48,4622	0,038	0,3830
15.01.2026 15:03:35	215,850	4,872	48,7207	0,038	0,3791
15.01.2026 15:03:35	215,900	4,887	48,8711	0,039	0,3858
15.01.2026 15:03:35	215,950	4,897	48,9732	0,038	0,3797
15.01.2026 15:03:36	216,000	4,916	49,1605	0,039	0,3883
15.01.2026 15:03:36	216,050	4,947	49,4717	0,038	0,3841
15.01.2026 15:03:36	216,100	4,985	49,8490	0,039	0,3888
15.01.2026 15:03:36	216,150	5,021	50,2146	0,038	0,3842
15.01.2026 15:03:36	216,200	5,054	50,5411	0,039	0,3873
15.01.2026 15:03:36	216,250	5,082	50,8184	0,039	0,3851
15.01.2026 15:03:36	216,300	5,118	51,1764	0,039	0,3934
15.01.2026 15:03:36	216,350	5,151	51,5068	0,039	0,3870
15.01.2026 15:03:36	216,400	5,172	51,7205	0,039	0,3944
15.01.2026 15:03:36	216,450	5,191	51,9068	0,039	0,3904
15.01.2026 15:03:36	216,500	5,208	52,0778	0,039	0,3949
15.01.2026 15:03:36	216,550	5,217	52,1676	0,039	0,3907
15.01.2026 15:03:36	216,600	5,222	52,2162	0,040	0,3957
15.01.2026 15:03:36	216,650	5,224	52,2364	0,039	0,3927
15.01.2026 15:03:36	216,700	5,225	52,2518	0,040	0,3956
15.01.2026 15:03:36	216,750	5,225	52,2544	0,039	0,3911
15.01.2026 15:03:36	216,800	5,231	52,3075	0,040	0,3993
15.01.2026 15:03:36	216,850	5,237	52,3679	0,039	0,3913
15.01.2026 15:03:36	216,900	5,241	52,4086	0,040	0,3968
15.01.2026 15:03:36	216,950	5,245	52,4502	0,039	0,3928
15.01.2026 15:03:37	217,000	5,254	52,5353	0,040	0,3989
15.01.2026 15:03:37	217,050	5,258	52,5817	0,039	0,3901
15.01.2026 15:03:37	217,100	5,269	52,6876	0,040	0,4012
15.01.2026 15:03:37	217,150	5,279	52,7905	0,040	0,3951
15.01.2026 15:03:37	217,200	5,289	52,8910	0,040	0,3993
15.01.2026 15:03:37	217,250	5,300	53,0004	0,039	0,3933
15.01.2026 15:03:37	217,300	5,316	53,1554	0,040	0,4021
15.01.2026 15:03:37	217,350	5,330	53,3005	0,040	0,3967
15.01.2026 15:03:37	217,400	5,342	53,4162	0,040	0,3984
15.01.2026 15:03:37	217,450	5,352	53,5226	0,039	0,3938
15.01.2026 15:03:37	217,500	5,362	53,6183	0,040	0,4009
15.01.2026 15:03:37	217,550	5,372	53,7212	0,040	0,3971
15.01.2026 15:03:37	217,600	5,385	53,8492	0,040	0,4033
15.01.2026 15:03:37	217,650	5,401	54,0051	0,040	0,3966
15.01.2026 15:03:37	217,700	5,414	54,1398	0,040	0,4031
15.01.2026 15:03:37	217,750	5,431	54,3106	0,040	0,3993
15.01.2026 15:03:37	217,800	5,446	54,4621	0,041	0,4064
15.01.2026 15:03:37	217,850	5,456	54,5552	0,040	0,3982
15.01.2026 15:03:37	217,900	5,467	54,6729	0,041	0,4060
15.01.2026 15:03:37	217,950	5,474	54,7364	0,040	0,4005
15.01.2026 15:03:38	218,000	5,486	54,8615	0,041	0,4059
15.01.2026 15:03:38	218,050	5,501	55,0121	0,040	0,3977
15.01.2026 15:03:38	218,100	5,518	55,1795	0,041	0,4073
15.01.2026 15:03:38	218,150	5,534	55,3353	0,040	0,4000
15.01.2026 15:03:38	218,200	5,551	55,5090	0,041	0,4067
15.01.2026 15:03:38	218,250	5,568	55,6766	0,040	0,4033
15.01.2026 15:03:38	218,300	5,578	55,7822	0,041	0,4094
15.01.2026 15:03:38	218,350	5,587	55,8712	0,040	0,4042
15.01.2026 15:03:38	218,400	5,598	55,9843	0,041	0,4106
15.01.2026 15:03:38	218,450	5,610	56,1044	0,041	0,4075
15.01.2026 15:03:38	218,500	5,624	56,2444	0,041	0,4126
15.01.2026 15:03:38	218,550	5,640	56,4000	0,041	0,4061
15.01.2026 15:03:38	218,600	5,651	56,5055	0,041	0,4108
15.01.2026 15:03:38	218,650	5,661	56,6116	0,041	0,4078
15.01.2026 15:03:38	218,700	5,670	56,6984	0,041	0,4114
15.01.2026 15:03:38	218,750	5,674	56,7381	0,041	0,4082
15.01.2026 15:03:38	218,800	5,677	56,7651	0,041	0,4143
15.01.2026 15:03:38	218,850	5,677	56,7680	0,041	0,4062
15.01.2026 15:03:38	218,900	5,678	56,7799	0,041	0,4144
15.01.2026 15:03:38	218,950	5,678	56,7795	0,041	0,4097
15.01.2026 15:03:39	219,000	5,679	56,7851	0,042	0,4160
15.01.2026 15:03:39	219,050	5,678	56,7810	0,041	0,4084
15.01.2026 15:03:39	219,100	5,680	56,7986	0,041	0,4144
15.01.2026 15:03:39	219,150	5,686	56,8648	0,040	0,4047
15.01.2026 15:03:39	219,200	5,692	56,9215	0,042	0,4159
15.01.2026 15:03:39	219,250	5,697	56,9730	0,041	0,4093
15.01.2026 15:03:39	219,300	5,705	57,0508	0,042	0,4161
15.01.2026 15:03:39	219,350	5,706	57,0565	0,041	0,4071
15.01.2026 15:03:39	219,400	5,707	57,0730	0,042	0,4154
15.01.2026 15:03:39	219,450	5,711	57,1091	0,041	0,4103
15.01.2026 15:03:39	219,500	5,711	57,1126	0,041	0,4135
15.01.2026 15:03:39	219,550	5,713	57,1258	0,041	0,4075
15.01.2026 15:03:39	219,600	5,715	57,1476	0,042	0,4185
15.01.2026 15:03:39	219,650	5,713	57,1310	0,041	0,4098
15.01.2026 15:03:39	219,700	5,707	57,0711	0,042	0,4204
15.01.2026 15:03:39	219,750	5,699	56,9905	0,041	0,4095
15.01.2026 15:03:39	219,800	5,684	56,8436	0,042	0,4160
15.01.2026 15:03:39	219,850	5,685	56,8473	0,041	0,4071
15.01.2026 15:03:39	219,900	5,700	57,0002	0,041	0,4129
15.01.2026 15:03:39	219,950	5,708	57,0764	0,041	0,4120
15.01.2026 15:03:40	220,000	5,712	57,1165	0,042	0,4162
15.01.2026 15:03:40	220,050	5,713	57,1319	0,041	0,4100
15.01.2026 15:03:40	220,100	5,715	57,1464	0,042	0,4171
15.01.2026 15:03:40	220,150	5,714	57,1441	0,041	0,4086
15.01.2026 15:03:40	220,200	5,715	57,1521	0,042	0,4160
15.01.2026 15:03:40	220,250	5,715	57,1482	0,041	0,4081
15.01.2026 15:03:40	220,300	5,715	57,1547	0,042	0,4155
15.01.2026 15:03:40	220,350	5,715	57,1536	0,041	0,4107
15.01.2026 15:03:40	220,400	5,716	57,1558	0,041	0,4147
15.01.2026 15:03:40	220,450	5,715	57,1524	0,041	0,4073
15.01.2026 15:03:40	220,500	5,716	57,1580	0,041	0,4149
15.01.2026 15:03:40	220,550	5,715	57,1533	0,041	0,4082
15.01.2026 15:03:40	220,600	5,716	57,1593	0,042	0,4157
15.01.2026 15:03:40	220,650	5,715	57,1544	0,041	0,4086
15.01.2026 15:03:40	220,700	5,716	57,1616	0,042	0,4181
15.01.2026 15:03:40	220,750	5,715	57,1538	0,041	0,4085
15.01.2026 15:03:40	220,800	5,716	57,1630	0,042	0,4201
15.01.2026 15:03:40	220,850	5,715	57,1543	0,041	0,4088
15.01.2026 15:03:40	220,900	5,716	57,1573	0,041	0,4125
15.01.2026 15:03:40	220,950	5,715	57,1539	0,041	0,4097
15.01.2026 15:03:41	221,000	5,716	57,1605	0,042	0,4167
15.01.2026 15:03:41	221,050	5,716	57,1565	0,041	0,4106
15.01.2026 15:03:41	221,100	5,716	57,1599	0,042	0,4153
15.01.2026 15:03:41	221,150	5,716	57,1579	0,041	0,4122
15.01.2026 15:03:41	221,200	5,716	57,1617	0,042	0,4175
15.01.2026 15:03:41	221,250	5,715	57,1533	0,041	0,4078
15.01.2026 15:03:41	221,300	5,716	57,1625	0,042	0,4176
15.01.2026 15:03:41	221,350	5,716	57,1583	0,041	0,4107
15.01.2026 15:03:41	221,400	5,716	57,1621	0,042	0,4170
15.01.2026 15:03:41	221,450	5,716	57,1578	0,041	0,4108
15.01.2026 15:03:41	221,500	5,716	57,1621	0,042	0,4166
15.01.2026 15:03:41	221,550	5,716	57,1597	0,041	0,4107
15.01.2026 15:03:41	221,600	5,717	57,1669	0,042	0,4215
15.01.2026 15:03:41	221,650	5,716	57,1562	0,041	0,4069
15.01.2026 15:03:41	221,700	5,716	57,1639	0,042	0,4167
15.01.2026 15:03:41	221,750	5,716	57,1600	0,041	0,4107
15.01.2026 15:03:41	221,800	5,716	57,1634	0,042	0,4158
15.01.2026 15:03:41	221,850	5,716	57,1594	0,041	0,4090
15.01.2026 15:03:41	221,900	5,717	57,1666	0,042	0,4176
15.01.2026 15:03:41	221,950	5,716	57,1599	0,041	0,4081
15.01.2026 15:03:42	222,000	5,717	57,1682	0,042	0,4192
15.01.2026 15:03:42	222,050	5,716	57,1628	0,041	0,4106
15.01.2026 15:03:42	222,100	5,717	57,1681	0,042	0,4165
15.01.2026 15:03:42	222,150	5,716	57,1620	0,041	0,4092
15.01.2026 15:03:42	222,200	5,717	57,1661	0,041	0,4150
15.01.2026 15:03:42	222,250	5,716	57,1624	0,041	0,4096
15.01.2026 15:03:42	222,300	5,717	57,1694	0,042	0,4178
15.01.2026 15:03:42	222,350	5,716	57,1645	0,041	0,4114
15.01.2026 15:03:42	222,400	5,717	57,1681	0,042	0,4159
15.01.2026 15:03:42	222,450	5,716	57,1601	0,041	0,4062
15.01.2026 15:03:42	222,500	5,717	57,1688	0,042	0,4158
15.01.2026 15:03:42	222,550	5,716	57,1617	0,041	0,4079
15.01.2026 15:03:42	222,600	5,717	57,1714	0,042	0,4186
15.01.2026 15:03:42	222,650	5,717	57,1659	0,041	0,4113
15.01.2026 15:03:42	222,700	5,717	57,1683	0,042	0,4151
15.01.2026 15:03:42	222,750	5,716	57,1622	0,041	0,4080
15.01.2026 15:03:42	222,800	5,717	57,1687	0,042	0,4165
15.01.2026 15:03:42	222,850	5,717	57,1651	0,041	0,4107
15.01.2026 15:03:42	222,900	5,717	57,1712	0,042	0,4193
15.01.2026 15:03:42	222,950	5,717	57,1654	0,041	0,4106
15.01.2026 15:03:43	223,000	5,717	57,1675	0,041	0,4142
15.01.2026 15:03:43	223,050	5,716	57,1607	0,041	0,4062
15.01.2026 15:03:43	223,100	5,717	57,1671	0,041	0,4141
15.01.2026 15:03:43	223,150	5,716	57,1625	0,041	0,4075
15.01.2026 15:03:43	223,200	5,717	57,1675	0,042	0,4156
15.01.2026 15:03:43	223,250	5,716	57,1645	0,041	0,4105
15.01.2026 15:03:43	223,300	5,717	57,1702	0,042	0,4205
15.01.2026 15:03:43	223,350	5,716	57,1648	0,041	0,4093
15.01.2026 15:03:43	223,400	5,717	57,1699	0,042	0,4181
15.01.2026 15:03:43	223,450	5,717	57,1652	0,041	0,4114
15.01.2026 15:03:43	223,500	5,717	57,1684	0,042	0,4161
15.01.2026 15:03:43	223,550	5,716	57,1627	0,041	0,4089
15.01.2026 15:03:43	223,600	5,717	57,1697	0,042	0,4173
15.01.2026 15:03:43	223,650	5,716	57,1634	0,041	0,4088
15.01.2026 15:03:43	223,700	5,717	57,1680	0,042	0,4150
15.01.2026 15:03:43	223,750	5,717	57,1668	0,041	0,4115
15.01.2026 15:03:43	223,800	5,717	57,1667	0,041	0,4139
15.01.2026 15:03:43	223,850	5,716	57,1635	0,041	0,4089
15.01.2026 15:03:43	223,900	5,717	57,1694	0,042	0,4170
15.01.2026 15:03:43	223,950	5,717	57,1650	0,041	0,4106
15.01.2026 15:03:44	224,000	5,717	57,1713	0,042	0,4182
15.01.2026 15:03:44	224,050	5,716	57,1611	0,041	0,4067
15.01.2026 15:03:44	224,100	5,717	57,1686	0,042	0,4161
15.01.2026 15:03:44	224,150	5,716	57,1631	0,041	0,4095
15.01.2026 15:03:44	224,200	5,717	57,1704	0,042	0,4179
15.01.2026 15:03:44	224,250	5,716	57,1641	0,041	0,4101
15.01.2026 15:03:44	224,300	5,717	57,1726	0,042	0,4211
15.01.2026 15:03:44	224,350	5,716	57,1637	0,041	0,4086
15.01.2026 15:03:44	224,400	5,717	57,1704	0,042	0,4177
15.01.2026 15:03:44	224,450	5,717	57,1656	0,041	0,4106
15.01.2026 15:03:44	224,500	5,717	57,1720	0,042	0,4194
15.01.2026 15:03:44	224,550	5,716	57,1649	0,041	0,4096
15.01.2026 15:03:44	224,600	5,717	57,1694	0,042	0,4159
15.01.2026 15:03:44	224,650	5,717	57,1667	0,041	0,4092
15.01.2026 15:03:44	224,700	5,717	57,1712	0,042	0,4165
15.01.2026 15:03:44	224,750	5,716	57,1637	0,041	0,4066
15.01.2026 15:03:44	224,800	5,717	57,1715	0,042	0,4166
15.01.2026 15:03:44	224,850	5,717	57,1670	0,041	0,4104
15.01.2026 15:03:44	224,900	5,717	57,1724	0,042	0,4172
15.01.2026 15:03:44	224,950	5,717	57,1660	0,041	0,4100
15.01.2026 15:03:45	225,000	5,717	57,1716	0,042	0,4171
15.01.2026 15:03:45	225,050	5,717	57,1673	0,041	0,4105
15.01.2026 15:03:45	225,100	5,717	57,1738	0,042	0,4174
15.01.2026 15:03:45	225,150	5,717	57,1676	0,041	0,4111
15.01.2026 15:03:45	225,200	5,717	57,1698	0,041	0,4145
15.01.2026 15:03:45	225,250	5,716	57,1646	0,041	0,4092
15.01.2026 15:03:45	225,300	5,717	57,1713	0,042	0,4158
15.01.2026 15:03:45	225,350	5,717	57,1686	0,041	0,4112
15.01.2026 15:03:45	225,400	5,717	57,1723	0,042	0,4165
15.01.2026 15:03:45	225,450	5,717	57,1697	0,041	0,4135
15.01.2026 15:03:45	225,500	5,717	57,1693	0,041	0,4143
15.01.2026 15:03:45	225,550	5,717	57,1679	0,041	0,4097
15.01.2026 15:03:45	225,600	5,717	57,1735	0,042	0,4173
15.01.2026 15:03:45	225,650	5,717	57,1702	0,041	0,4118
15.01.2026 15:03:45	225,700	5,717	57,1734	0,042	0,4167
15.01.2026 15:03:45	225,750	5,717	57,1664	0,041	0,4074
15.01.2026 15:03:45	225,800	5,717	57,1740	0,042	0,4176
15.01.2026 15:03:45	225,850	5,717	57,1666	0,041	0,4075
15.01.2026 15:03:45	225,900	5,717	57,1737	0,042	0,4177
15.01.2026 15:03:45	225,950	5,717	57,1671	0,041	0,4088
15.01.2026 15:03:46	226,000	5,717	57,1719	0,042	0,4162
15.01.2026 15:03:46	226,050	5,717	57,1676	0,041	0,4099
15.01.2026 15:03:46	226,100	5,718	57,1758	0,042	0,4209
15.01.2026 15:03:46	226,150	5,717	57,1689	0,041	0,4116
15.01.2026 15:03:46	226,200	5,717	57,1716	0,042	0,4154
15.01.2026 15:03:46	226,250	5,717	57,1650	0,041	0,4074
15.01.2026 15:03:46	226,300	5,717	57,1749	0,042	0,4194
15.01.2026 15:03:46	226,350	5,717	57,1669	0,041	0,4098
15.01.2026 15:03:46	226,400	5,717	57,1718	0,042	0,4174
15.01.2026 15:03:46	226,450	5,717	57,1667	0,041	0,4111
15.01.2026 15:03:46	226,500	5,717	57,1725	0,042	0,4181
15.01.2026 15:03:46	226,550	5,717	57,1660	0,041	0,4091
15.01.2026 15:03:46	226,600	5,717	57,1715	0,042	0,4164
15.01.2026 15:03:46	226,650	5,717	57,1650	0,041	0,4073
15.01.2026 15:03:46	226,700	5,717	57,1720	0,042	0,4168
15.01.2026 15:03:46	226,750	5,717	57,1666	0,041	0,4112
15.01.2026 15:03:46	226,800	5,717	57,1706	0,042	0,4172
15.01.2026 15:03:46	226,850	5,716	57,1639	0,041	0,4088
15.01.2026 15:03:46	226,900	5,717	57,1702	0,042	0,4177
15.01.2026 15:03:46	226,950	5,716	57,1642	0,041	0,4088
15.01.2026 15:03:47	227,000	5,717	57,1718	0,042	0,4181
15.01.2026 15:03:47	227,050	5,717	57,1662	0,041	0,4111
15.01.2026 15:03:47	227,100	5,717	57,1692	0,042	0,4151
15.01.2026 15:03:47	227,150	5,717	57,1664	0,041	0,4114
15.01.2026 15:03:47	227,200	5,717	57,1722	0,042	0,4190
15.01.2026 15:03:47	227,250	5,717	57,1678	0,041	0,4126
15.01.2026 15:03:47	227,300	5,717	57,1709	0,042	0,4183
15.01.2026 15:03:47	227,350	5,717	57,1678	0,041	0,4117
15.01.2026 15:03:47	227,400	5,717	57,1723	0,042	0,4197
15.01.2026 15:03:47	227,450	5,717	57,1652	0,041	0,4093
15.01.2026 15:03:47	227,500	5,717	57,1700	0,042	0,4158
15.01.2026 15:03:47	227,550	5,717	57,1672	0,041	0,4099
15.01.2026 15:03:47	227,600	5,717	57,1726	0,042	0,4169
15.01.2026 15:03:47	227,650	5,717	57,1682	0,041	0,4108
15.01.2026 15:03:47	227,700	5,717	57,1729	0,042	0,4163
15.01.2026 15:03:47	227,750	5,717	57,1696	0,041	0,4114
15.01.2026 15:03:47	227,800	5,718	57,1767	0,042	0,4189
15.01.2026 15:03:47	227,850	5,717	57,1663	0,041	0,4080
15.01.2026 15:03:47	227,900	5,717	57,1750	0,042	0,4191
15.01.2026 15:03:47	227,950	5,717	57,1689	0,041	0,4113
15.01.2026 15:03:48	228,000	5,717	57,1737	0,042	0,4167
15.01.2026 15:03:48	228,050	5,717	57,1683	0,041	0,4105
15.01.2026 15:03:48	228,100	5,718	57,1752	0,042	0,4185
15.01.2026 15:03:48	228,150	5,717	57,1650	0,041	0,4072
15.01.2026 15:03:48	228,200	5,717	57,1733	0,042	0,4182
15.01.2026 15:03:48	228,250	5,716	57,1649	0,041	0,4082
15.01.2026 15:03:48	228,300	5,715	57,1484	0,042	0,4196
15.01.2026 15:03:48	228,350	5,706	57,0554	0,041	0,4105
15.01.2026 15:03:48	228,400	5,694	56,9446	0,042	0,4153
15.01.2026 15:03:48	228,450	5,691	56,9054	0,041	0,4111
15.01.2026 15:03:48	228,500	5,695	56,9464	0,042	0,4158
15.01.2026 15:03:48	228,550	5,696	56,9607	0,041	0,4088
15.01.2026 15:03:48	228,600	5,698	56,9775	0,042	0,4171
15.01.2026 15:03:48	228,650	5,698	56,9812	0,041	0,4113
15.01.2026 15:03:48	228,700	5,704	57,0423	0,042	0,4169
15.01.2026 15:03:48	228,750	5,722	57,2213	0,041	0,4124
15.01.2026 15:03:48	228,800	5,738	57,3846	0,042	0,4168
15.01.2026 15:03:48	228,850	5,746	57,4639	0,041	0,4127
15.01.2026 15:03:48	228,900	5,756	57,5601	0,042	0,4171
15.01.2026 15:03:48	228,950	5,768	57,6771	0,041	0,4090
15.01.2026 15:03:49	229,000	5,783	57,8290	0,042	0,4210
15.01.2026 15:03:49	229,050	5,795	57,9504	0,041	0,4135
15.01.2026 15:03:49	229,100	5,805	58,0549	0,042	0,4194
15.01.2026 15:03:49	229,150	5,816	58,1568	0,041	0,4133
15.01.2026 15:03:49	229,200	5,825	58,2480	0,042	0,4195
15.01.2026 15:03:49	229,250	5,836	58,3638	0,042	0,4152
15.01.2026 15:03:49	229,300	5,855	58,5545	0,042	0,4201
15.01.2026 15:03:49	229,350	5,874	58,7422	0,041	0,4140
15.01.2026 15:03:49	229,400	5,887	58,8724	0,042	0,4242
15.01.2026 15:03:49	229,450	5,893	58,9257	0,042	0,4151
15.01.2026 15:03:49	229,500	5,896	58,9626	0,042	0,4220
15.01.2026 15:03:49	229,550	5,899	58,9909	0,042	0,4162
15.01.2026 15:03:49	229,600	5,914	59,1401	0,043	0,4251
15.01.2026 15:03:49	229,650	5,935	59,3548	0,042	0,4155
15.01.2026 15:03:49	229,700	5,958	59,5757	0,042	0,4224
15.01.2026 15:03:49	229,750	5,975	59,7471	0,042	0,4173
15.01.2026 15:03:49	229,800	5,992	59,9160	0,043	0,4270
15.01.2026 15:03:49	229,850	6,010	60,1019	0,042	0,4195
15.01.2026 15:03:49	229,900	6,037	60,3687	0,043	0,4263
15.01.2026 15:03:49	229,950	6,066	60,6554	0,042	0,4215
15.01.2026 15:03:50	230,000	6,099	60,9929	0,043	0,4291
15.01.2026 15:03:50	230,050	6,130	61,2987	0,042	0,4232
15.01.2026 15:03:50	230,100	6,151	61,5097	0,043	0,4318
15.01.2026 15:03:50	230,150	6,161	61,6066	0,042	0,4242
15.01.2026 15:03:50	230,200	6,166	61,6607	0,043	0,4325
15.01.2026 15:03:50	230,250	6,168	61,6804	0,043	0,4264
15.01.2026 15:03:50	230,300	6,170	61,6950	0,043	0,4328
15.01.2026 15:03:50	230,350	6,170	61,6953	0,043	0,4257
15.01.2026 15:03:50	230,400	6,170	61,7017	0,043	0,4331
15.01.2026 15:03:50	230,450	6,170	61,6981	0,043	0,4254
15.01.2026 15:03:50	230,500	6,174	61,7422	0,043	0,4326
15.01.2026 15:03:50	230,550	6,188	61,8786	0,043	0,4281
15.01.2026 15:03:50	230,600	6,205	62,0508	0,043	0,4336
15.01.2026 15:03:50	230,650	6,215	62,1489	0,043	0,4292
15.01.2026 15:03:50	230,700	6,220	62,2005	0,043	0,4320
15.01.2026 15:03:50	230,750	6,222	62,2239	0,043	0,4258
15.01.2026 15:03:50	230,800	6,227	62,2724	0,043	0,4340
15.01.2026 15:03:50	230,850	6,235	62,3455	0,043	0,4301
15.01.2026 15:03:50	230,900	6,240	62,3999	0,044	0,4372
15.01.2026 15:03:50	230,950	6,249	62,4866	0,043	0,4292
15.01.2026 15:03:51	231,000	6,259	62,5877	0,044	0,4363
15.01.2026 15:03:51	231,050	6,269	62,6903	0,043	0,4283
15.01.2026 15:03:51	231,100	6,283	62,8326	0,044	0,4359
15.01.2026 15:03:51	231,150	6,302	63,0155	0,043	0,4302
15.01.2026 15:03:51	231,200	6,325	63,2539	0,044	0,4370
15.01.2026 15:03:51	231,250	6,346	63,4645	0,043	0,4300
15.01.2026 15:03:51	231,300	6,359	63,5911	0,044	0,4404
15.01.2026 15:03:51	231,350	6,364	63,6441	0,043	0,4312
15.01.2026 15:03:51	231,400	6,369	63,6920	0,044	0,4394
15.01.2026 15:03:51	231,450	6,377	63,7735	0,043	0,4299
15.01.2026 15:03:51	231,500	6,386	63,8587	0,044	0,4387
15.01.2026 15:03:51	231,550	6,396	63,9577	0,043	0,4333
15.01.2026 15:03:51	231,600	6,402	64,0215	0,044	0,4414
15.01.2026 15:03:51	231,650	6,411	64,1103	0,043	0,4310
15.01.2026 15:03:51	231,700	6,432	64,3154	0,044	0,4421
15.01.2026 15:03:51	231,750	6,459	64,5908	0,044	0,4363
15.01.2026 15:03:51	231,800	6,486	64,8610	0,044	0,4439
15.01.2026 15:03:51	231,850	6,501	65,0084	0,044	0,4379
15.01.2026 15:03:51	231,900	6,509	65,0895	0,044	0,4437
15.01.2026 15:03:51	231,950	6,513	65,1290	0,044	0,4353
15.01.2026 15:03:52	232,000	6,524	65,2377	0,045	0,4454
15.01.2026 15:03:52	232,050	6,536	65,3639	0,044	0,4383
15.01.2026 15:03:52	232,100	6,551	65,5051	0,045	0,4458
15.01.2026 15:03:52	232,150	6,560	65,6020	0,044	0,4399
15.01.2026 15:03:52	232,200	6,568	65,6838	0,045	0,4459
15.01.2026 15:03:52	232,250	6,578	65,7807	0,044	0,4430
15.01.2026 15:03:52	232,300	6,588	65,8806	0,044	0,4446
15.01.2026 15:03:52	232,350	6,602	66,0226	0,044	0,4417
15.01.2026 15:03:52	232,400	6,621	66,2092	0,045	0,4468
15.01.2026 15:03:52	232,450	6,632	66,3196	0,044	0,4428
15.01.2026 15:03:52	232,500	6,638	66,3808	0,045	0,4475
15.01.2026 15:03:52	232,550	6,641	66,4078	0,044	0,4413
15.01.2026 15:03:52	232,600	6,643	66,4307	0,045	0,4493
15.01.2026 15:03:52	232,650	6,645	66,4539	0,044	0,4410
15.01.2026 15:03:52	232,700	6,654	66,5372	0,045	0,4475
15.01.2026 15:03:52	232,750	6,663	66,6344	0,044	0,4418
15.01.2026 15:03:52	232,800	6,673	66,7289	0,045	0,4537
15.01.2026 15:03:52	232,850	6,682	66,8181	0,044	0,4442
15.01.2026 15:03:52	232,900	6,691	66,9080	0,045	0,4515
15.01.2026 15:03:52	232,950	6,696	66,9626	0,044	0,4442
15.01.2026 15:03:53	233,000	6,706	67,0604	0,045	0,4505
15.01.2026 15:03:53	233,050	6,711	67,1074	0,044	0,4434
15.01.2026 15:03:53	233,100	6,714	67,1418	0,045	0,4524
15.01.2026 15:03:53	233,150	6,715	67,1485	0,045	0,4452
15.01.2026 15:03:53	233,200	6,716	67,1612	0,045	0,4525
15.01.2026 15:03:53	233,250	6,716	67,1594	0,044	0,4449
15.01.2026 15:03:53	233,300	6,717	67,1667	0,045	0,4528
15.01.2026 15:03:53	233,350	6,716	67,1645	0,045	0,4474
15.01.2026 15:03:53	233,400	6,717	67,1657	0,045	0,4503
15.01.2026 15:03:53	233,450	6,716	67,1631	0,044	0,4445
15.01.2026 15:03:53	233,500	6,717	67,1674	0,045	0,4525
15.01.2026 15:03:53	233,550	6,716	67,1629	0,045	0,4454
15.01.2026 15:03:53	233,600	6,717	67,1664	0,045	0,4533
15.01.2026 15:03:53	233,650	6,715	67,1501	0,045	0,4470
15.01.2026 15:03:53	233,700	6,708	67,0777	0,045	0,4528
15.01.2026 15:03:53	233,750	6,696	66,9599	0,045	0,4461
15.01.2026 15:03:53	233,800	6,689	66,8860	0,045	0,4534
15.01.2026 15:03:53	233,850	6,684	66,8394	0,044	0,4443
15.01.2026 15:03:53	233,900	6,683	66,8315	0,045	0,4546
15.01.2026 15:03:53	233,950	6,682	66,8206	0,045	0,4492
15.01.2026 15:03:54	234,000	6,680	66,7999	0,045	0,4511
15.01.2026 15:03:54	234,050	6,673	66,7311	0,045	0,4461
15.01.2026 15:03:54	234,100	6,669	66,6889	0,045	0,4525
15.01.2026 15:03:54	234,150	6,663	66,6256	0,044	0,4428
15.01.2026 15:03:54	234,200	6,655	66,5487	0,045	0,4535
15.01.2026 15:03:54	234,250	6,643	66,4341	0,044	0,4444
15.01.2026 15:03:54	234,300	6,635	66,3533	0,045	0,4515
15.01.2026 15:03:54	234,350	6,627	66,2650	0,044	0,4421
15.01.2026 15:03:54	234,400	6,615	66,1536	0,045	0,4508
15.01.2026 15:03:54	234,450	6,600	65,9965	0,044	0,4436
15.01.2026 15:03:54	234,500	6,587	65,8675	0,045	0,4533
15.01.2026 15:03:54	234,550	6,574	65,7409	0,044	0,4441
15.01.2026 15:03:54	234,600	6,564	65,6442	0,045	0,4501
15.01.2026 15:03:54	234,650	6,553	65,5336	0,044	0,4436
15.01.2026 15:03:54	234,700	6,546	65,4598	0,045	0,4517
15.01.2026 15:03:54	234,750	6,541	65,4102	0,044	0,4426
15.01.2026 15:03:54	234,800	6,537	65,3705	0,045	0,4505
15.01.2026 15:03:54	234,850	6,527	65,2698	0,044	0,4429
15.01.2026 15:03:54	234,900	6,515	65,1532	0,045	0,4510
15.01.2026 15:03:54	234,950	6,500	64,9978	0,044	0,4419
15.01.2026 15:03:55	235,000	6,483	64,8321	0,045	0,4505
15.01.2026 15:03:55	235,050	6,473	64,7272	0,044	0,4405
15.01.2026 15:03:55	235,100	6,462	64,6173	0,045	0,4483
15.01.2026 15:03:55	235,150	6,447	64,4726	0,044	0,4413
15.01.2026 15:03:55	235,200	6,438	64,3777	0,045	0,4527
15.01.2026 15:03:55	235,250	6,425	64,2483	0,044	0,4423
15.01.2026 15:03:55	235,300	6,417	64,1745	0,045	0,4508
15.01.2026 15:03:55	235,350	6,406	64,0635	0,044	0,4417
15.01.2026 15:03:55	235,400	6,394	63,9427	0,045	0,4491
15.01.2026 15:03:55	235,450	6,382	63,8219	0,044	0,4436
15.01.2026 15:03:55	235,500	6,370	63,7011	0,045	0,4512
15.01.2026 15:03:55	235,550	6,362	63,6199	0,044	0,4439
15.01.2026 15:03:55	235,600	6,352	63,5192	0,045	0,4503
15.01.2026 15:03:55	235,650	6,342	63,4219	0,044	0,4425
15.01.2026 15:03:55	235,700	6,332	63,3159	0,045	0,4521
15.01.2026 15:03:55	235,750	6,323	63,2258	0,044	0,4421
15.01.2026 15:03:55	235,800	6,312	63,1232	0,045	0,4489
15.01.2026 15:03:55	235,850	6,305	63,0500	0,044	0,4432
15.01.2026 15:03:55	235,900	6,295	62,9483	0,045	0,4508
15.01.2026 15:03:55	235,950	6,286	62,8634	0,044	0,4402
15.01.2026 15:03:56	236,000	6,274	62,7420	0,045	0,4512
15.01.2026 15:03:56	236,050	6,259	62,5905	0,044	0,4444
15.01.2026 15:03:56	236,100	6,245	62,4525	0,045	0,4514
15.01.2026 15:03:56	236,150	6,233	62,3297	0,044	0,4415
15.01.2026 15:03:56	236,200	6,222	62,2194	0,045	0,4495
15.01.2026 15:03:56	236,250	6,216	62,1589	0,044	0,4431
15.01.2026 15:03:56	236,300	6,211	62,1139	0,045	0,4464
15.01.2026 15:03:56	236,350	6,202	62,0232	0,044	0,4427
15.01.2026 15:03:56	236,400	6,196	61,9600	0,045	0,4469
15.01.2026 15:03:56	236,450	6,185	61,8478	0,044	0,4402
15.01.2026 15:03:56	236,500	6,172	61,7183	0,045	0,4492
15.01.2026 15:03:56	236,550	6,154	61,5434	0,044	0,4398
15.01.2026 15:03:56	236,600	6,138	61,3815	0,045	0,4490
15.01.2026 15:03:56	236,650	6,124	61,2375	0,044	0,4425
15.01.2026 15:03:56	236,700	6,113	61,1280	0,045	0,4475
15.01.2026 15:03:56	236,750	6,104	61,0448	0,044	0,4389
15.01.2026 15:03:56	236,800	6,095	60,9458	0,045	0,4473
15.01.2026 15:03:56	236,850	6,089	60,8853	0,044	0,4430
15.01.2026 15:03:56	236,900	6,083	60,8253	0,045	0,4484
15.01.2026 15:03:56	236,950	6,073	60,7302	0,044	0,4397
15.01.2026 15:03:57	237,000	6,063	60,6291	0,045	0,4487
15.01.2026 15:03:57	237,050	6,053	60,5309	0,044	0,4375
15.01.2026 15:03:57	237,100	6,043	60,4273	0,045	0,4482
15.01.2026 15:03:57	237,150	6,032	60,3164	0,044	0,4405
15.01.2026 15:03:57	237,200	6,020	60,1967	0,045	0,4475
15.01.2026 15:03:57	237,250	6,006	60,0647	0,044	0,4412
15.01.2026 15:03:57	237,300	5,995	59,9520	0,045	0,4479
15.01.2026 15:03:57	237,350	5,979	59,7855	0,044	0,4353
15.01.2026 15:03:57	237,400	5,962	59,6233	0,045	0,4474
15.01.2026 15:03:57	237,450	5,950	59,4955	0,044	0,4387
15.01.2026 15:03:57	237,500	5,944	59,4391	0,045	0,4465
15.01.2026 15:03:57	237,550	5,941	59,4092	0,044	0,4423
15.01.2026 15:03:57	237,600	5,934	59,3419	0,045	0,4473
15.01.2026 15:03:57	237,650	5,925	59,2520	0,044	0,4401
15.01.2026 15:03:57	237,700	5,914	59,1439	0,044	0,4446
15.01.2026 15:03:57	237,750	5,906	59,0623	0,044	0,4382
15.01.2026 15:03:57	237,800	5,893	58,9313	0,045	0,4455
15.01.2026 15:03:57	237,850	5,874	58,7364	0,044	0,4395
15.01.2026 15:03:57	237,900	5,851	58,5111	0,045	0,4491
15.01.2026 15:03:57	237,950	5,823	58,2270	0,044	0,4390
15.01.2026 15:03:58	238,000	5,799	57,9945	0,045	0,4467
15.01.2026 15:03:58	238,050	5,778	57,7823	0,044	0,4357
15.01.2026 15:03:58	238,100	5,759	57,5861	0,045	0,4458
15.01.2026 15:03:58	238,150	5,737	57,3700	0,044	0,4397
15.01.2026 15:03:58	238,200	5,720	57,1976	0,044	0,4426
15.01.2026 15:03:58	238,250	5,705	57,0504	0,043	0,4347
15.01.2026 15:03:58	238,300	5,695	56,9471	0,045	0,4453
15.01.2026 15:03:58	238,350	5,682	56,8243	0,044	0,4360
15.01.2026 15:03:58	238,400	5,674	56,7434	0,044	0,4439
15.01.2026 15:03:58	238,450	5,666	56,6584	0,044	0,4355
15.01.2026 15:03:58	238,500	5,656	56,5640	0,044	0,4436
15.01.2026 15:03:58	238,550	5,644	56,4350	0,044	0,4386
15.01.2026 15:03:58	238,600	5,629	56,2915	0,044	0,4416
15.01.2026 15:03:58	238,650	5,618	56,1807	0,044	0,4394
15.01.2026 15:03:58	238,700	5,606	56,0572	0,044	0,4442
15.01.2026 15:03:58	238,750	5,592	55,9194	0,044	0,4383
15.01.2026 15:03:58	238,800	5,582	55,8193	0,044	0,4434
15.01.2026 15:03:58	238,850	5,570	55,6971	0,044	0,4372
15.01.2026 15:03:58	238,900	5,562	55,6204	0,045	0,4478
15.01.2026 15:03:58	238,950	5,550	55,5027	0,044	0,4352
15.01.2026 15:03:59	239,000	5,539	55,3868	0,044	0,4411
15.01.2026 15:03:59	239,050	5,529	55,2893	0,044	0,4379
15.01.2026 15:03:59	239,100	5,518	55,1783	0,044	0,4438
15.01.2026 15:03:59	239,150	5,509	55,0942	0,044	0,4364
15.01.2026 15:03:59	239,200	5,506	55,0609	0,044	0,4432
15.01.2026 15:03:59	239,250	5,504	55,0364	0,044	0,4367
15.01.2026 15:03:59	239,300	5,497	54,9747	0,044	0,4409
15.01.2026 15:03:59	239,350	5,491	54,9066	0,044	0,4358
15.01.2026 15:03:59	239,400	5,483	54,8343	0,044	0,4425
15.01.2026 15:03:59	239,450	5,475	54,7488	0,044	0,4364
15.01.2026 15:03:59	239,500	5,471	54,7121	0,045	0,4455
15.01.2026 15:03:59	239,550	5,468	54,6812	0,044	0,4371
15.01.2026 15:03:59	239,600	5,467	54,6742	0,044	0,4448
15.01.2026 15:03:59	239,650	5,466	54,6572	0,043	0,4340
15.01.2026 15:03:59	239,700	5,466	54,6580	0,044	0,4416
15.01.2026 15:03:59	239,750	5,465	54,6519	0,043	0,4340
15.01.2026 15:03:59	239,800	5,465	54,6547	0,044	0,4401
15.01.2026 15:03:59	239,850	5,465	54,6533	0,044	0,4353
15.01.2026 15:03:59	239,900	5,462	54,6206	0,044	0,4435
15.01.2026 15:03:59	239,950	5,454	54,5443	0,044	0,4378
15.01.2026 15:04:00	240,000	5,451	54,5099	0,044	0,4436
15.01.2026 15:04:00	240,050	5,448	54,4804	0,043	0,4319
15.01.2026 15:04:00	240,100	5,441	54,4062	0,044	0,4388
15.01.2026 15:04:00	240,150	5,435	54,3469	0,044	0,4362
15.01.2026 15:04:00	240,200	5,432	54,3194	0,044	0,4391
15.01.2026 15:04:00	240,250	5,430	54,3016	0,044	0,4355
15.01.2026 15:04:00	240,300	5,430	54,2995	0,044	0,4431
15.01.2026 15:04:00	240,350	5,422	54,2237	0,043	0,4335
15.01.2026 15:04:00	240,400	5,417	54,1700	0,044	0,4398
15.01.2026 15:04:00	240,450	5,411	54,1086	0,043	0,4346
15.01.2026 15:04:00	240,500	5,403	54,0290	0,044	0,4437
15.01.2026 15:04:00	240,550	5,397	53,9721	0,044	0,4357
15.01.2026 15:04:00	240,600	5,388	53,8762	0,044	0,4403
15.01.2026 15:04:00	240,650	5,374	53,7434	0,044	0,4364
15.01.2026 15:04:00	240,700	5,364	53,6398	0,044	0,4380
15.01.2026 15:04:00	240,750	5,352	53,5221	0,044	0,4363
15.01.2026 15:04:00	240,800	5,346	53,4564	0,044	0,4387
15.01.2026 15:04:00	240,850	5,336	53,3577	0,043	0,4340
15.01.2026 15:04:00	240,900	5,329	53,2879	0,044	0,4403
15.01.2026 15:04:00	240,950	5,324	53,2395	0,044	0,4364
15.01.2026 15:04:01	241,000	5,315	53,1507	0,044	0,4406
15.01.2026 15:04:01	241,050	5,307	53,0748	0,043	0,4326
15.01.2026 15:04:01	241,100	5,298	52,9770	0,044	0,4436
15.01.2026 15:04:01	241,150	5,284	52,8442	0,044	0,4359
15.01.2026 15:04:01	241,200	5,270	52,7039	0,044	0,4408
15.01.2026 15:04:01	241,250	5,259	52,5940	0,043	0,4339
15.01.2026 15:04:01	241,300	5,249	52,4874	0,044	0,4403
15.01.2026 15:04:01	241,350	5,238	52,3815	0,043	0,4346
15.01.2026 15:04:01	241,400	5,227	52,2675	0,044	0,4425
15.01.2026 15:04:01	241,450	5,219	52,1943	0,043	0,4340
15.01.2026 15:04:01	241,500	5,216	52,1584	0,044	0,4401
15.01.2026 15:04:01	241,550	5,207	52,0655	0,043	0,4313
15.01.2026 15:04:01	241,600	5,201	52,0105	0,044	0,4409
15.01.2026 15:04:01	241,650	5,193	51,9335	0,044	0,4357
15.01.2026 15:04:01	241,700	5,185	51,8514	0,044	0,4403
15.01.2026 15:04:01	241,750	5,180	51,7975	0,043	0,4349
15.01.2026 15:04:01	241,800	5,171	51,7067	0,044	0,4412
15.01.2026 15:04:01	241,850	5,164	51,6406	0,043	0,4327
15.01.2026 15:04:01	241,900	5,158	51,5771	0,044	0,4392
15.01.2026 15:04:01	241,950	5,147	51,4663	0,043	0,4323
15.01.2026 15:04:02	242,000	5,135	51,3486	0,044	0,4367
15.01.2026 15:04:02	242,050	5,128	51,2822	0,043	0,4320
15.01.2026 15:04:02	242,100	5,125	51,2550	0,044	0,4396
15.01.2026 15:04:02	242,150	5,121	51,2118	0,043	0,4314
15.01.2026 15:04:02	242,200	5,114	51,1359	0,044	0,4396
15.01.2026 15:04:02	242,250	5,108	51,0846	0,043	0,4333
15.01.2026 15:04:02	242,300	5,102	51,0203	0,044	0,4410
15.01.2026 15:04:02	242,350	5,094	50,9395	0,043	0,4338
15.01.2026 15:04:02	242,400	5,090	50,9011	0,044	0,4383
15.01.2026 15:04:02	242,450	5,088	50,8771	0,043	0,4330
15.01.2026 15:04:02	242,500	5,083	50,8273	0,044	0,4378
15.01.2026 15:04:02	242,550	5,075	50,7549	0,044	0,4376
15.01.2026 15:04:02	242,600	5,072	50,7190	0,044	0,4407
15.01.2026 15:04:02	242,650	5,069	50,6942	0,043	0,4328
15.01.2026 15:04:02	242,700	5,068	50,6818	0,044	0,4392
15.01.2026 15:04:02	242,750	5,060	50,6005	0,044	0,4357
15.01.2026 15:04:02	242,800	5,053	50,5307	0,044	0,4382
15.01.2026 15:04:02	242,850	5,042	50,4205	0,043	0,4296
15.01.2026 15:04:02	242,900	5,037	50,3710	0,044	0,4382
15.01.2026 15:04:02	242,950	5,034	50,3366	0,043	0,4310
15.01.2026 15:04:03	243,000	5,033	50,3315	0,044	0,4408
15.01.2026 15:04:03	243,050	5,032	50,3199	0,043	0,4339
15.01.2026 15:04:03	243,100	5,027	50,2750	0,044	0,4370
15.01.2026 15:04:03	243,150	5,020	50,2014	0,043	0,4330
15.01.2026 15:04:03	243,200	5,015	50,1538	0,044	0,4369
15.01.2026 15:04:03	243,250	5,006	50,0607	0,043	0,4332
15.01.2026 15:04:03	243,300	5,000	49,9985	0,044	0,4407
15.01.2026 15:04:03	243,350	4,987	49,8741	0,043	0,4343
15.01.2026 15:04:03	243,400	4,974	49,7438	0,044	0,4389
15.01.2026 15:04:03	243,450	4,962	49,6218	0,043	0,4346
15.01.2026 15:04:03	243,500	4,950	49,4952	0,044	0,4385
15.01.2026 15:04:03	243,550	4,937	49,3692	0,043	0,4328
15.01.2026 15:04:03	243,600	4,931	49,3086	0,044	0,4401
15.01.2026 15:04:03	243,650	4,925	49,2532	0,043	0,4325
15.01.2026 15:04:03	243,700	4,913	49,1269	0,044	0,4393
15.01.2026 15:04:03	243,750	4,900	48,9967	0,043	0,4322
15.01.2026 15:04:03	243,800	4,887	48,8701	0,044	0,4361
15.01.2026 15:04:03	243,850	4,877	48,7654	0,043	0,4306
15.01.2026 15:04:03	243,900	4,865	48,6530	0,044	0,4361
15.01.2026 15:04:03	243,950	4,854	48,5428	0,043	0,4331
15.01.2026 15:04:04	244,000	4,844	48,4428	0,044	0,4360
15.01.2026 15:04:04	244,050	4,839	48,3895	0,043	0,4315
15.01.2026 15:04:04	244,100	4,832	48,3199	0,044	0,4388
15.01.2026 15:04:04	244,150	4,823	48,2344	0,043	0,4307
15.01.2026 15:04:04	244,200	4,817	48,1715	0,044	0,4408
15.01.2026 15:04:04	244,250	4,805	48,0462	0,043	0,4330
15.01.2026 15:04:04	244,300	4,793	47,9294	0,044	0,4371
15.01.2026 15:04:04	244,350	4,786	47,8577	0,043	0,4295
15.01.2026 15:04:04	244,400	4,781	47,8080	0,044	0,4372
15.01.2026 15:04:04	244,450	4,771	47,7106	0,043	0,4296
15.01.2026 15:04:04	244,500	4,763	47,6295	0,044	0,4398
15.01.2026 15:04:04	244,550	4,748	47,4835	0,043	0,4286
15.01.2026 15:04:04	244,600	4,737	47,3727	0,043	0,4348
15.01.2026 15:04:04	244,650	4,727	47,2725	0,043	0,4291
15.01.2026 15:04:04	244,700	4,718	47,1801	0,044	0,4377
15.01.2026 15:04:04	244,750	4,712	47,1224	0,043	0,4294
15.01.2026 15:04:04	244,800	4,703	47,0271	0,044	0,4374
15.01.2026 15:04:04	244,850	4,681	46,8064	0,043	0,4284
15.01.2026 15:04:04	244,900	4,654	46,5388	0,044	0,4386
15.01.2026 15:04:04	244,950	4,634	46,3409	0,043	0,4306
15.01.2026 15:04:05	245,000	4,618	46,1818	0,044	0,4354
15.01.2026 15:04:05	245,050	4,606	46,0555	0,043	0,4286
15.01.2026 15:04:05	245,100	4,592	45,9172	0,043	0,4344
15.01.2026 15:04:05	245,150	4,577	45,7668	0,043	0,4302
15.01.2026 15:04:05	245,200	4,561	45,6113	0,043	0,4343
15.01.2026 15:04:05	245,250	4,541	45,4094	0,043	0,4276
15.01.2026 15:04:05	245,300	4,526	45,2590	0,044	0,4358
15.01.2026 15:04:05	245,350	4,517	45,1737	0,043	0,4283
15.01.2026 15:04:05	245,400	4,514	45,1378	0,043	0,4324
15.01.2026 15:04:05	245,450	4,510	45,0990	0,043	0,4299
15.01.2026 15:04:05	245,500	4,502	45,0185	0,043	0,4334
15.01.2026 15:04:05	245,550	4,490	44,9039	0,043	0,4280
15.01.2026 15:04:05	245,600	4,482	44,8234	0,043	0,4334
15.01.2026 15:04:05	245,650	4,472	44,7190	0,043	0,4256
15.01.2026 15:04:05	245,700	4,464	44,6384	0,043	0,4327
15.01.2026 15:04:05	245,750	4,460	44,5959	0,043	0,4318
15.01.2026 15:04:05	245,800	4,454	44,5400	0,043	0,4322
15.01.2026 15:04:05	245,850	4,445	44,4537	0,043	0,4273
15.01.2026 15:04:05	245,900	4,441	44,4079	0,043	0,4339
15.01.2026 15:04:05	245,950	4,431	44,3087	0,042	0,4247
15.01.2026 15:04:06	246,000	4,425	44,2540	0,043	0,4336
15.01.2026 15:04:06	246,050	4,422	44,2197	0,043	0,4279
15.01.2026 15:04:06	246,100	4,415	44,1539	0,043	0,4305
15.01.2026 15:04:06	246,150	4,405	44,0508	0,043	0,4254
15.01.2026 15:04:06	246,200	4,395	43,9492	0,043	0,4331
15.01.2026 15:04:06	246,250	4,388	43,8820	0,042	0,4249
15.01.2026 15:04:06	246,300	4,381	43,8075	0,043	0,4308
15.01.2026 15:04:06	246,350	4,383	43,8345	0,043	0,4288
15.01.2026 15:04:06	246,400	4,400	44,0004	0,043	0,4317
15.01.2026 15:04:06	246,450	4,409	44,0897	0,043	0,4264
15.01.2026 15:04:06	246,500	4,414	44,1406	0,043	0,4307
15.01.2026 15:04:06	246,550	4,416	44,1566	0,042	0,4247
15.01.2026 15:04:06	246,600	4,418	44,1764	0,043	0,4332
15.01.2026 15:04:06	246,650	4,417	44,1732	0,042	0,4244
15.01.2026 15:04:06	246,700	4,419	44,1859	0,044	0,4351
15.01.2026 15:04:06	246,750	4,418	44,1814	0,043	0,4288
15.01.2026 15:04:06	246,800	4,419	44,1859	0,043	0,4329
15.01.2026 15:04:06	246,850	4,418	44,1831	0,043	0,4283
15.01.2026 15:04:06	246,900	4,418	44,1847	0,043	0,4318
15.01.2026 15:04:06	246,950	4,425	44,2486	0,043	0,4291
15.01.2026 15:04:07	247,000	4,450	44,5047	0,043	0,4338
15.01.2026 15:04:07	247,050	4,462	44,6167	0,043	0,4285
15.01.2026 15:04:07	247,100	4,454	44,5427	0,043	0,4319
15.01.2026 15:04:07	247,150	4,443	44,4281	0,043	0,4290
15.01.2026 15:04:07	247,200	4,431	44,3091	0,044	0,4352
15.01.2026 15:04:07	247,250	4,413	44,1324	0,043	0,4294
15.01.2026 15:04:07	247,300	4,386	43,8587	0,043	0,4309
15.01.2026 15:04:07	247,350	4,344	43,4425	0,043	0,4269
15.01.2026 15:04:07	247,400	4,287	42,8695	0,043	0,4308
15.01.2026 15:04:07	247,450	4,245	42,4475	0,043	0,4274
15.01.2026 15:04:07	247,500	4,224	42,2378	0,043	0,4301
15.01.2026 15:04:07	247,550	4,213	42,1291	0,043	0,4265
15.01.2026 15:04:07	247,600	4,208	42,0789	0,043	0,4298
15.01.2026 15:04:07	247,650	4,205	42,0502	0,043	0,4278
15.01.2026 15:04:07	247,700	4,209	42,0901	0,043	0,4309
15.01.2026 15:04:07	247,750	4,214	42,1419	0,042	0,4237
15.01.2026 15:04:07	247,800	4,211	42,1137	0,043	0,4290
15.01.2026 15:04:07	247,850	4,207	42,0673	0,043	0,4280
15.01.2026 15:04:07	247,900	4,203	42,0333	0,043	0,4295
15.01.2026 15:04:07	247,950	4,190	41,8977	0,043	0,4258
15.01.2026 15:04:08	248,000	4,178	41,7774	0,043	0,4310
15.01.2026 15:04:08	248,050	4,164	41,6401	0,042	0,4248
15.01.2026 15:04:08	248,100	4,156	41,5608	0,043	0,4287
15.01.2026 15:04:08	248,150	4,145	41,4496	0,042	0,4234
15.01.2026 15:04:08	248,200	4,135	41,3536	0,043	0,4285
15.01.2026 15:04:08	248,250	4,117	41,1738	0,043	0,4261
15.01.2026 15:04:08	248,300	4,106	41,0607	0,043	0,4274
15.01.2026 15:04:08	248,350	4,100	40,9991	0,043	0,4252
15.01.2026 15:04:08	248,400	4,098	40,9784	0,043	0,4318
15.01.2026 15:04:08	248,450	4,091	40,9105	0,042	0,4249
15.01.2026 15:04:08	248,500	4,084	40,8388	0,042	0,4249
15.01.2026 15:04:08	248,550	4,075	40,7482	0,042	0,4234
15.01.2026 15:04:08	248,600	4,064	40,6418	0,043	0,4260
15.01.2026 15:04:08	248,650	4,053	40,5274	0,043	0,4252
15.01.2026 15:04:08	248,700	4,044	40,4446	0,043	0,4322
15.01.2026 15:04:08	248,750	4,033	40,3315	0,042	0,4243
15.01.2026 15:04:08	248,800	4,021	40,2078	0,043	0,4281
15.01.2026 15:04:08	248,850	4,003	40,0343	0,042	0,4242
15.01.2026 15:04:08	248,900	3,983	39,8279	0,043	0,4276
15.01.2026 15:04:08	248,950	3,967	39,6675	0,042	0,4233
15.01.2026 15:04:09	249,000	3,957	39,5711	0,043	0,4269
15.01.2026 15:04:09	249,050	3,945	39,4526	0,042	0,4220
15.01.2026 15:04:09	249,100	3,938	39,3803	0,043	0,4288
15.01.2026 15:04:09	249,150	3,927	39,2744	0,042	0,4244
15.01.2026 15:04:09	249,200	3,921	39,2144	0,043	0,4253
15.01.2026 15:04:09	249,250	3,918	39,1794	0,042	0,4221
15.01.2026 15:04:09	249,300	3,917	39,1667	0,043	0,4251
15.01.2026 15:04:09	249,350	3,911	39,1054	0,042	0,4238
15.01.2026 15:04:09	249,400	3,900	39,0030	0,043	0,4263
15.01.2026 15:04:09	249,450	3,888	38,8758	0,042	0,4204
15.01.2026 15:04:09	249,500	3,869	38,6882	0,043	0,4254
15.01.2026 15:04:09	249,550	3,842	38,4222	0,042	0,4238
15.01.2026 15:04:09	249,600	3,825	38,2525	0,043	0,4269
15.01.2026 15:04:09	249,650	3,816	38,1585	0,042	0,4221
15.01.2026 15:04:09	249,700	3,806	38,0587	0,042	0,4248
15.01.2026 15:04:09	249,750	3,787	37,8655	0,042	0,4201
15.01.2026 15:04:09	249,800	3,759	37,5891	0,043	0,4254
15.01.2026 15:04:09	249,850	3,738	37,3783	0,042	0,4202
15.01.2026 15:04:09	249,900	3,728	37,2783	0,042	0,4240
15.01.2026 15:04:09	249,950	3,723	37,2257	0,042	0,4228
15.01.2026 15:04:10	250,000	3,720	37,1994	0,042	0,4224
15.01.2026 15:04:10	250,050	3,718	37,1839	0,042	0,4220
15.01.2026 15:04:10	250,100	3,715	37,1509	0,042	0,4250
15.01.2026 15:04:10	250,150	3,707	37,0727	0,042	0,4226
15.01.2026 15:04:10	250,200	3,704	37,0357	0,042	0,4247
15.01.2026 15:04:10	250,250	3,696	36,9582	0,042	0,4241
15.01.2026 15:04:10	250,300	3,682	36,8170	0,042	0,4242
15.01.2026 15:04:10	250,350	3,664	36,6405	0,042	0,4200
15.01.2026 15:04:10	250,400	3,651	36,5057	0,042	0,4242
15.01.2026 15:04:10	250,450	3,639	36,3869	0,042	0,4205
15.01.2026 15:04:10	250,500	3,631	36,3139	0,042	0,4213
15.01.2026 15:04:10	250,550	3,621	36,2115	0,042	0,4222
15.01.2026 15:04:10	250,600	3,615	36,1504	0,042	0,4215
15.01.2026 15:04:10	250,650	3,611	36,1072	0,042	0,4187
15.01.2026 15:04:10	250,700	3,602	36,0239	0,042	0,4237
15.01.2026 15:04:10	250,750	3,595	35,9468	0,042	0,4200
15.01.2026 15:04:10	250,800	3,584	35,8406	0,042	0,4230
15.01.2026 15:04:10	250,850	3,570	35,7036	0,042	0,4183
15.01.2026 15:04:10	250,900	3,563	35,6316	0,042	0,4226
15.01.2026 15:04:10	250,950	3,559	35,5855	0,042	0,4189
15.01.2026 15:04:11	251,000	3,550	35,4989	0,042	0,4203
15.01.2026 15:04:11	251,050	3,532	35,3234	0,042	0,4196
15.01.2026 15:04:11	251,100	3,517	35,1727	0,042	0,4226
15.01.2026 15:04:11	251,150	3,509	35,0899	0,042	0,4218
15.01.2026 15:04:11	251,200	3,505	35,0505	0,042	0,4217
15.01.2026 15:04:11	251,250	3,503	35,0282	0,042	0,4196
15.01.2026 15:04:11	251,300	3,502	35,0192	0,042	0,4199
15.01.2026 15:04:11	251,350	3,500	35,0044	0,042	0,4193
15.01.2026 15:04:11	251,400	3,493	34,9269	0,042	0,4207
15.01.2026 15:04:11	251,450	3,480	34,8027	0,042	0,4190
15.01.2026 15:04:11	251,500	3,473	34,7319	0,042	0,4246
15.01.2026 15:04:11	251,550	3,463	34,6337	0,042	0,4203
15.01.2026 15:04:11	251,600	3,455	34,5537	0,042	0,4221
15.01.2026 15:04:11	251,650	3,451	34,5073	0,042	0,4151
15.01.2026 15:04:11	251,700	3,449	34,4891	0,042	0,4166
15.01.2026 15:04:11	251,750	3,438	34,3850	0,041	0,4135
15.01.2026 15:04:11	251,800	3,423	34,2294	0,042	0,4203
15.01.2026 15:04:11	251,850	3,409	34,0862	0,042	0,4201
15.01.2026 15:04:11	251,900	3,401	34,0143	0,042	0,4216
15.01.2026 15:04:11	251,950	3,397	33,9695	0,042	0,4169
15.01.2026 15:04:12	252,000	3,395	33,9485	0,042	0,4214
15.01.2026 15:04:12	252,050	3,387	33,8651	0,042	0,4163
15.01.2026 15:04:12	252,100	3,381	33,8140	0,042	0,4228
15.01.2026 15:04:12	252,150	3,372	33,7168	0,042	0,4177
15.01.2026 15:04:12	252,200	3,365	33,6517	0,042	0,4216
15.01.2026 15:04:12	252,250	3,361	33,6084	0,042	0,4167
15.01.2026 15:04:12	252,300	3,354	33,5396	0,042	0,4181
15.01.2026 15:04:12	252,350	3,347	33,4691	0,042	0,4190
15.01.2026 15:04:12	252,400	3,343	33,4341	0,042	0,4216
15.01.2026 15:04:12	252,450	3,335	33,3474	0,042	0,4171
15.01.2026 15:04:12	252,500	3,328	33,2812	0,042	0,4168
15.01.2026 15:04:12	252,550	3,321	33,2072	0,042	0,4192
15.01.2026 15:04:12	252,600	3,311	33,1059	0,042	0,4219
15.01.2026 15:04:12	252,650	3,296	32,9599	0,042	0,4180
15.01.2026 15:04:12	252,700	3,276	32,7603	0,042	0,4158
15.01.2026 15:04:12	252,750	3,262	32,6241	0,041	0,4131
15.01.2026 15:04:12	252,800	3,256	32,5629	0,042	0,4178
15.01.2026 15:04:12	252,850	3,253	32,5285	0,042	0,4158
15.01.2026 15:04:12	252,900	3,252	32,5187	0,042	0,4173
15.01.2026 15:04:12	252,950	3,251	32,5078	0,041	0,4140
15.01.2026 15:04:13	253,000	3,251	32,5066	0,042	0,4152
15.01.2026 15:04:13	253,050	3,250	32,5029	0,042	0,4151
15.01.2026 15:04:13	253,100	3,251	32,5052	0,042	0,4175
15.01.2026 15:04:13	253,150	3,250	32,5011	0,042	0,4158
15.01.2026 15:04:13	253,200	3,250	32,5020	0,042	0,4167
15.01.2026 15:04:13	253,250	3,250	32,4991	0,042	0,4158
15.01.2026 15:04:13	253,300	3,250	32,5011	0,042	0,4176
15.01.2026 15:04:13	253,350	3,250	32,4976	0,042	0,4159
15.01.2026 15:04:13	253,400	3,250	32,4961	0,042	0,4161
15.01.2026 15:04:13	253,450	3,249	32,4895	0,041	0,4145
15.01.2026 15:04:13	253,500	3,248	32,4831	0,042	0,4174
15.01.2026 15:04:13	253,550	3,235	32,3454	0,042	0,4180
15.01.2026 15:04:13	253,600	3,208	32,0790	0,041	0,4135
15.01.2026 15:04:13	253,650	3,176	31,7646	0,041	0,4138
15.01.2026 15:04:13	253,700	3,159	31,5912	0,042	0,4152
15.01.2026 15:04:13	253,750	3,150	31,4970	0,042	0,4151
15.01.2026 15:04:13	253,800	3,139	31,3902	0,041	0,4133
15.01.2026 15:04:13	253,850	3,131	31,3146	0,042	0,4179
15.01.2026 15:04:13	253,900	3,120	31,2023	0,041	0,4128
15.01.2026 15:04:13	253,950	3,108	31,0829	0,042	0,4186
15.01.2026 15:04:14	254,000	3,085	30,8498	0,041	0,4149
15.01.2026 15:04:14	254,050	3,068	30,6799	0,041	0,4132
15.01.2026 15:04:14	254,100	3,059	30,5903	0,041	0,4134
15.01.2026 15:04:14	254,150	3,048	30,4781	0,042	0,4157
15.01.2026 15:04:14	254,200	3,031	30,3064	0,041	0,4146
15.01.2026 15:04:14	254,250	3,000	29,9974	0,041	0,4119
15.01.2026 15:04:14	254,300	2,975	29,7517	0,041	0,4112
15.01.2026 15:04:14	254,350	2,954	29,5362	0,041	0,4132
15.01.2026 15:04:14	254,400	2,934	29,3353	0,041	0,4127
15.01.2026 15:04:14	254,450	2,913	29,1307	0,041	0,4110
15.01.2026 15:04:14	254,500	2,899	28,9917	0,041	0,4088
15.01.2026 15:04:14	254,550	2,886	28,8599	0,041	0,4118
15.01.2026 15:04:14	254,600	2,879	28,7886	0,041	0,4120
15.01.2026 15:04:14	254,650	2,875	28,7531	0,041	0,4133
15.01.2026 15:04:14	254,700	2,871	28,7069	0,041	0,4104
15.01.2026 15:04:14	254,750	2,863	28,6274	0,041	0,4147
15.01.2026 15:04:14	254,800	2,853	28,5333	0,041	0,4123
15.01.2026 15:04:14	254,850	2,845	28,4500	0,041	0,4133
15.01.2026 15:04:14	254,900	2,839	28,3862	0,041	0,4084
15.01.2026 15:04:14	254,950	2,829	28,2868	0,041	0,4132
15.01.2026 15:04:15	255,000	2,816	28,1599	0,041	0,4097
15.01.2026 15:04:15	255,050	2,808	28,0837	0,041	0,4136
15.01.2026 15:04:15	255,100	2,802	28,0198	0,041	0,4097
15.01.2026 15:04:15	255,150	2,789	27,8862	0,041	0,4104
15.01.2026 15:04:15	255,200	2,775	27,7470	0,041	0,4109
15.01.2026 15:04:15	255,250	2,761	27,6140	0,041	0,4104
15.01.2026 15:04:15	255,300	2,751	27,5062	0,041	0,4112
15.01.2026 15:04:15	255,350	2,734	27,3407	0,041	0,4134
15.01.2026 15:04:15	255,400	2,719	27,1911	0,041	0,4093
15.01.2026 15:04:15	255,450	2,702	27,0227	0,041	0,4121
15.01.2026 15:04:15	255,500	2,688	26,8794	0,041	0,4074
15.01.2026 15:04:15	255,550	2,674	26,7424	0,041	0,4120
15.01.2026 15:04:15	255,600	2,657	26,5689	0,041	0,4070
15.01.2026 15:04:15	255,650	2,633	26,3324	0,041	0,4118
15.01.2026 15:04:15	255,700	2,610	26,0952	0,041	0,4106
15.01.2026 15:04:15	255,750	2,590	25,8968	0,041	0,4081
15.01.2026 15:04:15	255,800	2,578	25,7772	0,041	0,4088
15.01.2026 15:04:15	255,850	2,565	25,6461	0,041	0,4082
15.01.2026 15:04:15	255,900	2,552	25,5167	0,041	0,4051
15.01.2026 15:04:15	255,950	2,542	25,4193	0,041	0,4079
15.01.2026 15:04:16	256,000	2,537	25,3672	0,041	0,4051
15.01.2026 15:04:16	256,050	2,530	25,3020	0,041	0,4085
15.01.2026 15:04:16	256,100	2,519	25,1929	0,040	0,4030
15.01.2026 15:04:16	256,150	2,508	25,0837	0,041	0,4076
15.01.2026 15:04:16	256,200	2,497	24,9724	0,040	0,4046
15.01.2026 15:04:16	256,250	2,488	24,8828	0,041	0,4097
15.01.2026 15:04:16	256,300	2,475	24,7510	0,041	0,4076
15.01.2026 15:04:16	256,350	2,459	24,5872	0,041	0,4081
15.01.2026 15:04:16	256,400	2,438	24,3811	0,040	0,4022
15.01.2026 15:04:16	256,450	2,423	24,2300	0,041	0,4060
15.01.2026 15:04:16	256,500	2,415	24,1508	0,040	0,4041
15.01.2026 15:04:16	256,550	2,411	24,1144	0,041	0,4064
15.01.2026 15:04:16	256,600	2,409	24,0947	0,040	0,4042
15.01.2026 15:04:16	256,650	2,408	24,0823	0,040	0,4037
15.01.2026 15:04:16	256,700	2,405	24,0456	0,041	0,4056
15.01.2026 15:04:16	256,750	2,384	23,8358	0,041	0,4064
15.01.2026 15:04:16	256,800	2,369	23,6941	0,040	0,4026
15.01.2026 15:04:16	256,850	2,363	23,6271	0,041	0,4068
15.01.2026 15:04:16	256,900	2,359	23,5916	0,040	0,4028
15.01.2026 15:04:16	256,950	2,357	23,5742	0,040	0,4035
15.01.2026 15:04:17	257,000	2,357	23,5662	0,040	0,4020
15.01.2026 15:04:17	257,050	2,356	23,5636	0,040	0,4041
15.01.2026 15:04:17	257,100	2,356	23,5607	0,040	0,4011
15.01.2026 15:04:17	257,150	2,356	23,5629	0,041	0,4058
15.01.2026 15:04:17	257,200	2,356	23,5641	0,040	0,4038
15.01.2026 15:04:17	257,250	2,359	23,5920	0,041	0,4055
15.01.2026 15:04:17	257,300	2,358	23,5765	0,040	0,4047
15.01.2026 15:04:17	257,350	2,356	23,5600	0,041	0,4061
15.01.2026 15:04:17	257,400	2,355	23,5476	0,040	0,4022
15.01.2026 15:04:17	257,450	2,354	23,5447	0,040	0,4041
15.01.2026 15:04:17	257,500	2,354	23,5406	0,040	0,4020
15.01.2026 15:04:17	257,550	2,354	23,5415	0,041	0,4070
15.01.2026 15:04:17	257,600	2,350	23,4980	0,040	0,4043
15.01.2026 15:04:17	257,650	2,345	23,4500	0,041	0,4073
15.01.2026 15:04:17	257,700	2,341	23,4060	0,040	0,4022
15.01.2026 15:04:17	257,750	2,338	23,3788	0,041	0,4096
15.01.2026 15:04:17	257,800	2,323	23,2255	0,041	0,4051
15.01.2026 15:04:17	257,850	2,299	22,9860	0,041	0,4066
15.01.2026 15:04:17	257,900	2,282	22,8183	0,040	0,4045
15.01.2026 15:04:17	257,950	2,273	22,7326	0,041	0,4052
15.01.2026 15:04:18	258,000	2,269	22,6890	0,040	0,4031
15.01.2026 15:04:18	258,050	2,261	22,6100	0,040	0,4046
15.01.2026 15:04:18	258,100	2,243	22,4288	0,040	0,4023
15.01.2026 15:04:18	258,150	2,227	22,2747	0,041	0,4064
15.01.2026 15:04:18	258,200	2,213	22,1333	0,040	0,4019
15.01.2026 15:04:18	258,250	2,203	22,0323	0,041	0,4056
15.01.2026 15:04:18	258,300	2,198	21,9786	0,040	0,4013
15.01.2026 15:04:18	258,350	2,195	21,9537	0,040	0,4028
15.01.2026 15:04:18	258,400	2,194	21,9443	0,040	0,4042
15.01.2026 15:04:18	258,450	2,189	21,8935	0,040	0,4036
15.01.2026 15:04:18	258,500	2,180	21,8030	0,040	0,4009
15.01.2026 15:04:18	258,550	2,170	21,7006	0,041	0,4073
15.01.2026 15:04:18	258,600	2,162	21,6236	0,040	0,4029
15.01.2026 15:04:18	258,650	2,152	21,5180	0,041	0,4051
15.01.2026 15:04:18	258,700	2,138	21,3797	0,040	0,4005
15.01.2026 15:04:18	258,750	2,121	21,2139	0,040	0,4050
15.01.2026 15:04:18	258,800	2,104	21,0429	0,040	0,3999
15.01.2026 15:04:18	258,850	2,093	20,9340	0,041	0,4063
15.01.2026 15:04:18	258,900	2,081	20,8063	0,040	0,3960
15.01.2026 15:04:18	258,950	2,070	20,6973	0,040	0,4029
15.01.2026 15:04:19	259,000	2,055	20,5483	0,040	0,3983
15.01.2026 15:04:19	259,050	2,043	20,4274	0,040	0,4042
15.01.2026 15:04:19	259,100	2,026	20,2561	0,040	0,3999
15.01.2026 15:04:19	259,150	2,011	20,1146	0,040	0,4008
15.01.2026 15:04:19	259,200	2,004	20,0399	0,040	0,3976
15.01.2026 15:04:19	259,250	1,995	19,9482	0,040	0,4048
15.01.2026 15:04:19	259,300	1,980	19,8040	0,040	0,3985
15.01.2026 15:04:19	259,350	1,965	19,6479	0,040	0,4005
15.01.2026 15:04:19	259,400	1,954	19,5403	0,040	0,3968
15.01.2026 15:04:19	259,450	1,949	19,4918	0,040	0,4027
15.01.2026 15:04:19	259,500	1,946	19,4581	0,039	0,3948
15.01.2026 15:04:19	259,550	1,945	19,4503	0,040	0,4018
15.01.2026 15:04:19	259,600	1,944	19,4417	0,039	0,3946
15.01.2026 15:04:19	259,650	1,962	19,6247	0,040	0,4010
15.01.2026 15:04:19	259,700	1,981	19,8071	0,040	0,3972
15.01.2026 15:04:19	259,750	1,990	19,9008	0,040	0,4002
15.01.2026 15:04:19	259,800	1,994	19,9443	0,040	0,3968
15.01.2026 15:04:19	259,850	1,997	19,9670	0,040	0,3986
15.01.2026 15:04:19	259,900	1,997	19,9739	0,040	0,3954
15.01.2026 15:04:19	259,950	1,998	19,9822	0,040	0,3985
15.01.2026 15:04:20	260,000	1,999	19,9949	0,040	0,3963
15.01.2026 15:04:20	260,050	2,002	20,0158	0,040	0,4046
15.01.2026 15:04:20	260,100	2,001	20,0086	0,040	0,3968
15.01.2026 15:04:20	260,150	2,001	20,0075	0,040	0,4007
15.01.2026 15:04:20	260,200	1,999	19,9902	0,040	0,3960
15.01.2026 15:04:20	260,250	1,998	19,9810	0,041	0,4058
15.01.2026 15:04:20	260,300	1,990	19,9034	0,040	0,3979
15.01.2026 15:04:20	260,350	1,979	19,7938	0,040	0,4025
15.01.2026 15:04:20	260,400	1,949	19,4891	0,040	0,3973
15.01.2026 15:04:20	260,450	1,921	19,2091	0,040	0,4011
15.01.2026 15:04:20	260,500	1,905	19,0532	0,040	0,3955
15.01.2026 15:04:20	260,550	1,898	18,9805	0,040	0,4004
15.01.2026 15:04:20	260,600	1,891	18,9107	0,040	0,3950
15.01.2026 15:04:20	260,650	1,874	18,7357	0,040	0,4012
15.01.2026 15:04:20	260,700	1,856	18,5571	0,040	0,3956
15.01.2026 15:04:20	260,750	1,847	18,4669	0,040	0,4002
15.01.2026 15:04:20	260,800	1,841	18,4117	0,040	0,3967
15.01.2026 15:04:20	260,850	1,829	18,2929	0,040	0,4017
15.01.2026 15:04:20	260,900	1,809	18,0869	0,040	0,3962
15.01.2026 15:04:20	260,950	1,784	17,8395	0,040	0,4017
15.01.2026 15:04:21	261,000	1,759	17,5881	0,039	0,3928
15.01.2026 15:04:21	261,050	1,744	17,4441	0,040	0,3980
15.01.2026 15:04:21	261,100	1,737	17,3668	0,039	0,3943
15.01.2026 15:04:21	261,150	1,733	17,3333	0,040	0,3970
15.01.2026 15:04:21	261,200	1,731	17,3106	0,039	0,3915
15.01.2026 15:04:21	261,250	1,731	17,3094	0,040	0,4007
15.01.2026 15:04:21	261,300	1,730	17,2961	0,039	0,3939
15.01.2026 15:04:21	261,350	1,723	17,2269	0,040	0,3995
15.01.2026 15:04:21	261,400	1,707	17,0739	0,039	0,3923
15.01.2026 15:04:21	261,450	1,693	16,9262	0,040	0,3993
15.01.2026 15:04:21	261,500	1,675	16,7460	0,039	0,3938
15.01.2026 15:04:21	261,550	1,658	16,5836	0,040	0,4001
15.01.2026 15:04:21	261,600	1,649	16,4895	0,039	0,3918
15.01.2026 15:04:21	261,650	1,644	16,4388	0,040	0,4005
15.01.2026 15:04:21	261,700	1,633	16,3293	0,039	0,3880
15.01.2026 15:04:21	261,750	1,622	16,2152	0,040	0,3969
15.01.2026 15:04:21	261,800	1,613	16,1335	0,039	0,3925
15.01.2026 15:04:21	261,850	1,610	16,1016	0,040	0,3977
15.01.2026 15:04:21	261,900	1,607	16,0701	0,039	0,3916
15.01.2026 15:04:21	261,950	1,599	15,9900	0,040	0,3961
15.01.2026 15:04:22	262,000	1,589	15,8859	0,039	0,3881
15.01.2026 15:04:22	262,050	1,579	15,7950	0,040	0,3971
15.01.2026 15:04:22	262,100	1,574	15,7383	0,039	0,3904
15.01.2026 15:04:22	262,150	1,572	15,7194	0,040	0,3967
15.01.2026 15:04:22	262,200	1,570	15,7042	0,039	0,3911
15.01.2026 15:04:22	262,250	1,576	15,7608	0,040	0,3965
15.01.2026 15:04:22	262,300	1,581	15,8140	0,039	0,3913
15.01.2026 15:04:22	262,350	1,585	15,8457	0,040	0,3980
15.01.2026 15:04:22	262,400	1,585	15,8501	0,039	0,3874
15.01.2026 15:04:22	262,450	1,586	15,8605	0,039	0,3935
15.01.2026 15:04:22	262,500	1,586	15,8622	0,039	0,3894
15.01.2026 15:04:22	262,550	1,587	15,8654	0,039	0,3940
15.01.2026 15:04:22	262,600	1,586	15,8592	0,039	0,3855
15.01.2026 15:04:22	262,650	1,587	15,8660	0,039	0,3946
15.01.2026 15:04:22	262,700	1,584	15,8437	0,039	0,3865
15.01.2026 15:04:22	262,750	1,578	15,7790	0,040	0,3965
15.01.2026 15:04:22	262,800	1,571	15,7062	0,039	0,3887
15.01.2026 15:04:22	262,850	1,556	15,5563	0,039	0,3944
15.01.2026 15:04:22	262,900	1,534	15,3446	0,039	0,3895
15.01.2026 15:04:22	262,950	1,509	15,0927	0,040	0,3952
15.01.2026 15:04:23	263,000	1,488	14,8777	0,039	0,3881
15.01.2026 15:04:23	263,050	1,475	14,7543	0,039	0,3925
15.01.2026 15:04:23	263,100	1,469	14,6861	0,038	0,3850
15.01.2026 15:04:23	263,150	1,466	14,6605	0,039	0,3927
15.01.2026 15:04:23	263,200	1,459	14,5917	0,039	0,3877
15.01.2026 15:04:23	263,250	1,453	14,5283	0,040	0,3966
15.01.2026 15:04:23	263,300	1,448	14,4787	0,039	0,3891
15.01.2026 15:04:23	263,350	1,438	14,3805	0,040	0,3971
15.01.2026 15:04:23	263,400	1,424	14,2419	0,039	0,3868
15.01.2026 15:04:23	263,450	1,415	14,1520	0,039	0,3927
15.01.2026 15:04:23	263,500	1,398	13,9845	0,039	0,3859
15.01.2026 15:04:23	263,550	1,381	13,8147	0,040	0,3988
15.01.2026 15:04:23	263,600	1,369	13,6873	0,039	0,3882
15.01.2026 15:04:23	263,650	1,363	13,6271	0,039	0,3939
15.01.2026 15:04:23	263,700	1,358	13,5762	0,038	0,3847
15.01.2026 15:04:23	263,750	1,349	13,4940	0,039	0,3919
15.01.2026 15:04:23	263,800	1,343	13,4251	0,039	0,3864
15.01.2026 15:04:23	263,850	1,333	13,3285	0,039	0,3905
15.01.2026 15:04:23	263,900	1,326	13,2648	0,039	0,3857
15.01.2026 15:04:23	263,950	1,320	13,1972	0,039	0,3916
15.01.2026 15:04:24	264,000	1,311	13,1126	0,039	0,3851
15.01.2026 15:04:24	264,050	1,308	13,0756	0,039	0,3924
15.01.2026 15:04:24	264,100	1,304	13,0351	0,039	0,3867
15.01.2026 15:04:24	264,150	1,295	12,9532	0,039	0,3902
15.01.2026 15:04:24	264,200	1,290	12,9006	0,039	0,3872
15.01.2026 15:04:24	264,250	1,288	12,8798	0,039	0,3941
15.01.2026 15:04:24	264,300	1,283	12,8257	0,039	0,3873
15.01.2026 15:04:24	264,350	1,275	12,7526	0,039	0,3907
15.01.2026 15:04:24	264,400	1,265	12,6505	0,038	0,3832
15.01.2026 15:04:24	264,450	1,258	12,5844	0,039	0,3932
15.01.2026 15:04:24	264,500	1,254	12,5409	0,039	0,3858
15.01.2026 15:04:24	264,550	1,252	12,5230	0,039	0,3905
15.01.2026 15:04:24	264,600	1,245	12,4505	0,038	0,3833
15.01.2026 15:04:24	264,650	1,239	12,3940	0,039	0,3934
15.01.2026 15:04:24	264,700	1,236	12,3555	0,038	0,3834
15.01.2026 15:04:24	264,750	1,235	12,3462	0,039	0,3921
15.01.2026 15:04:24	264,800	1,233	12,3346	0,039	0,3860
15.01.2026 15:04:24	264,850	1,232	12,3217	0,039	0,3917
15.01.2026 15:04:24	264,900	1,224	12,2381	0,038	0,3802
15.01.2026 15:04:24	264,950	1,220	12,2017	0,039	0,3928
15.01.2026 15:04:25	265,000	1,212	12,1192	0,039	0,3862
15.01.2026 15:04:25	265,050	1,199	11,9935	0,039	0,3911
15.01.2026 15:04:25	265,100	1,189	11,8902	0,038	0,3811
15.01.2026 15:04:25	265,150	1,181	11,8102	0,039	0,3903
15.01.2026 15:04:25	265,200	1,171	11,7085	0,038	0,3812
15.01.2026 15:04:25	265,250	1,167	11,6679	0,039	0,3914
15.01.2026 15:04:25	265,300	1,163	11,6320	0,038	0,3813
15.01.2026 15:04:25	265,350	1,156	11,5627	0,039	0,3889
15.01.2026 15:04:25	265,400	1,150	11,4994	0,038	0,3845
15.01.2026 15:04:25	265,450	1,146	11,4600	0,039	0,3899
15.01.2026 15:04:25	265,500	1,136	11,3581	0,038	0,3837
15.01.2026 15:04:25	265,550	1,124	11,2409	0,039	0,3892
15.01.2026 15:04:25	265,600	1,117	11,1658	0,038	0,3830
15.01.2026 15:04:25	265,650	1,113	11,1340	0,039	0,3904
15.01.2026 15:04:25	265,700	1,111	11,1084	0,038	0,3815
15.01.2026 15:04:25	265,750	1,109	11,0879	0,039	0,3900
15.01.2026 15:04:25	265,800	1,100	11,0027	0,038	0,3812
15.01.2026 15:04:25	265,850	1,096	10,9623	0,039	0,3908
15.01.2026 15:04:25	265,900	1,093	10,9300	0,038	0,3801
15.01.2026 15:04:25	265,950	1,087	10,8723	0,039	0,3901
15.01.2026 15:04:26	266,000	1,075	10,7453	0,038	0,3815
15.01.2026 15:04:26	266,050	1,066	10,6560	0,039	0,3885
15.01.2026 15:04:26	266,100	1,060	10,6037	0,038	0,3820
15.01.2026 15:04:26	266,150	1,057	10,5733	0,039	0,3865
15.01.2026 15:04:26	266,200	1,046	10,4595	0,038	0,3799
15.01.2026 15:04:26	266,250	1,030	10,2963	0,039	0,3859
15.01.2026 15:04:26	266,300	1,010	10,0984	0,038	0,3777
15.01.2026 15:04:26	266,350	0,998	9,9807	0,039	0,3885
15.01.2026 15:04:26	266,400	0,991	9,9116	0,038	0,3802
15.01.2026 15:04:26	266,450	0,988	9,8847	0,039	0,3882
15.01.2026 15:04:26	266,500	0,980	9,8023	0,038	0,3784
15.01.2026 15:04:26	266,550	0,974	9,7427	0,039	0,3858
15.01.2026 15:04:26	266,600	0,971	9,7060	0,038	0,3799
15.01.2026 15:04:26	266,650	0,969	9,6946	0,039	0,3854
15.01.2026 15:04:26	266,700	0,966	9,6584	0,038	0,3779
15.01.2026 15:04:26	266,750	0,958	9,5790	0,039	0,3876
15.01.2026 15:04:26	266,800	0,946	9,4614	0,038	0,3792
15.01.2026 15:04:26	266,850	0,940	9,3993	0,039	0,3868
15.01.2026 15:04:26	266,900	0,933	9,3274	0,038	0,3778
15.01.2026 15:04:26	266,950	0,925	9,2489	0,039	0,3865
15.01.2026 15:04:27	267,000	0,920	9,1993	0,038	0,3798
15.01.2026 15:04:27	267,050	0,918	9,1823	0,039	0,3869
15.01.2026 15:04:27	267,100	0,916	9,1583	0,038	0,3798
15.01.2026 15:04:27	267,150	0,908	9,0783	0,039	0,3861
15.01.2026 15:04:27	267,200	0,891	8,9135	0,038	0,3766
15.01.2026 15:04:27	267,250	0,877	8,7725	0,039	0,3865
15.01.2026 15:04:27	267,300	0,869	8,6915	0,038	0,3760
15.01.2026 15:04:27	267,350	0,866	8,6587	0,038	0,3845
15.01.2026 15:04:27	267,400	0,864	8,6369	0,038	0,3779
15.01.2026 15:04:27	267,450	0,863	8,6323	0,039	0,3855
15.01.2026 15:04:27	267,500	0,862	8,6241	0,038	0,3805
15.01.2026 15:04:27	267,550	0,862	8,6234	0,038	0,3839
15.01.2026 15:04:27	267,600	0,862	8,6167	0,038	0,3772
15.01.2026 15:04:27	267,650	0,862	8,6239	0,039	0,3876
15.01.2026 15:04:27	267,700	0,862	8,6192	0,038	0,3807
15.01.2026 15:04:27	267,750	0,862	8,6218	0,039	0,3855
15.01.2026 15:04:27	267,800	0,862	8,6174	0,038	0,3793
15.01.2026 15:04:27	267,850	0,860	8,5981	0,038	0,3849
15.01.2026 15:04:27	267,900	0,853	8,5342	0,038	0,3779
15.01.2026 15:04:27	267,950	0,851	8,5084	0,038	0,3834
15.01.2026 15:04:28	268,000	0,848	8,4796	0,038	0,3781
15.01.2026 15:04:28	268,050	0,839	8,3940	0,038	0,3842
15.01.2026 15:04:28	268,100	0,824	8,2402	0,038	0,3765
15.01.2026 15:04:28	268,150	0,809	8,0884	0,039	0,3860
15.01.2026 15:04:28	268,200	0,797	7,9741	0,038	0,3781
15.01.2026 15:04:28	268,250	0,782	7,8209	0,038	0,3811
15.01.2026 15:04:28	268,300	0,764	7,6420	0,038	0,3753
15.01.2026 15:04:28	268,350	0,740	7,4042	0,038	0,3818
15.01.2026 15:04:28	268,400	0,722	7,2187	0,037	0,3734
15.01.2026 15:04:28	268,450	0,713	7,1314	0,038	0,3814
15.01.2026 15:04:28	268,500	0,708	7,0797	0,038	0,3761
15.01.2026 15:04:28	268,550	0,701	7,0083	0,038	0,3806
15.01.2026 15:04:28	268,600	0,690	6,8966	0,037	0,3746
15.01.2026 15:04:28	268,650	0,665	6,6502	0,038	0,3821
15.01.2026 15:04:28	268,700	0,640	6,3990	0,038	0,3752
15.01.2026 15:04:28	268,750	0,628	6,2750	0,038	0,3815
15.01.2026 15:04:28	268,800	0,620	6,2039	0,037	0,3722
15.01.2026 15:04:28	268,850	0,618	6,1797	0,038	0,3813
15.01.2026 15:04:28	268,900	0,616	6,1610	0,038	0,3769
15.01.2026 15:04:28	268,950	0,615	6,1546	0,038	0,3799
15.01.2026 15:04:29	269,000	0,609	6,0853	0,037	0,3710
15.01.2026 15:04:29	269,050	0,602	6,0216	0,038	0,3795
15.01.2026 15:04:29	269,100	0,593	5,9265	0,037	0,3734
15.01.2026 15:04:29	269,150	0,587	5,8676	0,038	0,3809
15.01.2026 15:04:29	269,200	0,583	5,8252	0,037	0,3717
15.01.2026 15:04:29	269,250	0,581	5,8122	0,038	0,3775
15.01.2026 15:04:29	269,300	0,580	5,7977	0,037	0,3747
15.01.2026 15:04:29	269,350	0,574	5,7355	0,038	0,3817
15.01.2026 15:04:29	269,400	0,564	5,6450	0,037	0,3744
15.01.2026 15:04:29	269,450	0,556	5,5591	0,038	0,3792
15.01.2026 15:04:29	269,500	0,551	5,5052	0,037	0,3740
15.01.2026 15:04:29	269,550	0,548	5,4765	0,038	0,3770
15.01.2026 15:04:29	269,600	0,541	5,4127	0,037	0,3722
15.01.2026 15:04:29	269,650	0,530	5,2961	0,038	0,3810
15.01.2026 15:04:29	269,700	0,512	5,1185	0,037	0,3736
15.01.2026 15:04:29	269,750	0,502	5,0220	0,038	0,3787
15.01.2026 15:04:29	269,800	0,497	4,9659	0,037	0,3726
15.01.2026 15:04:29	269,850	0,494	4,9423	0,038	0,3772
15.01.2026 15:04:29	269,900	0,493	4,9280	0,037	0,3717
15.01.2026 15:04:29	269,950	0,489	4,8912	0,038	0,3770
15.01.2026 15:04:30	270,000	0,482	4,8168	0,037	0,3702
15.01.2026 15:04:30	270,050	0,478	4,7791	0,038	0,3813
15.01.2026 15:04:30	270,100	0,468	4,6835	0,037	0,3733
15.01.2026 15:04:30	270,150	0,459	4,5879	0,038	0,3761
15.01.2026 15:04:30	270,200	0,449	4,4852	0,037	0,3681
15.01.2026 15:04:30	270,250	0,444	4,4438	0,038	0,3769
15.01.2026 15:04:30	270,300	0,437	4,3724	0,037	0,3700
15.01.2026 15:04:30	270,350	0,423	4,2306	0,038	0,3774
15.01.2026 15:04:30	270,400	0,405	4,0478	0,037	0,3691
15.01.2026 15:04:30	270,450	0,396	3,9561	0,037	0,3749
15.01.2026 15:04:30	270,500	0,391	3,9074	0,037	0,3741
15.01.2026 15:04:30	270,550	0,388	3,8820	0,037	0,3736
15.01.2026 15:04:30	270,600	0,387	3,8683	0,037	0,3692
15.01.2026 15:04:30	270,650	0,386	3,8647	0,037	0,3744
15.01.2026 15:04:30	270,700	0,386	3,8566	0,037	0,3671
15.01.2026 15:04:30	270,750	0,386	3,8627	0,037	0,3732
15.01.2026 15:04:30	270,800	0,386	3,8618	0,037	0,3713
15.01.2026 15:04:30	270,850	0,384	3,8397	0,038	0,3782
15.01.2026 15:04:30	270,900	0,376	3,7619	0,037	0,3691
15.01.2026 15:04:30	270,950	0,368	3,6831	0,038	0,3767
15.01.2026 15:04:31	271,000	0,349	3,4926	0,037	0,3698
15.01.2026 15:04:31	271,050	0,333	3,3307	0,037	0,3742
15.01.2026 15:04:31	271,100	0,323	3,2344	0,036	0,3634
15.01.2026 15:04:31	271,150	0,320	3,2004	0,037	0,3737
15.01.2026 15:04:31	271,200	0,312	3,1241	0,037	0,3695
15.01.2026 15:04:31	271,250	0,306	3,0613	0,038	0,3778
15.01.2026 15:04:31	271,300	0,302	3,0170	0,037	0,3687
15.01.2026 15:04:31	271,350	0,300	3,0022	0,038	0,3752
15.01.2026 15:04:31	271,400	0,299	2,9889	0,037	0,3678
15.01.2026 15:04:31	271,450	0,299	2,9909	0,038	0,3757
15.01.2026 15:04:31	271,500	0,298	2,9813	0,037	0,3699
15.01.2026 15:04:31	271,550	0,296	2,9601	0,038	0,3758
15.01.2026 15:04:31	271,600	0,289	2,8893	0,037	0,3700
15.01.2026 15:04:31	271,650	0,285	2,8507	0,037	0,3727
15.01.2026 15:04:31	271,700	0,282	2,8220	0,037	0,3653
15.01.2026 15:04:31	271,750	0,282	2,8201	0,038	0,3757
15.01.2026 15:04:31	271,800	0,280	2,8018	0,037	0,3695
15.01.2026 15:04:31	271,850	0,273	2,7344	0,037	0,3746
15.01.2026 15:04:31	271,900	0,268	2,6806	0,037	0,3689
15.01.2026 15:04:31	271,950	0,266	2,6577	0,037	0,3749
15.01.2026 15:04:32	272,000	0,264	2,6364	0,037	0,3695
15.01.2026 15:04:32	272,050	0,256	2,5612	0,037	0,3743
15.01.2026 15:04:32	272,100	0,243	2,4269	0,037	0,3692
15.01.2026 15:04:32	272,150	0,229	2,2912	0,037	0,3738
15.01.2026 15:04:32	272,200	0,220	2,1966	0,037	0,3691
15.01.2026 15:04:32	272,250	0,213	2,1323	0,037	0,3725
15.01.2026 15:04:32	272,300	0,203	2,0324	0,037	0,3656
15.01.2026 15:04:32	272,350	0,199	1,9892	0,037	0,3714
15.01.2026 15:04:32	272,400	0,195	1,9533	0,036	0,3648
15.01.2026 15:04:32	272,450	0,189	1,8909	0,037	0,3749
15.01.2026 15:04:32	272,500	0,179	1,7948	0,036	0,3645
15.01.2026 15:04:32	272,550	0,170	1,6951	0,037	0,3721
15.01.2026 15:04:32	272,600	0,158	1,5807	0,037	0,3676
15.01.2026 15:04:32	272,650	0,150	1,4962	0,037	0,3682
15.01.2026 15:04:32	272,700	0,145	1,4470	0,037	0,3654
15.01.2026 15:04:32	272,750	0,143	1,4293	0,037	0,3717
15.01.2026 15:04:32	272,800	0,140	1,3955	0,037	0,3668
15.01.2026 15:04:32	272,850	0,133	1,3256	0,037	0,3736
15.01.2026 15:04:32	272,900	0,127	1,2698	0,037	0,3658
15.01.2026 15:04:32	272,950	0,119	1,1921	0,037	0,3721
15.01.2026 15:04:33	273,000	0,112	1,1153	0,036	0,3635
15.01.2026 15:04:33	273,050	0,109	1,0905	0,037	0,3726
15.01.2026 15:04:33	273,100	0,106	1,0618	0,036	0,3631
15.01.2026 15:04:33	273,150	0,106	1,0612	0,037	0,3709
15.01.2026 15:04:33	273,200	0,103	1,0337	0,036	0,3647
15.01.2026 15:04:33	273,250	0,096	0,9602	0,037	0,3697
15.01.2026 15:04:33	273,300	0,083	0,8262	0,036	0,3630
15.01.2026 15:04:33	273,350	0,069	0,6890	0,037	0,3707
15.01.2026 15:04:33	273,400	0,057	0,5676	0,037	0,3653
15.01.2026 15:04:33	273,450	0,047	0,4669	0,037	0,3709
15.01.2026 15:04:33	273,500	0,040	0,3969	0,036	0,3632
15.01.2026 15:04:33	273,550	0,031	0,3064	0,037	0,3696
15.01.2026 15:04:33	273,600	0,024	0,2409	0,036	0,3629
15.01.2026 15:04:33	273,650	0,022	0,2187	0,037	0,3696
15.01.2026 15:04:33	273,700	0,019	0,1940	0,036	0,3604
15.01.2026 15:04:33	273,750	0,019	0,1920	0,037	0,3665
15.01.2026 15:04:33	273,800	0,019	0,1875	0,037	0,3650
15.01.2026 15:04:33	273,850	0,019	0,1878	0,037	0,3669
15.01.2026 15:04:33	273,900	0,018	0,1806	0,036	0,3611
15.01.2026 15:04:33	273,950	0,018	0,1846	0,037	0,3664
15.01.2026 15:04:34	274,000	0,018	0,1807	0,036	0,3627
15.01.2026 15:04:34	274,050	0,019	0,1874	0,037	0,3697
15.01.2026 15:04:34	274,100	0,018	0,1779	0,036	0,3608
15.01.2026 15:04:34	274,150	0,018	0,1835	0,037	0,3662
15.01.2026 15:04:34	274,200	0,018	0,1810	0,036	0,3631
15.01.2026 15:04:34	274,250	0,021	0,2108	0,037	0,3701
15.01.2026 15:04:34	274,300	0,028	0,2801	0,037	0,3667
15.01.2026 15:04:34	274,350	0,032	0,3200	0,037	0,3662
15.01.2026 15:04:34	274,400	0,033	0,3343	0,036	0,3625
15.01.2026 15:04:34	274,450	0,034	0,3449	0,036	0,3639
15.01.2026 15:04:34	274,500	0,035	0,3481	0,036	0,3619
15.01.2026 15:04:34	274,550	0,036	0,3582	0,037	0,3696
15.01.2026 15:04:34	274,600	0,035	0,3523	0,036	0,3617
15.01.2026 15:04:34	274,650	0,036	0,3571	0,037	0,3655
15.01.2026 15:04:34	274,700	0,035	0,3544	0,036	0,3638
15.01.2026 15:04:34	274,750	0,036	0,3578	0,037	0,3669
15.01.2026 15:04:34	274,800	0,036	0,3562	0,037	0,3656
15.01.2026 15:04:34	274,850	0,036	0,3614	0,037	0,3692
15.01.2026 15:04:34	274,900	0,035	0,3540	0,036	0,3647
15.01.2026 15:04:34	274,950	0,036	0,3570	0,037	0,3670
15.01.2026 15:04:35	275,000	0,035	0,3491	0,036	0,3626
15.01.2026 15:04:35	275,050	0,029	0,2931	0,037	0,3676
15.01.2026 15:04:35	275,100	0,023	0,2316	0,036	0,3585
15.01.2026 15:04:35	275,150	0,021	0,2149	0,037	0,3675
15.01.2026 15:04:35	275,200	0,020	0,1962	0,036	0,3640
15.01.2026 15:04:35	275,250	0,019	0,1935	0,037	0,3673
15.01.2026 15:04:35	275,300	0,019	0,1881	0,037	0,3662
15.01.2026 15:04:35	275,350	0,019	0,1861	0,037	0,3673
15.01.2026 15:04:35	275,400	0,018	0,1819	0,037	0,3654
15.01.2026 15:04:35	275,450	0,018	0,1842	0,037	0,3664
15.01.2026 15:04:35	275,500	0,018	0,1809	0,036	0,3637
15.01.2026 15:04:35	275,550	0,014	0,1371	0,037	0,3683
15.01.2026 15:04:35	275,600	0,008	0,0767	0,036	0,3641
15.01.2026 15:04:35	275,650	0,005	0,0533	0,037	0,3683
15.01.2026 15:04:35	275,700	0,003	0,0322	0,036	0,3634
15.01.2026 15:04:35	275,750	0,003	0,0279	0,037	0,3685
15.01.2026 15:04:35	275,800	0,002	0,0158	0,036	0,3637
15.01.2026 15:04:35	275,850	0,002	0,0179	0,037	0,3676
15.01.2026 15:04:35	275,900	0,001	0,0132	0,037	0,3658
15.01.2026 15:04:35	275,950	0,002	0,0158	0,037	0,3676
15.01.2026 15:04:36	276,000	0,001	0,0104	0,036	0,3634
15.01.2026 15:04:36	276,050	0,002	0,0187	0,037	0,3713
15.01.2026 15:04:36	276,100	0,001	0,0148	0,037	0,3676
15.01.2026 15:04:36	276,150	0,001	0,0143	0,037	0,3663
15.01.2026 15:04:36	276,200	0,001	0,0114	0,036	0,3649
15.01.2026 15:04:36	276,250	0,001	0,0119	0,036	0,3643
15.01.2026 15:04:36	276,300	9,283E-4	0,0093	0,036	0,3636
15.01.2026 15:04:36	276,350	0,002	0,0153	0,037	0,3686
15.01.2026 15:04:36	276,400	0,001	0,0109	0,037	0,3653
15.01.2026 15:04:36	276,450	0,002	0,0157	0,037	0,3677
15.01.2026 15:04:36	276,500	9,918E-4	0,0099	0,036	0,3647
15.01.2026 15:04:36	276,550	0,002	0,0161	0,037	0,3684
15.01.2026 15:04:36	276,600	0,001	0,0126	0,037	0,3657
15.01.2026 15:04:36	276,650	0,001	0,0119	0,036	0,3649
15.01.2026 15:04:36	276,700	0,001	0,0128	0,037	0,3677
15.01.2026 15:04:36	276,750	0,002	0,0152	0,037	0,3679
15.01.2026 15:04:36	276,800	0,001	0,0107	0,036	0,3649
15.01.2026 15:04:36	276,850	0,001	0,0122	0,037	0,3660
15.01.2026 15:04:36	276,900	0,001	0,0106	0,036	0,3648
15.01.2026 15:04:36	276,950	0,001	0,0124	0,037	0,3662
15.01.2026 15:04:37	277,000	0,001	0,0126	0,037	0,3660
15.01.2026 15:04:37	277,050	0,001	0,0137	0,037	0,3668
15.01.2026 15:04:37	277,100	0,001	0,0104	0,036	0,3643
15.01.2026 15:04:37	277,150	0,001	0,0113	0,037	0,3651
15.01.2026 15:04:37	277,200	8,234E-4	0,0082	0,036	0,3643
15.01.2026 15:04:37	277,250	0,001	0,0134	0,037	0,3666
15.01.2026 15:04:37	277,300	9,186E-4	0,0092	0,036	0,3647
15.01.2026 15:04:37	277,350	0,001	0,0129	0,037	0,3658
15.01.2026 15:04:37	277,400	0,001	0,0123	0,037	0,3686
15.01.2026 15:04:37	277,450	0,001	0,0137	0,037	0,3671
15.01.2026 15:04:37	277,500	8,722E-4	0,0087	0,036	0,3636
15.01.2026 15:04:37	277,550	0,002	0,0154	0,037	0,3689
15.01.2026 15:04:37	277,600	0,001	0,0121	0,037	0,3672
15.01.2026 15:04:37	277,650	0,002	0,0157	0,037	0,3691
15.01.2026 15:04:37	277,700	0,001	0,0142	0,037	0,3695
15.01.2026 15:04:37	277,750	0,001	0,0131	0,037	0,3678
15.01.2026 15:04:37	277,800	8,490E-4	0,0085	0,037	0,3658
15.01.2026 15:04:37	277,850	0,002	0,0166	0,037	0,3709
15.01.2026 15:04:37	277,900	9,015E-4	0,0090	0,037	0,3658
15.01.2026 15:04:37	277,950	0,001	0,0123	0,037	0,3675
15.01.2026 15:04:38	278,000	0,001	0,0101	0,036	0,3643
15.01.2026 15:04:38	278,050	0,002	0,0153	0,037	0,3688
15.01.2026 15:04:38	278,100	0,001	0,0123	0,037	0,3675
15.01.2026 15:04:38	278,150	0,001	0,0134	0,037	0,3673
15.01.2026 15:04:38	278,200	9,784E-4	0,0098	0,037	0,3659
15.01.2026 15:04:38	278,250	0,001	0,0123	0,037	0,3655
15.01.2026 15:04:38	278,300	9,967E-4	0,0100	0,037	0,3652
15.01.2026 15:04:38	278,350	0,001	0,0145	0,037	0,3679
15.01.2026 15:04:38	278,400	9,930E-4	0,0099	0,036	0,3644
15.01.2026 15:04:38	278,450	0,001	0,0128	0,037	0,3665
15.01.2026 15:04:38	278,500	0,001	0,0128	0,037	0,3681
15.01.2026 15:04:38	278,550	0,002	0,0157	0,037	0,3699
15.01.2026 15:04:38	278,600	0,001	0,0118	0,037	0,3674
15.01.2026 15:04:38	278,650	0,001	0,0102	0,036	0,3640
15.01.2026 15:04:38	278,700	0,001	0,0139	0,037	0,3703
15.01.2026 15:04:38	278,750	0,001	0,0114	0,037	0,3652
15.01.2026 15:04:38	278,800	0,001	0,0104	0,037	0,3655
15.01.2026 15:04:38	278,850	0,001	0,0108	0,036	0,3642
15.01.2026 15:04:38	278,900	0,001	0,0126	0,037	0,3683
15.01.2026 15:04:38	278,950	0,001	0,0129	0,037	0,3664
15.01.2026 15:04:39	279,000	0,001	0,0107	0,037	0,3656
15.01.2026 15:04:39	279,050	0,001	0,0135	0,037	0,3671
15.01.2026 15:04:39	279,100	0,001	0,0104	0,037	0,3658
15.01.2026 15:04:39	279,150	0,002	0,0153	0,037	0,3703
15.01.2026 15:04:39	279,200	0,001	0,0101	0,037	0,3656
15.01.2026 15:04:39	279,250	0,001	0,0116	0,037	0,3666
15.01.2026 15:04:39	279,300	0,001	0,0103	0,037	0,3657
15.01.2026 15:04:39	279,350	0,001	0,0113	0,037	0,3665
15.01.2026 15:04:39	279,400	7,343E-4	0,0073	0,036	0,3646
15.01.2026 15:04:39	279,450	9,723E-4	0,0097	0,036	0,3642
